{"type":"FeatureCollection","features":[{"type":"Feature","id":1,"geometry":{"type":"Point","coordinates":[-122.44075699999996,45.507534000000078]},"properties":{"OBJECTID1":1,"OBJECTID":175,"NCESSCH":"410600001757","LEAID":"4106000","NAME":"Lewis and Clark Montessori Charter School","STREET":"1326 NW Civic Dr","CITY":"Gresham","STATE":"OR","ZIP":"97030","STFIP":"41","LOCALE":"21","LAT":45.507534,"LON":-122.440757,"CBSA":"38900","NMCBSA":"Portland-Vancouver-Hillsboro, OR-WA","CSA":"440","NMCSA":"Portland-Vancouver-Salem, OR-WA","CD":"4103","SLDL":"41050","SLDU":"41025","SCHOOLYEAR":"2024-2025","District_ID":2183,"District_Name":"Gresham-Barlow SD 10J","School_ID":4667,"Grades":"Grade(s) K-8","School_Type":"E","County":"Multnomah","Student_Enrollment":282,"Languages_Spoken":4,"Students_Experiencing_Poverty":22,"Teachers":7,"Educational_Assistants":2,"Counselors_Psychologists_Social_Workers":0,"Average_Teacher_Retention_Rate":86,"Experienced_Teachers":86,"Same_Principal_in_the_Last_3_Years":"Yes","English_Language_Arts":42,"Oregon_ELA_Average":43,"Mathematics":27,"Oregon_Mathematics_Average":33,"Science":41,"Oregon_Science_Average":28.999999999999996,"On_Track_to_Graduate":null,"Oregon_On_Track_to_Graduate_Average":null,"On_Time_Graduation_2023_2024":null,"Oregon_On_Time_Graduation_2023_24_Average":null,"Five_Year_Completion_2023_24":null,"Oregon_Five_Year_Completion_2023_24_Average":null,"College_Going_2022_23":null,"Oregon_College_Going_2022_23_Average":null,"OBJECTID_1":175}},{"type":"Feature","id":2,"geometry":{"type":"Point","coordinates":[-122.79746099999994,45.539600000000064]},"properties":{"OBJECTID1":2,"OBJECTID":91,"NCESSCH":"410192001753","LEAID":"4101920","NAME":"Bonny Slope Elementary School","STREET":"11775 NW McDaniel Rd","CITY":"Portland","STATE":"OR","ZIP":"97229","STFIP":"41","LOCALE":"21","LAT":45.5396,"LON":-122.797461,"CBSA":"38900","NMCBSA":"Portland-Vancouver-Hillsboro, OR-WA","CSA":"440","NMCSA":"Portland-Vancouver-Salem, OR-WA","CD":"4101","SLDL":"41034","SLDU":"41017","SCHOOLYEAR":"2024-2025","District_ID":2243,"District_Name":"Beaverton SD 48J","School_ID":4671,"Grades":"Grade(s) K-5","School_Type":"E","County":"Washington","Student_Enrollment":601,"Languages_Spoken":33,"Students_Experiencing_Poverty":9,"Teachers":31,"Educational_Assistants":7,"Counselors_Psychologists_Social_Workers":2,"Average_Teacher_Retention_Rate":94,"Experienced_Teachers":94,"Same_Principal_in_the_Last_3_Years":"No","English_Language_Arts":77,"Oregon_ELA_Average":43,"Mathematics":70,"Oregon_Mathematics_Average":36,"Science":67,"Oregon_Science_Average":31,"On_Track_to_Graduate":null,"Oregon_On_Track_to_Graduate_Average":null,"On_Time_Graduation_2023_2024":null,"Oregon_On_Time_Graduation_2023_24_Average":null,"Five_Year_Completion_2023_24":null,"Oregon_Five_Year_Completion_2023_24_Average":null,"College_Going_2022_23":null,"Oregon_College_Going_2022_23_Average":null,"OBJECTID_1":13}},{"type":"Feature","id":3,"geometry":{"type":"Point","coordinates":[-122.40740299999999,45.484647000000052]},"properties":{"OBJECTID1":3,"OBJECTID":177,"NCESSCH":"410600004182","LEAID":"4106000","NAME":"Hogan Cedars Elementary School","STREET":"1770 SE Fleming Ave","CITY":"Gresham","STATE":"OR","ZIP":"97080","STFIP":"41","LOCALE":"21","LAT":45.484647000000002,"LON":-122.407403,"CBSA":"38900","NMCBSA":"Portland-Vancouver-Hillsboro, OR-WA","CSA":"440","NMCSA":"Portland-Vancouver-Salem, OR-WA","CD":"4103","SLDL":"41050","SLDU":"41025","SCHOOLYEAR":"2024-2025","District_ID":2183,"District_Name":"Gresham-Barlow SD 10J","School_ID":3543,"Grades":"Grade(s) K-5","School_Type":"E","County":"Multnomah","Student_Enrollment":470,"Languages_Spoken":24,"Students_Experiencing_Poverty":45,"Teachers":25,"Educational_Assistants":10,"Counselors_Psychologists_Social_Workers":1,"Average_Teacher_Retention_Rate":92,"Experienced_Teachers":92,"Same_Principal_in_the_Last_3_Years":"Yes","English_Language_Arts":34,"Oregon_ELA_Average":43,"Mathematics":21,"Oregon_Mathematics_Average":36,"Science":24,"Oregon_Science_Average":31,"On_Track_to_Graduate":null,"Oregon_On_Track_to_Graduate_Average":null,"On_Time_Graduation_2023_2024":null,"Oregon_On_Time_Graduation_2023_24_Average":null,"Five_Year_Completion_2023_24":null,"Oregon_Five_Year_Completion_2023_24_Average":null,"College_Going_2022_23":null,"Oregon_College_Going_2022_23_Average":null,"OBJECTID_1":172}},{"type":"Feature","id":4,"geometry":{"type":"Point","coordinates":[-122.53029999999995,45.525500000000079]},"properties":{"OBJECTID1":4,"OBJECTID":128,"NCESSCH":"410394001032","LEAID":"4103940","NAME":"Menlo Park Elementary School","STREET":"12900 NE Glisan St","CITY":"Portland","STATE":"OR","ZIP":"97230","STFIP":"41","LOCALE":"11","LAT":45.525500000000001,"LON":-122.5303,"CBSA":"38900","NMCBSA":"Portland-Vancouver-Hillsboro, OR-WA","CSA":"440","NMCSA":"Portland-Vancouver-Salem, OR-WA","CD":"4103","SLDL":"41047","SLDU":"41024","SCHOOLYEAR":"2024-2025","District_ID":2187,"District_Name":"David Douglas SD 40","School_ID":976,"Grades":"Grade(s) K-5","School_Type":"E","County":"Multnomah","Student_Enrollment":387,"Languages_Spoken":24,"Students_Experiencing_Poverty":52,"Teachers":21,"Educational_Assistants":16,"Counselors_Psychologists_Social_Workers":1,"Average_Teacher_Retention_Rate":86,"Experienced_Teachers":86,"Same_Principal_in_the_Last_3_Years":"Yes","English_Language_Arts":41,"Oregon_ELA_Average":43,"Mathematics":30,"Oregon_Mathematics_Average":36,"Science":23,"Oregon_Science_Average":31,"On_Track_to_Graduate":null,"Oregon_On_Track_to_Graduate_Average":null,"On_Time_Graduation_2023_2024":null,"Oregon_On_Time_Graduation_2023_24_Average":null,"Five_Year_Completion_2023_24":null,"Oregon_Five_Year_Completion_2023_24_Average":null,"College_Going_2022_23":null,"Oregon_College_Going_2022_23_Average":null,"OBJECTID_1":156}},{"type":"Feature","id":5,"geometry":{"type":"Point","coordinates":[-122.83749999999998,45.459400000000073]},"properties":{"OBJECTID1":5,"OBJECTID":99,"NCESSCH":"410192011348","LEAID":"4101920","NAME":"Sexton Mountain Elementary School","STREET":"15645 SW Sexton Mtn Dr","CITY":"Beaverton","STATE":"OR","ZIP":"97007","STFIP":"41","LOCALE":"13","LAT":45.459400000000002,"LON":-122.83750000000001,"CBSA":"38900","NMCBSA":"Portland-Vancouver-Hillsboro, OR-WA","CSA":"440","NMCSA":"Portland-Vancouver-Salem, OR-WA","CD":"4101","SLDL":"41036","SLDU":"41018","SCHOOLYEAR":"2024-2025","District_ID":2243,"District_Name":"Beaverton SD 48J","School_ID":1270,"Grades":"Grade(s) K-5","School_Type":"E","County":"Washington","Student_Enrollment":431,"Languages_Spoken":23,"Students_Experiencing_Poverty":13,"Teachers":26,"Educational_Assistants":18,"Counselors_Psychologists_Social_Workers":2,"Average_Teacher_Retention_Rate":93,"Experienced_Teachers":93,"Same_Principal_in_the_Last_3_Years":"Yes","English_Language_Arts":55.000000000000007,"Oregon_ELA_Average":43,"Mathematics":52,"Oregon_Mathematics_Average":36,"Science":46,"Oregon_Science_Average":31,"On_Track_to_Graduate":null,"Oregon_On_Track_to_Graduate_Average":null,"On_Time_Graduation_2023_2024":null,"Oregon_On_Time_Graduation_2023_24_Average":null,"Five_Year_Completion_2023_24":null,"Oregon_Five_Year_Completion_2023_24_Average":null,"College_Going_2022_23":null,"Oregon_College_Going_2022_23_Average":null,"OBJECTID_1":48}},{"type":"Feature","id":6,"geometry":{"type":"Point","coordinates":[-122.47219999999999,45.528300000000058]},"properties":{"OBJECTID1":6,"OBJECTID":353,"NCESSCH":"411052001000","LEAID":"4110520","NAME":"Hartley Elementary School","STREET":"701 NE 185th Ave","CITY":"Portland","STATE":"OR","ZIP":"97230","STFIP":"41","LOCALE":"21","LAT":45.528300000000002,"LON":-122.4722,"CBSA":"38900","NMCBSA":"Portland-Vancouver-Hillsboro, OR-WA","CSA":"440","NMCSA":"Portland-Vancouver-Salem, OR-WA","CD":"4103","SLDL":"41049","SLDU":"41025","SCHOOLYEAR":"2024-2025","District_ID":2182,"District_Name":"Reynolds SD 7","School_ID":947,"Grades":"Grade(s) K-5","School_Type":"E","County":"Multnomah","Student_Enrollment":302,"Languages_Spoken":27,"Students_Experiencing_Poverty":60,"Teachers":23,"Educational_Assistants":8,"Counselors_Psychologists_Social_Workers":2,"Average_Teacher_Retention_Rate":86,"Experienced_Teachers":86,"Same_Principal_in_the_Last_3_Years":"Yes","English_Language_Arts":19,"Oregon_ELA_Average":43,"Mathematics":13,"Oregon_Mathematics_Average":36,"Science":null,"Oregon_Science_Average":31,"On_Track_to_Graduate":null,"Oregon_On_Track_to_Graduate_Average":null,"On_Time_Graduation_2023_2024":null,"Oregon_On_Time_Graduation_2023_24_Average":null,"Five_Year_Completion_2023_24":null,"Oregon_Five_Year_Completion_2023_24_Average":null,"College_Going_2022_23":null,"Oregon_College_Going_2022_23_Average":null,"OBJECTID_1":279}},{"type":"Feature","id":7,"geometry":{"type":"Point","coordinates":[-122.43012799999997,45.505649000000062]},"properties":{"OBJECTID1":7,"OBJECTID":169,"NCESSCH":"410600001040","LEAID":"4106000","NAME":"Gresham High School","STREET":"1200 N Main Ave","CITY":"Gresham","STATE":"OR","ZIP":"97030","STFIP":"41","LOCALE":"21","LAT":45.505648999999998,"LON":-122.430128,"CBSA":"38900","NMCBSA":"Portland-Vancouver-Hillsboro, OR-WA","CSA":"440","NMCSA":"Portland-Vancouver-Salem, OR-WA","CD":"4103","SLDL":"41050","SLDU":"41025","SCHOOLYEAR":"2024-2025","District_ID":2183,"District_Name":"Gresham-Barlow SD 10J","School_ID":986,"Grades":"Grade(s) 9-12","School_Type":"H","County":"Multnomah","Student_Enrollment":1569,"Languages_Spoken":49,"Students_Experiencing_Poverty":41,"Teachers":72,"Educational_Assistants":22,"Counselors_Psychologists_Social_Workers":6,"Average_Teacher_Retention_Rate":74,"Experienced_Teachers":74,"Same_Principal_in_the_Last_3_Years":"No","English_Language_Arts":null,"Oregon_ELA_Average":null,"Mathematics":null,"Oregon_Mathematics_Average":null,"Science":null,"Oregon_Science_Average":null,"On_Track_to_Graduate":82,"Oregon_On_Track_to_Graduate_Average":87,"On_Time_Graduation_2023_2024":76,"Oregon_On_Time_Graduation_2023_24_Average":82,"Five_Year_Completion_2023_24":83,"Oregon_Five_Year_Completion_2023_24_Average":87,"College_Going_2022_23":46,"Oregon_College_Going_2022_23_Average":46,"OBJECTID_1":169}},{"type":"Feature","id":8,"geometry":{"type":"Point","coordinates":[-122.66880899999995,45.539001000000042]},"properties":{"OBJECTID1":8,"OBJECTID":337,"NCESSCH":"411004001315","LEAID":"4110040","NAME":"Harriet Tubman Middle School","STREET":"2231 N Flint","CITY":"Portland","STATE":"OR","ZIP":"97227","STFIP":"41","LOCALE":"11","LAT":45.539000999999999,"LON":-122.668809,"CBSA":"38900","NMCBSA":"Portland-Vancouver-Hillsboro, OR-WA","CSA":"440","NMCSA":"Portland-Vancouver-Salem, OR-WA","CD":"4103","SLDL":"41043","SLDU":"41022","SCHOOLYEAR":"2024-2025","District_ID":2180,"District_Name":"Portland SD 1J","School_ID":894,"Grades":"Grade(s) 6-8","School_Type":"M","County":"Multnomah","Student_Enrollment":325,"Languages_Spoken":13,"Students_Experiencing_Poverty":33,"Teachers":24,"Educational_Assistants":4,"Counselors_Psychologists_Social_Workers":1,"Average_Teacher_Retention_Rate":93,"Experienced_Teachers":93,"Same_Principal_in_the_Last_3_Years":"Yes","English_Language_Arts":48,"Oregon_ELA_Average":43,"Mathematics":47,"Oregon_Mathematics_Average":30,"Science":18,"Oregon_Science_Average":28.000000000000004,"On_Track_to_Graduate":null,"Oregon_On_Track_to_Graduate_Average":null,"On_Time_Graduation_2023_2024":null,"Oregon_On_Time_Graduation_2023_24_Average":null,"Five_Year_Completion_2023_24":null,"Oregon_Five_Year_Completion_2023_24_Average":null,"College_Going_2022_23":null,"Oregon_College_Going_2022_23_Average":null,"OBJECTID_1":224}},{"type":"Feature","id":9,"geometry":{"type":"Point","coordinates":[-122.62659999999994,45.432900000000075]},"properties":{"OBJECTID1":9,"OBJECTID":217,"NCESSCH":"410883000092","LEAID":"4108830","NAME":"Rowe Middle School","STREET":"3606 SE Lake Rd","CITY":"Milwaukie","STATE":"OR","ZIP":"97222","STFIP":"41","LOCALE":"21","LAT":45.432899999999997,"LON":-122.6266,"CBSA":"38900","NMCBSA":"Portland-Vancouver-Hillsboro, OR-WA","CSA":"440","NMCSA":"Portland-Vancouver-Salem, OR-WA","CD":"4105","SLDL":"41041","SLDU":"41021","SCHOOLYEAR":"2024-2025","District_ID":1924,"District_Name":"North Clackamas SD 12","School_ID":84,"Grades":"Grade(s) 6-8","School_Type":"M","County":"Clackamas","Student_Enrollment":719,"Languages_Spoken":20,"Students_Experiencing_Poverty":39,"Teachers":40,"Educational_Assistants":8,"Counselors_Psychologists_Social_Workers":3,"Average_Teacher_Retention_Rate":88,"Experienced_Teachers":88,"Same_Principal_in_the_Last_3_Years":"No","English_Language_Arts":34,"Oregon_ELA_Average":43,"Mathematics":21,"Oregon_Mathematics_Average":30,"Science":25,"Oregon_Science_Average":28.000000000000004,"On_Track_to_Graduate":null,"Oregon_On_Track_to_Graduate_Average":null,"On_Time_Graduation_2023_2024":null,"Oregon_On_Time_Graduation_2023_24_Average":null,"Five_Year_Completion_2023_24":null,"Oregon_Five_Year_Completion_2023_24_Average":null,"College_Going_2022_23":null,"Oregon_College_Going_2022_23_Average":null,"OBJECTID_1":360}},{"type":"Feature","id":10,"geometry":{"type":"Point","coordinates":[-122.76044699999994,45.50471200000004]},"properties":{"OBJECTID1":10,"OBJECTID":321,"NCESSCH":"411004000947","LEAID":"4110040","NAME":"West Sylvan Middle School","STREET":"8111 SW West Slope Dr","CITY":"Portland","STATE":"OR","ZIP":"97225","STFIP":"41","LOCALE":"13","LAT":45.504711999999998,"LON":-122.760447,"CBSA":"38900","NMCBSA":"Portland-Vancouver-Hillsboro, OR-WA","CSA":"440","NMCSA":"Portland-Vancouver-Salem, OR-WA","CD":"4101","SLDL":"41028","SLDU":"41014","SCHOOLYEAR":"2024-2025","District_ID":2180,"District_Name":"Portland SD 1J","School_ID":898,"Grades":"Grade(s) 6-8","School_Type":"M","County":"Washington","Student_Enrollment":670,"Languages_Spoken":22,"Students_Experiencing_Poverty":11,"Teachers":36,"Educational_Assistants":4,"Counselors_Psychologists_Social_Workers":3,"Average_Teacher_Retention_Rate":87,"Experienced_Teachers":87,"Same_Principal_in_the_Last_3_Years":"Yes","English_Language_Arts":71,"Oregon_ELA_Average":43,"Mathematics":65,"Oregon_Mathematics_Average":30,"Science":55.000000000000007,"Oregon_Science_Average":28.000000000000004,"On_Track_to_Graduate":null,"Oregon_On_Track_to_Graduate_Average":null,"On_Time_Graduation_2023_2024":null,"Oregon_On_Time_Graduation_2023_24_Average":null,"Five_Year_Completion_2023_24":null,"Oregon_Five_Year_Completion_2023_24_Average":null,"College_Going_2022_23":null,"Oregon_College_Going_2022_23_Average":null,"OBJECTID_1":110}},{"type":"Feature","id":11,"geometry":{"type":"Point","coordinates":[-122.63149999999996,45.53690000000006]},"properties":{"OBJECTID1":11,"OBJECTID":287,"NCESSCH":"411004000901","LEAID":"4110040","NAME":"Beverly Cleary School","STREET":"1915 NE 33rd","CITY":"Portland","STATE":"OR","ZIP":"97212","STFIP":"41","LOCALE":"11","LAT":45.536900000000003,"LON":-122.6315,"CBSA":"38900","NMCBSA":"Portland-Vancouver-Hillsboro, OR-WA","CSA":"440","NMCSA":"Portland-Vancouver-Salem, OR-WA","CD":"4103","SLDL":"41043","SLDU":"41022","SCHOOLYEAR":"2024-2025","District_ID":2180,"District_Name":"Portland SD 1J","School_ID":857,"Grades":"Grade(s) K-8","School_Type":"E","County":"Multnomah","Student_Enrollment":540,"Languages_Spoken":15,"Students_Experiencing_Poverty":8,"Teachers":28,"Educational_Assistants":3,"Counselors_Psychologists_Social_Workers":2,"Average_Teacher_Retention_Rate":100,"Experienced_Teachers":100,"Same_Principal_in_the_Last_3_Years":"No","English_Language_Arts":79,"Oregon_ELA_Average":43,"Mathematics":71,"Oregon_Mathematics_Average":33,"Science":60,"Oregon_Science_Average":28.999999999999996,"On_Track_to_Graduate":null,"Oregon_On_Track_to_Graduate_Average":null,"On_Time_Graduation_2023_2024":null,"Oregon_On_Time_Graduation_2023_24_Average":null,"Five_Year_Completion_2023_24":null,"Oregon_Five_Year_Completion_2023_24_Average":null,"College_Going_2022_23":null,"Oregon_College_Going_2022_23_Average":null,"OBJECTID_1":200}},{"type":"Feature","id":12,"geometry":{"type":"Point","coordinates":[-122.59419999999994,45.42330000000004]},"properties":{"OBJECTID1":12,"OBJECTID":237,"NCESSCH":"410883004189","LEAID":"4108830","NAME":"Alder Creek Middle School","STREET":"13801 SE Webster Rd","CITY":"Milwaukie","STATE":"OR","ZIP":"97267","STFIP":"41","LOCALE":"21","LAT":45.423299999999998,"LON":-122.5942,"CBSA":"38900","NMCBSA":"Portland-Vancouver-Hillsboro, OR-WA","CSA":"440","NMCSA":"Portland-Vancouver-Salem, OR-WA","CD":"4105","SLDL":"41041","SLDU":"41021","SCHOOLYEAR":"2024-2025","District_ID":1924,"District_Name":"North Clackamas SD 12","School_ID":3530,"Grades":"Grade(s) 6-8","School_Type":"M","County":"Clackamas","Student_Enrollment":802,"Languages_Spoken":18,"Students_Experiencing_Poverty":28.999999999999996,"Teachers":46,"Educational_Assistants":10,"Counselors_Psychologists_Social_Workers":3,"Average_Teacher_Retention_Rate":77,"Experienced_Teachers":77,"Same_Principal_in_the_Last_3_Years":"No","English_Language_Arts":24,"Oregon_ELA_Average":43,"Mathematics":18,"Oregon_Mathematics_Average":30,"Science":15,"Oregon_Science_Average":28.000000000000004,"On_Track_to_Graduate":null,"Oregon_On_Track_to_Graduate_Average":null,"On_Time_Graduation_2023_2024":null,"Oregon_On_Time_Graduation_2023_24_Average":null,"Five_Year_Completion_2023_24":null,"Oregon_Five_Year_Completion_2023_24_Average":null,"College_Going_2022_23":null,"Oregon_College_Going_2022_23_Average":null,"OBJECTID_1":338}},{"type":"Feature","id":13,"geometry":{"type":"Point","coordinates":[-122.98149999999998,45.543800000000033]},"properties":{"OBJECTID1":13,"OBJECTID":27,"NCESSCH":"410002301373","LEAID":"4100023","NAME":"Jackson Elementary School","STREET":"675 NE Estate Dr","CITY":"Hillsboro","STATE":"OR","ZIP":"97124","STFIP":"41","LOCALE":"12","LAT":45.543799999999997,"LON":-122.9815,"CBSA":"38900","NMCBSA":"Portland-Vancouver-Hillsboro, OR-WA","CSA":"440","NMCSA":"Portland-Vancouver-Salem, OR-WA","CD":"4101","SLDL":"41029","SLDU":"41015","SCHOOLYEAR":"2024-2025","District_ID":2239,"District_Name":"Hillsboro SD 1J","School_ID":1285,"Grades":"Grade(s) K-6","School_Type":"E","County":"Washington","Student_Enrollment":389,"Languages_Spoken":28,"Students_Experiencing_Poverty":19,"Teachers":21,"Educational_Assistants":12,"Counselors_Psychologists_Social_Workers":1,"Average_Teacher_Retention_Rate":84,"Experienced_Teachers":84,"Same_Principal_in_the_Last_3_Years":"No","English_Language_Arts":71,"Oregon_ELA_Average":43,"Mathematics":65,"Oregon_Mathematics_Average":35,"Science":46,"Oregon_Science_Average":31,"On_Track_to_Graduate":null,"Oregon_On_Track_to_Graduate_Average":null,"On_Time_Graduation_2023_2024":null,"Oregon_On_Time_Graduation_2023_24_Average":null,"Five_Year_Completion_2023_24":null,"Oregon_Five_Year_Completion_2023_24_Average":null,"College_Going_2022_23":null,"Oregon_College_Going_2022_23_Average":null,"OBJECTID_1":89}},{"type":"Feature","id":14,"geometry":{"type":"Point","coordinates":[-122.42769999999996,45.514100000000042]},"properties":{"OBJECTID1":14,"OBJECTID":164,"NCESSCH":"410600000991","LEAID":"4106000","NAME":"Highland Elementary School","STREET":"295 NE 24th St","CITY":"Gresham","STATE":"OR","ZIP":"97030","STFIP":"41","LOCALE":"21","LAT":45.514099999999999,"LON":-122.4277,"CBSA":"38900","NMCBSA":"Portland-Vancouver-Hillsboro, OR-WA","CSA":"440","NMCSA":"Portland-Vancouver-Salem, OR-WA","CD":"4103","SLDL":"41049","SLDU":"41025","SCHOOLYEAR":"2024-2025","District_ID":2183,"District_Name":"Gresham-Barlow SD 10J","School_ID":935,"Grades":"Grade(s) K-5","School_Type":"E","County":"Multnomah","Student_Enrollment":454,"Languages_Spoken":19,"Students_Experiencing_Poverty":53,"Teachers":26,"Educational_Assistants":9,"Counselors_Psychologists_Social_Workers":1,"Average_Teacher_Retention_Rate":61,"Experienced_Teachers":61,"Same_Principal_in_the_Last_3_Years":"Yes","English_Language_Arts":19,"Oregon_ELA_Average":43,"Mathematics":12,"Oregon_Mathematics_Average":36,"Science":null,"Oregon_Science_Average":31,"On_Track_to_Graduate":null,"Oregon_On_Track_to_Graduate_Average":null,"On_Time_Graduation_2023_2024":null,"Oregon_On_Time_Graduation_2023_24_Average":null,"Five_Year_Completion_2023_24":null,"Oregon_Five_Year_Completion_2023_24_Average":null,"College_Going_2022_23":null,"Oregon_College_Going_2022_23_Average":null,"OBJECTID_1":171}},{"type":"Feature","id":15,"geometry":{"type":"Point","coordinates":[-122.58759999999995,45.54400000000004]},"properties":{"OBJECTID1":15,"OBJECTID":311,"NCESSCH":"411004000932","LEAID":"4110040","NAME":"Roseway Heights School","STREET":"7334 NE Siskiyou St","CITY":"Portland","STATE":"OR","ZIP":"97213","STFIP":"41","LOCALE":"11","LAT":45.543999999999997,"LON":-122.58759999999999,"CBSA":"38900","NMCBSA":"Portland-Vancouver-Hillsboro, OR-WA","CSA":"440","NMCSA":"Portland-Vancouver-Salem, OR-WA","CD":"4103","SLDL":"41045","SLDU":"41023","SCHOOLYEAR":"2024-2025","District_ID":2180,"District_Name":"Portland SD 1J","School_ID":885,"Grades":"Grade(s) 6-8","School_Type":"M","County":"Multnomah","Student_Enrollment":533,"Languages_Spoken":17,"Students_Experiencing_Poverty":41,"Teachers":38,"Educational_Assistants":2,"Counselors_Psychologists_Social_Workers":3,"Average_Teacher_Retention_Rate":80,"Experienced_Teachers":80,"Same_Principal_in_the_Last_3_Years":"Yes","English_Language_Arts":40,"Oregon_ELA_Average":43,"Mathematics":28.999999999999996,"Oregon_Mathematics_Average":30,"Science":16,"Oregon_Science_Average":28.000000000000004,"On_Track_to_Graduate":null,"Oregon_On_Track_to_Graduate_Average":null,"On_Time_Graduation_2023_2024":null,"Oregon_On_Time_Graduation_2023_24_Average":null,"Five_Year_Completion_2023_24":null,"Oregon_Five_Year_Completion_2023_24_Average":null,"College_Going_2022_23":null,"Oregon_College_Going_2022_23_Average":null,"OBJECTID_1":260}},{"type":"Feature","id":16,"geometry":{"type":"Point","coordinates":[-122.82309999999995,45.560200000000066]},"properties":{"OBJECTID1":16,"OBJECTID":88,"NCESSCH":"410192001445","LEAID":"4101920","NAME":"Jacob Wismer Elementary School","STREET":"5477 NW Skycrest Pkwy","CITY":"Portland","STATE":"OR","ZIP":"97229","STFIP":"41","LOCALE":"21","LAT":45.560200000000002,"LON":-122.8231,"CBSA":"38900","NMCBSA":"Portland-Vancouver-Hillsboro, OR-WA","CSA":"440","NMCSA":"Portland-Vancouver-Salem, OR-WA","CD":"4101","SLDL":"41034","SLDU":"41017","SCHOOLYEAR":"2024-2025","District_ID":2243,"District_Name":"Beaverton SD 48J","School_ID":3437,"Grades":"Grade(s) K-5","School_Type":"E","County":"Washington","Student_Enrollment":592,"Languages_Spoken":32,"Students_Experiencing_Poverty":8,"Teachers":33,"Educational_Assistants":10,"Counselors_Psychologists_Social_Workers":2,"Average_Teacher_Retention_Rate":89,"Experienced_Teachers":89,"Same_Principal_in_the_Last_3_Years":"Yes","English_Language_Arts":74,"Oregon_ELA_Average":43,"Mathematics":69,"Oregon_Mathematics_Average":36,"Science":46,"Oregon_Science_Average":31,"On_Track_to_Graduate":null,"Oregon_On_Track_to_Graduate_Average":null,"On_Time_Graduation_2023_2024":null,"Oregon_On_Time_Graduation_2023_24_Average":null,"Five_Year_Completion_2023_24":null,"Oregon_Five_Year_Completion_2023_24_Average":null,"College_Going_2022_23":null,"Oregon_College_Going_2022_23_Average":null,"OBJECTID_1":32}},{"type":"Feature","id":17,"geometry":{"type":"Point","coordinates":[-122.69329999999997,45.52660000000003]},"properties":{"OBJECTID1":17,"OBJECTID":332,"NCESSCH":"411004000967","LEAID":"4110040","NAME":"Metropolitan Learning Center","STREET":"2033 NW Glisan St","CITY":"Portland","STATE":"OR","ZIP":"97209","STFIP":"41","LOCALE":"11","LAT":45.526600000000002,"LON":-122.69329999999999,"CBSA":"38900","NMCBSA":"Portland-Vancouver-Hillsboro, OR-WA","CSA":"440","NMCSA":"Portland-Vancouver-Salem, OR-WA","CD":"4101","SLDL":"41033","SLDU":"41017","SCHOOLYEAR":"2024-2025","District_ID":2180,"District_Name":"Portland SD 1J","School_ID":916,"Grades":"Grade(s) K-12","School_Type":"H","County":"Multnomah","Student_Enrollment":307,"Languages_Spoken":5,"Students_Experiencing_Poverty":13,"Teachers":25,"Educational_Assistants":1,"Counselors_Psychologists_Social_Workers":3,"Average_Teacher_Retention_Rate":88,"Experienced_Teachers":88,"Same_Principal_in_the_Last_3_Years":"Yes","English_Language_Arts":null,"Oregon_ELA_Average":null,"Mathematics":null,"Oregon_Mathematics_Average":null,"Science":null,"Oregon_Science_Average":null,"On_Track_to_Graduate":null,"Oregon_On_Track_to_Graduate_Average":87,"On_Time_Graduation_2023_2024":80,"Oregon_On_Time_Graduation_2023_24_Average":82,"Five_Year_Completion_2023_24":94,"Oregon_Five_Year_Completion_2023_24_Average":87,"College_Going_2022_23":73,"Oregon_College_Going_2022_23_Average":73,"OBJECTID_1":248}},{"type":"Feature","id":18,"geometry":{"type":"Point","coordinates":[-122.86669999999998,45.530100000000061]},"properties":{"OBJECTID1":18,"OBJECTID":61,"NCESSCH":"410192001220","LEAID":"4101920","NAME":"McKinley Elementary School","STREET":"1500 NW 185th Ave","CITY":"Beaverton","STATE":"OR","ZIP":"97006","STFIP":"41","LOCALE":"13","LAT":45.530099999999997,"LON":-122.86669999999999,"CBSA":"38900","NMCBSA":"Portland-Vancouver-Hillsboro, OR-WA","CSA":"440","NMCSA":"Portland-Vancouver-Salem, OR-WA","CD":"4101","SLDL":"41034","SLDU":"41017","SCHOOLYEAR":"2024-2025","District_ID":2243,"District_Name":"Beaverton SD 48J","School_ID":1169,"Grades":"Grade(s) K-5","School_Type":"E","County":"Washington","Student_Enrollment":649,"Languages_Spoken":32,"Students_Experiencing_Poverty":47,"Teachers":45,"Educational_Assistants":13,"Counselors_Psychologists_Social_Workers":4,"Average_Teacher_Retention_Rate":81,"Experienced_Teachers":81,"Same_Principal_in_the_Last_3_Years":"Yes","English_Language_Arts":28.000000000000004,"Oregon_ELA_Average":43,"Mathematics":21,"Oregon_Mathematics_Average":36,"Science":18,"Oregon_Science_Average":31,"On_Track_to_Graduate":null,"Oregon_On_Track_to_Graduate_Average":null,"On_Time_Graduation_2023_2024":null,"Oregon_On_Time_Graduation_2023_24_Average":null,"Five_Year_Completion_2023_24":null,"Oregon_Five_Year_Completion_2023_24_Average":null,"College_Going_2022_23":null,"Oregon_College_Going_2022_23_Average":null,"OBJECTID_1":35}},{"type":"Feature","id":19,"geometry":{"type":"Point","coordinates":[-122.90256599999998,45.562495000000069]},"properties":{"OBJECTID1":19,"OBJECTID":31,"NCESSCH":"410002301585","LEAID":"4100023","NAME":"Liberty High School","STREET":"7445 NE Wagon Dr","CITY":"Hillsboro","STATE":"OR","ZIP":"97124","STFIP":"41","LOCALE":"12","LAT":45.562494999999998,"LON":-122.90256599999999,"CBSA":"38900","NMCBSA":"Portland-Vancouver-Hillsboro, OR-WA","CSA":"440","NMCSA":"Portland-Vancouver-Salem, OR-WA","CD":"4101","SLDL":"41030","SLDU":"41015","SCHOOLYEAR":"2024-2025","District_ID":2239,"District_Name":"Hillsboro SD 1J","School_ID":4018,"Grades":"Grade(s) 9-12","School_Type":"H","County":"Washington","Student_Enrollment":1409,"Languages_Spoken":47,"Students_Experiencing_Poverty":26,"Teachers":69,"Educational_Assistants":20,"Counselors_Psychologists_Social_Workers":7,"Average_Teacher_Retention_Rate":79,"Experienced_Teachers":79,"Same_Principal_in_the_Last_3_Years":"No","English_Language_Arts":null,"Oregon_ELA_Average":null,"Mathematics":null,"Oregon_Mathematics_Average":null,"Science":null,"Oregon_Science_Average":null,"On_Track_to_Graduate":95,"Oregon_On_Track_to_Graduate_Average":87,"On_Time_Graduation_2023_2024":87,"Oregon_On_Time_Graduation_2023_24_Average":82,"Five_Year_Completion_2023_24":94,"Oregon_Five_Year_Completion_2023_24_Average":87,"College_Going_2022_23":56.000000000000007,"Oregon_College_Going_2022_23_Average":56.000000000000007,"OBJECTID_1":92}},{"type":"Feature","id":20,"geometry":{"type":"Point","coordinates":[-122.90877299999994,45.532680000000028]},"properties":{"OBJECTID1":20,"OBJECTID":34,"NCESSCH":"410002301759","LEAID":"4100023","NAME":"Quatama Elementary School","STREET":"6905 NE Campus Way","CITY":"Hillsboro","STATE":"OR","ZIP":"97124","STFIP":"41","LOCALE":"12","LAT":45.532679999999999,"LON":-122.908773,"CBSA":"38900","NMCBSA":"Portland-Vancouver-Hillsboro, OR-WA","CSA":"440","NMCSA":"Portland-Vancouver-Salem, OR-WA","CD":"4101","SLDL":"41030","SLDU":"41015","SCHOOLYEAR":"2024-2025","District_ID":2239,"District_Name":"Hillsboro SD 1J","School_ID":4643,"Grades":"Grade(s) K-6","School_Type":"E","County":"Washington","Student_Enrollment":484,"Languages_Spoken":36,"Students_Experiencing_Poverty":34,"Teachers":26,"Educational_Assistants":11,"Counselors_Psychologists_Social_Workers":2,"Average_Teacher_Retention_Rate":70,"Experienced_Teachers":70,"Same_Principal_in_the_Last_3_Years":"No","English_Language_Arts":40,"Oregon_ELA_Average":43,"Mathematics":40,"Oregon_Mathematics_Average":35,"Science":26,"Oregon_Science_Average":31,"On_Track_to_Graduate":null,"Oregon_On_Track_to_Graduate_Average":null,"On_Time_Graduation_2023_2024":null,"Oregon_On_Time_Graduation_2023_24_Average":null,"Five_Year_Completion_2023_24":null,"Oregon_Five_Year_Completion_2023_24_Average":null,"College_Going_2022_23":null,"Oregon_College_Going_2022_23_Average":null,"OBJECTID_1":99}},{"type":"Feature","id":21,"geometry":{"type":"Point","coordinates":[-122.65035199999994,45.526304000000039]},"properties":{"OBJECTID1":21,"OBJECTID":342,"NCESSCH":"411004001652","LEAID":"4110040","NAME":"Alliance High School","STREET":"1530 NE Glisan St","CITY":"Portland","STATE":"OR","ZIP":"97232","STFIP":"41","LOCALE":"11","LAT":45.526304000000003,"LON":-122.650352,"CBSA":"38900","NMCBSA":"Portland-Vancouver-Hillsboro, OR-WA","CSA":"440","NMCSA":"Portland-Vancouver-Salem, OR-WA","CD":"4101","SLDL":"41042","SLDU":"41021","SCHOOLYEAR":"2024-2025","District_ID":2180,"District_Name":"Portland SD 1J","School_ID":4507,"Grades":"Grade(s) 9-12","School_Type":"H","County":"Multnomah","Student_Enrollment":267,"Languages_Spoken":12,"Students_Experiencing_Poverty":31,"Teachers":22,"Educational_Assistants":1,"Counselors_Psychologists_Social_Workers":4,"Average_Teacher_Retention_Rate":91,"Experienced_Teachers":91,"Same_Principal_in_the_Last_3_Years":"No","English_Language_Arts":null,"Oregon_ELA_Average":null,"Mathematics":null,"Oregon_Mathematics_Average":null,"Science":null,"Oregon_Science_Average":null,"On_Track_to_Graduate":null,"Oregon_On_Track_to_Graduate_Average":87,"On_Time_Graduation_2023_2024":44,"Oregon_On_Time_Graduation_2023_24_Average":82,"Five_Year_Completion_2023_24":56.999999999999993,"Oregon_Five_Year_Completion_2023_24_Average":87,"College_Going_2022_23":32,"Oregon_College_Going_2022_23_Average":32,"OBJECTID_1":193}},{"type":"Feature","id":22,"geometry":{"type":"Point","coordinates":[-122.64319999999998,45.417100000000062]},"properties":{"OBJECTID1":22,"OBJECTID":228,"NCESSCH":"410883001583","LEAID":"4108830","NAME":"New Urban High School","STREET":"1901 SE Oak Grove Blvd","CITY":"Milwaukie","STATE":"OR","ZIP":"97267","STFIP":"41","LOCALE":"21","LAT":45.417099999999998,"LON":-122.64319999999999,"CBSA":"38900","NMCBSA":"Portland-Vancouver-Hillsboro, OR-WA","CSA":"440","NMCSA":"Portland-Vancouver-Salem, OR-WA","CD":"4105","SLDL":"41041","SLDU":"41021","SCHOOLYEAR":"2024-2025","District_ID":1924,"District_Name":"North Clackamas SD 12","School_ID":4004,"Grades":"Grade(s) 9-12","School_Type":"H","County":"Clackamas","Student_Enrollment":390,"Languages_Spoken":16,"Students_Experiencing_Poverty":43,"Teachers":17,"Educational_Assistants":3,"Counselors_Psychologists_Social_Workers":2,"Average_Teacher_Retention_Rate":100,"Experienced_Teachers":100,"Same_Principal_in_the_Last_3_Years":"No","English_Language_Arts":null,"Oregon_ELA_Average":null,"Mathematics":null,"Oregon_Mathematics_Average":null,"Science":null,"Oregon_Science_Average":null,"On_Track_to_Graduate":49,"Oregon_On_Track_to_Graduate_Average":87,"On_Time_Graduation_2023_2024":57.999999999999993,"Oregon_On_Time_Graduation_2023_24_Average":82,"Five_Year_Completion_2023_24":71,"Oregon_Five_Year_Completion_2023_24_Average":87,"College_Going_2022_23":25,"Oregon_College_Going_2022_23_Average":25,"OBJECTID_1":354}},{"type":"Feature","id":23,"geometry":{"type":"Point","coordinates":[-122.67629999999997,45.426000000000045]},"properties":{"OBJECTID1":23,"OBJECTID":179,"NCESSCH":"410723000060","LEAID":"4107230","NAME":"Forest Hills Elementary School","STREET":"1133 SW Andrews Rd","CITY":"Lake Oswego","STATE":"OR","ZIP":"97034","STFIP":"41","LOCALE":"21","LAT":45.426000000000002,"LON":-122.6763,"CBSA":"38900","NMCBSA":"Portland-Vancouver-Hillsboro, OR-WA","CSA":"440","NMCSA":"Portland-Vancouver-Salem, OR-WA","CD":"4105","SLDL":"41038","SLDU":"41019","SCHOOLYEAR":"2024-2025","District_ID":1923,"District_Name":"Lake Oswego SD 7J","School_ID":53,"Grades":"Grade(s) K-5","School_Type":"E","County":"Clackamas","Student_Enrollment":381,"Languages_Spoken":11,"Students_Experiencing_Poverty":null,"Teachers":23,"Educational_Assistants":14,"Counselors_Psychologists_Social_Workers":2,"Average_Teacher_Retention_Rate":96,"Experienced_Teachers":96,"Same_Principal_in_the_Last_3_Years":"No","English_Language_Arts":82,"Oregon_ELA_Average":43,"Mathematics":80,"Oregon_Mathematics_Average":36,"Science":71,"Oregon_Science_Average":31,"On_Track_to_Graduate":null,"Oregon_On_Track_to_Graduate_Average":null,"On_Time_Graduation_2023_2024":null,"Oregon_On_Time_Graduation_2023_24_Average":null,"Five_Year_Completion_2023_24":null,"Oregon_Five_Year_Completion_2023_24_Average":null,"College_Going_2022_23":null,"Oregon_College_Going_2022_23_Average":null,"OBJECTID_1":319}},{"type":"Feature","id":24,"geometry":{"type":"Point","coordinates":[-122.88319999999999,45.469200000000058]},"properties":{"OBJECTID1":24,"OBJECTID":57,"NCESSCH":"410192001215","LEAID":"4101920","NAME":"Hazeldale Elementary School","STREET":"20080 SW Farmington Rd","CITY":"Aloha","STATE":"OR","ZIP":"97007","STFIP":"41","LOCALE":"21","LAT":45.469200000000001,"LON":-122.8832,"CBSA":"38900","NMCBSA":"Portland-Vancouver-Hillsboro, OR-WA","CSA":"440","NMCSA":"Portland-Vancouver-Salem, OR-WA","CD":"4101","SLDL":"41036","SLDU":"41018","SCHOOLYEAR":"2024-2025","District_ID":2243,"District_Name":"Beaverton SD 48J","School_ID":1164,"Grades":"Grade(s) K-5","School_Type":"E","County":"Washington","Student_Enrollment":500,"Languages_Spoken":27,"Students_Experiencing_Poverty":36,"Teachers":29,"Educational_Assistants":17,"Counselors_Psychologists_Social_Workers":3,"Average_Teacher_Retention_Rate":90,"Experienced_Teachers":90,"Same_Principal_in_the_Last_3_Years":"No","English_Language_Arts":48,"Oregon_ELA_Average":43,"Mathematics":35,"Oregon_Mathematics_Average":36,"Science":26,"Oregon_Science_Average":31,"On_Track_to_Graduate":null,"Oregon_On_Track_to_Graduate_Average":null,"On_Time_Graduation_2023_2024":null,"Oregon_On_Time_Graduation_2023_24_Average":null,"Five_Year_Completion_2023_24":null,"Oregon_Five_Year_Completion_2023_24_Average":null,"College_Going_2022_23":null,"Oregon_College_Going_2022_23_Average":null,"OBJECTID_1":27}},{"type":"Feature","id":25,"geometry":{"type":"Point","coordinates":[-122.63885599999998,45.44120300000003]},"properties":{"OBJECTID1":25,"OBJECTID":231,"NCESSCH":"410883001686","LEAID":"4108830","NAME":"Milwaukie Academy of the Arts","STREET":"11300 SE 23rd Ave","CITY":"Milwaukie","STATE":"OR","ZIP":"97222","STFIP":"41","LOCALE":"21","LAT":45.441203000000002,"LON":-122.638856,"CBSA":"38900","NMCBSA":"Portland-Vancouver-Hillsboro, OR-WA","CSA":"440","NMCSA":"Portland-Vancouver-Salem, OR-WA","CD":"4105","SLDL":"41041","SLDU":"41021","SCHOOLYEAR":"2024-2025","District_ID":1924,"District_Name":"North Clackamas SD 12","School_ID":4369,"Grades":"Grade(s) 9-12","School_Type":"H","County":"Clackamas","Student_Enrollment":272,"Languages_Spoken":4,"Students_Experiencing_Poverty":12,"Teachers":null,"Educational_Assistants":0,"Counselors_Psychologists_Social_Workers":0,"Average_Teacher_Retention_Rate":100,"Experienced_Teachers":100,"Same_Principal_in_the_Last_3_Years":"Yes","English_Language_Arts":null,"Oregon_ELA_Average":null,"Mathematics":null,"Oregon_Mathematics_Average":null,"Science":null,"Oregon_Science_Average":null,"On_Track_to_Graduate":null,"Oregon_On_Track_to_Graduate_Average":87,"On_Time_Graduation_2023_2024":88,"Oregon_On_Time_Graduation_2023_24_Average":82,"Five_Year_Completion_2023_24":95,"Oregon_Five_Year_Completion_2023_24_Average":87,"College_Going_2022_23":56.999999999999993,"Oregon_College_Going_2022_23_Average":56.999999999999993,"OBJECTID_1":350}},{"type":"Feature","id":26,"geometry":{"type":"Point","coordinates":[-122.93950799999999,45.511804000000041]},"properties":{"OBJECTID1":26,"OBJECTID":30,"NCESSCH":"410002301535","LEAID":"4100023","NAME":"City View Charter School","STREET":"4174 SE Bentley St","CITY":"Hillsboro","STATE":"OR","ZIP":"97123","STFIP":"41","LOCALE":"12","LAT":45.511803999999998,"LON":-122.939508,"CBSA":"38900","NMCBSA":"Portland-Vancouver-Hillsboro, OR-WA","CSA":"440","NMCSA":"Portland-Vancouver-Salem, OR-WA","CD":"4101","SLDL":"41030","SLDU":"41015","SCHOOLYEAR":"2024-2025","District_ID":2239,"District_Name":"Hillsboro SD 1J","School_ID":4206,"Grades":"Grade(s) K-8","School_Type":"E","County":"Washington","Student_Enrollment":414,"Languages_Spoken":20,"Students_Experiencing_Poverty":15,"Teachers":19,"Educational_Assistants":7,"Counselors_Psychologists_Social_Workers":2,"Average_Teacher_Retention_Rate":74,"Experienced_Teachers":74,"Same_Principal_in_the_Last_3_Years":"Yes","English_Language_Arts":60,"Oregon_ELA_Average":43,"Mathematics":50,"Oregon_Mathematics_Average":33,"Science":38,"Oregon_Science_Average":28.999999999999996,"On_Track_to_Graduate":null,"Oregon_On_Track_to_Graduate_Average":null,"On_Time_Graduation_2023_2024":null,"Oregon_On_Time_Graduation_2023_24_Average":null,"Five_Year_Completion_2023_24":null,"Oregon_Five_Year_Completion_2023_24_Average":null,"College_Going_2022_23":null,"Oregon_College_Going_2022_23_Average":null,"OBJECTID_1":77}},{"type":"Feature","id":27,"geometry":{"type":"Point","coordinates":[-122.61441099999996,45.440226000000052]},"properties":{"OBJECTID1":27,"OBJECTID":230,"NCESSCH":"410883001658","LEAID":"4108830","NAME":"Cascade Heights Public Charter School","STREET":"11326 SE 47th Ave","CITY":"Milwaukie","STATE":"OR","ZIP":"97222","STFIP":"41","LOCALE":"21","LAT":45.440226000000003,"LON":-122.614411,"CBSA":"38900","NMCBSA":"Portland-Vancouver-Hillsboro, OR-WA","CSA":"440","NMCSA":"Portland-Vancouver-Salem, OR-WA","CD":"4105","SLDL":"41041","SLDU":"41021","SCHOOLYEAR":"2024-2025","District_ID":1924,"District_Name":"North Clackamas SD 12","School_ID":4475,"Grades":"Grade(s) K-8","School_Type":"E","County":"Clackamas","Student_Enrollment":227,"Languages_Spoken":10,"Students_Experiencing_Poverty":14.000000000000002,"Teachers":14,"Educational_Assistants":null,"Counselors_Psychologists_Social_Workers":0,"Average_Teacher_Retention_Rate":65,"Experienced_Teachers":65,"Same_Principal_in_the_Last_3_Years":"Yes","English_Language_Arts":35,"Oregon_ELA_Average":43,"Mathematics":49,"Oregon_Mathematics_Average":33,"Science":33,"Oregon_Science_Average":28.999999999999996,"On_Track_to_Graduate":null,"Oregon_On_Track_to_Graduate_Average":null,"On_Time_Graduation_2023_2024":null,"Oregon_On_Time_Graduation_2023_24_Average":null,"Five_Year_Completion_2023_24":null,"Oregon_Five_Year_Completion_2023_24_Average":null,"College_Going_2022_23":null,"Oregon_College_Going_2022_23_Average":null,"OBJECTID_1":342}},{"type":"Feature","id":28,"geometry":{"type":"Point","coordinates":[-122.40259999999995,45.528500000000065]},"properties":{"OBJECTID1":28,"OBJECTID":360,"NCESSCH":"411052001009","LEAID":"4110520","NAME":"Reynolds High School","STREET":"1698 SW Cherry Park Rd","CITY":"Troutdale","STATE":"OR","ZIP":"97060","STFIP":"41","LOCALE":"21","LAT":45.528500000000001,"LON":-122.40260000000001,"CBSA":"38900","NMCBSA":"Portland-Vancouver-Hillsboro, OR-WA","CSA":"440","NMCSA":"Portland-Vancouver-Salem, OR-WA","CD":"4103","SLDL":"41049","SLDU":"41025","SCHOOLYEAR":"2024-2025","District_ID":2182,"District_Name":"Reynolds SD 7","School_ID":957,"Grades":"Grade(s) 9-12","School_Type":"H","County":"Multnomah","Student_Enrollment":2278,"Languages_Spoken":63,"Students_Experiencing_Poverty":45,"Teachers":119,"Educational_Assistants":21,"Counselors_Psychologists_Social_Workers":12,"Average_Teacher_Retention_Rate":81,"Experienced_Teachers":81,"Same_Principal_in_the_Last_3_Years":"No","English_Language_Arts":null,"Oregon_ELA_Average":null,"Mathematics":null,"Oregon_Mathematics_Average":null,"Science":null,"Oregon_Science_Average":null,"On_Track_to_Graduate":77,"Oregon_On_Track_to_Graduate_Average":87,"On_Time_Graduation_2023_2024":72,"Oregon_On_Time_Graduation_2023_24_Average":82,"Five_Year_Completion_2023_24":78,"Oregon_Five_Year_Completion_2023_24_Average":87,"College_Going_2022_23":55.000000000000007,"Oregon_College_Going_2022_23_Average":55.000000000000007,"OBJECTID_1":285}},{"type":"Feature","id":29,"geometry":{"type":"Point","coordinates":[-122.59681599999999,45.35616200000004]},"properties":{"OBJECTID1":29,"OBJECTID":254,"NCESSCH":"410933001793","LEAID":"4109330","NAME":"Clackamas Academy of Industrial Sciences","STREET":"1306 12th St","CITY":"Oregon City","STATE":"OR","ZIP":"97045","STFIP":"41","LOCALE":"21","LAT":45.356161999999998,"LON":-122.596816,"CBSA":"38900","NMCBSA":"Portland-Vancouver-Hillsboro, OR-WA","CSA":"440","NMCSA":"Portland-Vancouver-Salem, OR-WA","CD":"4105","SLDL":"41040","SLDU":"41020","SCHOOLYEAR":"2024-2025","District_ID":1928,"District_Name":"Oregon City SD 62","School_ID":4802,"Grades":"Grade(s) 6-12","School_Type":"H","County":"Clackamas","Student_Enrollment":305,"Languages_Spoken":5,"Students_Experiencing_Poverty":18,"Teachers":15,"Educational_Assistants":2,"Counselors_Psychologists_Social_Workers":2,"Average_Teacher_Retention_Rate":73,"Experienced_Teachers":73,"Same_Principal_in_the_Last_3_Years":"No","English_Language_Arts":null,"Oregon_ELA_Average":null,"Mathematics":null,"Oregon_Mathematics_Average":null,"Science":null,"Oregon_Science_Average":null,"On_Track_to_Graduate":88,"Oregon_On_Track_to_Graduate_Average":87,"On_Time_Graduation_2023_2024":91,"Oregon_On_Time_Graduation_2023_24_Average":82,"Five_Year_Completion_2023_24":93,"Oregon_Five_Year_Completion_2023_24_Average":87,"College_Going_2022_23":44,"Oregon_College_Going_2022_23_Average":44,"OBJECTID_1":371}},{"type":"Feature","id":30,"geometry":{"type":"Point","coordinates":[-122.60259999999994,45.393200000000036]},"properties":{"OBJECTID1":30,"OBJECTID":243,"NCESSCH":"410933000113","LEAID":"4109330","NAME":"Candy Lane Elementary School","STREET":"5901 SE Hull St","CITY":"Milwaukie","STATE":"OR","ZIP":"97267","STFIP":"41","LOCALE":"21","LAT":45.3932,"LON":-122.6026,"CBSA":"38900","NMCBSA":"Portland-Vancouver-Hillsboro, OR-WA","CSA":"440","NMCSA":"Portland-Vancouver-Salem, OR-WA","CD":"4105","SLDL":"41040","SLDU":"41020","SCHOOLYEAR":"2024-2025","District_ID":1928,"District_Name":"Oregon City SD 62","School_ID":106,"Grades":"Grade(s) K-5","School_Type":"E","County":"Clackamas","Student_Enrollment":369,"Languages_Spoken":5,"Students_Experiencing_Poverty":27,"Teachers":13,"Educational_Assistants":2,"Counselors_Psychologists_Social_Workers":1,"Average_Teacher_Retention_Rate":77,"Experienced_Teachers":77,"Same_Principal_in_the_Last_3_Years":"Yes","English_Language_Arts":37,"Oregon_ELA_Average":43,"Mathematics":24,"Oregon_Mathematics_Average":36,"Science":25,"Oregon_Science_Average":31,"On_Track_to_Graduate":null,"Oregon_On_Track_to_Graduate_Average":null,"On_Time_Graduation_2023_2024":null,"Oregon_On_Time_Graduation_2023_24_Average":null,"Five_Year_Completion_2023_24":null,"Oregon_Five_Year_Completion_2023_24_Average":null,"College_Going_2022_23":null,"Oregon_College_Going_2022_23_Average":null,"OBJECTID_1":370}},{"type":"Feature","id":31,"geometry":{"type":"Point","coordinates":[-122.81109999999995,45.412100000000066]},"properties":{"OBJECTID1":31,"OBJECTID":424,"NCESSCH":"411224001668","LEAID":"4112240","NAME":"Alberta Rider Elementary School","STREET":"14850 SW 132nd Ter","CITY":"Tigard","STATE":"OR","ZIP":"97224","STFIP":"41","LOCALE":"13","LAT":45.412100000000002,"LON":-122.8111,"CBSA":"38900","NMCBSA":"Portland-Vancouver-Hillsboro, OR-WA","CSA":"440","NMCSA":"Portland-Vancouver-Salem, OR-WA","CD":"4106","SLDL":"41026","SLDU":"41013","SCHOOLYEAR":"2024-2025","District_ID":2242,"District_Name":"Tigard-Tualatin SD 23J","School_ID":4364,"Grades":"Grade(s) K-5","School_Type":"E","County":"Washington","Student_Enrollment":348,"Languages_Spoken":21,"Students_Experiencing_Poverty":19,"Teachers":21,"Educational_Assistants":8,"Counselors_Psychologists_Social_Workers":2,"Average_Teacher_Retention_Rate":90,"Experienced_Teachers":90,"Same_Principal_in_the_Last_3_Years":"Yes","English_Language_Arts":42,"Oregon_ELA_Average":43,"Mathematics":35,"Oregon_Mathematics_Average":36,"Science":17,"Oregon_Science_Average":31,"On_Track_to_Graduate":null,"Oregon_On_Track_to_Graduate_Average":null,"On_Time_Graduation_2023_2024":null,"Oregon_On_Time_Graduation_2023_24_Average":null,"Five_Year_Completion_2023_24":null,"Oregon_Five_Year_Completion_2023_24_Average":null,"College_Going_2022_23":null,"Oregon_College_Going_2022_23_Average":null,"OBJECTID_1":118}},{"type":"Feature","id":32,"geometry":{"type":"Point","coordinates":[-122.45269999999999,45.529700000000048]},"properties":{"OBJECTID1":32,"OBJECTID":367,"NCESSCH":"411052001579","LEAID":"4110520","NAME":"Salish Ponds Elementary School","STREET":"1210 NE 201st Ave","CITY":"Fairview","STATE":"OR","ZIP":"97024","STFIP":"41","LOCALE":"21","LAT":45.529699999999998,"LON":-122.45269999999999,"CBSA":"38900","NMCBSA":"Portland-Vancouver-Hillsboro, OR-WA","CSA":"440","NMCSA":"Portland-Vancouver-Salem, OR-WA","CD":"4103","SLDL":"41049","SLDU":"41025","SCHOOLYEAR":"2024-2025","District_ID":2182,"District_Name":"Reynolds SD 7","School_ID":3989,"Grades":"Grade(s) K-5","School_Type":"E","County":"Multnomah","Student_Enrollment":329,"Languages_Spoken":15,"Students_Experiencing_Poverty":59,"Teachers":22,"Educational_Assistants":11,"Counselors_Psychologists_Social_Workers":3,"Average_Teacher_Retention_Rate":73,"Experienced_Teachers":73,"Same_Principal_in_the_Last_3_Years":"Yes","English_Language_Arts":15,"Oregon_ELA_Average":43,"Mathematics":16,"Oregon_Mathematics_Average":36,"Science":5,"Oregon_Science_Average":31,"On_Track_to_Graduate":null,"Oregon_On_Track_to_Graduate_Average":null,"On_Time_Graduation_2023_2024":null,"Oregon_On_Time_Graduation_2023_24_Average":null,"Five_Year_Completion_2023_24":null,"Oregon_Five_Year_Completion_2023_24_Average":null,"College_Going_2022_23":null,"Oregon_College_Going_2022_23_Average":null,"OBJECTID_1":289}},{"type":"Feature","id":33,"geometry":{"type":"Point","coordinates":[-122.44049999999999,45.50810000000007]},"properties":{"OBJECTID1":33,"OBJECTID":173,"NCESSCH":"410600001571","LEAID":"4106000","NAME":"Center for Advanced Learning","STREET":"1484 NW Civic Dr","CITY":"Gresham","STATE":"OR","ZIP":"97030","STFIP":"41","LOCALE":"21","LAT":45.508099999999999,"LON":-122.4405,"CBSA":"38900","NMCBSA":"Portland-Vancouver-Hillsboro, OR-WA","CSA":"440","NMCSA":"Portland-Vancouver-Salem, OR-WA","CD":"4103","SLDL":"41050","SLDU":"41025","SCHOOLYEAR":"2024-2025","District_ID":2183,"District_Name":"Gresham-Barlow SD 10J","School_ID":3553,"Grades":"Grade(s) 11-12","School_Type":"H","County":"Multnomah","Student_Enrollment":1,"Languages_Spoken":1,"Students_Experiencing_Poverty":null,"Teachers":14,"Educational_Assistants":0,"Counselors_Psychologists_Social_Workers":0,"Average_Teacher_Retention_Rate":75,"Experienced_Teachers":75,"Same_Principal_in_the_Last_3_Years":"Yes","English_Language_Arts":null,"Oregon_ELA_Average":null,"Mathematics":null,"Oregon_Mathematics_Average":null,"Science":null,"Oregon_Science_Average":null,"On_Track_to_Graduate":null,"Oregon_On_Track_to_Graduate_Average":87,"On_Time_Graduation_2023_2024":null,"Oregon_On_Time_Graduation_2023_24_Average":82,"Five_Year_Completion_2023_24":null,"Oregon_Five_Year_Completion_2023_24_Average":87,"College_Going_2022_23":null,"Oregon_College_Going_2022_23_Average":null,"OBJECTID_1":161}},{"type":"Feature","id":34,"geometry":{"type":"Point","coordinates":[-122.54109999999997,45.509900000000073]},"properties":{"OBJECTID1":34,"OBJECTID":129,"NCESSCH":"410394001033","LEAID":"4103940","NAME":"Mill Park Elementary School","STREET":"1900 SE 117th Ave","CITY":"Portland","STATE":"OR","ZIP":"97216","STFIP":"41","LOCALE":"11","LAT":45.509900000000002,"LON":-122.5411,"CBSA":"38900","NMCBSA":"Portland-Vancouver-Hillsboro, OR-WA","CSA":"440","NMCSA":"Portland-Vancouver-Salem, OR-WA","CD":"4103","SLDL":"41047","SLDU":"41024","SCHOOLYEAR":"2024-2025","District_ID":2187,"District_Name":"David Douglas SD 40","School_ID":977,"Grades":"Grade(s) K-5","School_Type":"E","County":"Multnomah","Student_Enrollment":475,"Languages_Spoken":27,"Students_Experiencing_Poverty":66,"Teachers":25,"Educational_Assistants":15,"Counselors_Psychologists_Social_Workers":1,"Average_Teacher_Retention_Rate":68,"Experienced_Teachers":68,"Same_Principal_in_the_Last_3_Years":"Yes","English_Language_Arts":30,"Oregon_ELA_Average":43,"Mathematics":24,"Oregon_Mathematics_Average":36,"Science":14.000000000000002,"Oregon_Science_Average":31,"On_Track_to_Graduate":null,"Oregon_On_Track_to_Graduate_Average":null,"On_Time_Graduation_2023_2024":null,"Oregon_On_Time_Graduation_2023_24_Average":null,"Five_Year_Completion_2023_24":null,"Oregon_Five_Year_Completion_2023_24_Average":null,"College_Going_2022_23":null,"Oregon_College_Going_2022_23_Average":null,"OBJECTID_1":157}},{"type":"Feature","id":35,"geometry":{"type":"Point","coordinates":[-122.79389999999995,45.494600000000048]},"properties":{"OBJECTID1":35,"OBJECTID":45,"NCESSCH":"410192000213","LEAID":"4101920","NAME":"Arts and Communication Magnet Academy","STREET":"11375 SW Center St","CITY":"Beaverton","STATE":"OR","ZIP":"97005","STFIP":"41","LOCALE":"13","LAT":45.494599999999998,"LON":-122.79389999999999,"CBSA":"38900","NMCBSA":"Portland-Vancouver-Hillsboro, OR-WA","CSA":"440","NMCSA":"Portland-Vancouver-Salem, OR-WA","CD":"4101","SLDL":"41035","SLDU":"41018","SCHOOLYEAR":"2024-2025","District_ID":2243,"District_Name":"Beaverton SD 48J","School_ID":1304,"Grades":"Grade(s) 6-12","School_Type":"H","County":"Washington","Student_Enrollment":663,"Languages_Spoken":21,"Students_Experiencing_Poverty":13,"Teachers":33,"Educational_Assistants":6,"Counselors_Psychologists_Social_Workers":4,"Average_Teacher_Retention_Rate":89,"Experienced_Teachers":89,"Same_Principal_in_the_Last_3_Years":"Yes","English_Language_Arts":null,"Oregon_ELA_Average":null,"Mathematics":null,"Oregon_Mathematics_Average":null,"Science":null,"Oregon_Science_Average":null,"On_Track_to_Graduate":90,"Oregon_On_Track_to_Graduate_Average":87,"On_Time_Graduation_2023_2024":97,"Oregon_On_Time_Graduation_2023_24_Average":82,"Five_Year_Completion_2023_24":99,"Oregon_Five_Year_Completion_2023_24_Average":87,"College_Going_2022_23":74,"Oregon_College_Going_2022_23_Average":74,"OBJECTID_1":7}},{"type":"Feature","id":36,"geometry":{"type":"Point","coordinates":[-122.85319999999996,45.530500000000075]},"properties":{"OBJECTID1":36,"OBJECTID":73,"NCESSCH":"410192001234","LEAID":"4101920","NAME":"Five Oaks Middle School","STREET":"1600 NW 173rd Ave","CITY":"Beaverton","STATE":"OR","ZIP":"97006","STFIP":"41","LOCALE":"13","LAT":45.530500000000004,"LON":-122.8532,"CBSA":"38900","NMCBSA":"Portland-Vancouver-Hillsboro, OR-WA","CSA":"440","NMCSA":"Portland-Vancouver-Salem, OR-WA","CD":"4101","SLDL":"41034","SLDU":"41017","SCHOOLYEAR":"2024-2025","District_ID":2243,"District_Name":"Beaverton SD 48J","School_ID":1181,"Grades":"Grade(s) 6-8","School_Type":"M","County":"Washington","Student_Enrollment":795,"Languages_Spoken":38,"Students_Experiencing_Poverty":31,"Teachers":44,"Educational_Assistants":10,"Counselors_Psychologists_Social_Workers":5,"Average_Teacher_Retention_Rate":83,"Experienced_Teachers":83,"Same_Principal_in_the_Last_3_Years":"Yes","English_Language_Arts":37,"Oregon_ELA_Average":43,"Mathematics":28.999999999999996,"Oregon_Mathematics_Average":30,"Science":20,"Oregon_Science_Average":28.000000000000004,"On_Track_to_Graduate":null,"Oregon_On_Track_to_Graduate_Average":null,"On_Time_Graduation_2023_2024":null,"Oregon_On_Time_Graduation_2023_24_Average":null,"Five_Year_Completion_2023_24":null,"Oregon_Five_Year_Completion_2023_24_Average":null,"College_Going_2022_23":null,"Oregon_College_Going_2022_23_Average":null,"OBJECTID_1":24}},{"type":"Feature","id":37,"geometry":{"type":"Point","coordinates":[-122.85789999999997,45.543000000000063]},"properties":{"OBJECTID1":37,"OBJECTID":52,"NCESSCH":"410192001207","LEAID":"4101920","NAME":"Bethany Elementary School","STREET":"3305 NW 174th Ave","CITY":"Beaverton","STATE":"OR","ZIP":"97006","STFIP":"41","LOCALE":"21","LAT":45.542999999999999,"LON":-122.8579,"CBSA":"38900","NMCBSA":"Portland-Vancouver-Hillsboro, OR-WA","CSA":"440","NMCSA":"Portland-Vancouver-Salem, OR-WA","CD":"4101","SLDL":"41034","SLDU":"41017","SCHOOLYEAR":"2024-2025","District_ID":2243,"District_Name":"Beaverton SD 48J","School_ID":1156,"Grades":"Grade(s) K-5","School_Type":"E","County":"Washington","Student_Enrollment":412,"Languages_Spoken":24,"Students_Experiencing_Poverty":16,"Teachers":22,"Educational_Assistants":6,"Counselors_Psychologists_Social_Workers":1,"Average_Teacher_Retention_Rate":93,"Experienced_Teachers":93,"Same_Principal_in_the_Last_3_Years":"Yes","English_Language_Arts":80,"Oregon_ELA_Average":43,"Mathematics":69,"Oregon_Mathematics_Average":36,"Science":62,"Oregon_Science_Average":31,"On_Track_to_Graduate":null,"Oregon_On_Track_to_Graduate_Average":null,"On_Time_Graduation_2023_2024":null,"Oregon_On_Time_Graduation_2023_24_Average":null,"Five_Year_Completion_2023_24":null,"Oregon_Five_Year_Completion_2023_24_Average":null,"College_Going_2022_23":null,"Oregon_College_Going_2022_23_Average":null,"OBJECTID_1":12}},{"type":"Feature","id":38,"geometry":{"type":"Point","coordinates":[-122.68179999999995,45.562200000000075]},"properties":{"OBJECTID1":38,"OBJECTID":2,"NCESSCH":"410000901784","LEAID":"4100009","NAME":"The Ivy School","STREET":"5420 N. Interstate","CITY":"Portland","STATE":"OR","ZIP":"97217","STFIP":"41","LOCALE":"11","LAT":45.562199999999997,"LON":-122.6818,"CBSA":"38900","NMCBSA":"Portland-Vancouver-Hillsboro, OR-WA","CSA":"440","NMCSA":"Portland-Vancouver-Salem, OR-WA","CD":"4103","SLDL":"41044","SLDU":"41022","SCHOOLYEAR":"2024-2025","District_ID":2336,"District_Name":"Oregon Department of Education","School_ID":4720,"Grades":"Grade(s) K-8","School_Type":"E","County":"Multnomah","Student_Enrollment":262,"Languages_Spoken":11,"Students_Experiencing_Poverty":17,"Teachers":15,"Educational_Assistants":0,"Counselors_Psychologists_Social_Workers":0,"Average_Teacher_Retention_Rate":47,"Experienced_Teachers":47,"Same_Principal_in_the_Last_3_Years":"No","English_Language_Arts":61,"Oregon_ELA_Average":43,"Mathematics":32,"Oregon_Mathematics_Average":33,"Science":54,"Oregon_Science_Average":28.999999999999996,"On_Track_to_Graduate":null,"Oregon_On_Track_to_Graduate_Average":null,"On_Time_Graduation_2023_2024":null,"Oregon_On_Time_Graduation_2023_24_Average":null,"Five_Year_Completion_2023_24":null,"Oregon_Five_Year_Completion_2023_24_Average":null,"College_Going_2022_23":null,"Oregon_College_Going_2022_23_Average":null,"OBJECTID_1":183}},{"type":"Feature","id":39,"geometry":{"type":"Point","coordinates":[-122.67269999999996,45.547900000000027]},"properties":{"OBJECTID1":39,"OBJECTID":271,"NCESSCH":"411004000876","LEAID":"4110040","NAME":"Boise-Eliot Elementary School","STREET":"620 N Fremont","CITY":"Portland","STATE":"OR","ZIP":"97227","STFIP":"41","LOCALE":"11","LAT":45.547899999999998,"LON":-122.67270000000001,"CBSA":"38900","NMCBSA":"Portland-Vancouver-Hillsboro, OR-WA","CSA":"440","NMCSA":"Portland-Vancouver-Salem, OR-WA","CD":"4103","SLDL":"41043","SLDU":"41022","SCHOOLYEAR":"2024-2025","District_ID":2180,"District_Name":"Portland SD 1J","School_ID":833,"Grades":"Grade(s) K-5","School_Type":"E","County":"Multnomah","Student_Enrollment":305,"Languages_Spoken":12,"Students_Experiencing_Poverty":64,"Teachers":22,"Educational_Assistants":11,"Counselors_Psychologists_Social_Workers":2,"Average_Teacher_Retention_Rate":100,"Experienced_Teachers":100,"Same_Principal_in_the_Last_3_Years":"Yes","English_Language_Arts":20,"Oregon_ELA_Average":43,"Mathematics":15,"Oregon_Mathematics_Average":36,"Science":10,"Oregon_Science_Average":31,"On_Track_to_Graduate":null,"Oregon_On_Track_to_Graduate_Average":null,"On_Time_Graduation_2023_2024":null,"Oregon_On_Time_Graduation_2023_24_Average":null,"Five_Year_Completion_2023_24":null,"Oregon_Five_Year_Completion_2023_24_Average":null,"College_Going_2022_23":null,"Oregon_College_Going_2022_23_Average":null,"OBJECTID_1":201}},{"type":"Feature","id":40,"geometry":{"type":"Point","coordinates":[-122.64019999999999,45.524600000000078]},"properties":{"OBJECTID1":40,"OBJECTID":335,"NCESSCH":"411004001079","LEAID":"4110040","NAME":"da Vinci Middle School","STREET":"2508 NE Everett","CITY":"Portland","STATE":"OR","ZIP":"97232","STFIP":"41","LOCALE":"11","LAT":45.5246,"LON":-122.64019999999999,"CBSA":"38900","NMCBSA":"Portland-Vancouver-Hillsboro, OR-WA","CSA":"440","NMCSA":"Portland-Vancouver-Salem, OR-WA","CD":"4101","SLDL":"41042","SLDU":"41021","SCHOOLYEAR":"2024-2025","District_ID":2180,"District_Name":"Portland SD 1J","School_ID":1363,"Grades":"Grade(s) 6-8","School_Type":"M","County":"Multnomah","Student_Enrollment":411,"Languages_Spoken":7,"Students_Experiencing_Poverty":22,"Teachers":22,"Educational_Assistants":3,"Counselors_Psychologists_Social_Workers":2,"Average_Teacher_Retention_Rate":85,"Experienced_Teachers":85,"Same_Principal_in_the_Last_3_Years":"No","English_Language_Arts":65,"Oregon_ELA_Average":43,"Mathematics":33,"Oregon_Mathematics_Average":30,"Science":33,"Oregon_Science_Average":28.000000000000004,"On_Track_to_Graduate":null,"Oregon_On_Track_to_Graduate_Average":null,"On_Time_Graduation_2023_2024":null,"Oregon_On_Time_Graduation_2023_24_Average":null,"Five_Year_Completion_2023_24":null,"Oregon_Five_Year_Completion_2023_24_Average":null,"College_Going_2022_23":null,"Oregon_College_Going_2022_23_Average":null,"OBJECTID_1":212}},{"type":"Feature","id":41,"geometry":{"type":"Point","coordinates":[-122.53479999999996,45.437200000000075]},"properties":{"OBJECTID1":41,"OBJECTID":224,"NCESSCH":"410883001483","LEAID":"4108830","NAME":"Spring Mountain Elementary School","STREET":"11645 SE Masa Ln","CITY":"Happy Valley","STATE":"OR","ZIP":"97086","STFIP":"41","LOCALE":"21","LAT":45.437199999999997,"LON":-122.5348,"CBSA":"38900","NMCBSA":"Portland-Vancouver-Hillsboro, OR-WA","CSA":"440","NMCSA":"Portland-Vancouver-Salem, OR-WA","CD":"4103","SLDL":"41039","SLDU":"41020","SCHOOLYEAR":"2024-2025","District_ID":1924,"District_Name":"North Clackamas SD 12","School_ID":3198,"Grades":"Grade(s) K-5","School_Type":"E","County":"Clackamas","Student_Enrollment":350,"Languages_Spoken":17,"Students_Experiencing_Poverty":22,"Teachers":20,"Educational_Assistants":9,"Counselors_Psychologists_Social_Workers":1,"Average_Teacher_Retention_Rate":89,"Experienced_Teachers":89,"Same_Principal_in_the_Last_3_Years":"Yes","English_Language_Arts":57.999999999999993,"Oregon_ELA_Average":43,"Mathematics":46,"Oregon_Mathematics_Average":36,"Science":44,"Oregon_Science_Average":31,"On_Track_to_Graduate":null,"Oregon_On_Track_to_Graduate_Average":null,"On_Time_Graduation_2023_2024":null,"Oregon_On_Time_Graduation_2023_24_Average":null,"Five_Year_Completion_2023_24":null,"Oregon_Five_Year_Completion_2023_24_Average":null,"College_Going_2022_23":null,"Oregon_College_Going_2022_23_Average":null,"OBJECTID_1":363}},{"type":"Feature","id":42,"geometry":{"type":"Point","coordinates":[-122.51179999999999,45.539000000000044]},"properties":{"OBJECTID1":42,"OBJECTID":354,"NCESSCH":"411052001001","LEAID":"4110520","NAME":"Margaret Scott Elementary School","STREET":"14700 NE Sacramento St","CITY":"Portland","STATE":"OR","ZIP":"97230","STFIP":"41","LOCALE":"11","LAT":45.539000000000001,"LON":-122.51179999999999,"CBSA":"38900","NMCBSA":"Portland-Vancouver-Hillsboro, OR-WA","CSA":"440","NMCSA":"Portland-Vancouver-Salem, OR-WA","CD":"4103","SLDL":"41047","SLDU":"41024","SCHOOLYEAR":"2024-2025","District_ID":2182,"District_Name":"Reynolds SD 7","School_ID":948,"Grades":"Grade(s) K-5","School_Type":"E","County":"Multnomah","Student_Enrollment":368,"Languages_Spoken":26,"Students_Experiencing_Poverty":55.000000000000007,"Teachers":24,"Educational_Assistants":6,"Counselors_Psychologists_Social_Workers":2,"Average_Teacher_Retention_Rate":80,"Experienced_Teachers":80,"Same_Principal_in_the_Last_3_Years":"Yes","English_Language_Arts":16,"Oregon_ELA_Average":43,"Mathematics":15,"Oregon_Mathematics_Average":36,"Science":21,"Oregon_Science_Average":31,"On_Track_to_Graduate":null,"Oregon_On_Track_to_Graduate_Average":null,"On_Time_Graduation_2023_2024":null,"Oregon_On_Time_Graduation_2023_24_Average":null,"Five_Year_Completion_2023_24":null,"Oregon_Five_Year_Completion_2023_24_Average":null,"College_Going_2022_23":null,"Oregon_College_Going_2022_23_Average":null,"OBJECTID_1":282}},{"type":"Feature","id":43,"geometry":{"type":"Point","coordinates":[-122.72969999999998,45.470900000000029]},"properties":{"OBJECTID1":43,"OBJECTID":303,"NCESSCH":"411004000918","LEAID":"4110040","NAME":"Maplewood Elementary School","STREET":"7452 SW 52nd Ave","CITY":"Portland","STATE":"OR","ZIP":"97219","STFIP":"41","LOCALE":"11","LAT":45.4709,"LON":-122.72969999999999,"CBSA":"38900","NMCBSA":"Portland-Vancouver-Hillsboro, OR-WA","CSA":"440","NMCSA":"Portland-Vancouver-Salem, OR-WA","CD":"4101","SLDL":"41028","SLDU":"41014","SCHOOLYEAR":"2024-2025","District_ID":2180,"District_Name":"Portland SD 1J","School_ID":873,"Grades":"Grade(s) K-5","School_Type":"E","County":"Multnomah","Student_Enrollment":298,"Languages_Spoken":9,"Students_Experiencing_Poverty":13,"Teachers":17,"Educational_Assistants":7,"Counselors_Psychologists_Social_Workers":1,"Average_Teacher_Retention_Rate":94,"Experienced_Teachers":94,"Same_Principal_in_the_Last_3_Years":"Yes","English_Language_Arts":63,"Oregon_ELA_Average":43,"Mathematics":61,"Oregon_Mathematics_Average":36,"Science":45,"Oregon_Science_Average":31,"On_Track_to_Graduate":null,"Oregon_On_Track_to_Graduate_Average":null,"On_Time_Graduation_2023_2024":null,"Oregon_On_Time_Graduation_2023_24_Average":null,"Five_Year_Completion_2023_24":null,"Oregon_Five_Year_Completion_2023_24_Average":null,"College_Going_2022_23":null,"Oregon_College_Going_2022_23_Average":null,"OBJECTID_1":245}},{"type":"Feature","id":44,"geometry":{"type":"Point","coordinates":[-122.99269999999996,45.541900000000055]},"properties":{"OBJECTID1":44,"OBJECTID":25,"NCESSCH":"410002301306","LEAID":"4100023","NAME":"Glencoe High School","STREET":"2700 NW Glencoe Rd","CITY":"Hillsboro","STATE":"OR","ZIP":"97124","STFIP":"41","LOCALE":"12","LAT":45.541899999999998,"LON":-122.9927,"CBSA":"38900","NMCBSA":"Portland-Vancouver-Hillsboro, OR-WA","CSA":"440","NMCSA":"Portland-Vancouver-Salem, OR-WA","CD":"4101","SLDL":"41029","SLDU":"41015","SCHOOLYEAR":"2024-2025","District_ID":2239,"District_Name":"Hillsboro SD 1J","School_ID":1200,"Grades":"Grade(s) 9-12","School_Type":"H","County":"Washington","Student_Enrollment":1449,"Languages_Spoken":38,"Students_Experiencing_Poverty":26,"Teachers":66,"Educational_Assistants":19,"Counselors_Psychologists_Social_Workers":6,"Average_Teacher_Retention_Rate":79,"Experienced_Teachers":79,"Same_Principal_in_the_Last_3_Years":"Yes","English_Language_Arts":null,"Oregon_ELA_Average":null,"Mathematics":null,"Oregon_Mathematics_Average":null,"Science":null,"Oregon_Science_Average":null,"On_Track_to_Graduate":92,"Oregon_On_Track_to_Graduate_Average":87,"On_Time_Graduation_2023_2024":90,"Oregon_On_Time_Graduation_2023_24_Average":82,"Five_Year_Completion_2023_24":92,"Oregon_Five_Year_Completion_2023_24_Average":87,"College_Going_2022_23":60,"Oregon_College_Going_2022_23_Average":60,"OBJECTID_1":82}},{"type":"Feature","id":45,"geometry":{"type":"Point","coordinates":[-122.80759999999998,45.450200000000052]},"properties":{"OBJECTID1":45,"OBJECTID":87,"NCESSCH":"410192001432","LEAID":"4101920","NAME":"Southridge High School","STREET":"9625 SW 125th Ave","CITY":"Beaverton","STATE":"OR","ZIP":"97008","STFIP":"41","LOCALE":"13","LAT":45.450200000000002,"LON":-122.80759999999999,"CBSA":"38900","NMCBSA":"Portland-Vancouver-Hillsboro, OR-WA","CSA":"440","NMCSA":"Portland-Vancouver-Salem, OR-WA","CD":"4106","SLDL":"41025","SLDU":"41013","SCHOOLYEAR":"2024-2025","District_ID":2243,"District_Name":"Beaverton SD 48J","School_ID":2783,"Grades":"Grade(s) 9-12","School_Type":"H","County":"Washington","Student_Enrollment":1372,"Languages_Spoken":37,"Students_Experiencing_Poverty":25,"Teachers":80,"Educational_Assistants":12,"Counselors_Psychologists_Social_Workers":9,"Average_Teacher_Retention_Rate":92,"Experienced_Teachers":92,"Same_Principal_in_the_Last_3_Years":"No","English_Language_Arts":null,"Oregon_ELA_Average":null,"Mathematics":null,"Oregon_Mathematics_Average":null,"Science":null,"Oregon_Science_Average":null,"On_Track_to_Graduate":88,"Oregon_On_Track_to_Graduate_Average":87,"On_Time_Graduation_2023_2024":86,"Oregon_On_Time_Graduation_2023_24_Average":82,"Five_Year_Completion_2023_24":91,"Oregon_Five_Year_Completion_2023_24_Average":87,"College_Going_2022_23":64,"Oregon_College_Going_2022_23_Average":64,"OBJECTID_1":49}},{"type":"Feature","id":46,"geometry":{"type":"Point","coordinates":[-122.77099999999996,45.445400000000063]},"properties":{"OBJECTID1":46,"OBJECTID":415,"NCESSCH":"411224001193","LEAID":"4112240","NAME":"Metzger Elementary School","STREET":"10350 SW Lincoln St","CITY":"Tigard","STATE":"OR","ZIP":"97223","STFIP":"41","LOCALE":"13","LAT":45.445399999999999,"LON":-122.771,"CBSA":"38900","NMCBSA":"Portland-Vancouver-Hillsboro, OR-WA","CSA":"440","NMCSA":"Portland-Vancouver-Salem, OR-WA","CD":"4106","SLDL":"41025","SLDU":"41013","SCHOOLYEAR":"2024-2025","District_ID":2242,"District_Name":"Tigard-Tualatin SD 23J","School_ID":1140,"Grades":"Grade(s) K-5","School_Type":"E","County":"Washington","Student_Enrollment":580,"Languages_Spoken":22,"Students_Experiencing_Poverty":37,"Teachers":35,"Educational_Assistants":19,"Counselors_Psychologists_Social_Workers":1,"Average_Teacher_Retention_Rate":89,"Experienced_Teachers":89,"Same_Principal_in_the_Last_3_Years":"Yes","English_Language_Arts":50,"Oregon_ELA_Average":43,"Mathematics":42,"Oregon_Mathematics_Average":36,"Science":28.000000000000004,"Oregon_Science_Average":31,"On_Track_to_Graduate":null,"Oregon_On_Track_to_Graduate_Average":null,"On_Time_Graduation_2023_2024":null,"Oregon_On_Time_Graduation_2023_24_Average":null,"Five_Year_Completion_2023_24":null,"Oregon_Five_Year_Completion_2023_24_Average":null,"College_Going_2022_23":null,"Oregon_College_Going_2022_23_Average":null,"OBJECTID_1":129}},{"type":"Feature","id":47,"geometry":{"type":"Point","coordinates":[-122.43957199999994,45.516580000000033]},"properties":{"OBJECTID1":47,"OBJECTID":165,"NCESSCH":"410600000992","LEAID":"4106000","NAME":"North Gresham Elementary School","STREET":"1001 SE 217th Ave","CITY":"Gresham","STATE":"OR","ZIP":"97030","STFIP":"41","LOCALE":"21","LAT":45.516579999999998,"LON":-122.439572,"CBSA":"38900","NMCBSA":"Portland-Vancouver-Hillsboro, OR-WA","CSA":"440","NMCSA":"Portland-Vancouver-Salem, OR-WA","CD":"4103","SLDL":"41050","SLDU":"41025","SCHOOLYEAR":"2024-2025","District_ID":2183,"District_Name":"Gresham-Barlow SD 10J","School_ID":938,"Grades":"Grade(s) K-5","School_Type":"E","County":"Multnomah","Student_Enrollment":586,"Languages_Spoken":24,"Students_Experiencing_Poverty":49,"Teachers":32,"Educational_Assistants":11,"Counselors_Psychologists_Social_Workers":2,"Average_Teacher_Retention_Rate":84,"Experienced_Teachers":84,"Same_Principal_in_the_Last_3_Years":"Yes","English_Language_Arts":24,"Oregon_ELA_Average":43,"Mathematics":14.000000000000002,"Oregon_Mathematics_Average":36,"Science":11,"Oregon_Science_Average":31,"On_Track_to_Graduate":null,"Oregon_On_Track_to_Graduate_Average":null,"On_Time_Graduation_2023_2024":null,"Oregon_On_Time_Graduation_2023_24_Average":null,"Five_Year_Completion_2023_24":null,"Oregon_Five_Year_Completion_2023_24_Average":null,"College_Going_2022_23":null,"Oregon_College_Going_2022_23_Average":null,"OBJECTID_1":177}},{"type":"Feature","id":48,"geometry":{"type":"Point","coordinates":[-122.54389999999995,45.521400000000028]},"properties":{"OBJECTID1":48,"OBJECTID":130,"NCESSCH":"410394001035","LEAID":"4103940","NAME":"Ventura Park Elementary School","STREET":"145 SE 117th Ave","CITY":"Portland","STATE":"OR","ZIP":"97216","STFIP":"41","LOCALE":"11","LAT":45.5214,"LON":-122.54389999999999,"CBSA":"38900","NMCBSA":"Portland-Vancouver-Hillsboro, OR-WA","CSA":"440","NMCSA":"Portland-Vancouver-Salem, OR-WA","CD":"4103","SLDL":"41047","SLDU":"41024","SCHOOLYEAR":"2024-2025","District_ID":2187,"District_Name":"David Douglas SD 40","School_ID":978,"Grades":"Grade(s) K-5","School_Type":"E","County":"Multnomah","Student_Enrollment":378,"Languages_Spoken":29,"Students_Experiencing_Poverty":57.999999999999993,"Teachers":19,"Educational_Assistants":16,"Counselors_Psychologists_Social_Workers":1,"Average_Teacher_Retention_Rate":74,"Experienced_Teachers":74,"Same_Principal_in_the_Last_3_Years":"Yes","English_Language_Arts":31,"Oregon_ELA_Average":43,"Mathematics":25,"Oregon_Mathematics_Average":36,"Science":19,"Oregon_Science_Average":31,"On_Track_to_Graduate":null,"Oregon_On_Track_to_Graduate_Average":null,"On_Time_Graduation_2023_2024":null,"Oregon_On_Time_Graduation_2023_24_Average":null,"Five_Year_Completion_2023_24":null,"Oregon_Five_Year_Completion_2023_24_Average":null,"College_Going_2022_23":null,"Oregon_College_Going_2022_23_Average":null,"OBJECTID_1":159}},{"type":"Feature","id":49,"geometry":{"type":"Point","coordinates":[-122.74970399999995,45.420237000000043]},"properties":{"OBJECTID1":49,"OBJECTID":426,"NCESSCH":"411224001920","LEAID":"4112240","NAME":"Tigard-Tualatin Virtual Academy","STREET":"6960 SW Sandburg St","CITY":"Tigard","STATE":"OR","ZIP":"97223","STFIP":"41","LOCALE":"13","LAT":45.420237,"LON":-122.74970399999999,"CBSA":"38900","NMCBSA":"Portland-Vancouver-Hillsboro, OR-WA","CSA":"440","NMCSA":"Portland-Vancouver-Salem, OR-WA","CD":"4106","SLDL":"41025","SLDU":"41013","SCHOOLYEAR":"2024-2025","District_ID":2242,"District_Name":"Tigard-Tualatin SD 23J","School_ID":5687,"Grades":"Grade(s) K-12","School_Type":"H","County":"Washington","Student_Enrollment":171,"Languages_Spoken":8,"Students_Experiencing_Poverty":48,"Teachers":14,"Educational_Assistants":0,"Counselors_Psychologists_Social_Workers":null,"Average_Teacher_Retention_Rate":93,"Experienced_Teachers":93,"Same_Principal_in_the_Last_3_Years":"Yes","English_Language_Arts":null,"Oregon_ELA_Average":null,"Mathematics":null,"Oregon_Mathematics_Average":null,"Science":null,"Oregon_Science_Average":null,"On_Track_to_Graduate":41,"Oregon_On_Track_to_Graduate_Average":87,"On_Time_Graduation_2023_2024":79,"Oregon_On_Time_Graduation_2023_24_Average":82,"Five_Year_Completion_2023_24":96,"Oregon_Five_Year_Completion_2023_24_Average":87,"College_Going_2022_23":36,"Oregon_College_Going_2022_23_Average":36,"OBJECTID_1":133}},{"type":"Feature","id":50,"geometry":{"type":"Point","coordinates":[-122.68984799999998,45.477443000000051]},"properties":{"OBJECTID1":50,"OBJECTID":334,"NCESSCH":"411004000975","LEAID":"4110040","NAME":"Ida B. Wells-Barnett High School","STREET":"1151 SW Vermont St","CITY":"Portland","STATE":"OR","ZIP":"97219","STFIP":"41","LOCALE":"11","LAT":45.477443000000001,"LON":-122.689848,"CBSA":"38900","NMCBSA":"Portland-Vancouver-Hillsboro, OR-WA","CSA":"440","NMCSA":"Portland-Vancouver-Salem, OR-WA","CD":"4101","SLDL":"41028","SLDU":"41014","SCHOOLYEAR":"2024-2025","District_ID":2180,"District_Name":"Portland SD 1J","School_ID":922,"Grades":"Grade(s) 9-12","School_Type":"H","County":"Multnomah","Student_Enrollment":1594,"Languages_Spoken":33,"Students_Experiencing_Poverty":11,"Teachers":82,"Educational_Assistants":13,"Counselors_Psychologists_Social_Workers":7,"Average_Teacher_Retention_Rate":83,"Experienced_Teachers":83,"Same_Principal_in_the_Last_3_Years":"No","English_Language_Arts":null,"Oregon_ELA_Average":null,"Mathematics":null,"Oregon_Mathematics_Average":null,"Science":null,"Oregon_Science_Average":null,"On_Track_to_Graduate":null,"Oregon_On_Track_to_Graduate_Average":87,"On_Time_Graduation_2023_2024":90,"Oregon_On_Time_Graduation_2023_24_Average":82,"Five_Year_Completion_2023_24":95,"Oregon_Five_Year_Completion_2023_24_Average":87,"College_Going_2022_23":81,"Oregon_College_Going_2022_23_Average":81,"OBJECTID_1":228}},{"type":"Feature","id":51,"geometry":{"type":"Point","coordinates":[-122.50026599999995,45.514469000000076]},"properties":{"OBJECTID1":51,"OBJECTID":110,"NCESSCH":"410280001016","LEAID":"4102800","NAME":"Parklane Elementary School","STREET":"15811 SE Main St","CITY":"Portland","STATE":"OR","ZIP":"97233","STFIP":"41","LOCALE":"11","LAT":45.514468999999998,"LON":-122.500266,"CBSA":"38900","NMCBSA":"Portland-Vancouver-Hillsboro, OR-WA","CSA":"440","NMCSA":"Portland-Vancouver-Salem, OR-WA","CD":"4103","SLDL":"41047","SLDU":"41024","SCHOOLYEAR":"2024-2025","District_ID":2185,"District_Name":"Centennial SD 28J","School_ID":963,"Grades":"Grade(s) K-5","School_Type":"E","County":"Multnomah","Student_Enrollment":422,"Languages_Spoken":26,"Students_Experiencing_Poverty":54,"Teachers":22,"Educational_Assistants":9,"Counselors_Psychologists_Social_Workers":2,"Average_Teacher_Retention_Rate":67,"Experienced_Teachers":67,"Same_Principal_in_the_Last_3_Years":"No","English_Language_Arts":23,"Oregon_ELA_Average":43,"Mathematics":19,"Oregon_Mathematics_Average":36,"Science":11,"Oregon_Science_Average":31,"On_Track_to_Graduate":null,"Oregon_On_Track_to_Graduate_Average":null,"On_Time_Graduation_2023_2024":null,"Oregon_On_Time_Graduation_2023_24_Average":null,"Five_Year_Completion_2023_24":null,"Oregon_Five_Year_Completion_2023_24_Average":null,"College_Going_2022_23":null,"Oregon_College_Going_2022_23_Average":null,"OBJECTID_1":142}},{"type":"Feature","id":52,"geometry":{"type":"Point","coordinates":[-122.60789999999997,45.451348000000053]},"properties":{"OBJECTID1":52,"OBJECTID":214,"NCESSCH":"410883000085","LEAID":"4108830","NAME":"Lewelling Elementary School","STREET":"5325 SE Logus Rd","CITY":"Milwaukie","STATE":"OR","ZIP":"97222","STFIP":"41","LOCALE":"21","LAT":45.451348000000003,"LON":-122.6079,"CBSA":"38900","NMCBSA":"Portland-Vancouver-Hillsboro, OR-WA","CSA":"440","NMCSA":"Portland-Vancouver-Salem, OR-WA","CD":"4105","SLDL":"41041","SLDU":"41021","SCHOOLYEAR":"2024-2025","District_ID":1924,"District_Name":"North Clackamas SD 12","School_ID":4764,"Grades":"Grade(s) K-5","School_Type":"E","County":"Clackamas","Student_Enrollment":282,"Languages_Spoken":12,"Students_Experiencing_Poverty":48,"Teachers":16,"Educational_Assistants":8,"Counselors_Psychologists_Social_Workers":1,"Average_Teacher_Retention_Rate":81,"Experienced_Teachers":81,"Same_Principal_in_the_Last_3_Years":"Yes","English_Language_Arts":35,"Oregon_ELA_Average":43,"Mathematics":21,"Oregon_Mathematics_Average":36,"Science":25,"Oregon_Science_Average":31,"On_Track_to_Graduate":null,"Oregon_On_Track_to_Graduate_Average":null,"On_Time_Graduation_2023_2024":null,"Oregon_On_Time_Graduation_2023_24_Average":null,"Five_Year_Completion_2023_24":null,"Oregon_Five_Year_Completion_2023_24_Average":null,"College_Going_2022_23":null,"Oregon_College_Going_2022_23_Average":null,"OBJECTID_1":348}},{"type":"Feature","id":53,"geometry":{"type":"Point","coordinates":[-122.79501799999997,45.300379000000078]},"properties":{"OBJECTID1":53,"OBJECTID":441,"NCESSCH":"411317001575","LEAID":"4113170","NAME":"Boones Ferry Primary School","STREET":"11495 Wilsonville Rd","CITY":"Wilsonville","STATE":"OR","ZIP":"97070","STFIP":"41","LOCALE":"21","LAT":45.300379,"LON":-122.795018,"CBSA":"38900","NMCBSA":"Portland-Vancouver-Hillsboro, OR-WA","CSA":"440","NMCSA":"Portland-Vancouver-Salem, OR-WA","CD":"4106","SLDL":"41026","SLDU":"41013","SCHOOLYEAR":"2024-2025","District_ID":1922,"District_Name":"West Linn-Wilsonville SD 3J","School_ID":3913,"Grades":"Grade(s) K-5","School_Type":"E","County":"Clackamas","Student_Enrollment":430,"Languages_Spoken":14,"Students_Experiencing_Poverty":26,"Teachers":28,"Educational_Assistants":15,"Counselors_Psychologists_Social_Workers":1,"Average_Teacher_Retention_Rate":82,"Experienced_Teachers":82,"Same_Principal_in_the_Last_3_Years":"Yes","English_Language_Arts":49,"Oregon_ELA_Average":43,"Mathematics":40,"Oregon_Mathematics_Average":36,"Science":36,"Oregon_Science_Average":31,"On_Track_to_Graduate":null,"Oregon_On_Track_to_Graduate_Average":null,"On_Time_Graduation_2023_2024":null,"Oregon_On_Time_Graduation_2023_24_Average":null,"Five_Year_Completion_2023_24":null,"Oregon_Five_Year_Completion_2023_24_Average":null,"College_Going_2022_23":null,"Oregon_College_Going_2022_23_Average":null,"OBJECTID_1":394}},{"type":"Feature","id":54,"geometry":{"type":"Point","coordinates":[-122.95989999999995,45.523600000000044]},"properties":{"OBJECTID1":54,"OBJECTID":6,"NCESSCH":"410002301171","LEAID":"4100023","NAME":"Eastwood Elementary School","STREET":"2100 NE Lincoln St","CITY":"Hillsboro","STATE":"OR","ZIP":"97124","STFIP":"41","LOCALE":"12","LAT":45.523600000000002,"LON":-122.9599,"CBSA":"38900","NMCBSA":"Portland-Vancouver-Hillsboro, OR-WA","CSA":"440","NMCSA":"Portland-Vancouver-Salem, OR-WA","CD":"4101","SLDL":"41029","SLDU":"41015","SCHOOLYEAR":"2024-2025","District_ID":2239,"District_Name":"Hillsboro SD 1J","School_ID":1115,"Grades":"Grade(s) K-6","School_Type":"E","County":"Washington","Student_Enrollment":372,"Languages_Spoken":13,"Students_Experiencing_Poverty":40,"Teachers":22,"Educational_Assistants":12,"Counselors_Psychologists_Social_Workers":1,"Average_Teacher_Retention_Rate":59,"Experienced_Teachers":59,"Same_Principal_in_the_Last_3_Years":"Yes","English_Language_Arts":14.000000000000002,"Oregon_ELA_Average":43,"Mathematics":9,"Oregon_Mathematics_Average":35,"Science":18,"Oregon_Science_Average":31,"On_Track_to_Graduate":null,"Oregon_On_Track_to_Graduate_Average":null,"On_Time_Graduation_2023_2024":null,"Oregon_On_Time_Graduation_2023_24_Average":null,"Five_Year_Completion_2023_24":null,"Oregon_Five_Year_Completion_2023_24_Average":null,"College_Going_2022_23":null,"Oregon_College_Going_2022_23_Average":null,"OBJECTID_1":78}},{"type":"Feature","id":55,"geometry":{"type":"Point","coordinates":[-122.86961899999994,45.52719600000006]},"properties":{"OBJECTID1":55,"OBJECTID":97,"NCESSCH":"410192001894","LEAID":"4101920","NAME":"FLEX Online School","STREET":"10740 NE Walker Rd Ste B","CITY":"Hillsboro","STATE":"OR","ZIP":"97006","STFIP":"41","LOCALE":"12","LAT":45.527196000000004,"LON":-122.869619,"CBSA":"38900","NMCBSA":"Portland-Vancouver-Hillsboro, OR-WA","CSA":"440","NMCSA":"Portland-Vancouver-Salem, OR-WA","CD":"4101","SLDL":"41030","SLDU":"41015","SCHOOLYEAR":"2024-2025","District_ID":2243,"District_Name":"Beaverton SD 48J","School_ID":5506,"Grades":"Grade(s) K-12","School_Type":"H","County":"Washington","Student_Enrollment":518,"Languages_Spoken":22,"Students_Experiencing_Poverty":40,"Teachers":26,"Educational_Assistants":2,"Counselors_Psychologists_Social_Workers":3,"Average_Teacher_Retention_Rate":89,"Experienced_Teachers":89,"Same_Principal_in_the_Last_3_Years":"Yes","English_Language_Arts":null,"Oregon_ELA_Average":null,"Mathematics":null,"Oregon_Mathematics_Average":null,"Science":null,"Oregon_Science_Average":null,"On_Track_to_Graduate":75,"Oregon_On_Track_to_Graduate_Average":87,"On_Time_Graduation_2023_2024":56.999999999999993,"Oregon_On_Time_Graduation_2023_24_Average":82,"Five_Year_Completion_2023_24":76,"Oregon_Five_Year_Completion_2023_24_Average":87,"College_Going_2022_23":39,"Oregon_College_Going_2022_23_Average":39,"OBJECTID_1":25}},{"type":"Feature","id":56,"geometry":{"type":"Point","coordinates":[-122.56469999999996,45.442500000000052]},"properties":{"OBJECTID1":56,"OBJECTID":222,"NCESSCH":"410883001354","LEAID":"4108830","NAME":"Mount Scott Elementary School","STREET":"11201 SE Stevens Rd","CITY":"Happy Valley","STATE":"OR","ZIP":"97086","STFIP":"41","LOCALE":"21","LAT":45.442500000000003,"LON":-122.5647,"CBSA":"38900","NMCBSA":"Portland-Vancouver-Hillsboro, OR-WA","CSA":"440","NMCSA":"Portland-Vancouver-Salem, OR-WA","CD":"4105","SLDL":"41039","SLDU":"41020","SCHOOLYEAR":"2024-2025","District_ID":1924,"District_Name":"North Clackamas SD 12","School_ID":1264,"Grades":"Grade(s) K-5","School_Type":"E","County":"Clackamas","Student_Enrollment":422,"Languages_Spoken":24,"Students_Experiencing_Poverty":27,"Teachers":22,"Educational_Assistants":12,"Counselors_Psychologists_Social_Workers":1,"Average_Teacher_Retention_Rate":89,"Experienced_Teachers":89,"Same_Principal_in_the_Last_3_Years":"Yes","English_Language_Arts":51,"Oregon_ELA_Average":43,"Mathematics":40,"Oregon_Mathematics_Average":36,"Science":34,"Oregon_Science_Average":31,"On_Track_to_Graduate":null,"Oregon_On_Track_to_Graduate_Average":null,"On_Time_Graduation_2023_2024":null,"Oregon_On_Time_Graduation_2023_24_Average":null,"Five_Year_Completion_2023_24":null,"Oregon_Five_Year_Completion_2023_24_Average":null,"College_Going_2022_23":null,"Oregon_College_Going_2022_23_Average":null,"OBJECTID_1":353}},{"type":"Feature","id":57,"geometry":{"type":"Point","coordinates":[-122.65059999999994,45.462600000000066]},"properties":{"OBJECTID1":57,"OBJECTID":314,"NCESSCH":"411004000936","LEAID":"4110040","NAME":"Sellwood Middle School","STREET":"8300 SE 15th Ave","CITY":"Portland","STATE":"OR","ZIP":"97202","STFIP":"41","LOCALE":"11","LAT":45.462600000000002,"LON":-122.6506,"CBSA":"38900","NMCBSA":"Portland-Vancouver-Hillsboro, OR-WA","CSA":"440","NMCSA":"Portland-Vancouver-Salem, OR-WA","CD":"4105","SLDL":"41041","SLDU":"41021","SCHOOLYEAR":"2024-2025","District_ID":2180,"District_Name":"Portland SD 1J","School_ID":888,"Grades":"Grade(s) 6-8","School_Type":"M","County":"Multnomah","Student_Enrollment":571,"Languages_Spoken":16,"Students_Experiencing_Poverty":10,"Teachers":29,"Educational_Assistants":null,"Counselors_Psychologists_Social_Workers":2,"Average_Teacher_Retention_Rate":93,"Experienced_Teachers":93,"Same_Principal_in_the_Last_3_Years":"Yes","English_Language_Arts":71,"Oregon_ELA_Average":43,"Mathematics":66,"Oregon_Mathematics_Average":30,"Science":44,"Oregon_Science_Average":28.000000000000004,"On_Track_to_Graduate":null,"Oregon_On_Track_to_Graduate_Average":null,"On_Time_Graduation_2023_2024":null,"Oregon_On_Time_Graduation_2023_24_Average":null,"Five_Year_Completion_2023_24":null,"Oregon_Five_Year_Completion_2023_24_Average":null,"College_Going_2022_23":null,"Oregon_College_Going_2022_23_Average":null,"OBJECTID_1":263}},{"type":"Feature","id":58,"geometry":{"type":"Point","coordinates":[-122.58719999999994,45.442500000000052]},"properties":{"OBJECTID1":58,"OBJECTID":212,"NCESSCH":"410883000080","LEAID":"4108830","NAME":"Whitcomb Elementary School","STREET":"7400 SE Thompson Rd","CITY":"Milwaukie","STATE":"OR","ZIP":"97222","STFIP":"41","LOCALE":"21","LAT":45.442500000000003,"LON":-122.5872,"CBSA":"38900","NMCBSA":"Portland-Vancouver-Hillsboro, OR-WA","CSA":"440","NMCSA":"Portland-Vancouver-Salem, OR-WA","CD":"4105","SLDL":"41039","SLDU":"41020","SCHOOLYEAR":"2024-2025","District_ID":1924,"District_Name":"North Clackamas SD 12","School_ID":72,"Grades":"Grade(s) K-5","School_Type":"E","County":"Clackamas","Student_Enrollment":402,"Languages_Spoken":13,"Students_Experiencing_Poverty":59,"Teachers":25,"Educational_Assistants":11,"Counselors_Psychologists_Social_Workers":2,"Average_Teacher_Retention_Rate":74,"Experienced_Teachers":74,"Same_Principal_in_the_Last_3_Years":"No","English_Language_Arts":18,"Oregon_ELA_Average":43,"Mathematics":8,"Oregon_Mathematics_Average":36,"Science":12,"Oregon_Science_Average":31,"On_Track_to_Graduate":null,"Oregon_On_Track_to_Graduate_Average":null,"On_Time_Graduation_2023_2024":null,"Oregon_On_Time_Graduation_2023_24_Average":null,"Five_Year_Completion_2023_24":null,"Oregon_Five_Year_Completion_2023_24_Average":null,"College_Going_2022_23":null,"Oregon_College_Going_2022_23_Average":null,"OBJECTID_1":367}},{"type":"Feature","id":59,"geometry":{"type":"Point","coordinates":[-122.70549999999997,45.533200000000079]},"properties":{"OBJECTID1":59,"OBJECTID":276,"NCESSCH":"411004000882","LEAID":"4110040","NAME":"Chapman Elementary School","STREET":"1445 NW 26th Ave","CITY":"Portland","STATE":"OR","ZIP":"97210","STFIP":"41","LOCALE":"11","LAT":45.533200000000001,"LON":-122.7055,"CBSA":"38900","NMCBSA":"Portland-Vancouver-Hillsboro, OR-WA","CSA":"440","NMCSA":"Portland-Vancouver-Salem, OR-WA","CD":"4101","SLDL":"41033","SLDU":"41017","SCHOOLYEAR":"2024-2025","District_ID":2180,"District_Name":"Portland SD 1J","School_ID":839,"Grades":"Grade(s) K-5","School_Type":"E","County":"Multnomah","Student_Enrollment":348,"Languages_Spoken":15,"Students_Experiencing_Poverty":48,"Teachers":21,"Educational_Assistants":6,"Counselors_Psychologists_Social_Workers":2,"Average_Teacher_Retention_Rate":68,"Experienced_Teachers":68,"Same_Principal_in_the_Last_3_Years":"Yes","English_Language_Arts":47,"Oregon_ELA_Average":43,"Mathematics":41,"Oregon_Mathematics_Average":36,"Science":38,"Oregon_Science_Average":31,"On_Track_to_Graduate":null,"Oregon_On_Track_to_Graduate_Average":null,"On_Time_Graduation_2023_2024":null,"Oregon_On_Time_Graduation_2023_24_Average":null,"Five_Year_Completion_2023_24":null,"Oregon_Five_Year_Completion_2023_24_Average":null,"College_Going_2022_23":null,"Oregon_College_Going_2022_23_Average":null,"OBJECTID_1":207}},{"type":"Feature","id":60,"geometry":{"type":"Point","coordinates":[-122.94178499999998,45.515318000000036]},"properties":{"OBJECTID1":60,"OBJECTID":5,"NCESSCH":"410002301169","LEAID":"4100023","NAME":"Brookwood Elementary School","STREET":"3960 SE Cedar St","CITY":"Hillsboro","STATE":"OR","ZIP":"97123","STFIP":"41","LOCALE":"12","LAT":45.515318000000001,"LON":-122.941785,"CBSA":"38900","NMCBSA":"Portland-Vancouver-Hillsboro, OR-WA","CSA":"440","NMCSA":"Portland-Vancouver-Salem, OR-WA","CD":"4101","SLDL":"41030","SLDU":"41015","SCHOOLYEAR":"2024-2025","District_ID":2239,"District_Name":"Hillsboro SD 1J","School_ID":1112,"Grades":"Grade(s) K-6","School_Type":"E","County":"Washington","Student_Enrollment":340,"Languages_Spoken":13,"Students_Experiencing_Poverty":33,"Teachers":20,"Educational_Assistants":10,"Counselors_Psychologists_Social_Workers":1,"Average_Teacher_Retention_Rate":86,"Experienced_Teachers":86,"Same_Principal_in_the_Last_3_Years":"Yes","English_Language_Arts":34,"Oregon_ELA_Average":43,"Mathematics":25,"Oregon_Mathematics_Average":35,"Science":25,"Oregon_Science_Average":31,"On_Track_to_Graduate":null,"Oregon_On_Track_to_Graduate_Average":null,"On_Time_Graduation_2023_2024":null,"Oregon_On_Time_Graduation_2023_24_Average":null,"Five_Year_Completion_2023_24":null,"Oregon_Five_Year_Completion_2023_24_Average":null,"College_Going_2022_23":null,"Oregon_College_Going_2022_23_Average":null,"OBJECTID_1":74}},{"type":"Feature","id":61,"geometry":{"type":"Point","coordinates":[-122.75999499999995,45.40391900000003]},"properties":{"OBJECTID1":61,"OBJECTID":425,"NCESSCH":"411224001722","LEAID":"4112240","NAME":"Creekside Community High School","STREET":"8040 SW Durham Rd","CITY":"Tigard","STATE":"OR","ZIP":"97224","STFIP":"41","LOCALE":"13","LAT":45.403919000000002,"LON":-122.759995,"CBSA":"38900","NMCBSA":"Portland-Vancouver-Hillsboro, OR-WA","CSA":"440","NMCSA":"Portland-Vancouver-Salem, OR-WA","CD":"4106","SLDL":"41025","SLDU":"41013","SCHOOLYEAR":"2024-2025","District_ID":2242,"District_Name":"Tigard-Tualatin SD 23J","School_ID":2714,"Grades":"Grade(s) 6-12","School_Type":"H","County":"Washington","Student_Enrollment":175,"Languages_Spoken":9,"Students_Experiencing_Poverty":43,"Teachers":15,"Educational_Assistants":null,"Counselors_Psychologists_Social_Workers":3,"Average_Teacher_Retention_Rate":85,"Experienced_Teachers":85,"Same_Principal_in_the_Last_3_Years":"Yes","English_Language_Arts":null,"Oregon_ELA_Average":null,"Mathematics":null,"Oregon_Mathematics_Average":null,"Science":null,"Oregon_Science_Average":null,"On_Track_to_Graduate":74,"Oregon_On_Track_to_Graduate_Average":87,"On_Time_Graduation_2023_2024":59,"Oregon_On_Time_Graduation_2023_24_Average":82,"Five_Year_Completion_2023_24":75,"Oregon_Five_Year_Completion_2023_24_Average":87,"College_Going_2022_23":31,"Oregon_College_Going_2022_23_Average":31,"OBJECTID_1":122}},{"type":"Feature","id":62,"geometry":{"type":"Point","coordinates":[-122.58599999999996,45.516800000000046]},"properties":{"OBJECTID1":62,"OBJECTID":343,"NCESSCH":"411004001667","LEAID":"4110040","NAME":"Portland Arthur Academy Charter School","STREET":"7507 SE Yamhill St","CITY":"Portland","STATE":"OR","ZIP":"97215","STFIP":"41","LOCALE":"11","LAT":45.516800000000003,"LON":-122.586,"CBSA":"38900","NMCBSA":"Portland-Vancouver-Hillsboro, OR-WA","CSA":"440","NMCSA":"Portland-Vancouver-Salem, OR-WA","CD":"4103","SLDL":"41045","SLDU":"41023","SCHOOLYEAR":"2024-2025","District_ID":2180,"District_Name":"Portland SD 1J","School_ID":4400,"Grades":"Grade(s) K-5","School_Type":"E","County":"Multnomah","Student_Enrollment":163,"Languages_Spoken":11,"Students_Experiencing_Poverty":26,"Teachers":12,"Educational_Assistants":0,"Counselors_Psychologists_Social_Workers":0,"Average_Teacher_Retention_Rate":38,"Experienced_Teachers":38,"Same_Principal_in_the_Last_3_Years":"Yes","English_Language_Arts":69,"Oregon_ELA_Average":43,"Mathematics":54,"Oregon_Mathematics_Average":36,"Science":52,"Oregon_Science_Average":31,"On_Track_to_Graduate":null,"Oregon_On_Track_to_Graduate_Average":null,"On_Time_Graduation_2023_2024":null,"Oregon_On_Time_Graduation_2023_24_Average":null,"Five_Year_Completion_2023_24":null,"Oregon_Five_Year_Completion_2023_24_Average":null,"College_Going_2022_23":null,"Oregon_College_Going_2022_23_Average":null,"OBJECTID_1":252}},{"type":"Feature","id":63,"geometry":{"type":"Point","coordinates":[-122.39631199999997,45.492542000000071]},"properties":{"OBJECTID1":63,"OBJECTID":163,"NCESSCH":"410600000990","LEAID":"4106000","NAME":"Gordon Russell Middle School","STREET":"3625 SE Powell Valley Rd","CITY":"Gresham","STATE":"OR","ZIP":"97080","STFIP":"41","LOCALE":"21","LAT":45.492542,"LON":-122.39631199999999,"CBSA":"38900","NMCBSA":"Portland-Vancouver-Hillsboro, OR-WA","CSA":"440","NMCSA":"Portland-Vancouver-Salem, OR-WA","CD":"4103","SLDL":"41050","SLDU":"41025","SCHOOLYEAR":"2024-2025","District_ID":2183,"District_Name":"Gresham-Barlow SD 10J","School_ID":934,"Grades":"Grade(s) 6-8","School_Type":"M","County":"Multnomah","Student_Enrollment":623,"Languages_Spoken":23,"Students_Experiencing_Poverty":39,"Teachers":33,"Educational_Assistants":8,"Counselors_Psychologists_Social_Workers":3,"Average_Teacher_Retention_Rate":86,"Experienced_Teachers":86,"Same_Principal_in_the_Last_3_Years":"Yes","English_Language_Arts":23,"Oregon_ELA_Average":43,"Mathematics":13,"Oregon_Mathematics_Average":30,"Science":14.000000000000002,"Oregon_Science_Average":28.000000000000004,"On_Track_to_Graduate":null,"Oregon_On_Track_to_Graduate_Average":null,"On_Time_Graduation_2023_2024":null,"Oregon_On_Time_Graduation_2023_24_Average":null,"Five_Year_Completion_2023_24":null,"Oregon_Five_Year_Completion_2023_24_Average":null,"College_Going_2022_23":null,"Oregon_College_Going_2022_23_Average":null,"OBJECTID_1":167}},{"type":"Feature","id":64,"geometry":{"type":"Point","coordinates":[-122.71272399999998,45.587860000000035]},"properties":{"OBJECTID1":64,"OBJECTID":268,"NCESSCH":"411004000872","LEAID":"4110040","NAME":"Rosa Parks Elementary School","STREET":"8960 N Woolsey Ave","CITY":"Portland","STATE":"OR","ZIP":"97203","STFIP":"41","LOCALE":"11","LAT":45.587859999999999,"LON":-122.71272399999999,"CBSA":"38900","NMCBSA":"Portland-Vancouver-Hillsboro, OR-WA","CSA":"440","NMCSA":"Portland-Vancouver-Salem, OR-WA","CD":"4103","SLDL":"41044","SLDU":"41022","SCHOOLYEAR":"2024-2025","District_ID":2180,"District_Name":"Portland SD 1J","School_ID":829,"Grades":"Grade(s) K-5","School_Type":"E","County":"Multnomah","Student_Enrollment":162,"Languages_Spoken":12,"Students_Experiencing_Poverty":73,"Teachers":18,"Educational_Assistants":6,"Counselors_Psychologists_Social_Workers":2,"Average_Teacher_Retention_Rate":70,"Experienced_Teachers":70,"Same_Principal_in_the_Last_3_Years":"Yes","English_Language_Arts":17,"Oregon_ELA_Average":43,"Mathematics":11,"Oregon_Mathematics_Average":36,"Science":null,"Oregon_Science_Average":31,"On_Track_to_Graduate":null,"Oregon_On_Track_to_Graduate_Average":null,"On_Time_Graduation_2023_2024":null,"Oregon_On_Time_Graduation_2023_24_Average":null,"Five_Year_Completion_2023_24":null,"Oregon_Five_Year_Completion_2023_24_Average":null,"College_Going_2022_23":null,"Oregon_College_Going_2022_23_Average":null,"OBJECTID_1":258}},{"type":"Feature","id":65,"geometry":{"type":"Point","coordinates":[-122.78248199999996,45.526900000000069]},"properties":{"OBJECTID1":65,"OBJECTID":53,"NCESSCH":"410192001210","LEAID":"4101920","NAME":"Cedar Mill Elementary School","STREET":"10265 NW Cornell Rd","CITY":"Portland","STATE":"OR","ZIP":"97229","STFIP":"41","LOCALE":"21","LAT":45.526899999999998,"LON":-122.782482,"CBSA":"38900","NMCBSA":"Portland-Vancouver-Hillsboro, OR-WA","CSA":"440","NMCSA":"Portland-Vancouver-Salem, OR-WA","CD":"4101","SLDL":"41027","SLDU":"41014","SCHOOLYEAR":"2024-2025","District_ID":2243,"District_Name":"Beaverton SD 48J","School_ID":1158,"Grades":"Grade(s) K-5","School_Type":"E","County":"Washington","Student_Enrollment":340,"Languages_Spoken":28,"Students_Experiencing_Poverty":15,"Teachers":21,"Educational_Assistants":6,"Counselors_Psychologists_Social_Workers":2,"Average_Teacher_Retention_Rate":93,"Experienced_Teachers":93,"Same_Principal_in_the_Last_3_Years":"Yes","English_Language_Arts":77,"Oregon_ELA_Average":43,"Mathematics":65,"Oregon_Mathematics_Average":36,"Science":68,"Oregon_Science_Average":31,"On_Track_to_Graduate":null,"Oregon_On_Track_to_Graduate_Average":null,"On_Time_Graduation_2023_2024":null,"Oregon_On_Time_Graduation_2023_24_Average":null,"Five_Year_Completion_2023_24":null,"Oregon_Five_Year_Completion_2023_24_Average":null,"College_Going_2022_23":null,"Oregon_College_Going_2022_23_Average":null,"OBJECTID_1":14}},{"type":"Feature","id":66,"geometry":{"type":"Point","coordinates":[-122.62679999999995,45.539000000000044]},"properties":{"OBJECTID1":66,"OBJECTID":329,"NCESSCH":"411004000962","LEAID":"4110040","NAME":"Grant High School","STREET":"2245 NE 36th Ave","CITY":"Portland","STATE":"OR","ZIP":"97212","STFIP":"41","LOCALE":"11","LAT":45.539000000000001,"LON":-122.6268,"CBSA":"38900","NMCBSA":"Portland-Vancouver-Hillsboro, OR-WA","CSA":"440","NMCSA":"Portland-Vancouver-Salem, OR-WA","CD":"4103","SLDL":"41045","SLDU":"41023","SCHOOLYEAR":"2024-2025","District_ID":2180,"District_Name":"Portland SD 1J","School_ID":912,"Grades":"Grade(s) 9-12","School_Type":"H","County":"Multnomah","Student_Enrollment":2101,"Languages_Spoken":31,"Students_Experiencing_Poverty":9,"Teachers":106,"Educational_Assistants":17,"Counselors_Psychologists_Social_Workers":9,"Average_Teacher_Retention_Rate":93,"Experienced_Teachers":93,"Same_Principal_in_the_Last_3_Years":"Yes","English_Language_Arts":null,"Oregon_ELA_Average":null,"Mathematics":null,"Oregon_Mathematics_Average":null,"Science":null,"Oregon_Science_Average":null,"On_Track_to_Graduate":null,"Oregon_On_Track_to_Graduate_Average":87,"On_Time_Graduation_2023_2024":95,"Oregon_On_Time_Graduation_2023_24_Average":82,"Five_Year_Completion_2023_24":95,"Oregon_Five_Year_Completion_2023_24_Average":87,"College_Going_2022_23":78,"Oregon_College_Going_2022_23_Average":78,"OBJECTID_1":221}},{"type":"Feature","id":67,"geometry":{"type":"Point","coordinates":[-122.52219999999994,45.504400000000032]},"properties":{"OBJECTID1":67,"OBJECTID":135,"NCESSCH":"410394004181","LEAID":"4103940","NAME":"Arthur Academy","STREET":"13717 SE Division St","CITY":"Portland","STATE":"OR","ZIP":"97236","STFIP":"41","LOCALE":"11","LAT":45.504399999999997,"LON":-122.5222,"CBSA":"38900","NMCBSA":"Portland-Vancouver-Hillsboro, OR-WA","CSA":"440","NMCSA":"Portland-Vancouver-Salem, OR-WA","CD":"4103","SLDL":"41047","SLDU":"41024","SCHOOLYEAR":"2024-2025","District_ID":2187,"District_Name":"David Douglas SD 40","School_ID":3580,"Grades":"Grade(s) K-5","School_Type":"E","County":"Multnomah","Student_Enrollment":150,"Languages_Spoken":15,"Students_Experiencing_Poverty":27,"Teachers":12,"Educational_Assistants":0,"Counselors_Psychologists_Social_Workers":0,"Average_Teacher_Retention_Rate":33,"Experienced_Teachers":33,"Same_Principal_in_the_Last_3_Years":"Yes","English_Language_Arts":65,"Oregon_ELA_Average":43,"Mathematics":45,"Oregon_Mathematics_Average":36,"Science":50,"Oregon_Science_Average":31,"On_Track_to_Graduate":null,"Oregon_On_Track_to_Graduate_Average":null,"On_Time_Graduation_2023_2024":null,"Oregon_On_Time_Graduation_2023_24_Average":null,"Five_Year_Completion_2023_24":null,"Oregon_Five_Year_Completion_2023_24_Average":null,"College_Going_2022_23":null,"Oregon_College_Going_2022_23_Average":null,"OBJECTID_1":148}},{"type":"Feature","id":68,"geometry":{"type":"Point","coordinates":[-122.81849999999997,45.468900000000076]},"properties":{"OBJECTID1":68,"OBJECTID":76,"NCESSCH":"410192001237","LEAID":"4101920","NAME":"Highland Park Middle School","STREET":"7000 SW Wilson Ave","CITY":"Beaverton","STATE":"OR","ZIP":"97008","STFIP":"41","LOCALE":"13","LAT":45.468899999999998,"LON":-122.8185,"CBSA":"38900","NMCBSA":"Portland-Vancouver-Hillsboro, OR-WA","CSA":"440","NMCSA":"Portland-Vancouver-Salem, OR-WA","CD":"4101","SLDL":"41027","SLDU":"41014","SCHOOLYEAR":"2024-2025","District_ID":2243,"District_Name":"Beaverton SD 48J","School_ID":1184,"Grades":"Grade(s) 6-8","School_Type":"M","County":"Washington","Student_Enrollment":593,"Languages_Spoken":30,"Students_Experiencing_Poverty":16,"Teachers":34,"Educational_Assistants":7,"Counselors_Psychologists_Social_Workers":3,"Average_Teacher_Retention_Rate":87,"Experienced_Teachers":87,"Same_Principal_in_the_Last_3_Years":"No","English_Language_Arts":49,"Oregon_ELA_Average":43,"Mathematics":37,"Oregon_Mathematics_Average":30,"Science":22,"Oregon_Science_Average":28.000000000000004,"On_Track_to_Graduate":null,"Oregon_On_Track_to_Graduate_Average":null,"On_Time_Graduation_2023_2024":null,"Oregon_On_Time_Graduation_2023_24_Average":null,"Five_Year_Completion_2023_24":null,"Oregon_Five_Year_Completion_2023_24_Average":null,"College_Going_2022_23":null,"Oregon_College_Going_2022_23_Average":null,"OBJECTID_1":28}},{"type":"Feature","id":69,"geometry":{"type":"Point","coordinates":[-122.67170999999996,45.492697000000078]},"properties":{"OBJECTID1":69,"OBJECTID":1,"NCESSCH":"410000901734","LEAID":"4100009","NAME":"The Cottonwood School of Civics and Science","STREET":"640 S Bancroft St","CITY":"Portland","STATE":"OR","ZIP":"97239","STFIP":"41","LOCALE":"11","LAT":45.492697,"LON":-122.67171,"CBSA":"38900","NMCBSA":"Portland-Vancouver-Hillsboro, OR-WA","CSA":"440","NMCSA":"Portland-Vancouver-Salem, OR-WA","CD":"4101","SLDL":"41038","SLDU":"41019","SCHOOLYEAR":"2024-2025","District_ID":2336,"District_Name":"Oregon Department of Education","School_ID":4604,"Grades":"Grade(s) K-8","School_Type":"E","County":"Multnomah","Student_Enrollment":166,"Languages_Spoken":3,"Students_Experiencing_Poverty":17,"Teachers":12,"Educational_Assistants":4,"Counselors_Psychologists_Social_Workers":null,"Average_Teacher_Retention_Rate":50,"Experienced_Teachers":50,"Same_Principal_in_the_Last_3_Years":"No","English_Language_Arts":61,"Oregon_ELA_Average":43,"Mathematics":49,"Oregon_Mathematics_Average":33,"Science":47,"Oregon_Science_Average":28.999999999999996,"On_Track_to_Graduate":null,"Oregon_On_Track_to_Graduate_Average":null,"On_Time_Graduation_2023_2024":null,"Oregon_On_Time_Graduation_2023_24_Average":null,"Five_Year_Completion_2023_24":null,"Oregon_Five_Year_Completion_2023_24_Average":null,"College_Going_2022_23":null,"Oregon_College_Going_2022_23_Average":null,"OBJECTID_1":182}},{"type":"Feature","id":70,"geometry":{"type":"Point","coordinates":[-122.73649999999998,45.389200000000073]},"properties":{"OBJECTID1":70,"OBJECTID":181,"NCESSCH":"410723000064","LEAID":"4107230","NAME":"River Grove Elementary School","STREET":"5850 SW McEwan Rd","CITY":"Lake Oswego","STATE":"OR","ZIP":"97035","STFIP":"41","LOCALE":"21","LAT":45.389200000000002,"LON":-122.73650000000001,"CBSA":"38900","NMCBSA":"Portland-Vancouver-Hillsboro, OR-WA","CSA":"440","NMCSA":"Portland-Vancouver-Salem, OR-WA","CD":"4106","SLDL":"41037","SLDU":"41019","SCHOOLYEAR":"2024-2025","District_ID":1923,"District_Name":"Lake Oswego SD 7J","School_ID":56,"Grades":"Grade(s) K-5","School_Type":"E","County":"Clackamas","Student_Enrollment":390,"Languages_Spoken":22,"Students_Experiencing_Poverty":13,"Teachers":28,"Educational_Assistants":27,"Counselors_Psychologists_Social_Workers":2,"Average_Teacher_Retention_Rate":100,"Experienced_Teachers":100,"Same_Principal_in_the_Last_3_Years":"Yes","English_Language_Arts":64,"Oregon_ELA_Average":43,"Mathematics":59,"Oregon_Mathematics_Average":36,"Science":56.000000000000007,"Oregon_Science_Average":31,"On_Track_to_Graduate":null,"Oregon_On_Track_to_Graduate_Average":null,"On_Time_Graduation_2023_2024":null,"Oregon_On_Time_Graduation_2023_24_Average":null,"Five_Year_Completion_2023_24":null,"Oregon_Five_Year_Completion_2023_24_Average":null,"College_Going_2022_23":null,"Oregon_College_Going_2022_23_Average":null,"OBJECTID_1":328}},{"type":"Feature","id":71,"geometry":{"type":"Point","coordinates":[-122.79389999999995,45.468800000000044]},"properties":{"OBJECTID1":71,"OBJECTID":69,"NCESSCH":"410192001230","LEAID":"4101920","NAME":"Vose Elementary School","STREET":"11350 SW Denney Rd","CITY":"Beaverton","STATE":"OR","ZIP":"97008","STFIP":"41","LOCALE":"13","LAT":45.468800000000002,"LON":-122.79389999999999,"CBSA":"38900","NMCBSA":"Portland-Vancouver-Hillsboro, OR-WA","CSA":"440","NMCSA":"Portland-Vancouver-Salem, OR-WA","CD":"4106","SLDL":"41027","SLDU":"41014","SCHOOLYEAR":"2024-2025","District_ID":2243,"District_Name":"Beaverton SD 48J","School_ID":1177,"Grades":"Grade(s) K-5","School_Type":"E","County":"Washington","Student_Enrollment":679,"Languages_Spoken":12,"Students_Experiencing_Poverty":33,"Teachers":47,"Educational_Assistants":14,"Counselors_Psychologists_Social_Workers":4,"Average_Teacher_Retention_Rate":85,"Experienced_Teachers":85,"Same_Principal_in_the_Last_3_Years":"Yes","English_Language_Arts":38,"Oregon_ELA_Average":43,"Mathematics":31,"Oregon_Mathematics_Average":36,"Science":28.000000000000004,"Oregon_Science_Average":31,"On_Track_to_Graduate":null,"Oregon_On_Track_to_Graduate_Average":null,"On_Time_Graduation_2023_2024":null,"Oregon_On_Time_Graduation_2023_24_Average":null,"Five_Year_Completion_2023_24":null,"Oregon_Five_Year_Completion_2023_24_Average":null,"College_Going_2022_23":null,"Oregon_College_Going_2022_23_Average":null,"OBJECTID_1":55}},{"type":"Feature","id":72,"geometry":{"type":"Point","coordinates":[-122.72969999999998,45.578800000000058]},"properties":{"OBJECTID1":72,"OBJECTID":266,"NCESSCH":"411004000870","LEAID":"4110040","NAME":"Astor Elementary School","STREET":"5601 N Yale St","CITY":"Portland","STATE":"OR","ZIP":"97203","STFIP":"41","LOCALE":"11","LAT":45.578800000000001,"LON":-122.72969999999999,"CBSA":"38900","NMCBSA":"Portland-Vancouver-Hillsboro, OR-WA","CSA":"440","NMCSA":"Portland-Vancouver-Salem, OR-WA","CD":"4103","SLDL":"41044","SLDU":"41022","SCHOOLYEAR":"2024-2025","District_ID":2180,"District_Name":"Portland SD 1J","School_ID":827,"Grades":"Grade(s) K-8","School_Type":"E","County":"Multnomah","Student_Enrollment":411,"Languages_Spoken":10,"Students_Experiencing_Poverty":27,"Teachers":26,"Educational_Assistants":9,"Counselors_Psychologists_Social_Workers":2,"Average_Teacher_Retention_Rate":89,"Experienced_Teachers":89,"Same_Principal_in_the_Last_3_Years":"Yes","English_Language_Arts":56.000000000000007,"Oregon_ELA_Average":43,"Mathematics":48,"Oregon_Mathematics_Average":33,"Science":38,"Oregon_Science_Average":28.999999999999996,"On_Track_to_Graduate":null,"Oregon_On_Track_to_Graduate_Average":null,"On_Time_Graduation_2023_2024":null,"Oregon_On_Time_Graduation_2023_24_Average":null,"Five_Year_Completion_2023_24":null,"Oregon_Five_Year_Completion_2023_24_Average":null,"College_Going_2022_23":null,"Oregon_College_Going_2022_23_Average":null,"OBJECTID_1":195}},{"type":"Feature","id":73,"geometry":{"type":"Point","coordinates":[-122.85527799999994,45.427315000000078]},"properties":{"OBJECTID1":73,"OBJECTID":95,"NCESSCH":"410192001855","LEAID":"4101920","NAME":"Mountainside High School","STREET":"12500 SW 175th Ave","CITY":"Beaverton","STATE":"OR","ZIP":"97007","STFIP":"41","LOCALE":"41","LAT":45.427315,"LON":-122.855278,"CBSA":"38900","NMCBSA":"Portland-Vancouver-Hillsboro, OR-WA","CSA":"440","NMCSA":"Portland-Vancouver-Salem, OR-WA","CD":"4101","SLDL":"41036","SLDU":"41018","SCHOOLYEAR":"2024-2025","District_ID":2243,"District_Name":"Beaverton SD 48J","School_ID":5381,"Grades":"Grade(s) 9-12","School_Type":"H","County":"Washington","Student_Enrollment":1725,"Languages_Spoken":50,"Students_Experiencing_Poverty":11,"Teachers":83,"Educational_Assistants":10,"Counselors_Psychologists_Social_Workers":10,"Average_Teacher_Retention_Rate":94,"Experienced_Teachers":94,"Same_Principal_in_the_Last_3_Years":"No","English_Language_Arts":null,"Oregon_ELA_Average":null,"Mathematics":null,"Oregon_Mathematics_Average":null,"Science":null,"Oregon_Science_Average":null,"On_Track_to_Graduate":null,"Oregon_On_Track_to_Graduate_Average":87,"On_Time_Graduation_2023_2024":94,"Oregon_On_Time_Graduation_2023_24_Average":82,"Five_Year_Completion_2023_24":97,"Oregon_Five_Year_Completion_2023_24_Average":87,"College_Going_2022_23":75,"Oregon_College_Going_2022_23_Average":75,"OBJECTID_1":39}},{"type":"Feature","id":74,"geometry":{"type":"Point","coordinates":[-122.47522199999997,45.517186000000038]},"properties":{"OBJECTID1":74,"OBJECTID":368,"NCESSCH":"411052001798","LEAID":"4110520","NAME":"Rockwood Preparatory Academy","STREET":"740 SE 182nd Ave","CITY":"Portland","STATE":"OR","ZIP":"97233","STFIP":"41","LOCALE":"21","LAT":45.517186000000002,"LON":-122.475222,"CBSA":"38900","NMCBSA":"Portland-Vancouver-Hillsboro, OR-WA","CSA":"440","NMCSA":"Portland-Vancouver-Salem, OR-WA","CD":"4103","SLDL":"41050","SLDU":"41025","SCHOOLYEAR":"2024-2025","District_ID":2182,"District_Name":"Reynolds SD 7","School_ID":4822,"Grades":"Grade(s) K-5","School_Type":"E","County":"Multnomah","Student_Enrollment":373,"Languages_Spoken":17,"Students_Experiencing_Poverty":45,"Teachers":20,"Educational_Assistants":15,"Counselors_Psychologists_Social_Workers":0,"Average_Teacher_Retention_Rate":54,"Experienced_Teachers":54,"Same_Principal_in_the_Last_3_Years":"Yes","English_Language_Arts":34,"Oregon_ELA_Average":43,"Mathematics":15,"Oregon_Mathematics_Average":36,"Science":12,"Oregon_Science_Average":31,"On_Track_to_Graduate":null,"Oregon_On_Track_to_Graduate_Average":null,"On_Time_Graduation_2023_2024":null,"Oregon_On_Time_Graduation_2023_24_Average":null,"Five_Year_Completion_2023_24":null,"Oregon_Five_Year_Completion_2023_24_Average":null,"College_Going_2022_23":null,"Oregon_College_Going_2022_23_Average":null,"OBJECTID_1":288}},{"type":"Feature","id":75,"geometry":{"type":"Point","coordinates":[-122.55568899999997,45.509007000000054]},"properties":{"OBJECTID1":75,"OBJECTID":122,"NCESSCH":"410394001025","LEAID":"4103940","NAME":"Cherry Park Elementary School","STREET":"1930 SE 104th Ave","CITY":"Portland","STATE":"OR","ZIP":"97216","STFIP":"41","LOCALE":"11","LAT":45.509006999999997,"LON":-122.555689,"CBSA":"38900","NMCBSA":"Portland-Vancouver-Hillsboro, OR-WA","CSA":"440","NMCSA":"Portland-Vancouver-Salem, OR-WA","CD":"4103","SLDL":"41047","SLDU":"41024","SCHOOLYEAR":"2024-2025","District_ID":2187,"District_Name":"David Douglas SD 40","School_ID":972,"Grades":"Grade(s) K-5","School_Type":"E","County":"Multnomah","Student_Enrollment":459,"Languages_Spoken":28,"Students_Experiencing_Poverty":50,"Teachers":26,"Educational_Assistants":17,"Counselors_Psychologists_Social_Workers":1,"Average_Teacher_Retention_Rate":88,"Experienced_Teachers":88,"Same_Principal_in_the_Last_3_Years":"Yes","English_Language_Arts":51,"Oregon_ELA_Average":43,"Mathematics":45,"Oregon_Mathematics_Average":36,"Science":32,"Oregon_Science_Average":31,"On_Track_to_Graduate":null,"Oregon_On_Track_to_Graduate_Average":null,"On_Time_Graduation_2023_2024":null,"Oregon_On_Time_Graduation_2023_24_Average":null,"Five_Year_Completion_2023_24":null,"Oregon_Five_Year_Completion_2023_24_Average":null,"College_Going_2022_23":null,"Oregon_College_Going_2022_23_Average":null,"OBJECTID_1":149}},{"type":"Feature","id":76,"geometry":{"type":"Point","coordinates":[-122.60040299999997,45.436305000000061]},"properties":{"OBJECTID1":76,"OBJECTID":221,"NCESSCH":"410883001317","LEAID":"4108830","NAME":"Sojourner School","STREET":"11909 SE Linwood Ave","CITY":"Milwaukie","STATE":"OR","ZIP":"97222","STFIP":"41","LOCALE":"21","LAT":45.436304999999997,"LON":-122.600403,"CBSA":"38900","NMCBSA":"Portland-Vancouver-Hillsboro, OR-WA","CSA":"440","NMCSA":"Portland-Vancouver-Salem, OR-WA","CD":"4105","SLDL":"41041","SLDU":"41021","SCHOOLYEAR":"2024-2025","District_ID":1924,"District_Name":"North Clackamas SD 12","School_ID":2733,"Grades":"Grade(s) K-5","School_Type":"E","County":"Clackamas","Student_Enrollment":159,"Languages_Spoken":4,"Students_Experiencing_Poverty":12,"Teachers":7,"Educational_Assistants":4,"Counselors_Psychologists_Social_Workers":null,"Average_Teacher_Retention_Rate":86,"Experienced_Teachers":86,"Same_Principal_in_the_Last_3_Years":"Yes","English_Language_Arts":56.000000000000007,"Oregon_ELA_Average":43,"Mathematics":44,"Oregon_Mathematics_Average":36,"Science":63,"Oregon_Science_Average":31,"On_Track_to_Graduate":null,"Oregon_On_Track_to_Graduate_Average":null,"On_Time_Graduation_2023_2024":null,"Oregon_On_Time_Graduation_2023_24_Average":null,"Five_Year_Completion_2023_24":null,"Oregon_Five_Year_Completion_2023_24_Average":null,"College_Going_2022_23":null,"Oregon_College_Going_2022_23_Average":null,"OBJECTID_1":362}},{"type":"Feature","id":77,"geometry":{"type":"Point","coordinates":[-123.07469999999995,45.515900000000045]},"properties":{"OBJECTID1":77,"OBJECTID":146,"NCESSCH":"410516001188","LEAID":"4105160","NAME":"Neil Armstrong Middle School","STREET":"1777 Mt View Ln","CITY":"Forest Grove","STATE":"OR","ZIP":"97116","STFIP":"41","LOCALE":"21","LAT":45.515900000000002,"LON":-123.07470000000001,"CBSA":"38900","NMCBSA":"Portland-Vancouver-Hillsboro, OR-WA","CSA":"440","NMCSA":"Portland-Vancouver-Salem, OR-WA","CD":"4101","SLDL":"41029","SLDU":"41015","SCHOOLYEAR":"2024-2025","District_ID":2241,"District_Name":"Forest Grove SD 15","School_ID":1126,"Grades":"Grade(s) 7-8","School_Type":"M","County":"Washington","Student_Enrollment":835,"Languages_Spoken":13,"Students_Experiencing_Poverty":34,"Teachers":44,"Educational_Assistants":18,"Counselors_Psychologists_Social_Workers":6,"Average_Teacher_Retention_Rate":81,"Experienced_Teachers":81,"Same_Principal_in_the_Last_3_Years":"Yes","English_Language_Arts":28.999999999999996,"Oregon_ELA_Average":43,"Mathematics":15,"Oregon_Mathematics_Average":31,"Science":20,"Oregon_Science_Average":28.000000000000004,"On_Track_to_Graduate":null,"Oregon_On_Track_to_Graduate_Average":null,"On_Time_Graduation_2023_2024":null,"Oregon_On_Time_Graduation_2023_24_Average":null,"Five_Year_Completion_2023_24":null,"Oregon_Five_Year_Completion_2023_24_Average":null,"College_Going_2022_23":null,"Oregon_College_Going_2022_23_Average":null,"OBJECTID_1":69}},{"type":"Feature","id":78,"geometry":{"type":"Point","coordinates":[-122.75829999999996,45.482400000000041]},"properties":{"OBJECTID1":78,"OBJECTID":64,"NCESSCH":"410192001224","LEAID":"4101920","NAME":"Raleigh Hills Elementary School","STREET":"5225 SW Scholls Ferry Rd","CITY":"Portland","STATE":"OR","ZIP":"97225","STFIP":"41","LOCALE":"13","LAT":45.482399999999998,"LON":-122.75830000000001,"CBSA":"38900","NMCBSA":"Portland-Vancouver-Hillsboro, OR-WA","CSA":"440","NMCSA":"Portland-Vancouver-Salem, OR-WA","CD":"4106","SLDL":"41028","SLDU":"41014","SCHOOLYEAR":"2024-2025","District_ID":2243,"District_Name":"Beaverton SD 48J","School_ID":1172,"Grades":"Grade(s) K-5","School_Type":"E","County":"Washington","Student_Enrollment":255,"Languages_Spoken":10,"Students_Experiencing_Poverty":28.999999999999996,"Teachers":18,"Educational_Assistants":7,"Counselors_Psychologists_Social_Workers":2,"Average_Teacher_Retention_Rate":77,"Experienced_Teachers":77,"Same_Principal_in_the_Last_3_Years":"Yes","English_Language_Arts":51,"Oregon_ELA_Average":43,"Mathematics":42,"Oregon_Mathematics_Average":36,"Science":44,"Oregon_Science_Average":31,"On_Track_to_Graduate":null,"Oregon_On_Track_to_Graduate_Average":null,"On_Time_Graduation_2023_2024":null,"Oregon_On_Time_Graduation_2023_24_Average":null,"Five_Year_Completion_2023_24":null,"Oregon_Five_Year_Completion_2023_24_Average":null,"College_Going_2022_23":null,"Oregon_College_Going_2022_23_Average":null,"OBJECTID_1":42}},{"type":"Feature","id":79,"geometry":{"type":"Point","coordinates":[-123.07223599999998,45.51453500000008]},"properties":{"OBJECTID1":79,"OBJECTID":149,"NCESSCH":"410516001578","LEAID":"4105160","NAME":"Fern Hill Elementary School","STREET":"4445 Heather St","CITY":"Forest Grove","STATE":"OR","ZIP":"97116","STFIP":"41","LOCALE":"21","LAT":45.514535000000002,"LON":-123.072236,"CBSA":"38900","NMCBSA":"Portland-Vancouver-Hillsboro, OR-WA","CSA":"440","NMCSA":"Portland-Vancouver-Salem, OR-WA","CD":"4101","SLDL":"41029","SLDU":"41015","SCHOOLYEAR":"2024-2025","District_ID":2241,"District_Name":"Forest Grove SD 15","School_ID":3986,"Grades":"Grade(s) K-4","School_Type":"E","County":"Washington","Student_Enrollment":251,"Languages_Spoken":5,"Students_Experiencing_Poverty":44,"Teachers":19,"Educational_Assistants":14,"Counselors_Psychologists_Social_Workers":1,"Average_Teacher_Retention_Rate":76,"Experienced_Teachers":76,"Same_Principal_in_the_Last_3_Years":"Yes","English_Language_Arts":30,"Oregon_ELA_Average":42,"Mathematics":28.000000000000004,"Oregon_Mathematics_Average":39,"Science":null,"Oregon_Science_Average":null,"On_Track_to_Graduate":null,"Oregon_On_Track_to_Graduate_Average":null,"On_Time_Graduation_2023_2024":null,"Oregon_On_Time_Graduation_2023_24_Average":null,"Five_Year_Completion_2023_24":null,"Oregon_Five_Year_Completion_2023_24_Average":null,"College_Going_2022_23":null,"Oregon_College_Going_2022_23_Average":null,"OBJECTID_1":64}},{"type":"Feature","id":80,"geometry":{"type":"Point","coordinates":[-122.47969999999998,45.46470000000005]},"properties":{"OBJECTID1":80,"OBJECTID":113,"NCESSCH":"410280001019","LEAID":"4102800","NAME":"Pleasant Valley Elementary School","STREET":"17625 SE Foster Rd","CITY":"Gresham","STATE":"OR","ZIP":"97080","STFIP":"41","LOCALE":"21","LAT":45.464700000000001,"LON":-122.47969999999999,"CBSA":"38900","NMCBSA":"Portland-Vancouver-Hillsboro, OR-WA","CSA":"440","NMCSA":"Portland-Vancouver-Salem, OR-WA","CD":"4103","SLDL":"41048","SLDU":"41024","SCHOOLYEAR":"2024-2025","District_ID":2185,"District_Name":"Centennial SD 28J","School_ID":966,"Grades":"Grade(s) K-5","School_Type":"E","County":"Multnomah","Student_Enrollment":323,"Languages_Spoken":24,"Students_Experiencing_Poverty":40,"Teachers":18,"Educational_Assistants":4,"Counselors_Psychologists_Social_Workers":2,"Average_Teacher_Retention_Rate":96,"Experienced_Teachers":96,"Same_Principal_in_the_Last_3_Years":"No","English_Language_Arts":36,"Oregon_ELA_Average":43,"Mathematics":40,"Oregon_Mathematics_Average":36,"Science":23,"Oregon_Science_Average":31,"On_Track_to_Graduate":null,"Oregon_On_Track_to_Graduate_Average":null,"On_Time_Graduation_2023_2024":null,"Oregon_On_Time_Graduation_2023_24_Average":null,"Five_Year_Completion_2023_24":null,"Oregon_Five_Year_Completion_2023_24_Average":null,"College_Going_2022_23":null,"Oregon_College_Going_2022_23_Average":null,"OBJECTID_1":144}},{"type":"Feature","id":81,"geometry":{"type":"Point","coordinates":[-122.38490199999995,45.480265000000031]},"properties":{"OBJECTID1":81,"OBJECTID":160,"NCESSCH":"410600000534","LEAID":"4106000","NAME":"Kelly Creek Elementary School","STREET":"2400 SE Baker Way","CITY":"Gresham","STATE":"OR","ZIP":"97080","STFIP":"41","LOCALE":"21","LAT":45.480265000000003,"LON":-122.384902,"CBSA":"38900","NMCBSA":"Portland-Vancouver-Hillsboro, OR-WA","CSA":"440","NMCSA":"Portland-Vancouver-Salem, OR-WA","CD":"4103","SLDL":"41052","SLDU":"41026","SCHOOLYEAR":"2024-2025","District_ID":2183,"District_Name":"Gresham-Barlow SD 10J","School_ID":1313,"Grades":"Grade(s) K-5","School_Type":"E","County":"Multnomah","Student_Enrollment":365,"Languages_Spoken":15,"Students_Experiencing_Poverty":38,"Teachers":17,"Educational_Assistants":8,"Counselors_Psychologists_Social_Workers":1,"Average_Teacher_Retention_Rate":94,"Experienced_Teachers":94,"Same_Principal_in_the_Last_3_Years":"Yes","English_Language_Arts":35,"Oregon_ELA_Average":43,"Mathematics":22,"Oregon_Mathematics_Average":36,"Science":27,"Oregon_Science_Average":31,"On_Track_to_Graduate":null,"Oregon_On_Track_to_Graduate_Average":null,"On_Time_Graduation_2023_2024":null,"Oregon_On_Time_Graduation_2023_24_Average":null,"Five_Year_Completion_2023_24":null,"Oregon_Five_Year_Completion_2023_24_Average":null,"College_Going_2022_23":null,"Oregon_College_Going_2022_23_Average":null,"OBJECTID_1":174}},{"type":"Feature","id":82,"geometry":{"type":"Point","coordinates":[-122.40709999999996,45.48640000000006]},"properties":{"OBJECTID1":82,"OBJECTID":178,"NCESSCH":"410600004183","LEAID":"4106000","NAME":"Springwater Trail High School","STREET":"1440 SE Fleming Ave","CITY":"Gresham","STATE":"OR","ZIP":"97080","STFIP":"41","LOCALE":"21","LAT":45.486400000000003,"LON":-122.4071,"CBSA":"38900","NMCBSA":"Portland-Vancouver-Hillsboro, OR-WA","CSA":"440","NMCSA":"Portland-Vancouver-Salem, OR-WA","CD":"4103","SLDL":"41050","SLDU":"41025","SCHOOLYEAR":"2024-2025","District_ID":2183,"District_Name":"Gresham-Barlow SD 10J","School_ID":3577,"Grades":"Grade(s) 9-12","School_Type":"H","County":"Multnomah","Student_Enrollment":183,"Languages_Spoken":10,"Students_Experiencing_Poverty":30,"Teachers":11,"Educational_Assistants":2,"Counselors_Psychologists_Social_Workers":1,"Average_Teacher_Retention_Rate":85,"Experienced_Teachers":85,"Same_Principal_in_the_Last_3_Years":"Yes","English_Language_Arts":null,"Oregon_ELA_Average":null,"Mathematics":null,"Oregon_Mathematics_Average":null,"Science":null,"Oregon_Science_Average":null,"On_Track_to_Graduate":94,"Oregon_On_Track_to_Graduate_Average":87,"On_Time_Graduation_2023_2024":92,"Oregon_On_Time_Graduation_2023_24_Average":82,"Five_Year_Completion_2023_24":96,"Oregon_Five_Year_Completion_2023_24_Average":87,"College_Going_2022_23":49,"Oregon_College_Going_2022_23_Average":49,"OBJECTID_1":180}},{"type":"Feature","id":83,"geometry":{"type":"Point","coordinates":[-122.58209999999997,45.510600000000068]},"properties":{"OBJECTID1":83,"OBJECTID":272,"NCESSCH":"411004000877","LEAID":"4110040","NAME":"Bridger Creative Science School","STREET":"7910 SE Market St","CITY":"Portland","STATE":"OR","ZIP":"97215","STFIP":"41","LOCALE":"11","LAT":45.510599999999997,"LON":-122.5821,"CBSA":"38900","NMCBSA":"Portland-Vancouver-Hillsboro, OR-WA","CSA":"440","NMCSA":"Portland-Vancouver-Salem, OR-WA","CD":"4103","SLDL":"41046","SLDU":"41023","SCHOOLYEAR":"2024-2025","District_ID":2180,"District_Name":"Portland SD 1J","School_ID":834,"Grades":"Grade(s) K-8","School_Type":"E","County":"Multnomah","Student_Enrollment":466,"Languages_Spoken":16,"Students_Experiencing_Poverty":21,"Teachers":27,"Educational_Assistants":2,"Counselors_Psychologists_Social_Workers":2,"Average_Teacher_Retention_Rate":70,"Experienced_Teachers":70,"Same_Principal_in_the_Last_3_Years":"No","English_Language_Arts":55.000000000000007,"Oregon_ELA_Average":43,"Mathematics":43,"Oregon_Mathematics_Average":33,"Science":36,"Oregon_Science_Average":28.999999999999996,"On_Track_to_Graduate":null,"Oregon_On_Track_to_Graduate_Average":null,"On_Time_Graduation_2023_2024":null,"Oregon_On_Time_Graduation_2023_24_Average":null,"Five_Year_Completion_2023_24":null,"Oregon_Five_Year_Completion_2023_24_Average":null,"College_Going_2022_23":null,"Oregon_College_Going_2022_23_Average":null,"OBJECTID_1":202}},{"type":"Feature","id":84,"geometry":{"type":"Point","coordinates":[-122.50599999999997,45.525700000000029]},"properties":{"OBJECTID1":84,"OBJECTID":352,"NCESSCH":"411052000999","LEAID":"4110520","NAME":"Glenfair Elementary School","STREET":"15300 NE Glisan St","CITY":"Portland","STATE":"OR","ZIP":"97230","STFIP":"41","LOCALE":"11","LAT":45.525700000000001,"LON":-122.506,"CBSA":"38900","NMCBSA":"Portland-Vancouver-Hillsboro, OR-WA","CSA":"440","NMCSA":"Portland-Vancouver-Salem, OR-WA","CD":"4103","SLDL":"41047","SLDU":"41024","SCHOOLYEAR":"2024-2025","District_ID":2182,"District_Name":"Reynolds SD 7","School_ID":946,"Grades":"Grade(s) K-5","School_Type":"E","County":"Multnomah","Student_Enrollment":518,"Languages_Spoken":33,"Students_Experiencing_Poverty":71,"Teachers":30,"Educational_Assistants":10,"Counselors_Psychologists_Social_Workers":4,"Average_Teacher_Retention_Rate":66,"Experienced_Teachers":66,"Same_Principal_in_the_Last_3_Years":"Yes","English_Language_Arts":18,"Oregon_ELA_Average":43,"Mathematics":10,"Oregon_Mathematics_Average":36,"Science":7.0000000000000009,"Oregon_Science_Average":31,"On_Track_to_Graduate":null,"Oregon_On_Track_to_Graduate_Average":null,"On_Time_Graduation_2023_2024":null,"Oregon_On_Time_Graduation_2023_24_Average":null,"Five_Year_Completion_2023_24":null,"Oregon_Five_Year_Completion_2023_24_Average":null,"College_Going_2022_23":null,"Oregon_College_Going_2022_23_Average":null,"OBJECTID_1":278}},{"type":"Feature","id":85,"geometry":{"type":"Point","coordinates":[-122.58669999999995,45.394100000000037]},"properties":{"OBJECTID1":85,"OBJECTID":156,"NCESSCH":"410561000145","LEAID":"4105610","NAME":"Walter L Kraxberger Middle School","STREET":"17777 Webster Rd","CITY":"Gladstone","STATE":"OR","ZIP":"97027","STFIP":"41","LOCALE":"21","LAT":45.394100000000002,"LON":-122.58669999999999,"CBSA":"38900","NMCBSA":"Portland-Vancouver-Hillsboro, OR-WA","CSA":"440","NMCSA":"Portland-Vancouver-Salem, OR-WA","CD":"4105","SLDL":"41040","SLDU":"41020","SCHOOLYEAR":"2024-2025","District_ID":1931,"District_Name":"Gladstone SD 115","School_ID":137,"Grades":"Grade(s) 6-8","School_Type":"M","County":"Clackamas","Student_Enrollment":345,"Languages_Spoken":9,"Students_Experiencing_Poverty":28.000000000000004,"Teachers":20,"Educational_Assistants":3,"Counselors_Psychologists_Social_Workers":1,"Average_Teacher_Retention_Rate":100,"Experienced_Teachers":100,"Same_Principal_in_the_Last_3_Years":"Yes","English_Language_Arts":43,"Oregon_ELA_Average":43,"Mathematics":28.999999999999996,"Oregon_Mathematics_Average":30,"Science":24,"Oregon_Science_Average":28.000000000000004,"On_Track_to_Graduate":null,"Oregon_On_Track_to_Graduate_Average":null,"On_Time_Graduation_2023_2024":null,"Oregon_On_Time_Graduation_2023_24_Average":null,"Five_Year_Completion_2023_24":null,"Oregon_Five_Year_Completion_2023_24_Average":null,"College_Going_2022_23":null,"Oregon_College_Going_2022_23_Average":null,"OBJECTID_1":318}},{"type":"Feature","id":86,"geometry":{"type":"Point","coordinates":[-122.93230599999998,45.493527000000029]},"properties":{"OBJECTID1":86,"OBJECTID":13,"NCESSCH":"410002301202","LEAID":"4100023","NAME":"Witch Hazel Elementary School","STREET":"4950 SE Davis Rd","CITY":"Hillsboro","STATE":"OR","ZIP":"97123","STFIP":"41","LOCALE":"12","LAT":45.493527,"LON":-122.932306,"CBSA":"38900","NMCBSA":"Portland-Vancouver-Hillsboro, OR-WA","CSA":"440","NMCSA":"Portland-Vancouver-Salem, OR-WA","CD":"4101","SLDL":"41036","SLDU":"41018","SCHOOLYEAR":"2024-2025","District_ID":2239,"District_Name":"Hillsboro SD 1J","School_ID":1151,"Grades":"Grade(s) K-6","School_Type":"E","County":"Washington","Student_Enrollment":435,"Languages_Spoken":19,"Students_Experiencing_Poverty":34,"Teachers":23,"Educational_Assistants":10,"Counselors_Psychologists_Social_Workers":2,"Average_Teacher_Retention_Rate":61,"Experienced_Teachers":61,"Same_Principal_in_the_Last_3_Years":"No","English_Language_Arts":25,"Oregon_ELA_Average":43,"Mathematics":10,"Oregon_Mathematics_Average":35,"Science":10,"Oregon_Science_Average":31,"On_Track_to_Graduate":null,"Oregon_On_Track_to_Graduate_Average":null,"On_Time_Graduation_2023_2024":null,"Oregon_On_Time_Graduation_2023_24_Average":null,"Five_Year_Completion_2023_24":null,"Oregon_Five_Year_Completion_2023_24_Average":null,"College_Going_2022_23":null,"Oregon_College_Going_2022_23_Average":null,"OBJECTID_1":109}},{"type":"Feature","id":87,"geometry":{"type":"Point","coordinates":[-122.72899999999998,45.480400000000031]},"properties":{"OBJECTID1":87,"OBJECTID":286,"NCESSCH":"411004000899","LEAID":"4110040","NAME":"Hayhurst Elementary School","STREET":"5037 SW Iowa St","CITY":"Portland","STATE":"OR","ZIP":"97221","STFIP":"41","LOCALE":"11","LAT":45.480400000000003,"LON":-122.729,"CBSA":"38900","NMCBSA":"Portland-Vancouver-Hillsboro, OR-WA","CSA":"440","NMCSA":"Portland-Vancouver-Salem, OR-WA","CD":"4101","SLDL":"41028","SLDU":"41014","SCHOOLYEAR":"2024-2025","District_ID":2180,"District_Name":"Portland SD 1J","School_ID":855,"Grades":"Grade(s) K-8","School_Type":"E","County":"Multnomah","Student_Enrollment":527,"Languages_Spoken":16,"Students_Experiencing_Poverty":20,"Teachers":33,"Educational_Assistants":9,"Counselors_Psychologists_Social_Workers":3,"Average_Teacher_Retention_Rate":88,"Experienced_Teachers":88,"Same_Principal_in_the_Last_3_Years":"Yes","English_Language_Arts":68,"Oregon_ELA_Average":43,"Mathematics":62,"Oregon_Mathematics_Average":33,"Science":53,"Oregon_Science_Average":28.999999999999996,"On_Track_to_Graduate":null,"Oregon_On_Track_to_Graduate_Average":null,"On_Time_Graduation_2023_2024":null,"Oregon_On_Time_Graduation_2023_24_Average":null,"Five_Year_Completion_2023_24":null,"Oregon_Five_Year_Completion_2023_24_Average":null,"College_Going_2022_23":null,"Oregon_College_Going_2022_23_Average":null,"OBJECTID_1":226}},{"type":"Feature","id":88,"geometry":{"type":"Point","coordinates":[-122.58096199999994,45.541967000000056]},"properties":{"OBJECTID1":88,"OBJECTID":333,"NCESSCH":"411004000968","LEAID":"4110040","NAME":"Leodis V. McDaniel High School","STREET":"2735 NE 82nd Ave","CITY":"Portland","STATE":"OR","ZIP":"97220","STFIP":"41","LOCALE":"11","LAT":45.541967,"LON":-122.580962,"CBSA":"38900","NMCBSA":"Portland-Vancouver-Hillsboro, OR-WA","CSA":"440","NMCSA":"Portland-Vancouver-Salem, OR-WA","CD":"4103","SLDL":"41045","SLDU":"41023","SCHOOLYEAR":"2024-2025","District_ID":2180,"District_Name":"Portland SD 1J","School_ID":915,"Grades":"Grade(s) 9-12","School_Type":"H","County":"Multnomah","Student_Enrollment":1606,"Languages_Spoken":43,"Students_Experiencing_Poverty":31,"Teachers":99,"Educational_Assistants":15,"Counselors_Psychologists_Social_Workers":10,"Average_Teacher_Retention_Rate":77,"Experienced_Teachers":77,"Same_Principal_in_the_Last_3_Years":"Yes","English_Language_Arts":null,"Oregon_ELA_Average":null,"Mathematics":null,"Oregon_Mathematics_Average":null,"Science":null,"Oregon_Science_Average":null,"On_Track_to_Graduate":86,"Oregon_On_Track_to_Graduate_Average":87,"On_Time_Graduation_2023_2024":76,"Oregon_On_Time_Graduation_2023_24_Average":82,"Five_Year_Completion_2023_24":78,"Oregon_Five_Year_Completion_2023_24_Average":87,"College_Going_2022_23":65,"Oregon_College_Going_2022_23_Average":65,"OBJECTID_1":241}},{"type":"Feature","id":89,"geometry":{"type":"Point","coordinates":[-122.93397699999997,45.493139000000042]},"properties":{"OBJECTID1":89,"OBJECTID":21,"NCESSCH":"410002301253","LEAID":"4100023","NAME":"South Meadows Middle School","STREET":"4960 SE Davis Road","CITY":"Hillsboro","STATE":"OR","ZIP":"97123","STFIP":"41","LOCALE":"12","LAT":45.493138999999999,"LON":-122.933977,"CBSA":"38900","NMCBSA":"Portland-Vancouver-Hillsboro, OR-WA","CSA":"440","NMCSA":"Portland-Vancouver-Salem, OR-WA","CD":"4101","SLDL":"41036","SLDU":"41018","SCHOOLYEAR":"2024-2025","District_ID":2239,"District_Name":"Hillsboro SD 1J","School_ID":1198,"Grades":"Grade(s) 7-8","School_Type":"M","County":"Washington","Student_Enrollment":688,"Languages_Spoken":29,"Students_Experiencing_Poverty":33,"Teachers":34,"Educational_Assistants":11,"Counselors_Psychologists_Social_Workers":3,"Average_Teacher_Retention_Rate":85,"Experienced_Teachers":85,"Same_Principal_in_the_Last_3_Years":"Yes","English_Language_Arts":28.999999999999996,"Oregon_ELA_Average":43,"Mathematics":23,"Oregon_Mathematics_Average":31,"Science":21,"Oregon_Science_Average":28.000000000000004,"On_Track_to_Graduate":null,"Oregon_On_Track_to_Graduate_Average":null,"On_Time_Graduation_2023_2024":null,"Oregon_On_Time_Graduation_2023_24_Average":null,"Five_Year_Completion_2023_24":null,"Oregon_Five_Year_Completion_2023_24_Average":null,"College_Going_2022_23":null,"Oregon_College_Going_2022_23_Average":null,"OBJECTID_1":103}},{"type":"Feature","id":90,"geometry":{"type":"Point","coordinates":[-122.77509999999995,45.414100000000076]},"properties":{"OBJECTID1":90,"OBJECTID":418,"NCESSCH":"411224001197","LEAID":"4112240","NAME":"Twality Middle School","STREET":"14650 SW 97th Ave","CITY":"Tigard","STATE":"OR","ZIP":"97224","STFIP":"41","LOCALE":"13","LAT":45.414099999999998,"LON":-122.77509999999999,"CBSA":"38900","NMCBSA":"Portland-Vancouver-Hillsboro, OR-WA","CSA":"440","NMCSA":"Portland-Vancouver-Salem, OR-WA","CD":"4106","SLDL":"41025","SLDU":"41013","SCHOOLYEAR":"2024-2025","District_ID":2242,"District_Name":"Tigard-Tualatin SD 23J","School_ID":1145,"Grades":"Grade(s) 6-8","School_Type":"M","County":"Washington","Student_Enrollment":998,"Languages_Spoken":27,"Students_Experiencing_Poverty":24,"Teachers":48,"Educational_Assistants":10,"Counselors_Psychologists_Social_Workers":3,"Average_Teacher_Retention_Rate":85,"Experienced_Teachers":85,"Same_Principal_in_the_Last_3_Years":"Yes","English_Language_Arts":45,"Oregon_ELA_Average":43,"Mathematics":34,"Oregon_Mathematics_Average":30,"Science":32,"Oregon_Science_Average":28.000000000000004,"On_Track_to_Graduate":null,"Oregon_On_Track_to_Graduate_Average":null,"On_Time_Graduation_2023_2024":null,"Oregon_On_Time_Graduation_2023_24_Average":null,"Five_Year_Completion_2023_24":null,"Oregon_Five_Year_Completion_2023_24_Average":null,"College_Going_2022_23":null,"Oregon_College_Going_2022_23_Average":null,"OBJECTID_1":136}},{"type":"Feature","id":91,"geometry":{"type":"Point","coordinates":[-122.48579999999998,45.496300000000076]},"properties":{"OBJECTID1":91,"OBJECTID":112,"NCESSCH":"410280001018","LEAID":"4102800","NAME":"Powell Butte Elementary School","STREET":"3615 SE 174th St","CITY":"Portland","STATE":"OR","ZIP":"97236","STFIP":"41","LOCALE":"11","LAT":45.496299999999998,"LON":-122.4858,"CBSA":"38900","NMCBSA":"Portland-Vancouver-Hillsboro, OR-WA","CSA":"440","NMCSA":"Portland-Vancouver-Salem, OR-WA","CD":"4103","SLDL":"41048","SLDU":"41024","SCHOOLYEAR":"2024-2025","District_ID":2185,"District_Name":"Centennial SD 28J","School_ID":965,"Grades":"Grade(s) K-5","School_Type":"E","County":"Multnomah","Student_Enrollment":406,"Languages_Spoken":30,"Students_Experiencing_Poverty":61,"Teachers":26,"Educational_Assistants":14,"Counselors_Psychologists_Social_Workers":2,"Average_Teacher_Retention_Rate":77,"Experienced_Teachers":77,"Same_Principal_in_the_Last_3_Years":"Yes","English_Language_Arts":25,"Oregon_ELA_Average":43,"Mathematics":14.000000000000002,"Oregon_Mathematics_Average":36,"Science":9,"Oregon_Science_Average":31,"On_Track_to_Graduate":null,"Oregon_On_Track_to_Graduate_Average":null,"On_Time_Graduation_2023_2024":null,"Oregon_On_Time_Graduation_2023_24_Average":null,"Five_Year_Completion_2023_24":null,"Oregon_Five_Year_Completion_2023_24_Average":null,"College_Going_2022_23":null,"Oregon_College_Going_2022_23_Average":null,"OBJECTID_1":145}},{"type":"Feature","id":92,"geometry":{"type":"Point","coordinates":[-122.61649999999997,45.364100000000064]},"properties":{"OBJECTID1":92,"OBJECTID":433,"NCESSCH":"411317000058","LEAID":"4113170","NAME":"West Linn High School","STREET":"5464 W \"A\" St","CITY":"West Linn","STATE":"OR","ZIP":"97068","STFIP":"41","LOCALE":"21","LAT":45.364100000000001,"LON":-122.6165,"CBSA":"38900","NMCBSA":"Portland-Vancouver-Hillsboro, OR-WA","CSA":"440","NMCSA":"Portland-Vancouver-Salem, OR-WA","CD":"4105","SLDL":"41037","SLDU":"41019","SCHOOLYEAR":"2024-2025","District_ID":1922,"District_Name":"West Linn-Wilsonville SD 3J","School_ID":51,"Grades":"Grade(s) 9-12","School_Type":"H","County":"Clackamas","Student_Enrollment":1799,"Languages_Spoken":38,"Students_Experiencing_Poverty":6,"Teachers":93,"Educational_Assistants":6,"Counselors_Psychologists_Social_Workers":6,"Average_Teacher_Retention_Rate":90,"Experienced_Teachers":90,"Same_Principal_in_the_Last_3_Years":"Yes","English_Language_Arts":null,"Oregon_ELA_Average":null,"Mathematics":null,"Oregon_Mathematics_Average":null,"Science":null,"Oregon_Science_Average":null,"On_Track_to_Graduate":null,"Oregon_On_Track_to_Graduate_Average":87,"On_Time_Graduation_2023_2024":100,"Oregon_On_Time_Graduation_2023_24_Average":82,"Five_Year_Completion_2023_24":98,"Oregon_Five_Year_Completion_2023_24_Average":87,"College_Going_2022_23":80,"Oregon_College_Going_2022_23_Average":80,"OBJECTID_1":405}},{"type":"Feature","id":93,"geometry":{"type":"Point","coordinates":[-123.11959999999999,45.535200000000032]},"properties":{"OBJECTID1":93,"OBJECTID":147,"NCESSCH":"410516001189","LEAID":"4105160","NAME":"Forest Grove High School","STREET":"1401 Nichols Ln","CITY":"Forest Grove","STATE":"OR","ZIP":"97116","STFIP":"41","LOCALE":"21","LAT":45.535200000000003,"LON":-123.11960000000001,"CBSA":"38900","NMCBSA":"Portland-Vancouver-Hillsboro, OR-WA","CSA":"440","NMCSA":"Portland-Vancouver-Salem, OR-WA","CD":"4101","SLDL":"41029","SLDU":"41015","SCHOOLYEAR":"2024-2025","District_ID":2241,"District_Name":"Forest Grove SD 15","School_ID":1134,"Grades":"Grade(s) 9-12","School_Type":"H","County":"Washington","Student_Enrollment":1760,"Languages_Spoken":22,"Students_Experiencing_Poverty":30,"Teachers":92,"Educational_Assistants":32,"Counselors_Psychologists_Social_Workers":10,"Average_Teacher_Retention_Rate":92,"Experienced_Teachers":92,"Same_Principal_in_the_Last_3_Years":"Yes","English_Language_Arts":null,"Oregon_ELA_Average":null,"Mathematics":null,"Oregon_Mathematics_Average":null,"Science":null,"Oregon_Science_Average":null,"On_Track_to_Graduate":86,"Oregon_On_Track_to_Graduate_Average":87,"On_Time_Graduation_2023_2024":88,"Oregon_On_Time_Graduation_2023_24_Average":82,"Five_Year_Completion_2023_24":89,"Oregon_Five_Year_Completion_2023_24_Average":87,"College_Going_2022_23":56.000000000000007,"Oregon_College_Going_2022_23_Average":56.000000000000007,"OBJECTID_1":66}},{"type":"Feature","id":94,"geometry":{"type":"Point","coordinates":[-122.76679999999999,45.51520000000005]},"properties":{"OBJECTID1":94,"OBJECTID":70,"NCESSCH":"410192001231","LEAID":"4101920","NAME":"West Tualatin View Elementary School","STREET":"8800 SW Leahy Rd","CITY":"Portland","STATE":"OR","ZIP":"97225","STFIP":"41","LOCALE":"21","LAT":45.5152,"LON":-122.7668,"CBSA":"38900","NMCBSA":"Portland-Vancouver-Hillsboro, OR-WA","CSA":"440","NMCSA":"Portland-Vancouver-Salem, OR-WA","CD":"4101","SLDL":"41027","SLDU":"41014","SCHOOLYEAR":"2024-2025","District_ID":2243,"District_Name":"Beaverton SD 48J","School_ID":1178,"Grades":"Grade(s) K-5","School_Type":"E","County":"Washington","Student_Enrollment":305,"Languages_Spoken":14,"Students_Experiencing_Poverty":14.000000000000002,"Teachers":17,"Educational_Assistants":5,"Counselors_Psychologists_Social_Workers":2,"Average_Teacher_Retention_Rate":94,"Experienced_Teachers":94,"Same_Principal_in_the_Last_3_Years":"Yes","English_Language_Arts":63,"Oregon_ELA_Average":43,"Mathematics":57.999999999999993,"Oregon_Mathematics_Average":36,"Science":48,"Oregon_Science_Average":31,"On_Track_to_Graduate":null,"Oregon_On_Track_to_Graduate_Average":null,"On_Time_Graduation_2023_2024":null,"Oregon_On_Time_Graduation_2023_24_Average":null,"Five_Year_Completion_2023_24":null,"Oregon_Five_Year_Completion_2023_24_Average":null,"College_Going_2022_23":null,"Oregon_College_Going_2022_23_Average":null,"OBJECTID_1":56}},{"type":"Feature","id":95,"geometry":{"type":"Point","coordinates":[-122.79289999999997,45.301600000000064]},"properties":{"OBJECTID1":95,"OBJECTID":435,"NCESSCH":"411317001318","LEAID":"4113170","NAME":"Inza R Wood Middle School","STREET":"11055 SW Wilsonville Rd","CITY":"Wilsonville","STATE":"OR","ZIP":"97070","STFIP":"41","LOCALE":"21","LAT":45.301600000000001,"LON":-122.7929,"CBSA":"38900","NMCBSA":"Portland-Vancouver-Hillsboro, OR-WA","CSA":"440","NMCSA":"Portland-Vancouver-Salem, OR-WA","CD":"4106","SLDL":"41026","SLDU":"41013","SCHOOLYEAR":"2024-2025","District_ID":1922,"District_Name":"West Linn-Wilsonville SD 3J","School_ID":46,"Grades":"Grade(s) 6-8","School_Type":"M","County":"Clackamas","Student_Enrollment":450,"Languages_Spoken":18,"Students_Experiencing_Poverty":24,"Teachers":31,"Educational_Assistants":6,"Counselors_Psychologists_Social_Workers":2,"Average_Teacher_Retention_Rate":87,"Experienced_Teachers":87,"Same_Principal_in_the_Last_3_Years":"Yes","English_Language_Arts":50,"Oregon_ELA_Average":43,"Mathematics":43,"Oregon_Mathematics_Average":30,"Science":41,"Oregon_Science_Average":28.000000000000004,"On_Track_to_Graduate":null,"Oregon_On_Track_to_Graduate_Average":null,"On_Time_Graduation_2023_2024":null,"Oregon_On_Time_Graduation_2023_24_Average":null,"Five_Year_Completion_2023_24":null,"Oregon_Five_Year_Completion_2023_24_Average":null,"College_Going_2022_23":null,"Oregon_College_Going_2022_23_Average":null,"OBJECTID_1":396}},{"type":"Feature","id":96,"geometry":{"type":"Point","coordinates":[-122.81069999999994,45.485700000000065]},"properties":{"OBJECTID1":96,"OBJECTID":79,"NCESSCH":"410192001240","LEAID":"4101920","NAME":"Beaverton High School","STREET":"13000 SW Second St","CITY":"Beaverton","STATE":"OR","ZIP":"97005","STFIP":"41","LOCALE":"13","LAT":45.485700000000001,"LON":-122.8107,"CBSA":"38900","NMCBSA":"Portland-Vancouver-Hillsboro, OR-WA","CSA":"440","NMCSA":"Portland-Vancouver-Salem, OR-WA","CD":"4101","SLDL":"41027","SLDU":"41014","SCHOOLYEAR":"2024-2025","District_ID":2243,"District_Name":"Beaverton SD 48J","School_ID":1187,"Grades":"Grade(s) 9-12","School_Type":"H","County":"Washington","Student_Enrollment":1389,"Languages_Spoken":30,"Students_Experiencing_Poverty":28.000000000000004,"Teachers":85,"Educational_Assistants":16,"Counselors_Psychologists_Social_Workers":10,"Average_Teacher_Retention_Rate":87,"Experienced_Teachers":87,"Same_Principal_in_the_Last_3_Years":"Yes","English_Language_Arts":null,"Oregon_ELA_Average":null,"Mathematics":null,"Oregon_Mathematics_Average":null,"Science":null,"Oregon_Science_Average":null,"On_Track_to_Graduate":89,"Oregon_On_Track_to_Graduate_Average":87,"On_Time_Graduation_2023_2024":82,"Oregon_On_Time_Graduation_2023_24_Average":82,"Five_Year_Completion_2023_24":90,"Oregon_Five_Year_Completion_2023_24_Average":87,"College_Going_2022_23":63,"Oregon_College_Going_2022_23_Average":63,"OBJECTID_1":11}},{"type":"Feature","id":97,"geometry":{"type":"Point","coordinates":[-122.87103999999999,45.356821000000025]},"properties":{"OBJECTID1":97,"OBJECTID":393,"NCESSCH":"411129001246","LEAID":"4111290","NAME":"Sherwood High School","STREET":"18800 SW Haide Road","CITY":"Sherwood","STATE":"OR","ZIP":"97140","STFIP":"41","LOCALE":"41","LAT":45.356820999999997,"LON":-122.87103999999999,"CBSA":"38900","NMCBSA":"Portland-Vancouver-Hillsboro, OR-WA","CSA":"440","NMCSA":"Portland-Vancouver-Salem, OR-WA","CD":"4106","SLDL":"41026","SLDU":"41013","SCHOOLYEAR":"2024-2025","District_ID":2244,"District_Name":"Sherwood SD 88J","School_ID":1193,"Grades":"Grade(s) 9-12","School_Type":"H","County":"Washington","Student_Enrollment":1617,"Languages_Spoken":30,"Students_Experiencing_Poverty":9,"Teachers":73,"Educational_Assistants":11,"Counselors_Psychologists_Social_Workers":6,"Average_Teacher_Retention_Rate":85,"Experienced_Teachers":85,"Same_Principal_in_the_Last_3_Years":"Yes","English_Language_Arts":null,"Oregon_ELA_Average":null,"Mathematics":null,"Oregon_Mathematics_Average":null,"Science":null,"Oregon_Science_Average":null,"On_Track_to_Graduate":null,"Oregon_On_Track_to_Graduate_Average":87,"On_Time_Graduation_2023_2024":97,"Oregon_On_Time_Graduation_2023_24_Average":82,"Five_Year_Completion_2023_24":99,"Oregon_Five_Year_Completion_2023_24_Average":87,"College_Going_2022_23":68,"Oregon_College_Going_2022_23_Average":68,"OBJECTID_1":116}},{"type":"Feature","id":98,"geometry":{"type":"Point","coordinates":[-122.78727199999997,45.310639000000037]},"properties":{"OBJECTID1":98,"OBJECTID":442,"NCESSCH":"411317001822","LEAID":"4113170","NAME":"Lowrie Primary School","STREET":"28995 SW Brown Rd","CITY":"Wilsonville","STATE":"OR","ZIP":"97070","STFIP":"41","LOCALE":"21","LAT":45.310639000000002,"LON":-122.787272,"CBSA":"38900","NMCBSA":"Portland-Vancouver-Hillsboro, OR-WA","CSA":"440","NMCSA":"Portland-Vancouver-Salem, OR-WA","CD":"4106","SLDL":"41026","SLDU":"41013","SCHOOLYEAR":"2024-2025","District_ID":1922,"District_Name":"West Linn-Wilsonville SD 3J","School_ID":5056,"Grades":"Grade(s) K-5","School_Type":"E","County":"Clackamas","Student_Enrollment":492,"Languages_Spoken":17,"Students_Experiencing_Poverty":16,"Teachers":29,"Educational_Assistants":16,"Counselors_Psychologists_Social_Workers":1,"Average_Teacher_Retention_Rate":83,"Experienced_Teachers":83,"Same_Principal_in_the_Last_3_Years":"No","English_Language_Arts":61,"Oregon_ELA_Average":43,"Mathematics":53,"Oregon_Mathematics_Average":36,"Science":44,"Oregon_Science_Average":31,"On_Track_to_Graduate":null,"Oregon_On_Track_to_Graduate_Average":null,"On_Time_Graduation_2023_2024":null,"Oregon_On_Time_Graduation_2023_24_Average":null,"Five_Year_Completion_2023_24":null,"Oregon_Five_Year_Completion_2023_24_Average":null,"College_Going_2022_23":null,"Oregon_College_Going_2022_23_Average":null,"OBJECTID_1":397}},{"type":"Feature","id":99,"geometry":{"type":"Point","coordinates":[-122.61199999999997,45.482100000000059]},"properties":{"OBJECTID1":99,"OBJECTID":325,"NCESSCH":"411004000954","LEAID":"4110040","NAME":"Woodstock Elementary School","STREET":"5601 SE 50th Ave","CITY":"Portland","STATE":"OR","ZIP":"97206","STFIP":"41","LOCALE":"11","LAT":45.482100000000003,"LON":-122.61199999999999,"CBSA":"38900","NMCBSA":"Portland-Vancouver-Hillsboro, OR-WA","CSA":"440","NMCSA":"Portland-Vancouver-Salem, OR-WA","CD":"4103","SLDL":"41041","SLDU":"41021","SCHOOLYEAR":"2024-2025","District_ID":2180,"District_Name":"Portland SD 1J","School_ID":904,"Grades":"Grade(s) K-5","School_Type":"E","County":"Multnomah","Student_Enrollment":393,"Languages_Spoken":10,"Students_Experiencing_Poverty":14.000000000000002,"Teachers":27,"Educational_Assistants":2,"Counselors_Psychologists_Social_Workers":1,"Average_Teacher_Retention_Rate":97,"Experienced_Teachers":97,"Same_Principal_in_the_Last_3_Years":"Yes","English_Language_Arts":65,"Oregon_ELA_Average":43,"Mathematics":63,"Oregon_Mathematics_Average":36,"Science":48,"Oregon_Science_Average":31,"On_Track_to_Graduate":null,"Oregon_On_Track_to_Graduate_Average":null,"On_Time_Graduation_2023_2024":null,"Oregon_On_Time_Graduation_2023_24_Average":null,"Five_Year_Completion_2023_24":null,"Oregon_Five_Year_Completion_2023_24_Average":null,"College_Going_2022_23":null,"Oregon_College_Going_2022_23_Average":null,"OBJECTID_1":274}},{"type":"Feature","id":100,"geometry":{"type":"Point","coordinates":[-122.61889999999994,45.36990000000003]},"properties":{"OBJECTID1":100,"OBJECTID":440,"NCESSCH":"411317001447","LEAID":"4113170","NAME":"Bolton Primary School","STREET":"5933 Holmes St","CITY":"West Linn","STATE":"OR","ZIP":"97068","STFIP":"41","LOCALE":"21","LAT":45.369900000000001,"LON":-122.6189,"CBSA":"38900","NMCBSA":"Portland-Vancouver-Hillsboro, OR-WA","CSA":"440","NMCSA":"Portland-Vancouver-Salem, OR-WA","CD":"4105","SLDL":"41037","SLDU":"41019","SCHOOLYEAR":"2024-2025","District_ID":1922,"District_Name":"West Linn-Wilsonville SD 3J","School_ID":3455,"Grades":"Grade(s) K-5","School_Type":"E","County":"Clackamas","Student_Enrollment":221,"Languages_Spoken":9,"Students_Experiencing_Poverty":10,"Teachers":15,"Educational_Assistants":7,"Counselors_Psychologists_Social_Workers":1,"Average_Teacher_Retention_Rate":96,"Experienced_Teachers":96,"Same_Principal_in_the_Last_3_Years":"Yes","English_Language_Arts":70,"Oregon_ELA_Average":43,"Mathematics":66,"Oregon_Mathematics_Average":36,"Science":64,"Oregon_Science_Average":31,"On_Track_to_Graduate":null,"Oregon_On_Track_to_Graduate_Average":null,"On_Time_Graduation_2023_2024":null,"Oregon_On_Time_Graduation_2023_24_Average":null,"Five_Year_Completion_2023_24":null,"Oregon_Five_Year_Completion_2023_24_Average":null,"College_Going_2022_23":null,"Oregon_College_Going_2022_23_Average":null,"OBJECTID_1":393}},{"type":"Feature","id":101,"geometry":{"type":"Point","coordinates":[-122.59309999999999,45.382100000000037]},"properties":{"OBJECTID1":101,"OBJECTID":155,"NCESSCH":"410561000144","LEAID":"4105610","NAME":"John Wetten Elementary School","STREET":"250 E Exeter","CITY":"Gladstone","STATE":"OR","ZIP":"97027","STFIP":"41","LOCALE":"21","LAT":45.382100000000001,"LON":-122.59310000000001,"CBSA":"38900","NMCBSA":"Portland-Vancouver-Hillsboro, OR-WA","CSA":"440","NMCSA":"Portland-Vancouver-Salem, OR-WA","CD":"4105","SLDL":"41040","SLDU":"41020","SCHOOLYEAR":"2024-2025","District_ID":1931,"District_Name":"Gladstone SD 115","School_ID":136,"Grades":"Grade(s) 1-5","School_Type":"E","County":"Clackamas","Student_Enrollment":595,"Languages_Spoken":12,"Students_Experiencing_Poverty":31,"Teachers":35,"Educational_Assistants":6,"Counselors_Psychologists_Social_Workers":3,"Average_Teacher_Retention_Rate":89,"Experienced_Teachers":89,"Same_Principal_in_the_Last_3_Years":"No","English_Language_Arts":42,"Oregon_ELA_Average":43,"Mathematics":37,"Oregon_Mathematics_Average":36,"Science":27,"Oregon_Science_Average":31,"On_Track_to_Graduate":null,"Oregon_On_Track_to_Graduate_Average":null,"On_Time_Graduation_2023_2024":null,"Oregon_On_Time_Graduation_2023_24_Average":null,"Five_Year_Completion_2023_24":null,"Oregon_Five_Year_Completion_2023_24_Average":null,"College_Going_2022_23":null,"Oregon_College_Going_2022_23_Average":null,"OBJECTID_1":317}},{"type":"Feature","id":102,"geometry":{"type":"Point","coordinates":[-122.56389999999999,45.485500000000059]},"properties":{"OBJECTID1":102,"OBJECTID":296,"NCESSCH":"411004000915","LEAID":"4110040","NAME":"Lent Elementary School","STREET":"5105 SE 97th Ave","CITY":"Portland","STATE":"OR","ZIP":"97266","STFIP":"41","LOCALE":"11","LAT":45.485500000000002,"LON":-122.5639,"CBSA":"38900","NMCBSA":"Portland-Vancouver-Hillsboro, OR-WA","CSA":"440","NMCSA":"Portland-Vancouver-Salem, OR-WA","CD":"4103","SLDL":"41046","SLDU":"41023","SCHOOLYEAR":"2024-2025","District_ID":2180,"District_Name":"Portland SD 1J","School_ID":870,"Grades":"Grade(s) K-5","School_Type":"E","County":"Multnomah","Student_Enrollment":258,"Languages_Spoken":5,"Students_Experiencing_Poverty":39,"Teachers":19,"Educational_Assistants":3,"Counselors_Psychologists_Social_Workers":2,"Average_Teacher_Retention_Rate":85,"Experienced_Teachers":85,"Same_Principal_in_the_Last_3_Years":"Yes","English_Language_Arts":47,"Oregon_ELA_Average":43,"Mathematics":37,"Oregon_Mathematics_Average":36,"Science":23,"Oregon_Science_Average":31,"On_Track_to_Graduate":null,"Oregon_On_Track_to_Graduate_Average":null,"On_Time_Graduation_2023_2024":null,"Oregon_On_Time_Graduation_2023_24_Average":null,"Five_Year_Completion_2023_24":null,"Oregon_Five_Year_Completion_2023_24_Average":null,"College_Going_2022_23":null,"Oregon_College_Going_2022_23_Average":null,"OBJECTID_1":240}},{"type":"Feature","id":103,"geometry":{"type":"Point","coordinates":[-122.89529999999996,45.50690000000003]},"properties":{"OBJECTID1":103,"OBJECTID":22,"NCESSCH":"410002301295","LEAID":"4100023","NAME":"Indian Hills Elementary School","STREET":"21260 SW Rock Rd","CITY":"Aloha","STATE":"OR","ZIP":"97006","STFIP":"41","LOCALE":"21","LAT":45.506900000000002,"LON":-122.89530000000001,"CBSA":"38900","NMCBSA":"Portland-Vancouver-Hillsboro, OR-WA","CSA":"440","NMCSA":"Portland-Vancouver-Salem, OR-WA","CD":"4101","SLDL":"41035","SLDU":"41018","SCHOOLYEAR":"2024-2025","District_ID":2239,"District_Name":"Hillsboro SD 1J","School_ID":1148,"Grades":"Grade(s) K-6","School_Type":"E","County":"Washington","Student_Enrollment":362,"Languages_Spoken":19,"Students_Experiencing_Poverty":19,"Teachers":19,"Educational_Assistants":9,"Counselors_Psychologists_Social_Workers":1,"Average_Teacher_Retention_Rate":89,"Experienced_Teachers":89,"Same_Principal_in_the_Last_3_Years":"Yes","English_Language_Arts":55.000000000000007,"Oregon_ELA_Average":43,"Mathematics":46,"Oregon_Mathematics_Average":35,"Science":33,"Oregon_Science_Average":31,"On_Track_to_Graduate":null,"Oregon_On_Track_to_Graduate_Average":null,"On_Time_Graduation_2023_2024":null,"Oregon_On_Time_Graduation_2023_24_Average":null,"Five_Year_Completion_2023_24":null,"Oregon_Five_Year_Completion_2023_24_Average":null,"College_Going_2022_23":null,"Oregon_College_Going_2022_23_Average":null,"OBJECTID_1":87}},{"type":"Feature","id":104,"geometry":{"type":"Point","coordinates":[-122.81989999999996,45.528000000000077]},"properties":{"OBJECTID1":104,"OBJECTID":80,"NCESSCH":"410192001241","LEAID":"4101920","NAME":"Sunset High School","STREET":"13840 NW Cornell Rd","CITY":"Portland","STATE":"OR","ZIP":"97229","STFIP":"41","LOCALE":"13","LAT":45.527999999999999,"LON":-122.8199,"CBSA":"38900","NMCBSA":"Portland-Vancouver-Hillsboro, OR-WA","CSA":"440","NMCSA":"Portland-Vancouver-Salem, OR-WA","CD":"4101","SLDL":"41034","SLDU":"41017","SCHOOLYEAR":"2024-2025","District_ID":2243,"District_Name":"Beaverton SD 48J","School_ID":1188,"Grades":"Grade(s) 9-12","School_Type":"H","County":"Washington","Student_Enrollment":1767,"Languages_Spoken":52,"Students_Experiencing_Poverty":8,"Teachers":84,"Educational_Assistants":12,"Counselors_Psychologists_Social_Workers":9,"Average_Teacher_Retention_Rate":97,"Experienced_Teachers":97,"Same_Principal_in_the_Last_3_Years":"Yes","English_Language_Arts":null,"Oregon_ELA_Average":null,"Mathematics":null,"Oregon_Mathematics_Average":null,"Science":null,"Oregon_Science_Average":null,"On_Track_to_Graduate":null,"Oregon_On_Track_to_Graduate_Average":87,"On_Time_Graduation_2023_2024":96,"Oregon_On_Time_Graduation_2023_24_Average":82,"Five_Year_Completion_2023_24":96,"Oregon_Five_Year_Completion_2023_24_Average":87,"College_Going_2022_23":78,"Oregon_College_Going_2022_23_Average":78,"OBJECTID_1":52}},{"type":"Feature","id":105,"geometry":{"type":"Point","coordinates":[-122.75991699999997,45.402453000000037]},"properties":{"OBJECTID1":105,"OBJECTID":413,"NCESSCH":"411224001191","LEAID":"4112240","NAME":"Durham Elementary School","STREET":"7980 SW Durham Rd","CITY":"Tigard","STATE":"OR","ZIP":"97224","STFIP":"41","LOCALE":"13","LAT":45.402453000000001,"LON":-122.759917,"CBSA":"38900","NMCBSA":"Portland-Vancouver-Hillsboro, OR-WA","CSA":"440","NMCSA":"Portland-Vancouver-Salem, OR-WA","CD":"4106","SLDL":"41025","SLDU":"41013","SCHOOLYEAR":"2024-2025","District_ID":2242,"District_Name":"Tigard-Tualatin SD 23J","School_ID":1138,"Grades":"Grade(s) K-5","School_Type":"E","County":"Washington","Student_Enrollment":461,"Languages_Spoken":22,"Students_Experiencing_Poverty":28.999999999999996,"Teachers":28,"Educational_Assistants":16,"Counselors_Psychologists_Social_Workers":2,"Average_Teacher_Retention_Rate":86,"Experienced_Teachers":86,"Same_Principal_in_the_Last_3_Years":"No","English_Language_Arts":50,"Oregon_ELA_Average":43,"Mathematics":43,"Oregon_Mathematics_Average":36,"Science":36,"Oregon_Science_Average":31,"On_Track_to_Graduate":null,"Oregon_On_Track_to_Graduate_Average":null,"On_Time_Graduation_2023_2024":null,"Oregon_On_Time_Graduation_2023_24_Average":null,"Five_Year_Completion_2023_24":null,"Oregon_Five_Year_Completion_2023_24_Average":null,"College_Going_2022_23":null,"Oregon_College_Going_2022_23_Average":null,"OBJECTID_1":124}},{"type":"Feature","id":106,"geometry":{"type":"Point","coordinates":[-122.64465599999994,45.522606000000053]},"properties":{"OBJECTID1":106,"OBJECTID":344,"NCESSCH":"411004001814","LEAID":"4110040","NAME":"Le Monde French Immersion Public Charter School","STREET":"2044 E Burnside St","CITY":"Portland","STATE":"OR","ZIP":"97214","STFIP":"41","LOCALE":"11","LAT":45.522606000000003,"LON":-122.644656,"CBSA":"38900","NMCBSA":"Portland-Vancouver-Hillsboro, OR-WA","CSA":"440","NMCSA":"Portland-Vancouver-Salem, OR-WA","CD":"4101","SLDL":"41042","SLDU":"41021","SCHOOLYEAR":"2024-2025","District_ID":2180,"District_Name":"Portland SD 1J","School_ID":5060,"Grades":"Grade(s) K-8","School_Type":"E","County":"Multnomah","Student_Enrollment":376,"Languages_Spoken":9,"Students_Experiencing_Poverty":9,"Teachers":30,"Educational_Assistants":2,"Counselors_Psychologists_Social_Workers":0,"Average_Teacher_Retention_Rate":77,"Experienced_Teachers":77,"Same_Principal_in_the_Last_3_Years":"Yes","English_Language_Arts":86,"Oregon_ELA_Average":43,"Mathematics":85,"Oregon_Mathematics_Average":33,"Science":77,"Oregon_Science_Average":28.999999999999996,"On_Track_to_Graduate":null,"Oregon_On_Track_to_Graduate_Average":null,"On_Time_Graduation_2023_2024":null,"Oregon_On_Time_Graduation_2023_24_Average":null,"Five_Year_Completion_2023_24":null,"Oregon_Five_Year_Completion_2023_24_Average":null,"College_Going_2022_23":null,"Oregon_College_Going_2022_23_Average":null,"OBJECTID_1":238}},{"type":"Feature","id":107,"geometry":{"type":"Point","coordinates":[-122.96629999999999,45.528500000000065]},"properties":{"OBJECTID1":107,"OBJECTID":19,"NCESSCH":"410002301251","LEAID":"4100023","NAME":"J W Poynter Middle School","STREET":"1535 NE Grant St","CITY":"Hillsboro","STATE":"OR","ZIP":"97124","STFIP":"41","LOCALE":"12","LAT":45.528500000000001,"LON":-122.9663,"CBSA":"38900","NMCBSA":"Portland-Vancouver-Hillsboro, OR-WA","CSA":"440","NMCSA":"Portland-Vancouver-Salem, OR-WA","CD":"4101","SLDL":"41029","SLDU":"41015","SCHOOLYEAR":"2024-2025","District_ID":2239,"District_Name":"Hillsboro SD 1J","School_ID":1199,"Grades":"Grade(s) 7-8","School_Type":"M","County":"Washington","Student_Enrollment":706,"Languages_Spoken":36,"Students_Experiencing_Poverty":31,"Teachers":32,"Educational_Assistants":10,"Counselors_Psychologists_Social_Workers":3,"Average_Teacher_Retention_Rate":91,"Experienced_Teachers":91,"Same_Principal_in_the_Last_3_Years":"No","English_Language_Arts":37,"Oregon_ELA_Average":43,"Mathematics":27,"Oregon_Mathematics_Average":31,"Science":23,"Oregon_Science_Average":28.000000000000004,"On_Track_to_Graduate":null,"Oregon_On_Track_to_Graduate_Average":null,"On_Time_Graduation_2023_2024":null,"Oregon_On_Time_Graduation_2023_24_Average":null,"Five_Year_Completion_2023_24":null,"Oregon_Five_Year_Completion_2023_24_Average":null,"College_Going_2022_23":null,"Oregon_College_Going_2022_23_Average":null,"OBJECTID_1":88}},{"type":"Feature","id":108,"geometry":{"type":"Point","coordinates":[-122.38855599999999,45.52705300000008]},"properties":{"OBJECTID1":108,"OBJECTID":366,"NCESSCH":"411052001540","LEAID":"4110520","NAME":"Reynolds Arthur Academy","STREET":"123 SW 21st Ave","CITY":"Troutdale","STATE":"OR","ZIP":"97060","STFIP":"41","LOCALE":"21","LAT":45.527053000000002,"LON":-122.38855599999999,"CBSA":"38900","NMCBSA":"Portland-Vancouver-Hillsboro, OR-WA","CSA":"440","NMCSA":"Portland-Vancouver-Salem, OR-WA","CD":"4103","SLDL":"41049","SLDU":"41025","SCHOOLYEAR":"2024-2025","District_ID":2182,"District_Name":"Reynolds SD 7","School_ID":4216,"Grades":"Grade(s) K-5","School_Type":"E","County":"Multnomah","Student_Enrollment":168,"Languages_Spoken":11,"Students_Experiencing_Poverty":30,"Teachers":16,"Educational_Assistants":0,"Counselors_Psychologists_Social_Workers":0,"Average_Teacher_Retention_Rate":50,"Experienced_Teachers":50,"Same_Principal_in_the_Last_3_Years":"Yes","English_Language_Arts":48,"Oregon_ELA_Average":43,"Mathematics":31,"Oregon_Mathematics_Average":36,"Science":38,"Oregon_Science_Average":31,"On_Track_to_Graduate":null,"Oregon_On_Track_to_Graduate_Average":null,"On_Time_Graduation_2023_2024":null,"Oregon_On_Time_Graduation_2023_24_Average":null,"Five_Year_Completion_2023_24":null,"Oregon_Five_Year_Completion_2023_24_Average":null,"College_Going_2022_23":null,"Oregon_College_Going_2022_23_Average":null,"OBJECTID_1":284}},{"type":"Feature","id":109,"geometry":{"type":"Point","coordinates":[-122.74749999999995,45.306900000000041]},"properties":{"OBJECTID1":109,"OBJECTID":434,"NCESSCH":"411317000574","LEAID":"4113170","NAME":"Wilsonville High School","STREET":"6800 Wilsonville Rd","CITY":"Wilsonville","STATE":"OR","ZIP":"97070","STFIP":"41","LOCALE":"21","LAT":45.306899999999999,"LON":-122.7475,"CBSA":"38900","NMCBSA":"Portland-Vancouver-Hillsboro, OR-WA","CSA":"440","NMCSA":"Portland-Vancouver-Salem, OR-WA","CD":"4106","SLDL":"41026","SLDU":"41013","SCHOOLYEAR":"2024-2025","District_ID":1922,"District_Name":"West Linn-Wilsonville SD 3J","School_ID":1323,"Grades":"Grade(s) 9-12","School_Type":"H","County":"Clackamas","Student_Enrollment":1237,"Languages_Spoken":31,"Students_Experiencing_Poverty":17,"Teachers":73,"Educational_Assistants":5,"Counselors_Psychologists_Social_Workers":5,"Average_Teacher_Retention_Rate":84,"Experienced_Teachers":84,"Same_Principal_in_the_Last_3_Years":"Yes","English_Language_Arts":null,"Oregon_ELA_Average":null,"Mathematics":null,"Oregon_Mathematics_Average":null,"Science":null,"Oregon_Science_Average":null,"On_Track_to_Graduate":null,"Oregon_On_Track_to_Graduate_Average":87,"On_Time_Graduation_2023_2024":95,"Oregon_On_Time_Graduation_2023_24_Average":82,"Five_Year_Completion_2023_24":93,"Oregon_Five_Year_Completion_2023_24_Average":87,"College_Going_2022_23":66,"Oregon_College_Going_2022_23_Average":66,"OBJECTID_1":407}},{"type":"Feature","id":110,"geometry":{"type":"Point","coordinates":[-122.45869999999996,45.472800000000063]},"properties":{"OBJECTID1":110,"OBJECTID":115,"NCESSCH":"410280001574","LEAID":"4102800","NAME":"Butler Creek Elementary School","STREET":"2789 SW Butler Rd","CITY":"Gresham","STATE":"OR","ZIP":"97080","STFIP":"41","LOCALE":"21","LAT":45.472799999999999,"LON":-122.45869999999999,"CBSA":"38900","NMCBSA":"Portland-Vancouver-Hillsboro, OR-WA","CSA":"440","NMCSA":"Portland-Vancouver-Salem, OR-WA","CD":"4103","SLDL":"41050","SLDU":"41025","SCHOOLYEAR":"2024-2025","District_ID":2185,"District_Name":"Centennial SD 28J","School_ID":3649,"Grades":"Grade(s) K-5","School_Type":"E","County":"Multnomah","Student_Enrollment":510,"Languages_Spoken":33,"Students_Experiencing_Poverty":37,"Teachers":25,"Educational_Assistants":10,"Counselors_Psychologists_Social_Workers":null,"Average_Teacher_Retention_Rate":60,"Experienced_Teachers":60,"Same_Principal_in_the_Last_3_Years":"Yes","English_Language_Arts":42,"Oregon_ELA_Average":43,"Mathematics":33,"Oregon_Mathematics_Average":36,"Science":24,"Oregon_Science_Average":31,"On_Track_to_Graduate":null,"Oregon_On_Track_to_Graduate_Average":null,"On_Time_Graduation_2023_2024":null,"Oregon_On_Time_Graduation_2023_24_Average":null,"Five_Year_Completion_2023_24":null,"Oregon_Five_Year_Completion_2023_24_Average":null,"College_Going_2022_23":null,"Oregon_College_Going_2022_23_Average":null,"OBJECTID_1":137}},{"type":"Feature","id":111,"geometry":{"type":"Point","coordinates":[-122.48854599999999,45.540886000000057]},"properties":{"OBJECTID1":111,"OBJECTID":358,"NCESSCH":"411052001006","LEAID":"4110520","NAME":"Wilkes Elementary School","STREET":"17020 NE Wilkes Rd","CITY":"Portland","STATE":"OR","ZIP":"97230","STFIP":"41","LOCALE":"21","LAT":45.540886,"LON":-122.488546,"CBSA":"38900","NMCBSA":"Portland-Vancouver-Hillsboro, OR-WA","CSA":"440","NMCSA":"Portland-Vancouver-Salem, OR-WA","CD":"4103","SLDL":"41049","SLDU":"41025","SCHOOLYEAR":"2024-2025","District_ID":2182,"District_Name":"Reynolds SD 7","School_ID":952,"Grades":"Grade(s) K-5","School_Type":"E","County":"Multnomah","Student_Enrollment":455,"Languages_Spoken":37,"Students_Experiencing_Poverty":57.999999999999993,"Teachers":31,"Educational_Assistants":17,"Counselors_Psychologists_Social_Workers":3,"Average_Teacher_Retention_Rate":79,"Experienced_Teachers":79,"Same_Principal_in_the_Last_3_Years":"Yes","English_Language_Arts":26,"Oregon_ELA_Average":43,"Mathematics":17,"Oregon_Mathematics_Average":36,"Science":15,"Oregon_Science_Average":31,"On_Track_to_Graduate":null,"Oregon_On_Track_to_Graduate_Average":null,"On_Time_Graduation_2023_2024":null,"Oregon_On_Time_Graduation_2023_24_Average":null,"Five_Year_Completion_2023_24":null,"Oregon_Five_Year_Completion_2023_24_Average":null,"College_Going_2022_23":null,"Oregon_College_Going_2022_23_Average":null,"OBJECTID_1":293}},{"type":"Feature","id":112,"geometry":{"type":"Point","coordinates":[-122.63379999999995,45.38880000000006]},"properties":{"OBJECTID1":112,"OBJECTID":429,"NCESSCH":"411317000053","LEAID":"4113170","NAME":"Cedaroak Park Primary School","STREET":"4515 S Cedaroak Dr","CITY":"West Linn","STATE":"OR","ZIP":"97068","STFIP":"41","LOCALE":"21","LAT":45.388800000000003,"LON":-122.63379999999999,"CBSA":"38900","NMCBSA":"Portland-Vancouver-Hillsboro, OR-WA","CSA":"440","NMCSA":"Portland-Vancouver-Salem, OR-WA","CD":"4105","SLDL":"41037","SLDU":"41019","SCHOOLYEAR":"2024-2025","District_ID":1922,"District_Name":"West Linn-Wilsonville SD 3J","School_ID":45,"Grades":"Grade(s) K-5","School_Type":"E","County":"Clackamas","Student_Enrollment":348,"Languages_Spoken":9,"Students_Experiencing_Poverty":15,"Teachers":22,"Educational_Assistants":9,"Counselors_Psychologists_Social_Workers":1,"Average_Teacher_Retention_Rate":85,"Experienced_Teachers":85,"Same_Principal_in_the_Last_3_Years":"Yes","English_Language_Arts":80,"Oregon_ELA_Average":43,"Mathematics":68,"Oregon_Mathematics_Average":36,"Science":60,"Oregon_Science_Average":31,"On_Track_to_Graduate":null,"Oregon_On_Track_to_Graduate_Average":null,"On_Time_Graduation_2023_2024":null,"Oregon_On_Time_Graduation_2023_24_Average":null,"Five_Year_Completion_2023_24":null,"Oregon_Five_Year_Completion_2023_24_Average":null,"College_Going_2022_23":null,"Oregon_College_Going_2022_23_Average":null,"OBJECTID_1":395}},{"type":"Feature","id":113,"geometry":{"type":"Point","coordinates":[-122.63739999999996,45.547800000000052]},"properties":{"OBJECTID1":113,"OBJECTID":264,"NCESSCH":"411004000867","LEAID":"4110040","NAME":"Alameda Elementary School","STREET":"2732 NE Fremont St","CITY":"Portland","STATE":"OR","ZIP":"97212","STFIP":"41","LOCALE":"11","LAT":45.547800000000002,"LON":-122.6374,"CBSA":"38900","NMCBSA":"Portland-Vancouver-Hillsboro, OR-WA","CSA":"440","NMCSA":"Portland-Vancouver-Salem, OR-WA","CD":"4103","SLDL":"41043","SLDU":"41022","SCHOOLYEAR":"2024-2025","District_ID":2180,"District_Name":"Portland SD 1J","School_ID":824,"Grades":"Grade(s) K-5","School_Type":"E","County":"Multnomah","Student_Enrollment":500,"Languages_Spoken":6,"Students_Experiencing_Poverty":6,"Teachers":24,"Educational_Assistants":9,"Counselors_Psychologists_Social_Workers":2,"Average_Teacher_Retention_Rate":97,"Experienced_Teachers":97,"Same_Principal_in_the_Last_3_Years":"Yes","English_Language_Arts":84,"Oregon_ELA_Average":43,"Mathematics":82,"Oregon_Mathematics_Average":36,"Science":54,"Oregon_Science_Average":31,"On_Track_to_Graduate":null,"Oregon_On_Track_to_Graduate_Average":null,"On_Time_Graduation_2023_2024":null,"Oregon_On_Time_Graduation_2023_24_Average":null,"Five_Year_Completion_2023_24":null,"Oregon_Five_Year_Completion_2023_24_Average":null,"College_Going_2022_23":null,"Oregon_College_Going_2022_23_Average":null,"OBJECTID_1":192}},{"type":"Feature","id":114,"geometry":{"type":"Point","coordinates":[-122.91476499999999,45.491401000000053]},"properties":{"OBJECTID1":114,"OBJECTID":33,"NCESSCH":"410002301750","LEAID":"4100023","NAME":"Rosedale Elementary School","STREET":"3901 SE 67th Ave","CITY":"Beaverton","STATE":"OR","ZIP":"97078","STFIP":"41","LOCALE":"12","LAT":45.491401000000003,"LON":-122.914765,"CBSA":"38900","NMCBSA":"Portland-Vancouver-Hillsboro, OR-WA","CSA":"440","NMCSA":"Portland-Vancouver-Salem, OR-WA","CD":"4101","SLDL":"41036","SLDU":"41018","SCHOOLYEAR":"2024-2025","District_ID":2239,"District_Name":"Hillsboro SD 1J","School_ID":4703,"Grades":"Grade(s) K-6","School_Type":"E","County":"Washington","Student_Enrollment":299,"Languages_Spoken":29,"Students_Experiencing_Poverty":23,"Teachers":17,"Educational_Assistants":9,"Counselors_Psychologists_Social_Workers":1,"Average_Teacher_Retention_Rate":82,"Experienced_Teachers":82,"Same_Principal_in_the_Last_3_Years":"Yes","English_Language_Arts":43,"Oregon_ELA_Average":43,"Mathematics":28.999999999999996,"Oregon_Mathematics_Average":35,"Science":28.000000000000004,"Oregon_Science_Average":31,"On_Track_to_Graduate":null,"Oregon_On_Track_to_Graduate_Average":null,"On_Time_Graduation_2023_2024":null,"Oregon_On_Time_Graduation_2023_24_Average":null,"Five_Year_Completion_2023_24":null,"Oregon_Five_Year_Completion_2023_24_Average":null,"College_Going_2022_23":null,"Oregon_College_Going_2022_23_Average":null,"OBJECTID_1":102}},{"type":"Feature","id":115,"geometry":{"type":"Point","coordinates":[-122.72949999999997,45.427200000000028]},"properties":{"OBJECTID1":115,"OBJECTID":188,"NCESSCH":"410723001378","LEAID":"4107230","NAME":"Oak Creek Elementary School","STREET":"55 Kingsgate Rd","CITY":"Lake Oswego","STATE":"OR","ZIP":"97035","STFIP":"41","LOCALE":"21","LAT":45.427199999999999,"LON":-122.7295,"CBSA":"38900","NMCBSA":"Portland-Vancouver-Hillsboro, OR-WA","CSA":"440","NMCSA":"Portland-Vancouver-Salem, OR-WA","CD":"4105","SLDL":"41038","SLDU":"41019","SCHOOLYEAR":"2024-2025","District_ID":1923,"District_Name":"Lake Oswego SD 7J","School_ID":1288,"Grades":"Grade(s) K-5","School_Type":"E","County":"Clackamas","Student_Enrollment":403,"Languages_Spoken":20,"Students_Experiencing_Poverty":11,"Teachers":26,"Educational_Assistants":15,"Counselors_Psychologists_Social_Workers":2,"Average_Teacher_Retention_Rate":96,"Experienced_Teachers":96,"Same_Principal_in_the_Last_3_Years":"Yes","English_Language_Arts":66,"Oregon_ELA_Average":43,"Mathematics":67,"Oregon_Mathematics_Average":36,"Science":55.000000000000007,"Oregon_Science_Average":31,"On_Track_to_Graduate":null,"Oregon_On_Track_to_Graduate_Average":null,"On_Time_Graduation_2023_2024":null,"Oregon_On_Time_Graduation_2023_24_Average":null,"Five_Year_Completion_2023_24":null,"Oregon_Five_Year_Completion_2023_24_Average":null,"College_Going_2022_23":null,"Oregon_College_Going_2022_23_Average":null,"OBJECTID_1":326}},{"type":"Feature","id":116,"geometry":{"type":"Point","coordinates":[-122.52834299999995,45.479595000000074]},"properties":{"OBJECTID1":116,"OBJECTID":126,"NCESSCH":"410394001030","LEAID":"4103940","NAME":"Gilbert Park Elementary School","STREET":"13132 SE Ramona St","CITY":"Portland","STATE":"OR","ZIP":"97236","STFIP":"41","LOCALE":"11","LAT":45.479595000000003,"LON":-122.52834300000001,"CBSA":"38900","NMCBSA":"Portland-Vancouver-Hillsboro, OR-WA","CSA":"440","NMCSA":"Portland-Vancouver-Salem, OR-WA","CD":"4103","SLDL":"41048","SLDU":"41024","SCHOOLYEAR":"2024-2025","District_ID":2187,"District_Name":"David Douglas SD 40","School_ID":974,"Grades":"Grade(s) K-5","School_Type":"E","County":"Multnomah","Student_Enrollment":515,"Languages_Spoken":31,"Students_Experiencing_Poverty":55.000000000000007,"Teachers":21,"Educational_Assistants":19,"Counselors_Psychologists_Social_Workers":1,"Average_Teacher_Retention_Rate":71,"Experienced_Teachers":71,"Same_Principal_in_the_Last_3_Years":"No","English_Language_Arts":27,"Oregon_ELA_Average":43,"Mathematics":19,"Oregon_Mathematics_Average":36,"Science":23,"Oregon_Science_Average":31,"On_Track_to_Graduate":null,"Oregon_On_Track_to_Graduate_Average":null,"On_Time_Graduation_2023_2024":null,"Oregon_On_Time_Graduation_2023_24_Average":null,"Five_Year_Completion_2023_24":null,"Oregon_Five_Year_Completion_2023_24_Average":null,"College_Going_2022_23":null,"Oregon_College_Going_2022_23_Average":null,"OBJECTID_1":154}},{"type":"Feature","id":117,"geometry":{"type":"Point","coordinates":[-122.53159999999997,45.541300000000035]},"properties":{"OBJECTID1":117,"OBJECTID":256,"NCESSCH":"410948000980","LEAID":"4109480","NAME":"Russell Elementary","STREET":"2700 NE 127th Ave","CITY":"Portland","STATE":"OR","ZIP":"97230","STFIP":"41","LOCALE":"11","LAT":45.5413,"LON":-122.5316,"CBSA":"38900","NMCBSA":"Portland-Vancouver-Hillsboro, OR-WA","CSA":"440","NMCSA":"Portland-Vancouver-Salem, OR-WA","CD":"4103","SLDL":"41047","SLDU":"41024","SCHOOLYEAR":"2024-2025","District_ID":2181,"District_Name":"Parkrose SD 3","School_ID":926,"Grades":"Grade(s) K-5","School_Type":"E","County":"Multnomah","Student_Enrollment":321,"Languages_Spoken":21,"Students_Experiencing_Poverty":40,"Teachers":21,"Educational_Assistants":13,"Counselors_Psychologists_Social_Workers":null,"Average_Teacher_Retention_Rate":81,"Experienced_Teachers":81,"Same_Principal_in_the_Last_3_Years":"Yes","English_Language_Arts":38,"Oregon_ELA_Average":43,"Mathematics":31,"Oregon_Mathematics_Average":36,"Science":21,"Oregon_Science_Average":31,"On_Track_to_Graduate":null,"Oregon_On_Track_to_Graduate_Average":null,"On_Time_Graduation_2023_2024":null,"Oregon_On_Time_Graduation_2023_24_Average":null,"Five_Year_Completion_2023_24":null,"Oregon_Five_Year_Completion_2023_24_Average":null,"College_Going_2022_23":null,"Oregon_College_Going_2022_23_Average":null,"OBJECTID_1":187}},{"type":"Feature","id":118,"geometry":{"type":"Point","coordinates":[-122.80379999999997,45.433800000000076]},"properties":{"OBJECTID1":118,"OBJECTID":422,"NCESSCH":"411224001299","LEAID":"4112240","NAME":"Mary Woodward Elementary School","STREET":"12325 SW Katherine St","CITY":"Tigard","STATE":"OR","ZIP":"97223","STFIP":"41","LOCALE":"13","LAT":45.433799999999998,"LON":-122.8038,"CBSA":"38900","NMCBSA":"Portland-Vancouver-Hillsboro, OR-WA","CSA":"440","NMCSA":"Portland-Vancouver-Salem, OR-WA","CD":"4106","SLDL":"41025","SLDU":"41013","SCHOOLYEAR":"2024-2025","District_ID":2242,"District_Name":"Tigard-Tualatin SD 23J","School_ID":1137,"Grades":"Grade(s) K-5","School_Type":"E","County":"Washington","Student_Enrollment":424,"Languages_Spoken":21,"Students_Experiencing_Poverty":14.000000000000002,"Teachers":24,"Educational_Assistants":9,"Counselors_Psychologists_Social_Workers":null,"Average_Teacher_Retention_Rate":92,"Experienced_Teachers":92,"Same_Principal_in_the_Last_3_Years":"Yes","English_Language_Arts":62,"Oregon_ELA_Average":43,"Mathematics":57.999999999999993,"Oregon_Mathematics_Average":36,"Science":41,"Oregon_Science_Average":31,"On_Track_to_Graduate":null,"Oregon_On_Track_to_Graduate_Average":null,"On_Time_Graduation_2023_2024":null,"Oregon_On_Time_Graduation_2023_24_Average":null,"Five_Year_Completion_2023_24":null,"Oregon_Five_Year_Completion_2023_24_Average":null,"College_Going_2022_23":null,"Oregon_College_Going_2022_23_Average":null,"OBJECTID_1":128}},{"type":"Feature","id":119,"geometry":{"type":"Point","coordinates":[-122.84519999999998,45.430500000000052]},"properties":{"OBJECTID1":119,"OBJECTID":85,"NCESSCH":"410192001430","LEAID":"4101920","NAME":"Scholls Heights Elementary School","STREET":"16400 SW Loon Dr","CITY":"Beaverton","STATE":"OR","ZIP":"97007","STFIP":"41","LOCALE":"13","LAT":45.430500000000002,"LON":-122.84520000000001,"CBSA":"38900","NMCBSA":"Portland-Vancouver-Hillsboro, OR-WA","CSA":"440","NMCSA":"Portland-Vancouver-Salem, OR-WA","CD":"4106","SLDL":"41036","SLDU":"41018","SCHOOLYEAR":"2024-2025","District_ID":2243,"District_Name":"Beaverton SD 48J","School_ID":2781,"Grades":"Grade(s) K-5","School_Type":"E","County":"Washington","Student_Enrollment":605,"Languages_Spoken":27,"Students_Experiencing_Poverty":10,"Teachers":32,"Educational_Assistants":8,"Counselors_Psychologists_Social_Workers":2,"Average_Teacher_Retention_Rate":100,"Experienced_Teachers":100,"Same_Principal_in_the_Last_3_Years":"Yes","English_Language_Arts":69,"Oregon_ELA_Average":43,"Mathematics":62,"Oregon_Mathematics_Average":36,"Science":56.999999999999993,"Oregon_Science_Average":31,"On_Track_to_Graduate":null,"Oregon_On_Track_to_Graduate_Average":null,"On_Time_Graduation_2023_2024":null,"Oregon_On_Time_Graduation_2023_24_Average":null,"Five_Year_Completion_2023_24":null,"Oregon_Five_Year_Completion_2023_24_Average":null,"College_Going_2022_23":null,"Oregon_College_Going_2022_23_Average":null,"OBJECTID_1":47}},{"type":"Feature","id":120,"geometry":{"type":"Point","coordinates":[-122.71421499999997,45.448557000000051]},"properties":{"OBJECTID1":120,"OBJECTID":338,"NCESSCH":"411004001365","LEAID":"4110040","NAME":"Jackson Middle School","STREET":"10625 SW 35th","CITY":"Portland","STATE":"OR","ZIP":"97219","STFIP":"41","LOCALE":"11","LAT":45.448557000000001,"LON":-122.714215,"CBSA":"38900","NMCBSA":"Portland-Vancouver-Hillsboro, OR-WA","CSA":"440","NMCSA":"Portland-Vancouver-Salem, OR-WA","CD":"4105","SLDL":"41038","SLDU":"41019","SCHOOLYEAR":"2024-2025","District_ID":2180,"District_Name":"Portland SD 1J","School_ID":1277,"Grades":"Grade(s) 6-8","School_Type":"M","County":"Multnomah","Student_Enrollment":710,"Languages_Spoken":22,"Students_Experiencing_Poverty":18,"Teachers":37,"Educational_Assistants":6,"Counselors_Psychologists_Social_Workers":2,"Average_Teacher_Retention_Rate":91,"Experienced_Teachers":91,"Same_Principal_in_the_Last_3_Years":"Yes","English_Language_Arts":67,"Oregon_ELA_Average":43,"Mathematics":56.999999999999993,"Oregon_Mathematics_Average":30,"Science":57.999999999999993,"Oregon_Science_Average":28.000000000000004,"On_Track_to_Graduate":null,"Oregon_On_Track_to_Graduate_Average":null,"On_Time_Graduation_2023_2024":null,"Oregon_On_Time_Graduation_2023_24_Average":null,"Five_Year_Completion_2023_24":null,"Oregon_Five_Year_Completion_2023_24_Average":null,"College_Going_2022_23":null,"Oregon_College_Going_2022_23_Average":null,"OBJECTID_1":230}},{"type":"Feature","id":121,"geometry":{"type":"Point","coordinates":[-122.62607599999996,45.361293000000046]},"properties":{"OBJECTID1":121,"OBJECTID":431,"NCESSCH":"411317000055","LEAID":"4113170","NAME":"Sunset Primary School","STREET":"2351 Oxford St","CITY":"West Linn","STATE":"OR","ZIP":"97068","STFIP":"41","LOCALE":"21","LAT":45.361293000000003,"LON":-122.626076,"CBSA":"38900","NMCBSA":"Portland-Vancouver-Hillsboro, OR-WA","CSA":"440","NMCSA":"Portland-Vancouver-Salem, OR-WA","CD":"4105","SLDL":"41037","SLDU":"41019","SCHOOLYEAR":"2024-2025","District_ID":1922,"District_Name":"West Linn-Wilsonville SD 3J","School_ID":48,"Grades":"Grade(s) K-5","School_Type":"E","County":"Clackamas","Student_Enrollment":377,"Languages_Spoken":31,"Students_Experiencing_Poverty":13,"Teachers":23,"Educational_Assistants":12,"Counselors_Psychologists_Social_Workers":1,"Average_Teacher_Retention_Rate":94,"Experienced_Teachers":94,"Same_Principal_in_the_Last_3_Years":"Yes","English_Language_Arts":62,"Oregon_ELA_Average":43,"Mathematics":55.000000000000007,"Oregon_Mathematics_Average":36,"Science":52,"Oregon_Science_Average":31,"On_Track_to_Graduate":null,"Oregon_On_Track_to_Graduate_Average":null,"On_Time_Graduation_2023_2024":null,"Oregon_On_Time_Graduation_2023_24_Average":null,"Five_Year_Completion_2023_24":null,"Oregon_Five_Year_Completion_2023_24_Average":null,"College_Going_2022_23":null,"Oregon_College_Going_2022_23_Average":null,"OBJECTID_1":402}},{"type":"Feature","id":122,"geometry":{"type":"Point","coordinates":[-122.56519999999995,45.374100000000055]},"properties":{"OBJECTID1":122,"OBJECTID":244,"NCESSCH":"410933000114","LEAID":"4109330","NAME":"Holcomb Elementary School","STREET":"14625 S Holcomb Blvd","CITY":"Oregon City","STATE":"OR","ZIP":"97045","STFIP":"41","LOCALE":"21","LAT":45.374099999999999,"LON":-122.5652,"CBSA":"38900","NMCBSA":"Portland-Vancouver-Hillsboro, OR-WA","CSA":"440","NMCSA":"Portland-Vancouver-Salem, OR-WA","CD":"4105","SLDL":"41040","SLDU":"41020","SCHOOLYEAR":"2024-2025","District_ID":1928,"District_Name":"Oregon City SD 62","School_ID":107,"Grades":"Grade(s) K-5","School_Type":"E","County":"Clackamas","Student_Enrollment":520,"Languages_Spoken":12,"Students_Experiencing_Poverty":40,"Teachers":24,"Educational_Assistants":4,"Counselors_Psychologists_Social_Workers":2,"Average_Teacher_Retention_Rate":67,"Experienced_Teachers":67,"Same_Principal_in_the_Last_3_Years":"Yes","English_Language_Arts":41,"Oregon_ELA_Average":43,"Mathematics":33,"Oregon_Mathematics_Average":36,"Science":42,"Oregon_Science_Average":31,"On_Track_to_Graduate":null,"Oregon_On_Track_to_Graduate_Average":null,"On_Time_Graduation_2023_2024":null,"Oregon_On_Time_Graduation_2023_24_Average":null,"Five_Year_Completion_2023_24":null,"Oregon_Five_Year_Completion_2023_24_Average":null,"College_Going_2022_23":null,"Oregon_College_Going_2022_23_Average":null,"OBJECTID_1":374}},{"type":"Feature","id":123,"geometry":{"type":"Point","coordinates":[-122.75136799999996,45.475900000000081]},"properties":{"OBJECTID1":123,"OBJECTID":62,"NCESSCH":"410192001222","LEAID":"4101920","NAME":"Montclair Elementary School","STREET":"7250 SW Vermont","CITY":"Portland","STATE":"OR","ZIP":"97223","STFIP":"41","LOCALE":"13","LAT":45.475900000000003,"LON":-122.751368,"CBSA":"38900","NMCBSA":"Portland-Vancouver-Hillsboro, OR-WA","CSA":"440","NMCSA":"Portland-Vancouver-Salem, OR-WA","CD":"4106","SLDL":"41028","SLDU":"41014","SCHOOLYEAR":"2024-2025","District_ID":2243,"District_Name":"Beaverton SD 48J","School_ID":1170,"Grades":"Grade(s) K-5","School_Type":"E","County":"Washington","Student_Enrollment":280,"Languages_Spoken":14,"Students_Experiencing_Poverty":19,"Teachers":17,"Educational_Assistants":5,"Counselors_Psychologists_Social_Workers":2,"Average_Teacher_Retention_Rate":94,"Experienced_Teachers":94,"Same_Principal_in_the_Last_3_Years":"Yes","English_Language_Arts":67,"Oregon_ELA_Average":43,"Mathematics":50,"Oregon_Mathematics_Average":36,"Science":64,"Oregon_Science_Average":31,"On_Track_to_Graduate":null,"Oregon_On_Track_to_Graduate_Average":null,"On_Time_Graduation_2023_2024":null,"Oregon_On_Time_Graduation_2023_24_Average":null,"Five_Year_Completion_2023_24":null,"Oregon_Five_Year_Completion_2023_24_Average":null,"College_Going_2022_23":null,"Oregon_College_Going_2022_23_Average":null,"OBJECTID_1":37}},{"type":"Feature","id":124,"geometry":{"type":"Point","coordinates":[-122.86319999999995,45.466300000000047]},"properties":{"OBJECTID1":124,"OBJECTID":83,"NCESSCH":"410192001301","LEAID":"4101920","NAME":"Errol Hassell Elementary School","STREET":"18100 SW Bany Rd","CITY":"Beaverton","STATE":"OR","ZIP":"97007","STFIP":"41","LOCALE":"21","LAT":45.466299999999997,"LON":-122.86320000000001,"CBSA":"38900","NMCBSA":"Portland-Vancouver-Hillsboro, OR-WA","CSA":"440","NMCSA":"Portland-Vancouver-Salem, OR-WA","CD":"4101","SLDL":"41036","SLDU":"41018","SCHOOLYEAR":"2024-2025","District_ID":2243,"District_Name":"Beaverton SD 48J","School_ID":1161,"Grades":"Grade(s) K-5","School_Type":"E","County":"Washington","Student_Enrollment":327,"Languages_Spoken":16,"Students_Experiencing_Poverty":22,"Teachers":20,"Educational_Assistants":8,"Counselors_Psychologists_Social_Workers":2,"Average_Teacher_Retention_Rate":80,"Experienced_Teachers":80,"Same_Principal_in_the_Last_3_Years":"Yes","English_Language_Arts":50,"Oregon_ELA_Average":43,"Mathematics":43,"Oregon_Mathematics_Average":36,"Science":31,"Oregon_Science_Average":31,"On_Track_to_Graduate":null,"Oregon_On_Track_to_Graduate_Average":null,"On_Time_Graduation_2023_2024":null,"Oregon_On_Time_Graduation_2023_24_Average":null,"Five_Year_Completion_2023_24":null,"Oregon_Five_Year_Completion_2023_24_Average":null,"College_Going_2022_23":null,"Oregon_College_Going_2022_23_Average":null,"OBJECTID_1":21}},{"type":"Feature","id":125,"geometry":{"type":"Point","coordinates":[-122.62889999999999,45.468700000000069]},"properties":{"OBJECTID1":125,"OBJECTID":280,"NCESSCH":"411004000887","LEAID":"4110040","NAME":"Duniway Elementary School","STREET":"7700 SE Reed College Pl","CITY":"Portland","STATE":"OR","ZIP":"97202","STFIP":"41","LOCALE":"11","LAT":45.468699999999998,"LON":-122.6289,"CBSA":"38900","NMCBSA":"Portland-Vancouver-Hillsboro, OR-WA","CSA":"440","NMCSA":"Portland-Vancouver-Salem, OR-WA","CD":"4105","SLDL":"41041","SLDU":"41021","SCHOOLYEAR":"2024-2025","District_ID":2180,"District_Name":"Portland SD 1J","School_ID":844,"Grades":"Grade(s) K-5","School_Type":"E","County":"Multnomah","Student_Enrollment":386,"Languages_Spoken":9,"Students_Experiencing_Poverty":7.0000000000000009,"Teachers":17,"Educational_Assistants":4,"Counselors_Psychologists_Social_Workers":1,"Average_Teacher_Retention_Rate":94,"Experienced_Teachers":94,"Same_Principal_in_the_Last_3_Years":"No","English_Language_Arts":70,"Oregon_ELA_Average":43,"Mathematics":73,"Oregon_Mathematics_Average":36,"Science":62,"Oregon_Science_Average":31,"On_Track_to_Graduate":null,"Oregon_On_Track_to_Graduate_Average":null,"On_Time_Graduation_2023_2024":null,"Oregon_On_Time_Graduation_2023_24_Average":null,"Five_Year_Completion_2023_24":null,"Oregon_Five_Year_Completion_2023_24_Average":null,"College_Going_2022_23":null,"Oregon_College_Going_2022_23_Average":null,"OBJECTID_1":214}},{"type":"Feature","id":126,"geometry":{"type":"Point","coordinates":[-122.56039999999996,45.319900000000075]},"properties":{"OBJECTID1":126,"OBJECTID":249,"NCESSCH":"410933000126","LEAID":"4109330","NAME":"Oregon City Senior High School","STREET":"19761 S Beavercreek Rd","CITY":"Oregon City","STATE":"OR","ZIP":"97045","STFIP":"41","LOCALE":"21","LAT":45.319899999999997,"LON":-122.5604,"CBSA":"38900","NMCBSA":"Portland-Vancouver-Hillsboro, OR-WA","CSA":"440","NMCSA":"Portland-Vancouver-Salem, OR-WA","CD":"4105","SLDL":"41040","SLDU":"41020","SCHOOLYEAR":"2024-2025","District_ID":1928,"District_Name":"Oregon City SD 62","School_ID":118,"Grades":"Grade(s) 9-12","School_Type":"H","County":"Clackamas","Student_Enrollment":1816,"Languages_Spoken":35,"Students_Experiencing_Poverty":21,"Teachers":75,"Educational_Assistants":2,"Counselors_Psychologists_Social_Workers":5,"Average_Teacher_Retention_Rate":93,"Experienced_Teachers":93,"Same_Principal_in_the_Last_3_Years":"No","English_Language_Arts":null,"Oregon_ELA_Average":null,"Mathematics":null,"Oregon_Mathematics_Average":null,"Science":null,"Oregon_Science_Average":null,"On_Track_to_Graduate":89,"Oregon_On_Track_to_Graduate_Average":87,"On_Time_Graduation_2023_2024":90,"Oregon_On_Time_Graduation_2023_24_Average":82,"Five_Year_Completion_2023_24":92,"Oregon_Five_Year_Completion_2023_24_Average":87,"College_Going_2022_23":60,"Oregon_College_Going_2022_23_Average":60,"OBJECTID_1":376}},{"type":"Feature","id":127,"geometry":{"type":"Point","coordinates":[-122.52579999999995,45.508400000000051]},"properties":{"OBJECTID1":127,"OBJECTID":127,"NCESSCH":"410394001031","LEAID":"4103940","NAME":"Lincoln Park Elementary School","STREET":"13200 SE Lincoln St","CITY":"Portland","STATE":"OR","ZIP":"97233","STFIP":"41","LOCALE":"11","LAT":45.508400000000002,"LON":-122.5258,"CBSA":"38900","NMCBSA":"Portland-Vancouver-Hillsboro, OR-WA","CSA":"440","NMCSA":"Portland-Vancouver-Salem, OR-WA","CD":"4103","SLDL":"41047","SLDU":"41024","SCHOOLYEAR":"2024-2025","District_ID":2187,"District_Name":"David Douglas SD 40","School_ID":975,"Grades":"Grade(s) K-5","School_Type":"E","County":"Multnomah","Student_Enrollment":459,"Languages_Spoken":27,"Students_Experiencing_Poverty":57.999999999999993,"Teachers":25,"Educational_Assistants":14,"Counselors_Psychologists_Social_Workers":1,"Average_Teacher_Retention_Rate":80,"Experienced_Teachers":80,"Same_Principal_in_the_Last_3_Years":"Yes","English_Language_Arts":21,"Oregon_ELA_Average":43,"Mathematics":17,"Oregon_Mathematics_Average":36,"Science":14.000000000000002,"Oregon_Science_Average":31,"On_Track_to_Graduate":null,"Oregon_On_Track_to_Graduate_Average":null,"On_Time_Graduation_2023_2024":null,"Oregon_On_Time_Graduation_2023_24_Average":null,"Five_Year_Completion_2023_24":null,"Oregon_Five_Year_Completion_2023_24_Average":null,"College_Going_2022_23":null,"Oregon_College_Going_2022_23_Average":null,"OBJECTID_1":155}},{"type":"Feature","id":128,"geometry":{"type":"Point","coordinates":[-122.41989999999998,45.510800000000074]},"properties":{"OBJECTID1":128,"OBJECTID":174,"NCESSCH":"410600001733","LEAID":"4106000","NAME":"Gresham Arthur Academy","STREET":"1890 NE Cleveland Ave","CITY":"Gresham","STATE":"OR","ZIP":"97030","STFIP":"41","LOCALE":"21","LAT":45.510800000000003,"LON":-122.4199,"CBSA":"38900","NMCBSA":"Portland-Vancouver-Hillsboro, OR-WA","CSA":"440","NMCSA":"Portland-Vancouver-Salem, OR-WA","CD":"4103","SLDL":"41049","SLDU":"41025","SCHOOLYEAR":"2024-2025","District_ID":2183,"District_Name":"Gresham-Barlow SD 10J","School_ID":4601,"Grades":"Grade(s) K-5","School_Type":"E","County":"Multnomah","Student_Enrollment":159,"Languages_Spoken":10,"Students_Experiencing_Poverty":16,"Teachers":10,"Educational_Assistants":0,"Counselors_Psychologists_Social_Workers":0,"Average_Teacher_Retention_Rate":56.999999999999993,"Experienced_Teachers":56.999999999999993,"Same_Principal_in_the_Last_3_Years":"Yes","English_Language_Arts":72,"Oregon_ELA_Average":43,"Mathematics":50,"Oregon_Mathematics_Average":36,"Science":63,"Oregon_Science_Average":31,"On_Track_to_Graduate":null,"Oregon_On_Track_to_Graduate_Average":null,"On_Time_Graduation_2023_2024":null,"Oregon_On_Time_Graduation_2023_24_Average":null,"Five_Year_Completion_2023_24":null,"Oregon_Five_Year_Completion_2023_24_Average":null,"College_Going_2022_23":null,"Oregon_College_Going_2022_23_Average":null,"OBJECTID_1":168}},{"type":"Feature","id":129,"geometry":{"type":"Point","coordinates":[-122.70129999999995,45.482400000000041]},"properties":{"OBJECTID1":129,"OBJECTID":284,"NCESSCH":"411004000896","LEAID":"4110040","NAME":"Gray Middle School","STREET":"5505 SW 23rd Ave","CITY":"Portland","STATE":"OR","ZIP":"97239","STFIP":"41","LOCALE":"11","LAT":45.482399999999998,"LON":-122.7013,"CBSA":"38900","NMCBSA":"Portland-Vancouver-Hillsboro, OR-WA","CSA":"440","NMCSA":"Portland-Vancouver-Salem, OR-WA","CD":"4101","SLDL":"41028","SLDU":"41014","SCHOOLYEAR":"2024-2025","District_ID":2180,"District_Name":"Portland SD 1J","School_ID":852,"Grades":"Grade(s) 6-8","School_Type":"M","County":"Multnomah","Student_Enrollment":438,"Languages_Spoken":21,"Students_Experiencing_Poverty":16,"Teachers":24,"Educational_Assistants":4,"Counselors_Psychologists_Social_Workers":2,"Average_Teacher_Retention_Rate":95,"Experienced_Teachers":95,"Same_Principal_in_the_Last_3_Years":"Yes","English_Language_Arts":72,"Oregon_ELA_Average":43,"Mathematics":57.999999999999993,"Oregon_Mathematics_Average":30,"Science":56.000000000000007,"Oregon_Science_Average":28.000000000000004,"On_Track_to_Graduate":null,"Oregon_On_Track_to_Graduate_Average":null,"On_Time_Graduation_2023_2024":null,"Oregon_On_Time_Graduation_2023_24_Average":null,"Five_Year_Completion_2023_24":null,"Oregon_Five_Year_Completion_2023_24_Average":null,"College_Going_2022_23":null,"Oregon_College_Going_2022_23_Average":null,"OBJECTID_1":222}},{"type":"Feature","id":130,"geometry":{"type":"Point","coordinates":[-122.52886699999999,45.418536000000074]},"properties":{"OBJECTID1":130,"OBJECTID":223,"NCESSCH":"410883001379","LEAID":"4108830","NAME":"Rock Creek Middle School","STREET":"14331 SE 132nd Ave","CITY":"Clackamas","STATE":"OR","ZIP":"97015","STFIP":"41","LOCALE":"21","LAT":45.418536000000003,"LON":-122.52886700000001,"CBSA":"38900","NMCBSA":"Portland-Vancouver-Hillsboro, OR-WA","CSA":"440","NMCSA":"Portland-Vancouver-Salem, OR-WA","CD":"4105","SLDL":"41039","SLDU":"41020","SCHOOLYEAR":"2024-2025","District_ID":1924,"District_Name":"North Clackamas SD 12","School_ID":4767,"Grades":"Grade(s) 6-8","School_Type":"M","County":"Clackamas","Student_Enrollment":884,"Languages_Spoken":23,"Students_Experiencing_Poverty":19,"Teachers":47,"Educational_Assistants":8,"Counselors_Psychologists_Social_Workers":3,"Average_Teacher_Retention_Rate":68,"Experienced_Teachers":68,"Same_Principal_in_the_Last_3_Years":"Yes","English_Language_Arts":37,"Oregon_ELA_Average":43,"Mathematics":32,"Oregon_Mathematics_Average":30,"Science":23,"Oregon_Science_Average":28.000000000000004,"On_Track_to_Graduate":null,"Oregon_On_Track_to_Graduate_Average":null,"On_Time_Graduation_2023_2024":null,"Oregon_On_Time_Graduation_2023_24_Average":null,"Five_Year_Completion_2023_24":null,"Oregon_Five_Year_Completion_2023_24_Average":null,"College_Going_2022_23":null,"Oregon_College_Going_2022_23_Average":null,"OBJECTID_1":359}},{"type":"Feature","id":131,"geometry":{"type":"Point","coordinates":[-122.44069999999999,45.529100000000028]},"properties":{"OBJECTID1":131,"OBJECTID":362,"NCESSCH":"411052001209","LEAID":"4110520","NAME":"Woodland Elementary","STREET":"21607 NE Glisan Street","CITY":"Fairview","STATE":"OR","ZIP":"97024","STFIP":"41","LOCALE":"21","LAT":45.5291,"LON":-122.44070000000001,"CBSA":"38900","NMCBSA":"Portland-Vancouver-Hillsboro, OR-WA","CSA":"440","NMCSA":"Portland-Vancouver-Salem, OR-WA","CD":"4103","SLDL":"41049","SLDU":"41025","SCHOOLYEAR":"2024-2025","District_ID":2182,"District_Name":"Reynolds SD 7","School_ID":1365,"Grades":"Grade(s) K-5","School_Type":"E","County":"Multnomah","Student_Enrollment":401,"Languages_Spoken":26,"Students_Experiencing_Poverty":52,"Teachers":28,"Educational_Assistants":17,"Counselors_Psychologists_Social_Workers":3,"Average_Teacher_Retention_Rate":78,"Experienced_Teachers":78,"Same_Principal_in_the_Last_3_Years":"Yes","English_Language_Arts":25,"Oregon_ELA_Average":43,"Mathematics":12,"Oregon_Mathematics_Average":36,"Science":11,"Oregon_Science_Average":31,"On_Track_to_Graduate":null,"Oregon_On_Track_to_Graduate_Average":null,"On_Time_Graduation_2023_2024":null,"Oregon_On_Time_Graduation_2023_24_Average":null,"Five_Year_Completion_2023_24":null,"Oregon_Five_Year_Completion_2023_24_Average":null,"College_Going_2022_23":null,"Oregon_College_Going_2022_23_Average":null,"OBJECTID_1":294}},{"type":"Feature","id":132,"geometry":{"type":"Point","coordinates":[-122.81149999999997,45.54970000000003]},"properties":{"OBJECTID1":132,"OBJECTID":81,"NCESSCH":"410192001262","LEAID":"4101920","NAME":"Findley Elementary","STREET":"4155 NW Saltzman Rd","CITY":"Portland","STATE":"OR","ZIP":"97229","STFIP":"41","LOCALE":"21","LAT":45.549700000000001,"LON":-122.8115,"CBSA":"38900","NMCBSA":"Portland-Vancouver-Hillsboro, OR-WA","CSA":"440","NMCSA":"Portland-Vancouver-Salem, OR-WA","CD":"4101","SLDL":"41034","SLDU":"41017","SCHOOLYEAR":"2024-2025","District_ID":2243,"District_Name":"Beaverton SD 48J","School_ID":1370,"Grades":"Grade(s) K-5","School_Type":"E","County":"Washington","Student_Enrollment":549,"Languages_Spoken":38,"Students_Experiencing_Poverty":null,"Teachers":29,"Educational_Assistants":6,"Counselors_Psychologists_Social_Workers":2,"Average_Teacher_Retention_Rate":81,"Experienced_Teachers":81,"Same_Principal_in_the_Last_3_Years":"Yes","English_Language_Arts":79,"Oregon_ELA_Average":43,"Mathematics":81,"Oregon_Mathematics_Average":36,"Science":69,"Oregon_Science_Average":31,"On_Track_to_Graduate":null,"Oregon_On_Track_to_Graduate_Average":null,"On_Time_Graduation_2023_2024":null,"Oregon_On_Time_Graduation_2023_24_Average":null,"Five_Year_Completion_2023_24":null,"Oregon_Five_Year_Completion_2023_24_Average":null,"College_Going_2022_23":null,"Oregon_College_Going_2022_23_Average":null,"OBJECTID_1":22}},{"type":"Feature","id":133,"geometry":{"type":"Point","coordinates":[-122.63709999999998,45.506200000000035]},"properties":{"OBJECTID1":133,"OBJECTID":288,"NCESSCH":"411004000902","LEAID":"4110040","NAME":"Hosford Middle School","STREET":"2303 SE 28th Pl","CITY":"Portland","STATE":"OR","ZIP":"97214","STFIP":"41","LOCALE":"11","LAT":45.5062,"LON":-122.6371,"CBSA":"38900","NMCBSA":"Portland-Vancouver-Hillsboro, OR-WA","CSA":"440","NMCSA":"Portland-Vancouver-Salem, OR-WA","CD":"4101","SLDL":"41042","SLDU":"41021","SCHOOLYEAR":"2024-2025","District_ID":2180,"District_Name":"Portland SD 1J","School_ID":858,"Grades":"Grade(s) 6-8","School_Type":"M","County":"Multnomah","Student_Enrollment":526,"Languages_Spoken":19,"Students_Experiencing_Poverty":21,"Teachers":28,"Educational_Assistants":5,"Counselors_Psychologists_Social_Workers":2,"Average_Teacher_Retention_Rate":92,"Experienced_Teachers":92,"Same_Principal_in_the_Last_3_Years":"Yes","English_Language_Arts":67,"Oregon_ELA_Average":43,"Mathematics":52,"Oregon_Mathematics_Average":30,"Science":46,"Oregon_Science_Average":28.000000000000004,"On_Track_to_Graduate":null,"Oregon_On_Track_to_Graduate_Average":null,"On_Time_Graduation_2023_2024":null,"Oregon_On_Time_Graduation_2023_24_Average":null,"Five_Year_Completion_2023_24":null,"Oregon_Five_Year_Completion_2023_24_Average":null,"College_Going_2022_23":null,"Oregon_College_Going_2022_23_Average":null,"OBJECTID_1":227}},{"type":"Feature","id":134,"geometry":{"type":"Point","coordinates":[-122.99549999999999,45.530600000000049]},"properties":{"OBJECTID1":134,"OBJECTID":7,"NCESSCH":"410002301172","LEAID":"4100023","NAME":"W Verne McKinney Elementary School","STREET":"535 NW Darnielle St","CITY":"Hillsboro","STATE":"OR","ZIP":"97124","STFIP":"41","LOCALE":"12","LAT":45.5306,"LON":-122.99550000000001,"CBSA":"38900","NMCBSA":"Portland-Vancouver-Hillsboro, OR-WA","CSA":"440","NMCSA":"Portland-Vancouver-Salem, OR-WA","CD":"4101","SLDL":"41029","SLDU":"41015","SCHOOLYEAR":"2024-2025","District_ID":2239,"District_Name":"Hillsboro SD 1J","School_ID":1114,"Grades":"Grade(s) K-6","School_Type":"E","County":"Washington","Student_Enrollment":392,"Languages_Spoken":13,"Students_Experiencing_Poverty":44,"Teachers":23,"Educational_Assistants":14,"Counselors_Psychologists_Social_Workers":2,"Average_Teacher_Retention_Rate":92,"Experienced_Teachers":92,"Same_Principal_in_the_Last_3_Years":"Yes","English_Language_Arts":35,"Oregon_ELA_Average":43,"Mathematics":30,"Oregon_Mathematics_Average":35,"Science":30,"Oregon_Science_Average":31,"On_Track_to_Graduate":null,"Oregon_On_Track_to_Graduate_Average":null,"On_Time_Graduation_2023_2024":null,"Oregon_On_Time_Graduation_2023_24_Average":null,"Five_Year_Completion_2023_24":null,"Oregon_Five_Year_Completion_2023_24_Average":null,"College_Going_2022_23":null,"Oregon_College_Going_2022_23_Average":null,"OBJECTID_1":107}},{"type":"Feature","id":135,"geometry":{"type":"Point","coordinates":[-122.84819499999998,45.506122000000062]},"properties":{"OBJECTID1":135,"OBJECTID":46,"NCESSCH":"410192000220","LEAID":"4101920","NAME":"Community School","STREET":"1841 SW Merlo Dr","CITY":"Beaverton","STATE":"OR","ZIP":"97003","STFIP":"41","LOCALE":"13","LAT":45.506121999999998,"LON":-122.848195,"CBSA":"38900","NMCBSA":"Portland-Vancouver-Hillsboro, OR-WA","CSA":"440","NMCSA":"Portland-Vancouver-Salem, OR-WA","CD":"4101","SLDL":"41035","SLDU":"41018","SCHOOLYEAR":"2024-2025","District_ID":2243,"District_Name":"Beaverton SD 48J","School_ID":1305,"Grades":"Grade(s) 9-12","School_Type":"H","County":"Washington","Student_Enrollment":136,"Languages_Spoken":4,"Students_Experiencing_Poverty":40,"Teachers":16,"Educational_Assistants":5,"Counselors_Psychologists_Social_Workers":5,"Average_Teacher_Retention_Rate":87,"Experienced_Teachers":87,"Same_Principal_in_the_Last_3_Years":"Yes","English_Language_Arts":null,"Oregon_ELA_Average":null,"Mathematics":null,"Oregon_Mathematics_Average":null,"Science":null,"Oregon_Science_Average":null,"On_Track_to_Graduate":86,"Oregon_On_Track_to_Graduate_Average":87,"On_Time_Graduation_2023_2024":52,"Oregon_On_Time_Graduation_2023_24_Average":82,"Five_Year_Completion_2023_24":69,"Oregon_Five_Year_Completion_2023_24_Average":87,"College_Going_2022_23":46,"Oregon_College_Going_2022_23_Average":46,"OBJECTID_1":17}},{"type":"Feature","id":136,"geometry":{"type":"Point","coordinates":[-122.99259999999998,45.546200000000056]},"properties":{"OBJECTID1":136,"OBJECTID":29,"NCESSCH":"410002301500","LEAID":"4100023","NAME":"Paul L Patterson Elementary School","STREET":"261 NE Lenox St","CITY":"Hillsboro","STATE":"OR","ZIP":"97124","STFIP":"41","LOCALE":"12","LAT":45.546199999999999,"LON":-122.9926,"CBSA":"38900","NMCBSA":"Portland-Vancouver-Hillsboro, OR-WA","CSA":"440","NMCSA":"Portland-Vancouver-Salem, OR-WA","CD":"4101","SLDL":"41029","SLDU":"41015","SCHOOLYEAR":"2024-2025","District_ID":2239,"District_Name":"Hillsboro SD 1J","School_ID":3159,"Grades":"Grade(s) K-6","School_Type":"E","County":"Washington","Student_Enrollment":349,"Languages_Spoken":14,"Students_Experiencing_Poverty":18,"Teachers":20,"Educational_Assistants":10,"Counselors_Psychologists_Social_Workers":null,"Average_Teacher_Retention_Rate":94,"Experienced_Teachers":94,"Same_Principal_in_the_Last_3_Years":"Yes","English_Language_Arts":65,"Oregon_ELA_Average":43,"Mathematics":51,"Oregon_Mathematics_Average":35,"Science":55.000000000000007,"Oregon_Science_Average":31,"On_Track_to_Graduate":null,"Oregon_On_Track_to_Graduate_Average":null,"On_Time_Graduation_2023_2024":null,"Oregon_On_Time_Graduation_2023_24_Average":null,"Five_Year_Completion_2023_24":null,"Oregon_Five_Year_Completion_2023_24_Average":null,"College_Going_2022_23":null,"Oregon_College_Going_2022_23_Average":null,"OBJECTID_1":98}},{"type":"Feature","id":137,"geometry":{"type":"Point","coordinates":[-122.81839999999994,45.506300000000067]},"properties":{"OBJECTID1":137,"OBJECTID":50,"NCESSCH":"410192001205","LEAID":"4101920","NAME":"Barnes Elementary School","STREET":"13730 SW Walker Rd","CITY":"Beaverton","STATE":"OR","ZIP":"97005","STFIP":"41","LOCALE":"21","LAT":45.506300000000003,"LON":-122.8184,"CBSA":"38900","NMCBSA":"Portland-Vancouver-Hillsboro, OR-WA","CSA":"440","NMCSA":"Portland-Vancouver-Salem, OR-WA","CD":"4101","SLDL":"41035","SLDU":"41018","SCHOOLYEAR":"2024-2025","District_ID":2243,"District_Name":"Beaverton SD 48J","School_ID":1154,"Grades":"Grade(s) K-5","School_Type":"E","County":"Washington","Student_Enrollment":431,"Languages_Spoken":9,"Students_Experiencing_Poverty":43,"Teachers":32,"Educational_Assistants":7,"Counselors_Psychologists_Social_Workers":3,"Average_Teacher_Retention_Rate":91,"Experienced_Teachers":91,"Same_Principal_in_the_Last_3_Years":"Yes","English_Language_Arts":18,"Oregon_ELA_Average":43,"Mathematics":21,"Oregon_Mathematics_Average":36,"Science":18,"Oregon_Science_Average":31,"On_Track_to_Graduate":null,"Oregon_On_Track_to_Graduate_Average":null,"On_Time_Graduation_2023_2024":null,"Oregon_On_Time_Graduation_2023_24_Average":null,"Five_Year_Completion_2023_24":null,"Oregon_Five_Year_Completion_2023_24_Average":null,"College_Going_2022_23":null,"Oregon_College_Going_2022_23_Average":null,"OBJECTID_1":8}},{"type":"Feature","id":138,"geometry":{"type":"Point","coordinates":[-122.65599599999996,45.439960000000042]},"properties":{"OBJECTID1":138,"OBJECTID":371,"NCESSCH":"411056001039","LEAID":"4110560","NAME":"Riverdale Grade School","STREET":"11733 S Breyman Ave","CITY":"Portland","STATE":"OR","ZIP":"97219","STFIP":"41","LOCALE":"21","LAT":45.439959999999999,"LON":-122.655996,"CBSA":"38900","NMCBSA":"Portland-Vancouver-Hillsboro, OR-WA","CSA":"440","NMCSA":"Portland-Vancouver-Salem, OR-WA","CD":"4105","SLDL":"41038","SLDU":"41019","SCHOOLYEAR":"2024-2025","District_ID":2188,"District_Name":"Riverdale SD 51J","School_ID":985,"Grades":"Grade(s) K-8","School_Type":"E","County":"Multnomah","Student_Enrollment":408,"Languages_Spoken":9,"Students_Experiencing_Poverty":null,"Teachers":25,"Educational_Assistants":5,"Counselors_Psychologists_Social_Workers":1,"Average_Teacher_Retention_Rate":96,"Experienced_Teachers":96,"Same_Principal_in_the_Last_3_Years":"Yes","English_Language_Arts":87,"Oregon_ELA_Average":43,"Mathematics":80,"Oregon_Mathematics_Average":33,"Science":72,"Oregon_Science_Average":28.999999999999996,"On_Track_to_Graduate":null,"Oregon_On_Track_to_Graduate_Average":null,"On_Time_Graduation_2023_2024":null,"Oregon_On_Time_Graduation_2023_24_Average":null,"Five_Year_Completion_2023_24":null,"Oregon_Five_Year_Completion_2023_24_Average":null,"College_Going_2022_23":null,"Oregon_College_Going_2022_23_Average":null,"OBJECTID_1":295}},{"type":"Feature","id":139,"geometry":{"type":"Point","coordinates":[-123.09883699999995,45.508453000000031]},"properties":{"OBJECTID1":139,"OBJECTID":152,"NCESSCH":"410516011373","LEAID":"4105160","NAME":"Community Alternative Learning Center","STREET":"2701 Taylor Way","CITY":"Forest Grove","STATE":"OR","ZIP":"97116","STFIP":"41","LOCALE":"21","LAT":45.508453000000003,"LON":-123.098837,"CBSA":"38900","NMCBSA":"Portland-Vancouver-Hillsboro, OR-WA","CSA":"440","NMCSA":"Portland-Vancouver-Salem, OR-WA","CD":"4101","SLDL":"41029","SLDU":"41015","SCHOOLYEAR":"2024-2025","District_ID":2241,"District_Name":"Forest Grove SD 15","School_ID":5850,"Grades":"Grade(s) 9-12","School_Type":"H","County":"Washington","Student_Enrollment":171,"Languages_Spoken":4,"Students_Experiencing_Poverty":57.999999999999993,"Teachers":7,"Educational_Assistants":2,"Counselors_Psychologists_Social_Workers":1,"Average_Teacher_Retention_Rate":79,"Experienced_Teachers":79,"Same_Principal_in_the_Last_3_Years":"Yes","English_Language_Arts":null,"Oregon_ELA_Average":null,"Mathematics":null,"Oregon_Mathematics_Average":null,"Science":null,"Oregon_Science_Average":null,"On_Track_to_Graduate":null,"Oregon_On_Track_to_Graduate_Average":87,"On_Time_Graduation_2023_2024":46,"Oregon_On_Time_Graduation_2023_24_Average":82,"Five_Year_Completion_2023_24":null,"Oregon_Five_Year_Completion_2023_24_Average":87,"College_Going_2022_23":null,"Oregon_College_Going_2022_23_Average":null,"OBJECTID_1":60}},{"type":"Feature","id":140,"geometry":{"type":"Point","coordinates":[-122.70219999999995,45.427200000000028]},"properties":{"OBJECTID1":140,"OBJECTID":184,"NCESSCH":"410723000068","LEAID":"4107230","NAME":"Lake Oswego High School","STREET":"2501 SW Country Club Rd","CITY":"Lake Oswego","STATE":"OR","ZIP":"97034","STFIP":"41","LOCALE":"21","LAT":45.427199999999999,"LON":-122.7022,"CBSA":"38900","NMCBSA":"Portland-Vancouver-Hillsboro, OR-WA","CSA":"440","NMCSA":"Portland-Vancouver-Salem, OR-WA","CD":"4105","SLDL":"41038","SLDU":"41019","SCHOOLYEAR":"2024-2025","District_ID":1923,"District_Name":"Lake Oswego SD 7J","School_ID":61,"Grades":"Grade(s) 9-12","School_Type":"H","County":"Clackamas","Student_Enrollment":1253,"Languages_Spoken":28,"Students_Experiencing_Poverty":7.0000000000000009,"Teachers":69,"Educational_Assistants":28,"Counselors_Psychologists_Social_Workers":6,"Average_Teacher_Retention_Rate":92,"Experienced_Teachers":92,"Same_Principal_in_the_Last_3_Years":"Yes","English_Language_Arts":null,"Oregon_ELA_Average":null,"Mathematics":null,"Oregon_Mathematics_Average":null,"Science":null,"Oregon_Science_Average":null,"On_Track_to_Graduate":null,"Oregon_On_Track_to_Graduate_Average":87,"On_Time_Graduation_2023_2024":98,"Oregon_On_Time_Graduation_2023_24_Average":82,"Five_Year_Completion_2023_24":98,"Oregon_Five_Year_Completion_2023_24_Average":87,"College_Going_2022_23":85,"Oregon_College_Going_2022_23_Average":85,"OBJECTID_1":322}},{"type":"Feature","id":141,"geometry":{"type":"Point","coordinates":[-122.58729999999997,45.468100000000049]},"properties":{"OBJECTID1":141,"OBJECTID":322,"NCESSCH":"411004000949","LEAID":"4110040","NAME":"Whitman Elementary School","STREET":"7326 SE Flavel St","CITY":"Portland","STATE":"OR","ZIP":"97206","STFIP":"41","LOCALE":"11","LAT":45.4681,"LON":-122.5873,"CBSA":"38900","NMCBSA":"Portland-Vancouver-Hillsboro, OR-WA","CSA":"440","NMCSA":"Portland-Vancouver-Salem, OR-WA","CD":"4105","SLDL":"41046","SLDU":"41023","SCHOOLYEAR":"2024-2025","District_ID":2180,"District_Name":"Portland SD 1J","School_ID":900,"Grades":"Grade(s) K-5","School_Type":"E","County":"Multnomah","Student_Enrollment":195,"Languages_Spoken":12,"Students_Experiencing_Poverty":56.000000000000007,"Teachers":16,"Educational_Assistants":4,"Counselors_Psychologists_Social_Workers":2,"Average_Teacher_Retention_Rate":75,"Experienced_Teachers":75,"Same_Principal_in_the_Last_3_Years":"Yes","English_Language_Arts":30,"Oregon_ELA_Average":43,"Mathematics":22,"Oregon_Mathematics_Average":36,"Science":25,"Oregon_Science_Average":31,"On_Track_to_Graduate":null,"Oregon_On_Track_to_Graduate_Average":null,"On_Time_Graduation_2023_2024":null,"Oregon_On_Time_Graduation_2023_24_Average":null,"Five_Year_Completion_2023_24":null,"Oregon_Five_Year_Completion_2023_24_Average":null,"College_Going_2022_23":null,"Oregon_College_Going_2022_23_Average":null,"OBJECTID_1":270}},{"type":"Feature","id":142,"geometry":{"type":"Point","coordinates":[-122.60769999999997,45.55600000000004]},"properties":{"OBJECTID1":142,"OBJECTID":310,"NCESSCH":"411004000931","LEAID":"4110040","NAME":"Rigler Elementary School","STREET":"5401 NE Prescott St","CITY":"Portland","STATE":"OR","ZIP":"97218","STFIP":"41","LOCALE":"11","LAT":45.555999999999997,"LON":-122.60769999999999,"CBSA":"38900","NMCBSA":"Portland-Vancouver-Hillsboro, OR-WA","CSA":"440","NMCSA":"Portland-Vancouver-Salem, OR-WA","CD":"4103","SLDL":"41044","SLDU":"41022","SCHOOLYEAR":"2024-2025","District_ID":2180,"District_Name":"Portland SD 1J","School_ID":884,"Grades":"Grade(s) K-5","School_Type":"E","County":"Multnomah","Student_Enrollment":321,"Languages_Spoken":7,"Students_Experiencing_Poverty":50,"Teachers":22,"Educational_Assistants":3,"Counselors_Psychologists_Social_Workers":1,"Average_Teacher_Retention_Rate":92,"Experienced_Teachers":92,"Same_Principal_in_the_Last_3_Years":"No","English_Language_Arts":37,"Oregon_ELA_Average":43,"Mathematics":37,"Oregon_Mathematics_Average":36,"Science":32,"Oregon_Science_Average":31,"On_Track_to_Graduate":null,"Oregon_On_Track_to_Graduate_Average":null,"On_Time_Graduation_2023_2024":null,"Oregon_On_Time_Graduation_2023_24_Average":null,"Five_Year_Completion_2023_24":null,"Oregon_Five_Year_Completion_2023_24_Average":null,"College_Going_2022_23":null,"Oregon_College_Going_2022_23_Average":null,"OBJECTID_1":256}},{"type":"Feature","id":143,"geometry":{"type":"Point","coordinates":[-122.64389999999997,45.562400000000025]},"properties":{"OBJECTID1":143,"OBJECTID":319,"NCESSCH":"411004000944","LEAID":"4110040","NAME":"Vernon Elementary School","STREET":"2044 NE Killingsworth St","CITY":"Portland","STATE":"OR","ZIP":"97211","STFIP":"41","LOCALE":"11","LAT":45.562399999999997,"LON":-122.6439,"CBSA":"38900","NMCBSA":"Portland-Vancouver-Hillsboro, OR-WA","CSA":"440","NMCSA":"Portland-Vancouver-Salem, OR-WA","CD":"4103","SLDL":"41043","SLDU":"41022","SCHOOLYEAR":"2024-2025","District_ID":2180,"District_Name":"Portland SD 1J","School_ID":895,"Grades":"Grade(s) K-8","School_Type":"E","County":"Multnomah","Student_Enrollment":560,"Languages_Spoken":15,"Students_Experiencing_Poverty":28.999999999999996,"Teachers":31,"Educational_Assistants":3,"Counselors_Psychologists_Social_Workers":2,"Average_Teacher_Retention_Rate":97,"Experienced_Teachers":97,"Same_Principal_in_the_Last_3_Years":"Yes","English_Language_Arts":56.999999999999993,"Oregon_ELA_Average":43,"Mathematics":54,"Oregon_Mathematics_Average":33,"Science":56.999999999999993,"Oregon_Science_Average":28.999999999999996,"On_Track_to_Graduate":null,"Oregon_On_Track_to_Graduate_Average":null,"On_Time_Graduation_2023_2024":null,"Oregon_On_Time_Graduation_2023_24_Average":null,"Five_Year_Completion_2023_24":null,"Oregon_Five_Year_Completion_2023_24_Average":null,"College_Going_2022_23":null,"Oregon_College_Going_2022_23_Average":null,"OBJECTID_1":268}},{"type":"Feature","id":144,"geometry":{"type":"Point","coordinates":[-122.48587499999996,45.413215000000037]},"properties":{"OBJECTID1":144,"OBJECTID":233,"NCESSCH":"410883001777","LEAID":"4108830","NAME":"Verne A Duncan Elementary School","STREET":"14898 SE Parklane Dr","CITY":"Happy Valley","STATE":"OR","ZIP":"97015","STFIP":"41","LOCALE":"21","LAT":45.413215000000001,"LON":-122.48587499999999,"CBSA":"38900","NMCBSA":"Portland-Vancouver-Hillsboro, OR-WA","CSA":"440","NMCSA":"Portland-Vancouver-Salem, OR-WA","CD":"4103","SLDL":"41039","SLDU":"41020","SCHOOLYEAR":"2024-2025","District_ID":1924,"District_Name":"North Clackamas SD 12","School_ID":4714,"Grades":"Grade(s) K-5","School_Type":"E","County":"Clackamas","Student_Enrollment":405,"Languages_Spoken":17,"Students_Experiencing_Poverty":22,"Teachers":22,"Educational_Assistants":10,"Counselors_Psychologists_Social_Workers":1,"Average_Teacher_Retention_Rate":96,"Experienced_Teachers":96,"Same_Principal_in_the_Last_3_Years":"No","English_Language_Arts":47,"Oregon_ELA_Average":43,"Mathematics":37,"Oregon_Mathematics_Average":36,"Science":35,"Oregon_Science_Average":31,"On_Track_to_Graduate":null,"Oregon_On_Track_to_Graduate_Average":null,"On_Time_Graduation_2023_2024":null,"Oregon_On_Time_Graduation_2023_24_Average":null,"Five_Year_Completion_2023_24":null,"Oregon_Five_Year_Completion_2023_24_Average":null,"College_Going_2022_23":null,"Oregon_College_Going_2022_23_Average":null,"OBJECTID_1":365}},{"type":"Feature","id":145,"geometry":{"type":"Point","coordinates":[-122.90690699999999,45.489332000000047]},"properties":{"OBJECTID1":145,"OBJECTID":39,"NCESSCH":"410002311372","LEAID":"4100023","NAME":"Tamarack Elementary School","STREET":"7201 SE Kinnaman St","CITY":"Hillsboro","STATE":"OR","ZIP":"97123","STFIP":"41","LOCALE":"12","LAT":45.489331999999997,"LON":-122.906907,"CBSA":"38900","NMCBSA":"Portland-Vancouver-Hillsboro, OR-WA","CSA":"440","NMCSA":"Portland-Vancouver-Salem, OR-WA","CD":"4101","SLDL":"41036","SLDU":"41018","SCHOOLYEAR":"2024-2025","District_ID":2239,"District_Name":"Hillsboro SD 1J","School_ID":5814,"Grades":"Grade(s) K-6","School_Type":"E","County":"Washington","Student_Enrollment":359,"Languages_Spoken":38,"Students_Experiencing_Poverty":20,"Teachers":18,"Educational_Assistants":3,"Counselors_Psychologists_Social_Workers":1,"Average_Teacher_Retention_Rate":87,"Experienced_Teachers":87,"Same_Principal_in_the_Last_3_Years":"Yes","English_Language_Arts":43,"Oregon_ELA_Average":43,"Mathematics":43,"Oregon_Mathematics_Average":35,"Science":18,"Oregon_Science_Average":31,"On_Track_to_Graduate":null,"Oregon_On_Track_to_Graduate_Average":null,"On_Time_Graduation_2023_2024":null,"Oregon_On_Time_Graduation_2023_24_Average":null,"Five_Year_Completion_2023_24":null,"Oregon_Five_Year_Completion_2023_24_Average":null,"College_Going_2022_23":null,"Oregon_College_Going_2022_23_Average":null,"OBJECTID_1":104}},{"type":"Feature","id":146,"geometry":{"type":"Point","coordinates":[-122.51786099999998,45.447685000000035]},"properties":{"OBJECTID1":146,"OBJECTID":234,"NCESSCH":"410883001782","LEAID":"4108830","NAME":"Happy Valley Middle School","STREET":"13865 SE King Rd","CITY":"Happy Valley","STATE":"OR","ZIP":"97086","STFIP":"41","LOCALE":"21","LAT":45.447685,"LON":-122.517861,"CBSA":"38900","NMCBSA":"Portland-Vancouver-Hillsboro, OR-WA","CSA":"440","NMCSA":"Portland-Vancouver-Salem, OR-WA","CD":"4103","SLDL":"41039","SLDU":"41020","SCHOOLYEAR":"2024-2025","District_ID":1924,"District_Name":"North Clackamas SD 12","School_ID":4715,"Grades":"Grade(s) 6-8","School_Type":"M","County":"Clackamas","Student_Enrollment":1173,"Languages_Spoken":35,"Students_Experiencing_Poverty":15,"Teachers":58,"Educational_Assistants":7,"Counselors_Psychologists_Social_Workers":3,"Average_Teacher_Retention_Rate":89,"Experienced_Teachers":89,"Same_Principal_in_the_Last_3_Years":"No","English_Language_Arts":51,"Oregon_ELA_Average":43,"Mathematics":43,"Oregon_Mathematics_Average":30,"Science":33,"Oregon_Science_Average":28.000000000000004,"On_Track_to_Graduate":null,"Oregon_On_Track_to_Graduate_Average":null,"On_Time_Graduation_2023_2024":null,"Oregon_On_Time_Graduation_2023_24_Average":null,"Five_Year_Completion_2023_24":null,"Oregon_Five_Year_Completion_2023_24_Average":null,"College_Going_2022_23":null,"Oregon_College_Going_2022_23_Average":null,"OBJECTID_1":347}},{"type":"Feature","id":147,"geometry":{"type":"Point","coordinates":[-122.84123599999998,45.358907000000045]},"properties":{"OBJECTID1":147,"OBJECTID":391,"NCESSCH":"411129001244","LEAID":"4111290","NAME":"Hawks View Elementary School","STREET":"21970 SW Sherwood Blvd","CITY":"Sherwood","STATE":"OR","ZIP":"97140","STFIP":"41","LOCALE":"21","LAT":45.358907000000002,"LON":-122.84123599999999,"CBSA":"38900","NMCBSA":"Portland-Vancouver-Hillsboro, OR-WA","CSA":"440","NMCSA":"Portland-Vancouver-Salem, OR-WA","CD":"4106","SLDL":"41026","SLDU":"41013","SCHOOLYEAR":"2024-2025","District_ID":2244,"District_Name":"Sherwood SD 88J","School_ID":1191,"Grades":"Grade(s) K-5","School_Type":"E","County":"Washington","Student_Enrollment":473,"Languages_Spoken":9,"Students_Experiencing_Poverty":16,"Teachers":26,"Educational_Assistants":19,"Counselors_Psychologists_Social_Workers":2,"Average_Teacher_Retention_Rate":92,"Experienced_Teachers":92,"Same_Principal_in_the_Last_3_Years":"Yes","English_Language_Arts":68,"Oregon_ELA_Average":43,"Mathematics":59,"Oregon_Mathematics_Average":36,"Science":47,"Oregon_Science_Average":31,"On_Track_to_Graduate":null,"Oregon_On_Track_to_Graduate_Average":null,"On_Time_Graduation_2023_2024":null,"Oregon_On_Time_Graduation_2023_24_Average":null,"Five_Year_Completion_2023_24":null,"Oregon_Five_Year_Completion_2023_24_Average":null,"College_Going_2022_23":null,"Oregon_College_Going_2022_23_Average":null,"OBJECTID_1":112}},{"type":"Feature","id":148,"geometry":{"type":"Point","coordinates":[-122.68549999999999,45.558100000000081]},"properties":{"OBJECTID1":148,"OBJECTID":269,"NCESSCH":"411004000873","LEAID":"4110040","NAME":"Beach Elementary School","STREET":"1710 N Humboldt St","CITY":"Portland","STATE":"OR","ZIP":"97217","STFIP":"41","LOCALE":"11","LAT":45.558100000000003,"LON":-122.6855,"CBSA":"38900","NMCBSA":"Portland-Vancouver-Hillsboro, OR-WA","CSA":"440","NMCSA":"Portland-Vancouver-Salem, OR-WA","CD":"4103","SLDL":"41044","SLDU":"41022","SCHOOLYEAR":"2024-2025","District_ID":2180,"District_Name":"Portland SD 1J","School_ID":830,"Grades":"Grade(s) K-5","School_Type":"E","County":"Multnomah","Student_Enrollment":310,"Languages_Spoken":8,"Students_Experiencing_Poverty":31,"Teachers":20,"Educational_Assistants":6,"Counselors_Psychologists_Social_Workers":2,"Average_Teacher_Retention_Rate":92,"Experienced_Teachers":92,"Same_Principal_in_the_Last_3_Years":"No","English_Language_Arts":56.000000000000007,"Oregon_ELA_Average":43,"Mathematics":51,"Oregon_Mathematics_Average":36,"Science":41,"Oregon_Science_Average":31,"On_Track_to_Graduate":null,"Oregon_On_Track_to_Graduate_Average":null,"On_Time_Graduation_2023_2024":null,"Oregon_On_Time_Graduation_2023_24_Average":null,"Five_Year_Completion_2023_24":null,"Oregon_Five_Year_Completion_2023_24_Average":null,"College_Going_2022_23":null,"Oregon_College_Going_2022_23_Average":null,"OBJECTID_1":197}},{"type":"Feature","id":149,"geometry":{"type":"Point","coordinates":[-122.63313899999997,45.490972000000056]},"properties":{"OBJECTID1":149,"OBJECTID":285,"NCESSCH":"411004000898","LEAID":"4110040","NAME":"Grout Elementary School","STREET":"3119 SE Holgate Blvd","CITY":"Portland","STATE":"OR","ZIP":"97202","STFIP":"41","LOCALE":"11","LAT":45.490971999999999,"LON":-122.633139,"CBSA":"38900","NMCBSA":"Portland-Vancouver-Hillsboro, OR-WA","CSA":"440","NMCSA":"Portland-Vancouver-Salem, OR-WA","CD":"4103","SLDL":"41042","SLDU":"41021","SCHOOLYEAR":"2024-2025","District_ID":2180,"District_Name":"Portland SD 1J","School_ID":854,"Grades":"Grade(s) K-5","School_Type":"E","County":"Multnomah","Student_Enrollment":292,"Languages_Spoken":17,"Students_Experiencing_Poverty":38,"Teachers":20,"Educational_Assistants":9,"Counselors_Psychologists_Social_Workers":2,"Average_Teacher_Retention_Rate":78,"Experienced_Teachers":78,"Same_Principal_in_the_Last_3_Years":"Yes","English_Language_Arts":56.999999999999993,"Oregon_ELA_Average":43,"Mathematics":55.000000000000007,"Oregon_Mathematics_Average":36,"Science":67,"Oregon_Science_Average":31,"On_Track_to_Graduate":null,"Oregon_On_Track_to_Graduate_Average":null,"On_Time_Graduation_2023_2024":null,"Oregon_On_Time_Graduation_2023_24_Average":null,"Five_Year_Completion_2023_24":null,"Oregon_Five_Year_Completion_2023_24_Average":null,"College_Going_2022_23":null,"Oregon_College_Going_2022_23_Average":null,"OBJECTID_1":223}},{"type":"Feature","id":150,"geometry":{"type":"Point","coordinates":[-122.70033799999999,45.581900000000076]},"properties":{"OBJECTID1":150,"OBJECTID":308,"NCESSCH":"411004000926","LEAID":"4110040","NAME":"Peninsula Elementary School","STREET":"8125 N Emerald Ave","CITY":"Portland","STATE":"OR","ZIP":"97217","STFIP":"41","LOCALE":"11","LAT":45.581899999999997,"LON":-122.700338,"CBSA":"38900","NMCBSA":"Portland-Vancouver-Hillsboro, OR-WA","CSA":"440","NMCSA":"Portland-Vancouver-Salem, OR-WA","CD":"4103","SLDL":"41044","SLDU":"41022","SCHOOLYEAR":"2024-2025","District_ID":2180,"District_Name":"Portland SD 1J","School_ID":879,"Grades":"Grade(s) K-5","School_Type":"E","County":"Multnomah","Student_Enrollment":232,"Languages_Spoken":6,"Students_Experiencing_Poverty":36,"Teachers":18,"Educational_Assistants":14,"Counselors_Psychologists_Social_Workers":2,"Average_Teacher_Retention_Rate":81,"Experienced_Teachers":81,"Same_Principal_in_the_Last_3_Years":"Yes","English_Language_Arts":52,"Oregon_ELA_Average":43,"Mathematics":37,"Oregon_Mathematics_Average":36,"Science":30,"Oregon_Science_Average":31,"On_Track_to_Graduate":null,"Oregon_On_Track_to_Graduate_Average":null,"On_Time_Graduation_2023_2024":null,"Oregon_On_Time_Graduation_2023_24_Average":null,"Five_Year_Completion_2023_24":null,"Oregon_Five_Year_Completion_2023_24_Average":null,"College_Going_2022_23":null,"Oregon_College_Going_2022_23_Average":null,"OBJECTID_1":251}},{"type":"Feature","id":151,"geometry":{"type":"Point","coordinates":[-122.48629999999997,45.517200000000059]},"properties":{"OBJECTID1":151,"OBJECTID":350,"NCESSCH":"411052000997","LEAID":"4110520","NAME":"Alder Elementary School","STREET":"17200 SE Alder St","CITY":"Portland","STATE":"OR","ZIP":"97233","STFIP":"41","LOCALE":"11","LAT":45.517200000000003,"LON":-122.4863,"CBSA":"38900","NMCBSA":"Portland-Vancouver-Hillsboro, OR-WA","CSA":"440","NMCSA":"Portland-Vancouver-Salem, OR-WA","CD":"4103","SLDL":"41047","SLDU":"41024","SCHOOLYEAR":"2024-2025","District_ID":2182,"District_Name":"Reynolds SD 7","School_ID":943,"Grades":"Grade(s) K-5","School_Type":"E","County":"Multnomah","Student_Enrollment":343,"Languages_Spoken":20,"Students_Experiencing_Poverty":71,"Teachers":26,"Educational_Assistants":10,"Counselors_Psychologists_Social_Workers":3,"Average_Teacher_Retention_Rate":62,"Experienced_Teachers":62,"Same_Principal_in_the_Last_3_Years":"Yes","English_Language_Arts":12,"Oregon_ELA_Average":43,"Mathematics":null,"Oregon_Mathematics_Average":36,"Science":6,"Oregon_Science_Average":31,"On_Track_to_Graduate":null,"Oregon_On_Track_to_Graduate_Average":null,"On_Time_Graduation_2023_2024":null,"Oregon_On_Time_Graduation_2023_24_Average":null,"Five_Year_Completion_2023_24":null,"Oregon_Five_Year_Completion_2023_24_Average":null,"College_Going_2022_23":null,"Oregon_College_Going_2022_23_Average":null,"OBJECTID_1":275}},{"type":"Feature","id":152,"geometry":{"type":"Point","coordinates":[-122.77766799999995,45.542628000000036]},"properties":{"OBJECTID1":152,"OBJECTID":339,"NCESSCH":"411004001395","LEAID":"4110040","NAME":"Forest Park Elementary School","STREET":"9935 NW Durrett St","CITY":"Portland","STATE":"OR","ZIP":"97229","STFIP":"41","LOCALE":"11","LAT":45.542628000000001,"LON":-122.77766800000001,"CBSA":"38900","NMCBSA":"Portland-Vancouver-Hillsboro, OR-WA","CSA":"440","NMCSA":"Portland-Vancouver-Salem, OR-WA","CD":"4101","SLDL":"41033","SLDU":"41017","SCHOOLYEAR":"2024-2025","District_ID":2180,"District_Name":"Portland SD 1J","School_ID":2413,"Grades":"Grade(s) K-5","School_Type":"E","County":"Multnomah","Student_Enrollment":298,"Languages_Spoken":15,"Students_Experiencing_Poverty":null,"Teachers":16,"Educational_Assistants":3,"Counselors_Psychologists_Social_Workers":1,"Average_Teacher_Retention_Rate":89,"Experienced_Teachers":89,"Same_Principal_in_the_Last_3_Years":"Yes","English_Language_Arts":84,"Oregon_ELA_Average":43,"Mathematics":79,"Oregon_Mathematics_Average":36,"Science":60,"Oregon_Science_Average":31,"On_Track_to_Graduate":null,"Oregon_On_Track_to_Graduate_Average":null,"On_Time_Graduation_2023_2024":null,"Oregon_On_Time_Graduation_2023_24_Average":null,"Five_Year_Completion_2023_24":null,"Oregon_Five_Year_Completion_2023_24_Average":null,"College_Going_2022_23":null,"Oregon_College_Going_2022_23_Average":null,"OBJECTID_1":217}},{"type":"Feature","id":153,"geometry":{"type":"Point","coordinates":[-122.86891099999997,45.484590000000026]},"properties":{"OBJECTID1":153,"OBJECTID":78,"NCESSCH":"410192001239","LEAID":"4101920","NAME":"Aloha High School","STREET":"18550 SW Kinnaman Rd","CITY":"Beaverton","STATE":"OR","ZIP":"97078","STFIP":"41","LOCALE":"21","LAT":45.484589999999997,"LON":-122.868911,"CBSA":"38900","NMCBSA":"Portland-Vancouver-Hillsboro, OR-WA","CSA":"440","NMCSA":"Portland-Vancouver-Salem, OR-WA","CD":"4101","SLDL":"41035","SLDU":"41018","SCHOOLYEAR":"2024-2025","District_ID":2243,"District_Name":"Beaverton SD 48J","School_ID":1186,"Grades":"Grade(s) 9-12","School_Type":"H","County":"Washington","Student_Enrollment":1583,"Languages_Spoken":33,"Students_Experiencing_Poverty":37,"Teachers":95,"Educational_Assistants":15,"Counselors_Psychologists_Social_Workers":12,"Average_Teacher_Retention_Rate":86,"Experienced_Teachers":86,"Same_Principal_in_the_Last_3_Years":"Yes","English_Language_Arts":null,"Oregon_ELA_Average":null,"Mathematics":null,"Oregon_Mathematics_Average":null,"Science":null,"Oregon_Science_Average":null,"On_Track_to_Graduate":89,"Oregon_On_Track_to_Graduate_Average":87,"On_Time_Graduation_2023_2024":81,"Oregon_On_Time_Graduation_2023_24_Average":82,"Five_Year_Completion_2023_24":91,"Oregon_Five_Year_Completion_2023_24_Average":87,"College_Going_2022_23":51,"Oregon_College_Going_2022_23_Average":51,"OBJECTID_1":4}},{"type":"Feature","id":154,"geometry":{"type":"Point","coordinates":[-122.72429999999997,45.491800000000069]},"properties":{"OBJECTID1":154,"OBJECTID":273,"NCESSCH":"411004000878","LEAID":"4110040","NAME":"Bridlemile Elementary School","STREET":"4300 SW 47th Dr","CITY":"Portland","STATE":"OR","ZIP":"97221","STFIP":"41","LOCALE":"11","LAT":45.491799999999998,"LON":-122.7243,"CBSA":"38900","NMCBSA":"Portland-Vancouver-Hillsboro, OR-WA","CSA":"440","NMCSA":"Portland-Vancouver-Salem, OR-WA","CD":"4101","SLDL":"41028","SLDU":"41014","SCHOOLYEAR":"2024-2025","District_ID":2180,"District_Name":"Portland SD 1J","School_ID":835,"Grades":"Grade(s) K-5","School_Type":"E","County":"Multnomah","Student_Enrollment":407,"Languages_Spoken":13,"Students_Experiencing_Poverty":8,"Teachers":24,"Educational_Assistants":6,"Counselors_Psychologists_Social_Workers":2,"Average_Teacher_Retention_Rate":88,"Experienced_Teachers":88,"Same_Principal_in_the_Last_3_Years":"Yes","English_Language_Arts":78,"Oregon_ELA_Average":43,"Mathematics":74,"Oregon_Mathematics_Average":36,"Science":67,"Oregon_Science_Average":31,"On_Track_to_Graduate":null,"Oregon_On_Track_to_Graduate_Average":null,"On_Time_Graduation_2023_2024":null,"Oregon_On_Time_Graduation_2023_24_Average":null,"Five_Year_Completion_2023_24":null,"Oregon_Five_Year_Completion_2023_24_Average":null,"College_Going_2022_23":null,"Oregon_College_Going_2022_23_Average":null,"OBJECTID_1":203}},{"type":"Feature","id":155,"geometry":{"type":"Point","coordinates":[-122.60039999999998,45.436300000000074]},"properties":{"OBJECTID1":155,"OBJECTID":211,"NCESSCH":"410883000079","LEAID":"4108830","NAME":"Linwood Elementary School","STREET":"11909 SE Linwood Ave","CITY":"Milwaukie","STATE":"OR","ZIP":"97222","STFIP":"41","LOCALE":"21","LAT":45.436300000000003,"LON":-122.60039999999999,"CBSA":"38900","NMCBSA":"Portland-Vancouver-Hillsboro, OR-WA","CSA":"440","NMCSA":"Portland-Vancouver-Salem, OR-WA","CD":"4105","SLDL":"41041","SLDU":"41021","SCHOOLYEAR":"2024-2025","District_ID":1924,"District_Name":"North Clackamas SD 12","School_ID":4765,"Grades":"Grade(s) K-5","School_Type":"E","County":"Clackamas","Student_Enrollment":261,"Languages_Spoken":13,"Students_Experiencing_Poverty":54,"Teachers":17,"Educational_Assistants":8,"Counselors_Psychologists_Social_Workers":1,"Average_Teacher_Retention_Rate":94,"Experienced_Teachers":94,"Same_Principal_in_the_Last_3_Years":"Yes","English_Language_Arts":28.000000000000004,"Oregon_ELA_Average":43,"Mathematics":15,"Oregon_Mathematics_Average":36,"Science":22,"Oregon_Science_Average":31,"On_Track_to_Graduate":null,"Oregon_On_Track_to_Graduate_Average":null,"On_Time_Graduation_2023_2024":null,"Oregon_On_Time_Graduation_2023_24_Average":null,"Five_Year_Completion_2023_24":null,"Oregon_Five_Year_Completion_2023_24_Average":null,"College_Going_2022_23":null,"Oregon_College_Going_2022_23_Average":null,"OBJECTID_1":349}},{"type":"Feature","id":156,"geometry":{"type":"Point","coordinates":[-122.72549999999995,45.449200000000076]},"properties":{"OBJECTID1":156,"OBJECTID":304,"NCESSCH":"411004000919","LEAID":"4110040","NAME":"Markham Elementary School","STREET":"10531 SW Capitol Hwy","CITY":"Portland","STATE":"OR","ZIP":"97219","STFIP":"41","LOCALE":"11","LAT":45.449199999999998,"LON":-122.7255,"CBSA":"38900","NMCBSA":"Portland-Vancouver-Hillsboro, OR-WA","CSA":"440","NMCSA":"Portland-Vancouver-Salem, OR-WA","CD":"4105","SLDL":"41038","SLDU":"41019","SCHOOLYEAR":"2024-2025","District_ID":2180,"District_Name":"Portland SD 1J","School_ID":1278,"Grades":"Grade(s) K-5","School_Type":"E","County":"Multnomah","Student_Enrollment":341,"Languages_Spoken":20,"Students_Experiencing_Poverty":30,"Teachers":24,"Educational_Assistants":5,"Counselors_Psychologists_Social_Workers":1,"Average_Teacher_Retention_Rate":83,"Experienced_Teachers":83,"Same_Principal_in_the_Last_3_Years":"Yes","English_Language_Arts":63,"Oregon_ELA_Average":43,"Mathematics":55.000000000000007,"Oregon_Mathematics_Average":36,"Science":52,"Oregon_Science_Average":31,"On_Track_to_Graduate":null,"Oregon_On_Track_to_Graduate_Average":null,"On_Time_Graduation_2023_2024":null,"Oregon_On_Time_Graduation_2023_24_Average":null,"Five_Year_Completion_2023_24":null,"Oregon_Five_Year_Completion_2023_24_Average":null,"College_Going_2022_23":null,"Oregon_College_Going_2022_23_Average":null,"OBJECTID_1":246}},{"type":"Feature","id":157,"geometry":{"type":"Point","coordinates":[-122.57293099999998,45.429570000000069]},"properties":{"OBJECTID1":157,"OBJECTID":226,"NCESSCH":"410883001543","LEAID":"4108830","NAME":"Clackamas Web Academy","STREET":"8740 SE Sunnybrook Blvd","CITY":"Clackamas","STATE":"OR","ZIP":"97015","STFIP":"41","LOCALE":"21","LAT":45.429569999999998,"LON":-122.572931,"CBSA":"38900","NMCBSA":"Portland-Vancouver-Hillsboro, OR-WA","CSA":"440","NMCSA":"Portland-Vancouver-Salem, OR-WA","CD":"4105","SLDL":"41039","SLDU":"41020","SCHOOLYEAR":"2024-2025","District_ID":1924,"District_Name":"North Clackamas SD 12","School_ID":4223,"Grades":"Grade(s) K-12","School_Type":"H","County":"Clackamas","Student_Enrollment":550,"Languages_Spoken":12,"Students_Experiencing_Poverty":25,"Teachers":19,"Educational_Assistants":3,"Counselors_Psychologists_Social_Workers":3,"Average_Teacher_Retention_Rate":100,"Experienced_Teachers":100,"Same_Principal_in_the_Last_3_Years":"Yes","English_Language_Arts":null,"Oregon_ELA_Average":null,"Mathematics":null,"Oregon_Mathematics_Average":null,"Science":null,"Oregon_Science_Average":null,"On_Track_to_Graduate":74,"Oregon_On_Track_to_Graduate_Average":87,"On_Time_Graduation_2023_2024":88,"Oregon_On_Time_Graduation_2023_24_Average":82,"Five_Year_Completion_2023_24":95,"Oregon_Five_Year_Completion_2023_24_Average":87,"College_Going_2022_23":42,"Oregon_College_Going_2022_23_Average":42,"OBJECTID_1":345}},{"type":"Feature","id":158,"geometry":{"type":"Point","coordinates":[-122.71189999999996,45.395200000000045]},"properties":{"OBJECTID1":158,"OBJECTID":186,"NCESSCH":"410723001307","LEAID":"4107230","NAME":"Westridge Elementary School","STREET":"3400 Royce Way","CITY":"Lake Oswego","STATE":"OR","ZIP":"97034","STFIP":"41","LOCALE":"21","LAT":45.395200000000003,"LON":-122.7119,"CBSA":"38900","NMCBSA":"Portland-Vancouver-Hillsboro, OR-WA","CSA":"440","NMCSA":"Portland-Vancouver-Salem, OR-WA","CD":"4105","SLDL":"41038","SLDU":"41019","SCHOOLYEAR":"2024-2025","District_ID":1923,"District_Name":"Lake Oswego SD 7J","School_ID":58,"Grades":"Grade(s) K-5","School_Type":"E","County":"Clackamas","Student_Enrollment":390,"Languages_Spoken":8,"Students_Experiencing_Poverty":null,"Teachers":25,"Educational_Assistants":16,"Counselors_Psychologists_Social_Workers":2,"Average_Teacher_Retention_Rate":100,"Experienced_Teachers":100,"Same_Principal_in_the_Last_3_Years":"Yes","English_Language_Arts":91,"Oregon_ELA_Average":43,"Mathematics":91,"Oregon_Mathematics_Average":36,"Science":83,"Oregon_Science_Average":31,"On_Track_to_Graduate":null,"Oregon_On_Track_to_Graduate_Average":null,"On_Time_Graduation_2023_2024":null,"Oregon_On_Time_Graduation_2023_24_Average":null,"Five_Year_Completion_2023_24":null,"Oregon_Five_Year_Completion_2023_24_Average":null,"College_Going_2022_23":null,"Oregon_College_Going_2022_23_Average":null,"OBJECTID_1":329}},{"type":"Feature","id":159,"geometry":{"type":"Point","coordinates":[-122.87628599999999,45.489260000000058]},"properties":{"OBJECTID1":159,"OBJECTID":59,"NCESSCH":"410192001217","LEAID":"4101920","NAME":"Kinnaman Elementary School","STREET":"4205 SW 193rd Ave","CITY":"Beaverton","STATE":"OR","ZIP":"97078","STFIP":"41","LOCALE":"21","LAT":45.489260000000002,"LON":-122.87628599999999,"CBSA":"38900","NMCBSA":"Portland-Vancouver-Hillsboro, OR-WA","CSA":"440","NMCSA":"Portland-Vancouver-Salem, OR-WA","CD":"4101","SLDL":"41035","SLDU":"41018","SCHOOLYEAR":"2024-2025","District_ID":2243,"District_Name":"Beaverton SD 48J","School_ID":1166,"Grades":"Grade(s) K-5","School_Type":"E","County":"Washington","Student_Enrollment":468,"Languages_Spoken":30,"Students_Experiencing_Poverty":41,"Teachers":34,"Educational_Assistants":18,"Counselors_Psychologists_Social_Workers":4,"Average_Teacher_Retention_Rate":86,"Experienced_Teachers":86,"Same_Principal_in_the_Last_3_Years":"Yes","English_Language_Arts":26,"Oregon_ELA_Average":43,"Mathematics":17,"Oregon_Mathematics_Average":36,"Science":25,"Oregon_Science_Average":31,"On_Track_to_Graduate":null,"Oregon_On_Track_to_Graduate_Average":null,"On_Time_Graduation_2023_2024":null,"Oregon_On_Time_Graduation_2023_24_Average":null,"Five_Year_Completion_2023_24":null,"Oregon_Five_Year_Completion_2023_24_Average":null,"College_Going_2022_23":null,"Oregon_College_Going_2022_23_Average":null,"OBJECTID_1":33}},{"type":"Feature","id":160,"geometry":{"type":"Point","coordinates":[-122.62919999999997,45.328000000000031]},"properties":{"OBJECTID1":160,"OBJECTID":246,"NCESSCH":"410933000122","LEAID":"4109330","NAME":"John McLoughlin Elementary School","STREET":"19230 S End Rd","CITY":"Oregon City","STATE":"OR","ZIP":"97045","STFIP":"41","LOCALE":"21","LAT":45.328000000000003,"LON":-122.6292,"CBSA":"38900","NMCBSA":"Portland-Vancouver-Hillsboro, OR-WA","CSA":"440","NMCSA":"Portland-Vancouver-Salem, OR-WA","CD":"4105","SLDL":"41040","SLDU":"41020","SCHOOLYEAR":"2024-2025","District_ID":1928,"District_Name":"Oregon City SD 62","School_ID":114,"Grades":"Grade(s) K-5","School_Type":"E","County":"Clackamas","Student_Enrollment":588,"Languages_Spoken":14,"Students_Experiencing_Poverty":13,"Teachers":25,"Educational_Assistants":5,"Counselors_Psychologists_Social_Workers":2,"Average_Teacher_Retention_Rate":79,"Experienced_Teachers":79,"Same_Principal_in_the_Last_3_Years":"No","English_Language_Arts":60,"Oregon_ELA_Average":43,"Mathematics":48,"Oregon_Mathematics_Average":36,"Science":37,"Oregon_Science_Average":31,"On_Track_to_Graduate":null,"Oregon_On_Track_to_Graduate_Average":null,"On_Time_Graduation_2023_2024":null,"Oregon_On_Time_Graduation_2023_24_Average":null,"Five_Year_Completion_2023_24":null,"Oregon_Five_Year_Completion_2023_24_Average":null,"College_Going_2022_23":null,"Oregon_College_Going_2022_23_Average":null,"OBJECTID_1":375}},{"type":"Feature","id":161,"geometry":{"type":"Point","coordinates":[-122.70259999999996,45.423400000000072]},"properties":{"OBJECTID1":161,"OBJECTID":182,"NCESSCH":"410723000066","LEAID":"4107230","NAME":"Lake Oswego Middle School","STREET":"2500 SW Country Club Rd","CITY":"Lake Oswego","STATE":"OR","ZIP":"97034","STFIP":"41","LOCALE":"21","LAT":45.423400000000001,"LON":-122.7026,"CBSA":"38900","NMCBSA":"Portland-Vancouver-Hillsboro, OR-WA","CSA":"440","NMCSA":"Portland-Vancouver-Salem, OR-WA","CD":"4105","SLDL":"41038","SLDU":"41019","SCHOOLYEAR":"2024-2025","District_ID":1923,"District_Name":"Lake Oswego SD 7J","School_ID":59,"Grades":"Grade(s) 6-8","School_Type":"M","County":"Clackamas","Student_Enrollment":795,"Languages_Spoken":25,"Students_Experiencing_Poverty":8,"Teachers":51,"Educational_Assistants":23,"Counselors_Psychologists_Social_Workers":5,"Average_Teacher_Retention_Rate":86,"Experienced_Teachers":86,"Same_Principal_in_the_Last_3_Years":"Yes","English_Language_Arts":75,"Oregon_ELA_Average":43,"Mathematics":66,"Oregon_Mathematics_Average":30,"Science":56.999999999999993,"Oregon_Science_Average":28.000000000000004,"On_Track_to_Graduate":null,"Oregon_On_Track_to_Graduate_Average":null,"On_Time_Graduation_2023_2024":null,"Oregon_On_Time_Graduation_2023_24_Average":null,"Five_Year_Completion_2023_24":null,"Oregon_Five_Year_Completion_2023_24_Average":null,"College_Going_2022_23":null,"Oregon_College_Going_2022_23_Average":null,"OBJECTID_1":323}},{"type":"Feature","id":162,"geometry":{"type":"Point","coordinates":[-122.86961899999994,45.52719600000006]},"properties":{"OBJECTID1":162,"OBJECTID":90,"NCESSCH":"410192001745","LEAID":"4101920","NAME":"Beaverton Academy of Science and Engineering","STREET":"10740 NE Walker Rd","CITY":"Hillsboro","STATE":"OR","ZIP":"97006","STFIP":"41","LOCALE":"12","LAT":45.527196000000004,"LON":-122.869619,"CBSA":"38900","NMCBSA":"Portland-Vancouver-Hillsboro, OR-WA","CSA":"440","NMCSA":"Portland-Vancouver-Salem, OR-WA","CD":"4101","SLDL":"41030","SLDU":"41015","SCHOOLYEAR":"2024-2025","District_ID":2243,"District_Name":"Beaverton SD 48J","School_ID":4638,"Grades":"Grade(s) 6-12","School_Type":"H","County":"Washington","Student_Enrollment":829,"Languages_Spoken":39,"Students_Experiencing_Poverty":9,"Teachers":41,"Educational_Assistants":3,"Counselors_Psychologists_Social_Workers":6,"Average_Teacher_Retention_Rate":95,"Experienced_Teachers":95,"Same_Principal_in_the_Last_3_Years":"Yes","English_Language_Arts":null,"Oregon_ELA_Average":null,"Mathematics":null,"Oregon_Mathematics_Average":null,"Science":null,"Oregon_Science_Average":null,"On_Track_to_Graduate":null,"Oregon_On_Track_to_Graduate_Average":87,"On_Time_Graduation_2023_2024":98,"Oregon_On_Time_Graduation_2023_24_Average":82,"Five_Year_Completion_2023_24":98,"Oregon_Five_Year_Completion_2023_24_Average":87,"College_Going_2022_23":74,"Oregon_College_Going_2022_23_Average":74,"OBJECTID_1":10}},{"type":"Feature","id":163,"geometry":{"type":"Point","coordinates":[-122.89399999999995,45.55800000000005]},"properties":{"OBJECTID1":163,"OBJECTID":23,"NCESSCH":"410002301300","LEAID":"4100023","NAME":"Lenox Elementary School","STREET":"21200 NW Rock Creek Blvd","CITY":"Portland","STATE":"OR","ZIP":"97229","STFIP":"41","LOCALE":"21","LAT":45.558,"LON":-122.89400000000001,"CBSA":"38900","NMCBSA":"Portland-Vancouver-Hillsboro, OR-WA","CSA":"440","NMCSA":"Portland-Vancouver-Salem, OR-WA","CD":"4101","SLDL":"41030","SLDU":"41015","SCHOOLYEAR":"2024-2025","District_ID":2239,"District_Name":"Hillsboro SD 1J","School_ID":1110,"Grades":"Grade(s) K-6","School_Type":"E","County":"Washington","Student_Enrollment":364,"Languages_Spoken":25,"Students_Experiencing_Poverty":23,"Teachers":21,"Educational_Assistants":10,"Counselors_Psychologists_Social_Workers":1,"Average_Teacher_Retention_Rate":89,"Experienced_Teachers":89,"Same_Principal_in_the_Last_3_Years":"Yes","English_Language_Arts":52,"Oregon_ELA_Average":43,"Mathematics":45,"Oregon_Mathematics_Average":35,"Science":39,"Oregon_Science_Average":31,"On_Track_to_Graduate":null,"Oregon_On_Track_to_Graduate_Average":null,"On_Time_Graduation_2023_2024":null,"Oregon_On_Time_Graduation_2023_24_Average":null,"Five_Year_Completion_2023_24":null,"Oregon_Five_Year_Completion_2023_24_Average":null,"College_Going_2022_23":null,"Oregon_College_Going_2022_23_Average":null,"OBJECTID_1":91}},{"type":"Feature","id":164,"geometry":{"type":"Point","coordinates":[-122.67312499999997,45.348851000000025]},"properties":{"OBJECTID1":164,"OBJECTID":432,"NCESSCH":"411317000056","LEAID":"4113170","NAME":"Athey Creek Middle School","STREET":"2110 Brandon Pl","CITY":"West Linn","STATE":"OR","ZIP":"97068","STFIP":"41","LOCALE":"21","LAT":45.348851000000003,"LON":-122.673125,"CBSA":"38900","NMCBSA":"Portland-Vancouver-Hillsboro, OR-WA","CSA":"440","NMCSA":"Portland-Vancouver-Salem, OR-WA","CD":"4105","SLDL":"41037","SLDU":"41019","SCHOOLYEAR":"2024-2025","District_ID":1922,"District_Name":"West Linn-Wilsonville SD 3J","School_ID":1287,"Grades":"Grade(s) 6-8","School_Type":"M","County":"Clackamas","Student_Enrollment":471,"Languages_Spoken":11,"Students_Experiencing_Poverty":6,"Teachers":30,"Educational_Assistants":5,"Counselors_Psychologists_Social_Workers":2,"Average_Teacher_Retention_Rate":90,"Experienced_Teachers":90,"Same_Principal_in_the_Last_3_Years":"No","English_Language_Arts":64,"Oregon_ELA_Average":43,"Mathematics":50,"Oregon_Mathematics_Average":30,"Science":36,"Oregon_Science_Average":28.000000000000004,"On_Track_to_Graduate":null,"Oregon_On_Track_to_Graduate_Average":null,"On_Time_Graduation_2023_2024":null,"Oregon_On_Time_Graduation_2023_24_Average":null,"Five_Year_Completion_2023_24":null,"Oregon_Five_Year_Completion_2023_24_Average":null,"College_Going_2022_23":null,"Oregon_College_Going_2022_23_Average":null,"OBJECTID_1":391}},{"type":"Feature","id":165,"geometry":{"type":"Point","coordinates":[-122.69126199999999,45.519344000000046]},"properties":{"OBJECTID1":165,"OBJECTID":331,"NCESSCH":"411004000966","LEAID":"4110040","NAME":"Lincoln High School","STREET":"1750 SW Salmon St.","CITY":"Portland","STATE":"OR","ZIP":"97205","STFIP":"41","LOCALE":"11","LAT":45.519343999999997,"LON":-122.69126199999999,"CBSA":"38900","NMCBSA":"Portland-Vancouver-Hillsboro, OR-WA","CSA":"440","NMCSA":"Portland-Vancouver-Salem, OR-WA","CD":"4101","SLDL":"41033","SLDU":"41017","SCHOOLYEAR":"2024-2025","District_ID":2180,"District_Name":"Portland SD 1J","School_ID":914,"Grades":"Grade(s) 9-12","School_Type":"H","County":"Multnomah","Student_Enrollment":1570,"Languages_Spoken":37,"Students_Experiencing_Poverty":8,"Teachers":82,"Educational_Assistants":7,"Counselors_Psychologists_Social_Workers":6,"Average_Teacher_Retention_Rate":90,"Experienced_Teachers":90,"Same_Principal_in_the_Last_3_Years":"Yes","English_Language_Arts":null,"Oregon_ELA_Average":null,"Mathematics":null,"Oregon_Mathematics_Average":null,"Science":null,"Oregon_Science_Average":null,"On_Track_to_Graduate":93,"Oregon_On_Track_to_Graduate_Average":87,"On_Time_Graduation_2023_2024":92,"Oregon_On_Time_Graduation_2023_24_Average":82,"Five_Year_Completion_2023_24":95,"Oregon_Five_Year_Completion_2023_24_Average":87,"College_Going_2022_23":79,"Oregon_College_Going_2022_23_Average":79,"OBJECTID_1":243}},{"type":"Feature","id":166,"geometry":{"type":"Point","coordinates":[-122.65199999999999,45.540200000000027]},"properties":{"OBJECTID1":166,"OBJECTID":289,"NCESSCH":"411004000905","LEAID":"4110040","NAME":"Irvington Elementary School","STREET":"1320 NE Brazee St","CITY":"Portland","STATE":"OR","ZIP":"97212","STFIP":"41","LOCALE":"11","LAT":45.540199999999999,"LON":-122.652,"CBSA":"38900","NMCBSA":"Portland-Vancouver-Hillsboro, OR-WA","CSA":"440","NMCSA":"Portland-Vancouver-Salem, OR-WA","CD":"4103","SLDL":"41043","SLDU":"41022","SCHOOLYEAR":"2024-2025","District_ID":2180,"District_Name":"Portland SD 1J","School_ID":861,"Grades":"Grade(s) K-5","School_Type":"E","County":"Multnomah","Student_Enrollment":256,"Languages_Spoken":7,"Students_Experiencing_Poverty":17,"Teachers":16,"Educational_Assistants":3,"Counselors_Psychologists_Social_Workers":1,"Average_Teacher_Retention_Rate":79,"Experienced_Teachers":79,"Same_Principal_in_the_Last_3_Years":"Yes","English_Language_Arts":68,"Oregon_ELA_Average":43,"Mathematics":59,"Oregon_Mathematics_Average":36,"Science":60,"Oregon_Science_Average":31,"On_Track_to_Graduate":null,"Oregon_On_Track_to_Graduate_Average":null,"On_Time_Graduation_2023_2024":null,"Oregon_On_Time_Graduation_2023_24_Average":null,"Five_Year_Completion_2023_24":null,"Oregon_Five_Year_Completion_2023_24_Average":null,"College_Going_2022_23":null,"Oregon_College_Going_2022_23_Average":null,"OBJECTID_1":229}},{"type":"Feature","id":167,"geometry":{"type":"Point","coordinates":[-122.96339999999998,45.497200000000078]},"properties":{"OBJECTID1":167,"OBJECTID":24,"NCESSCH":"410002301305","LEAID":"4100023","NAME":"Minter Bridge Elementary School","STREET":"1750 SE Jacquelin Dr","CITY":"Hillsboro","STATE":"OR","ZIP":"97123","STFIP":"41","LOCALE":"12","LAT":45.497199999999999,"LON":-122.96339999999999,"CBSA":"38900","NMCBSA":"Portland-Vancouver-Hillsboro, OR-WA","CSA":"440","NMCSA":"Portland-Vancouver-Salem, OR-WA","CD":"4101","SLDL":"41036","SLDU":"41018","SCHOOLYEAR":"2024-2025","District_ID":2239,"District_Name":"Hillsboro SD 1J","School_ID":1116,"Grades":"Grade(s) K-6","School_Type":"E","County":"Washington","Student_Enrollment":338,"Languages_Spoken":15,"Students_Experiencing_Poverty":33,"Teachers":20,"Educational_Assistants":9,"Counselors_Psychologists_Social_Workers":1,"Average_Teacher_Retention_Rate":72,"Experienced_Teachers":72,"Same_Principal_in_the_Last_3_Years":"No","English_Language_Arts":19,"Oregon_ELA_Average":43,"Mathematics":17,"Oregon_Mathematics_Average":35,"Science":16,"Oregon_Science_Average":31,"On_Track_to_Graduate":null,"Oregon_On_Track_to_Graduate_Average":null,"On_Time_Graduation_2023_2024":null,"Oregon_On_Time_Graduation_2023_24_Average":null,"Five_Year_Completion_2023_24":null,"Oregon_Five_Year_Completion_2023_24_Average":null,"College_Going_2022_23":null,"Oregon_College_Going_2022_23_Average":null,"OBJECTID_1":94}},{"type":"Feature","id":168,"geometry":{"type":"Point","coordinates":[-122.57039999999995,45.472900000000038]},"properties":{"OBJECTID1":168,"OBJECTID":291,"NCESSCH":"411004000909","LEAID":"4110040","NAME":"Kelly Elementary School","STREET":"9030 SE Cooper St","CITY":"Portland","STATE":"OR","ZIP":"97266","STFIP":"41","LOCALE":"11","LAT":45.472900000000003,"LON":-122.57040000000001,"CBSA":"38900","NMCBSA":"Portland-Vancouver-Hillsboro, OR-WA","CSA":"440","NMCSA":"Portland-Vancouver-Salem, OR-WA","CD":"4105","SLDL":"41046","SLDU":"41023","SCHOOLYEAR":"2024-2025","District_ID":2180,"District_Name":"Portland SD 1J","School_ID":864,"Grades":"Grade(s) K-5","School_Type":"E","County":"Multnomah","Student_Enrollment":410,"Languages_Spoken":19,"Students_Experiencing_Poverty":53,"Teachers":26,"Educational_Assistants":5,"Counselors_Psychologists_Social_Workers":2,"Average_Teacher_Retention_Rate":88,"Experienced_Teachers":88,"Same_Principal_in_the_Last_3_Years":"No","English_Language_Arts":28.999999999999996,"Oregon_ELA_Average":43,"Mathematics":28.999999999999996,"Oregon_Mathematics_Average":36,"Science":18,"Oregon_Science_Average":31,"On_Track_to_Graduate":null,"Oregon_On_Track_to_Graduate_Average":null,"On_Time_Graduation_2023_2024":null,"Oregon_On_Time_Graduation_2023_24_Average":null,"Five_Year_Completion_2023_24":null,"Oregon_Five_Year_Completion_2023_24_Average":null,"College_Going_2022_23":null,"Oregon_College_Going_2022_23_Average":null,"OBJECTID_1":235}},{"type":"Feature","id":169,"geometry":{"type":"Point","coordinates":[-122.80289999999997,45.446700000000078]},"properties":{"OBJECTID1":169,"OBJECTID":47,"NCESSCH":"410192000552","LEAID":"4101920","NAME":"Conestoga Middle School","STREET":"12250 SW Conestoga Dr","CITY":"Beaverton","STATE":"OR","ZIP":"97008","STFIP":"41","LOCALE":"13","LAT":45.4467,"LON":-122.80289999999999,"CBSA":"38900","NMCBSA":"Portland-Vancouver-Hillsboro, OR-WA","CSA":"440","NMCSA":"Portland-Vancouver-Salem, OR-WA","CD":"4106","SLDL":"41027","SLDU":"41014","SCHOOLYEAR":"2024-2025","District_ID":2243,"District_Name":"Beaverton SD 48J","School_ID":1319,"Grades":"Grade(s) 6-8","School_Type":"M","County":"Washington","Student_Enrollment":812,"Languages_Spoken":33,"Students_Experiencing_Poverty":25,"Teachers":43,"Educational_Assistants":6,"Counselors_Psychologists_Social_Workers":5,"Average_Teacher_Retention_Rate":91,"Experienced_Teachers":91,"Same_Principal_in_the_Last_3_Years":"Yes","English_Language_Arts":48,"Oregon_ELA_Average":43,"Mathematics":35,"Oregon_Mathematics_Average":30,"Science":28.999999999999996,"Oregon_Science_Average":28.000000000000004,"On_Track_to_Graduate":null,"Oregon_On_Track_to_Graduate_Average":null,"On_Time_Graduation_2023_2024":null,"Oregon_On_Time_Graduation_2023_24_Average":null,"Five_Year_Completion_2023_24":null,"Oregon_Five_Year_Completion_2023_24_Average":null,"College_Going_2022_23":null,"Oregon_College_Going_2022_23_Average":null,"OBJECTID_1":18}},{"type":"Feature","id":170,"geometry":{"type":"Point","coordinates":[-122.77825399999995,45.46558600000003]},"properties":{"OBJECTID1":170,"OBJECTID":60,"NCESSCH":"410192001219","LEAID":"4101920","NAME":"McKay Elementary School","STREET":"7485 SW Scholls Ferry Rd","CITY":"Beaverton","STATE":"OR","ZIP":"97008","STFIP":"41","LOCALE":"13","LAT":45.465586000000002,"LON":-122.778254,"CBSA":"38900","NMCBSA":"Portland-Vancouver-Hillsboro, OR-WA","CSA":"440","NMCSA":"Portland-Vancouver-Salem, OR-WA","CD":"4106","SLDL":"41027","SLDU":"41014","SCHOOLYEAR":"2024-2025","District_ID":2243,"District_Name":"Beaverton SD 48J","School_ID":1168,"Grades":"Grade(s) K-5","School_Type":"E","County":"Washington","Student_Enrollment":252,"Languages_Spoken":18,"Students_Experiencing_Poverty":32,"Teachers":21,"Educational_Assistants":11,"Counselors_Psychologists_Social_Workers":2,"Average_Teacher_Retention_Rate":71,"Experienced_Teachers":71,"Same_Principal_in_the_Last_3_Years":"Yes","English_Language_Arts":46,"Oregon_ELA_Average":43,"Mathematics":36,"Oregon_Mathematics_Average":36,"Science":28.999999999999996,"Oregon_Science_Average":31,"On_Track_to_Graduate":null,"Oregon_On_Track_to_Graduate_Average":null,"On_Time_Graduation_2023_2024":null,"Oregon_On_Time_Graduation_2023_24_Average":null,"Five_Year_Completion_2023_24":null,"Oregon_Five_Year_Completion_2023_24_Average":null,"College_Going_2022_23":null,"Oregon_College_Going_2022_23_Average":null,"OBJECTID_1":34}},{"type":"Feature","id":171,"geometry":{"type":"Point","coordinates":[-122.95879999999994,45.49470000000008]},"properties":{"OBJECTID1":171,"OBJECTID":20,"NCESSCH":"410002301252","LEAID":"4100023","NAME":"Hillsboro High School","STREET":"3285 SE Rood Bridge Rd","CITY":"Hillsboro","STATE":"OR","ZIP":"97123","STFIP":"41","LOCALE":"12","LAT":45.494700000000002,"LON":-122.9588,"CBSA":"38900","NMCBSA":"Portland-Vancouver-Hillsboro, OR-WA","CSA":"440","NMCSA":"Portland-Vancouver-Salem, OR-WA","CD":"4101","SLDL":"41036","SLDU":"41018","SCHOOLYEAR":"2024-2025","District_ID":2239,"District_Name":"Hillsboro SD 1J","School_ID":1201,"Grades":"Grade(s) 9-12","School_Type":"H","County":"Washington","Student_Enrollment":1300,"Languages_Spoken":49,"Students_Experiencing_Poverty":30,"Teachers":63,"Educational_Assistants":17,"Counselors_Psychologists_Social_Workers":6,"Average_Teacher_Retention_Rate":72,"Experienced_Teachers":72,"Same_Principal_in_the_Last_3_Years":"No","English_Language_Arts":null,"Oregon_ELA_Average":null,"Mathematics":null,"Oregon_Mathematics_Average":null,"Science":null,"Oregon_Science_Average":null,"On_Track_to_Graduate":89,"Oregon_On_Track_to_Graduate_Average":87,"On_Time_Graduation_2023_2024":84,"Oregon_On_Time_Graduation_2023_24_Average":82,"Five_Year_Completion_2023_24":88,"Oregon_Five_Year_Completion_2023_24_Average":87,"College_Going_2022_23":52,"Oregon_College_Going_2022_23_Average":52,"OBJECTID_1":84}},{"type":"Feature","id":172,"geometry":{"type":"Point","coordinates":[-122.68069999999994,45.567000000000064]},"properties":{"OBJECTID1":172,"OBJECTID":307,"NCESSCH":"411004000925","LEAID":"4110040","NAME":"Ockley Green Middle School","STREET":"6031 N Montana","CITY":"Portland","STATE":"OR","ZIP":"97217","STFIP":"41","LOCALE":"11","LAT":45.567,"LON":-122.6807,"CBSA":"38900","NMCBSA":"Portland-Vancouver-Hillsboro, OR-WA","CSA":"440","NMCSA":"Portland-Vancouver-Salem, OR-WA","CD":"4103","SLDL":"41044","SLDU":"41022","SCHOOLYEAR":"2024-2025","District_ID":2180,"District_Name":"Portland SD 1J","School_ID":878,"Grades":"Grade(s) 6-8","School_Type":"M","County":"Multnomah","Student_Enrollment":411,"Languages_Spoken":14,"Students_Experiencing_Poverty":31,"Teachers":29,"Educational_Assistants":3,"Counselors_Psychologists_Social_Workers":3,"Average_Teacher_Retention_Rate":66,"Experienced_Teachers":66,"Same_Principal_in_the_Last_3_Years":"Yes","English_Language_Arts":36,"Oregon_ELA_Average":43,"Mathematics":32,"Oregon_Mathematics_Average":30,"Science":24,"Oregon_Science_Average":28.000000000000004,"On_Track_to_Graduate":null,"Oregon_On_Track_to_Graduate_Average":null,"On_Time_Graduation_2023_2024":null,"Oregon_On_Time_Graduation_2023_24_Average":null,"Five_Year_Completion_2023_24":null,"Oregon_Five_Year_Completion_2023_24_Average":null,"College_Going_2022_23":null,"Oregon_College_Going_2022_23_Average":null,"OBJECTID_1":250}},{"type":"Feature","id":173,"geometry":{"type":"Point","coordinates":[-122.78909999999996,45.431700000000035]},"properties":{"OBJECTID1":173,"OBJECTID":417,"NCESSCH":"411224001196","LEAID":"4112240","NAME":"Thomas R Fowler Middle School","STREET":"10865 SW Walnut St","CITY":"Tigard","STATE":"OR","ZIP":"97223","STFIP":"41","LOCALE":"13","LAT":45.431699999999999,"LON":-122.7891,"CBSA":"38900","NMCBSA":"Portland-Vancouver-Hillsboro, OR-WA","CSA":"440","NMCSA":"Portland-Vancouver-Salem, OR-WA","CD":"4106","SLDL":"41025","SLDU":"41013","SCHOOLYEAR":"2024-2025","District_ID":2242,"District_Name":"Tigard-Tualatin SD 23J","School_ID":1144,"Grades":"Grade(s) 6-8","School_Type":"M","County":"Washington","Student_Enrollment":733,"Languages_Spoken":32,"Students_Experiencing_Poverty":22,"Teachers":38,"Educational_Assistants":10,"Counselors_Psychologists_Social_Workers":3,"Average_Teacher_Retention_Rate":84,"Experienced_Teachers":84,"Same_Principal_in_the_Last_3_Years":"No","English_Language_Arts":42,"Oregon_ELA_Average":43,"Mathematics":30,"Oregon_Mathematics_Average":30,"Science":33,"Oregon_Science_Average":28.000000000000004,"On_Track_to_Graduate":null,"Oregon_On_Track_to_Graduate_Average":null,"On_Time_Graduation_2023_2024":null,"Oregon_On_Time_Graduation_2023_24_Average":null,"Five_Year_Completion_2023_24":null,"Oregon_Five_Year_Completion_2023_24_Average":null,"College_Going_2022_23":null,"Oregon_College_Going_2022_23_Average":null,"OBJECTID_1":131}},{"type":"Feature","id":174,"geometry":{"type":"Point","coordinates":[-122.82349999999997,45.51520000000005]},"properties":{"OBJECTID1":174,"OBJECTID":74,"NCESSCH":"410192001235","LEAID":"4101920","NAME":"Meadow Park Middle School","STREET":"14100 SW Downing St","CITY":"Beaverton","STATE":"OR","ZIP":"97006","STFIP":"41","LOCALE":"21","LAT":45.5152,"LON":-122.8235,"CBSA":"38900","NMCBSA":"Portland-Vancouver-Hillsboro, OR-WA","CSA":"440","NMCSA":"Portland-Vancouver-Salem, OR-WA","CD":"4101","SLDL":"41027","SLDU":"41014","SCHOOLYEAR":"2024-2025","District_ID":2243,"District_Name":"Beaverton SD 48J","School_ID":1182,"Grades":"Grade(s) 6-8","School_Type":"M","County":"Washington","Student_Enrollment":659,"Languages_Spoken":35,"Students_Experiencing_Poverty":37,"Teachers":44,"Educational_Assistants":8,"Counselors_Psychologists_Social_Workers":5,"Average_Teacher_Retention_Rate":71,"Experienced_Teachers":71,"Same_Principal_in_the_Last_3_Years":"Yes","English_Language_Arts":30,"Oregon_ELA_Average":43,"Mathematics":23,"Oregon_Mathematics_Average":30,"Science":20,"Oregon_Science_Average":28.000000000000004,"On_Track_to_Graduate":null,"Oregon_On_Track_to_Graduate_Average":null,"On_Time_Graduation_2023_2024":null,"Oregon_On_Time_Graduation_2023_24_Average":null,"Five_Year_Completion_2023_24":null,"Oregon_Five_Year_Completion_2023_24_Average":null,"College_Going_2022_23":null,"Oregon_College_Going_2022_23_Average":null,"OBJECTID_1":36}},{"type":"Feature","id":175,"geometry":{"type":"Point","coordinates":[-122.85079599999995,45.35685200000006]},"properties":{"OBJECTID1":175,"OBJECTID":392,"NCESSCH":"411129001245","LEAID":"4111290","NAME":"Sherwood Middle School","STREET":"16956 SW Meinecke Rd","CITY":"Sherwood","STATE":"OR","ZIP":"97140","STFIP":"41","LOCALE":"21","LAT":45.356852000000003,"LON":-122.850796,"CBSA":"38900","NMCBSA":"Portland-Vancouver-Hillsboro, OR-WA","CSA":"440","NMCSA":"Portland-Vancouver-Salem, OR-WA","CD":"4106","SLDL":"41026","SLDU":"41013","SCHOOLYEAR":"2024-2025","District_ID":2244,"District_Name":"Sherwood SD 88J","School_ID":1192,"Grades":"Grade(s) 6-8","School_Type":"M","County":"Washington","Student_Enrollment":1109,"Languages_Spoken":22,"Students_Experiencing_Poverty":12,"Teachers":55,"Educational_Assistants":10,"Counselors_Psychologists_Social_Workers":4,"Average_Teacher_Retention_Rate":89,"Experienced_Teachers":89,"Same_Principal_in_the_Last_3_Years":"No","English_Language_Arts":62,"Oregon_ELA_Average":43,"Mathematics":51,"Oregon_Mathematics_Average":30,"Science":36,"Oregon_Science_Average":28.000000000000004,"On_Track_to_Graduate":null,"Oregon_On_Track_to_Graduate_Average":null,"On_Time_Graduation_2023_2024":null,"Oregon_On_Time_Graduation_2023_24_Average":null,"Five_Year_Completion_2023_24":null,"Oregon_Five_Year_Completion_2023_24_Average":null,"College_Going_2022_23":null,"Oregon_College_Going_2022_23_Average":null,"OBJECTID_1":117}},{"type":"Feature","id":176,"geometry":{"type":"Point","coordinates":[-122.54899999999998,45.494000000000028]},"properties":{"OBJECTID1":176,"OBJECTID":133,"NCESSCH":"410394001676","LEAID":"4103940","NAME":"Ron Russell Middle School","STREET":"3955 SE 112th Ave","CITY":"Portland","STATE":"OR","ZIP":"97266","STFIP":"41","LOCALE":"11","LAT":45.494,"LON":-122.54900000000001,"CBSA":"38900","NMCBSA":"Portland-Vancouver-Hillsboro, OR-WA","CSA":"440","NMCSA":"Portland-Vancouver-Salem, OR-WA","CD":"4103","SLDL":"41048","SLDU":"41024","SCHOOLYEAR":"2024-2025","District_ID":2187,"District_Name":"David Douglas SD 40","School_ID":4232,"Grades":"Grade(s) 6-8","School_Type":"M","County":"Multnomah","Student_Enrollment":775,"Languages_Spoken":38,"Students_Experiencing_Poverty":56.999999999999993,"Teachers":47,"Educational_Assistants":19,"Counselors_Psychologists_Social_Workers":1,"Average_Teacher_Retention_Rate":59,"Experienced_Teachers":59,"Same_Principal_in_the_Last_3_Years":"Yes","English_Language_Arts":32,"Oregon_ELA_Average":43,"Mathematics":20,"Oregon_Mathematics_Average":30,"Science":13,"Oregon_Science_Average":28.000000000000004,"On_Track_to_Graduate":null,"Oregon_On_Track_to_Graduate_Average":null,"On_Time_Graduation_2023_2024":null,"Oregon_On_Time_Graduation_2023_24_Average":null,"Five_Year_Completion_2023_24":null,"Oregon_Five_Year_Completion_2023_24_Average":null,"College_Going_2022_23":null,"Oregon_College_Going_2022_23_Average":null,"OBJECTID_1":158}},{"type":"Feature","id":177,"geometry":{"type":"Point","coordinates":[-122.65120499999995,45.374643000000049]},"properties":{"OBJECTID1":177,"OBJECTID":443,"NCESSCH":"411317001825","LEAID":"4113170","NAME":"Trillium Creek Primary School","STREET":"1025 Rosemont Rd","CITY":"West Linn","STATE":"OR","ZIP":"97068","STFIP":"41","LOCALE":"21","LAT":45.374642999999999,"LON":-122.651205,"CBSA":"38900","NMCBSA":"Portland-Vancouver-Hillsboro, OR-WA","CSA":"440","NMCSA":"Portland-Vancouver-Salem, OR-WA","CD":"4105","SLDL":"41037","SLDU":"41019","SCHOOLYEAR":"2024-2025","District_ID":1922,"District_Name":"West Linn-Wilsonville SD 3J","School_ID":5057,"Grades":"Grade(s) K-5","School_Type":"E","County":"Clackamas","Student_Enrollment":487,"Languages_Spoken":13,"Students_Experiencing_Poverty":null,"Teachers":25,"Educational_Assistants":18,"Counselors_Psychologists_Social_Workers":1,"Average_Teacher_Retention_Rate":92,"Experienced_Teachers":92,"Same_Principal_in_the_Last_3_Years":"No","English_Language_Arts":63,"Oregon_ELA_Average":43,"Mathematics":57.999999999999993,"Oregon_Mathematics_Average":36,"Science":46,"Oregon_Science_Average":31,"On_Track_to_Graduate":null,"Oregon_On_Track_to_Graduate_Average":null,"On_Time_Graduation_2023_2024":null,"Oregon_On_Time_Graduation_2023_24_Average":null,"Five_Year_Completion_2023_24":null,"Oregon_Five_Year_Completion_2023_24_Average":null,"College_Going_2022_23":null,"Oregon_College_Going_2022_23_Average":null,"OBJECTID_1":404}},{"type":"Feature","id":178,"geometry":{"type":"Point","coordinates":[-122.51373699999999,45.519732000000033]},"properties":{"OBJECTID1":178,"OBJECTID":369,"NCESSCH":"411052011356","LEAID":"4110520","NAME":"HOLLA School","STREET":"14513 SE Stark St","CITY":"Portland","STATE":"OR","ZIP":"97233","STFIP":"41","LOCALE":"11","LAT":45.519731999999998,"LON":-122.51373700000001,"CBSA":"38900","NMCBSA":"Portland-Vancouver-Hillsboro, OR-WA","CSA":"440","NMCSA":"Portland-Vancouver-Salem, OR-WA","CD":"4103","SLDL":"41047","SLDU":"41024","SCHOOLYEAR":"2024-2025","District_ID":2182,"District_Name":"Reynolds SD 7","School_ID":5732,"Grades":"Grade(s) K-4","School_Type":"E","County":"Multnomah","Student_Enrollment":98,"Languages_Spoken":2,"Students_Experiencing_Poverty":67,"Teachers":4,"Educational_Assistants":0,"Counselors_Psychologists_Social_Workers":0,"Average_Teacher_Retention_Rate":40,"Experienced_Teachers":40,"Same_Principal_in_the_Last_3_Years":"No","English_Language_Arts":null,"Oregon_ELA_Average":42,"Mathematics":null,"Oregon_Mathematics_Average":39,"Science":null,"Oregon_Science_Average":null,"On_Track_to_Graduate":null,"Oregon_On_Track_to_Graduate_Average":null,"On_Time_Graduation_2023_2024":null,"Oregon_On_Time_Graduation_2023_24_Average":null,"Five_Year_Completion_2023_24":null,"Oregon_Five_Year_Completion_2023_24_Average":null,"College_Going_2022_23":null,"Oregon_College_Going_2022_23_Average":null,"OBJECTID_1":281}},{"type":"Feature","id":179,"geometry":{"type":"Point","coordinates":[-122.57649999999995,45.356100000000026]},"properties":{"OBJECTID1":179,"OBJECTID":248,"NCESSCH":"410933000124","LEAID":"4109330","NAME":"Tumwata Middle School","STREET":"14133 S Donovan Rd","CITY":"Oregon City","STATE":"OR","ZIP":"97045","STFIP":"41","LOCALE":"21","LAT":45.356099999999998,"LON":-122.5765,"CBSA":"38900","NMCBSA":"Portland-Vancouver-Hillsboro, OR-WA","CSA":"440","NMCSA":"Portland-Vancouver-Salem, OR-WA","CD":"4105","SLDL":"41051","SLDU":"41026","SCHOOLYEAR":"2024-2025","District_ID":1928,"District_Name":"Oregon City SD 62","School_ID":116,"Grades":"Grade(s) 6-8","School_Type":"M","County":"Clackamas","Student_Enrollment":672,"Languages_Spoken":15,"Students_Experiencing_Poverty":28.000000000000004,"Teachers":25,"Educational_Assistants":4,"Counselors_Psychologists_Social_Workers":3,"Average_Teacher_Retention_Rate":76,"Experienced_Teachers":76,"Same_Principal_in_the_Last_3_Years":"Yes","English_Language_Arts":46,"Oregon_ELA_Average":43,"Mathematics":28.000000000000004,"Oregon_Mathematics_Average":30,"Science":28.000000000000004,"Oregon_Science_Average":28.000000000000004,"On_Track_to_Graduate":null,"Oregon_On_Track_to_Graduate_Average":null,"On_Time_Graduation_2023_2024":null,"Oregon_On_Time_Graduation_2023_24_Average":null,"Five_Year_Completion_2023_24":null,"Oregon_Five_Year_Completion_2023_24_Average":null,"College_Going_2022_23":null,"Oregon_College_Going_2022_23_Average":null,"OBJECTID_1":380}},{"type":"Feature","id":180,"geometry":{"type":"Point","coordinates":[-122.61079999999998,45.517200000000059]},"properties":{"OBJECTID1":180,"OBJECTID":283,"NCESSCH":"411004000894","LEAID":"4110040","NAME":"Glencoe Elementary School","STREET":"825 SE 51st Ave","CITY":"Portland","STATE":"OR","ZIP":"97215","STFIP":"41","LOCALE":"11","LAT":45.517200000000003,"LON":-122.6108,"CBSA":"38900","NMCBSA":"Portland-Vancouver-Hillsboro, OR-WA","CSA":"440","NMCSA":"Portland-Vancouver-Salem, OR-WA","CD":"4103","SLDL":"41042","SLDU":"41021","SCHOOLYEAR":"2024-2025","District_ID":2180,"District_Name":"Portland SD 1J","School_ID":850,"Grades":"Grade(s) K-5","School_Type":"E","County":"Multnomah","Student_Enrollment":354,"Languages_Spoken":11,"Students_Experiencing_Poverty":14.000000000000002,"Teachers":18,"Educational_Assistants":2,"Counselors_Psychologists_Social_Workers":2,"Average_Teacher_Retention_Rate":100,"Experienced_Teachers":100,"Same_Principal_in_the_Last_3_Years":"No","English_Language_Arts":79,"Oregon_ELA_Average":43,"Mathematics":75,"Oregon_Mathematics_Average":36,"Science":77,"Oregon_Science_Average":31,"On_Track_to_Graduate":null,"Oregon_On_Track_to_Graduate_Average":null,"On_Time_Graduation_2023_2024":null,"Oregon_On_Time_Graduation_2023_24_Average":null,"Five_Year_Completion_2023_24":null,"Oregon_Five_Year_Completion_2023_24_Average":null,"College_Going_2022_23":null,"Oregon_College_Going_2022_23_Average":null,"OBJECTID_1":220}},{"type":"Feature","id":181,"geometry":{"type":"Point","coordinates":[-122.88689999999997,45.487100000000055]},"properties":{"OBJECTID1":181,"OBJECTID":10,"NCESSCH":"410002301199","LEAID":"4100023","NAME":"Butternut Creek Elementary School","STREET":"20395 SW Florence St","CITY":"Aloha","STATE":"OR","ZIP":"97007","STFIP":"41","LOCALE":"21","LAT":45.487099999999998,"LON":-122.8869,"CBSA":"38900","NMCBSA":"Portland-Vancouver-Hillsboro, OR-WA","CSA":"440","NMCSA":"Portland-Vancouver-Salem, OR-WA","CD":"4101","SLDL":"41035","SLDU":"41018","SCHOOLYEAR":"2024-2025","District_ID":2239,"District_Name":"Hillsboro SD 1J","School_ID":1147,"Grades":"Grade(s) K-6","School_Type":"E","County":"Washington","Student_Enrollment":324,"Languages_Spoken":13,"Students_Experiencing_Poverty":28.999999999999996,"Teachers":17,"Educational_Assistants":8,"Counselors_Psychologists_Social_Workers":1,"Average_Teacher_Retention_Rate":90,"Experienced_Teachers":90,"Same_Principal_in_the_Last_3_Years":"Yes","English_Language_Arts":34,"Oregon_ELA_Average":43,"Mathematics":21,"Oregon_Mathematics_Average":35,"Science":17,"Oregon_Science_Average":31,"On_Track_to_Graduate":null,"Oregon_On_Track_to_Graduate_Average":null,"On_Time_Graduation_2023_2024":null,"Oregon_On_Time_Graduation_2023_24_Average":null,"Five_Year_Completion_2023_24":null,"Oregon_Five_Year_Completion_2023_24_Average":null,"College_Going_2022_23":null,"Oregon_College_Going_2022_23_Average":null,"OBJECTID_1":75}},{"type":"Feature","id":182,"geometry":{"type":"Point","coordinates":[-122.38379999999995,45.491100000000074]},"properties":{"OBJECTID1":182,"OBJECTID":166,"NCESSCH":"410600000993","LEAID":"4106000","NAME":"Powell Valley Elementary School","STREET":"4825 SE Powell Valley Rd","CITY":"Gresham","STATE":"OR","ZIP":"97080","STFIP":"41","LOCALE":"21","LAT":45.491100000000003,"LON":-122.38379999999999,"CBSA":"38900","NMCBSA":"Portland-Vancouver-Hillsboro, OR-WA","CSA":"440","NMCSA":"Portland-Vancouver-Salem, OR-WA","CD":"4103","SLDL":"41050","SLDU":"41025","SCHOOLYEAR":"2024-2025","District_ID":2183,"District_Name":"Gresham-Barlow SD 10J","School_ID":939,"Grades":"Grade(s) K-5","School_Type":"E","County":"Multnomah","Student_Enrollment":364,"Languages_Spoken":16,"Students_Experiencing_Poverty":45,"Teachers":18,"Educational_Assistants":6,"Counselors_Psychologists_Social_Workers":1,"Average_Teacher_Retention_Rate":69,"Experienced_Teachers":69,"Same_Principal_in_the_Last_3_Years":"No","English_Language_Arts":25,"Oregon_ELA_Average":43,"Mathematics":19,"Oregon_Mathematics_Average":36,"Science":13,"Oregon_Science_Average":31,"On_Track_to_Graduate":null,"Oregon_On_Track_to_Graduate_Average":null,"On_Time_Graduation_2023_2024":null,"Oregon_On_Time_Graduation_2023_24_Average":null,"Five_Year_Completion_2023_24":null,"Oregon_Five_Year_Completion_2023_24_Average":null,"College_Going_2022_23":null,"Oregon_College_Going_2022_23_Average":null,"OBJECTID_1":178}},{"type":"Feature","id":183,"geometry":{"type":"Point","coordinates":[-122.73669999999998,45.596100000000035]},"properties":{"OBJECTID1":183,"OBJECTID":282,"NCESSCH":"411004000893","LEAID":"4110040","NAME":"George Middle School","STREET":"10000 N Burr","CITY":"Portland","STATE":"OR","ZIP":"97203","STFIP":"41","LOCALE":"11","LAT":45.5961,"LON":-122.7367,"CBSA":"38900","NMCBSA":"Portland-Vancouver-Hillsboro, OR-WA","CSA":"440","NMCSA":"Portland-Vancouver-Salem, OR-WA","CD":"4103","SLDL":"41044","SLDU":"41022","SCHOOLYEAR":"2024-2025","District_ID":2180,"District_Name":"Portland SD 1J","School_ID":849,"Grades":"Grade(s) 6-8","School_Type":"M","County":"Multnomah","Student_Enrollment":377,"Languages_Spoken":20,"Students_Experiencing_Poverty":56.000000000000007,"Teachers":32,"Educational_Assistants":11,"Counselors_Psychologists_Social_Workers":2,"Average_Teacher_Retention_Rate":67,"Experienced_Teachers":67,"Same_Principal_in_the_Last_3_Years":"Yes","English_Language_Arts":26,"Oregon_ELA_Average":43,"Mathematics":14.000000000000002,"Oregon_Mathematics_Average":30,"Science":16,"Oregon_Science_Average":28.000000000000004,"On_Track_to_Graduate":null,"Oregon_On_Track_to_Graduate_Average":null,"On_Time_Graduation_2023_2024":null,"Oregon_On_Time_Graduation_2023_24_Average":null,"Five_Year_Completion_2023_24":null,"Oregon_Five_Year_Completion_2023_24_Average":null,"College_Going_2022_23":null,"Oregon_College_Going_2022_23_Average":null,"OBJECTID_1":219}},{"type":"Feature","id":184,"geometry":{"type":"Point","coordinates":[-122.79838799999999,45.523892000000046]},"properties":{"OBJECTID1":184,"OBJECTID":98,"NCESSCH":"410192001921","LEAID":"4101920","NAME":"Tumwater Middle School","STREET":"650 NW 118th Ave","CITY":"Portland","STATE":"OR","ZIP":"97229","STFIP":"41","LOCALE":"13","LAT":45.523891999999996,"LON":-122.798388,"CBSA":"38900","NMCBSA":"Portland-Vancouver-Hillsboro, OR-WA","CSA":"440","NMCSA":"Portland-Vancouver-Salem, OR-WA","CD":"4101","SLDL":"41027","SLDU":"41014","SCHOOLYEAR":"2024-2025","District_ID":2243,"District_Name":"Beaverton SD 48J","School_ID":5652,"Grades":"Grade(s) 6-8","School_Type":"M","County":"Washington","Student_Enrollment":989,"Languages_Spoken":45,"Students_Experiencing_Poverty":10,"Teachers":44,"Educational_Assistants":11,"Counselors_Psychologists_Social_Workers":5,"Average_Teacher_Retention_Rate":83,"Experienced_Teachers":83,"Same_Principal_in_the_Last_3_Years":"No","English_Language_Arts":68,"Oregon_ELA_Average":43,"Mathematics":59,"Oregon_Mathematics_Average":30,"Science":48,"Oregon_Science_Average":28.000000000000004,"On_Track_to_Graduate":null,"Oregon_On_Track_to_Graduate_Average":null,"On_Time_Graduation_2023_2024":null,"Oregon_On_Time_Graduation_2023_24_Average":null,"Five_Year_Completion_2023_24":null,"Oregon_Five_Year_Completion_2023_24_Average":null,"College_Going_2022_23":null,"Oregon_College_Going_2022_23_Average":null,"OBJECTID_1":54}},{"type":"Feature","id":185,"geometry":{"type":"Point","coordinates":[-123.11328399999996,45.519437000000039]},"properties":{"OBJECTID1":185,"OBJECTID":150,"NCESSCH":"410516001724","LEAID":"4105160","NAME":"Forest Grove Community School","STREET":"1914 Pacific Avenue","CITY":"Forest Grove","STATE":"OR","ZIP":"97116","STFIP":"41","LOCALE":"21","LAT":45.519437000000003,"LON":-123.11328399999999,"CBSA":"38900","NMCBSA":"Portland-Vancouver-Hillsboro, OR-WA","CSA":"440","NMCSA":"Portland-Vancouver-Salem, OR-WA","CD":"4101","SLDL":"41029","SLDU":"41015","SCHOOLYEAR":"2024-2025","District_ID":2241,"District_Name":"Forest Grove SD 15","School_ID":4595,"Grades":"Grade(s) 1-8","School_Type":"E","County":"Washington","Student_Enrollment":199,"Languages_Spoken":6,"Students_Experiencing_Poverty":24,"Teachers":11,"Educational_Assistants":6,"Counselors_Psychologists_Social_Workers":0,"Average_Teacher_Retention_Rate":80,"Experienced_Teachers":80,"Same_Principal_in_the_Last_3_Years":"Yes","English_Language_Arts":51,"Oregon_ELA_Average":43,"Mathematics":34,"Oregon_Mathematics_Average":33,"Science":41,"Oregon_Science_Average":28.999999999999996,"On_Track_to_Graduate":null,"Oregon_On_Track_to_Graduate_Average":null,"On_Time_Graduation_2023_2024":null,"Oregon_On_Time_Graduation_2023_24_Average":null,"Five_Year_Completion_2023_24":null,"Oregon_Five_Year_Completion_2023_24_Average":null,"College_Going_2022_23":null,"Oregon_College_Going_2022_23_Average":null,"OBJECTID_1":65}},{"type":"Feature","id":186,"geometry":{"type":"Point","coordinates":[-122.43566099999998,45.539850000000058]},"properties":{"OBJECTID1":186,"OBJECTID":351,"NCESSCH":"411052000998","LEAID":"4110520","NAME":"Fairview Elementary School","STREET":"225 Main St","CITY":"Fairview","STATE":"OR","ZIP":"97024","STFIP":"41","LOCALE":"21","LAT":45.539850000000001,"LON":-122.435661,"CBSA":"38900","NMCBSA":"Portland-Vancouver-Hillsboro, OR-WA","CSA":"440","NMCSA":"Portland-Vancouver-Salem, OR-WA","CD":"4103","SLDL":"41049","SLDU":"41025","SCHOOLYEAR":"2024-2025","District_ID":2182,"District_Name":"Reynolds SD 7","School_ID":945,"Grades":"Grade(s) K-5","School_Type":"E","County":"Multnomah","Student_Enrollment":306,"Languages_Spoken":13,"Students_Experiencing_Poverty":56.999999999999993,"Teachers":22,"Educational_Assistants":16,"Counselors_Psychologists_Social_Workers":2,"Average_Teacher_Retention_Rate":95,"Experienced_Teachers":95,"Same_Principal_in_the_Last_3_Years":"Yes","English_Language_Arts":31,"Oregon_ELA_Average":43,"Mathematics":21,"Oregon_Mathematics_Average":36,"Science":24,"Oregon_Science_Average":31,"On_Track_to_Graduate":null,"Oregon_On_Track_to_Graduate_Average":null,"On_Time_Graduation_2023_2024":null,"Oregon_On_Time_Graduation_2023_24_Average":null,"Five_Year_Completion_2023_24":null,"Oregon_Five_Year_Completion_2023_24_Average":null,"College_Going_2022_23":null,"Oregon_College_Going_2022_23_Average":null,"OBJECTID_1":277}},{"type":"Feature","id":187,"geometry":{"type":"Point","coordinates":[-122.84478599999994,45.406764000000067]},"properties":{"OBJECTID1":187,"OBJECTID":428,"NCESSCH":"411224011374","LEAID":"4112240","NAME":"Art Rutkin Elementary School","STREET":"15600 SW River Terrace Blvd","CITY":"Tigard","STATE":"OR","ZIP":"97224","STFIP":"41","LOCALE":"41","LAT":45.406764000000003,"LON":-122.844786,"CBSA":"38900","NMCBSA":"Portland-Vancouver-Hillsboro, OR-WA","CSA":"440","NMCSA":"Portland-Vancouver-Salem, OR-WA","CD":"4101","SLDL":"41026","SLDU":"41013","SCHOOLYEAR":"2024-2025","District_ID":2242,"District_Name":"Tigard-Tualatin SD 23J","School_ID":5819,"Grades":"Grade(s) K-5","School_Type":"E","County":"Washington","Student_Enrollment":133,"Languages_Spoken":17,"Students_Experiencing_Poverty":null,"Teachers":9,"Educational_Assistants":3,"Counselors_Psychologists_Social_Workers":0,"Average_Teacher_Retention_Rate":89,"Experienced_Teachers":89,"Same_Principal_in_the_Last_3_Years":"Yes","English_Language_Arts":73,"Oregon_ELA_Average":43,"Mathematics":72,"Oregon_Mathematics_Average":36,"Science":67,"Oregon_Science_Average":31,"On_Track_to_Graduate":null,"Oregon_On_Track_to_Graduate_Average":null,"On_Time_Graduation_2023_2024":null,"Oregon_On_Time_Graduation_2023_24_Average":null,"Five_Year_Completion_2023_24":null,"Oregon_Five_Year_Completion_2023_24_Average":null,"College_Going_2022_23":null,"Oregon_College_Going_2022_23_Average":null,"OBJECTID_1":119}},{"type":"Feature","id":188,"geometry":{"type":"Point","coordinates":[-122.52859999999998,45.54950000000008]},"properties":{"OBJECTID1":188,"OBJECTID":258,"NCESSCH":"410948000982","LEAID":"4109480","NAME":"Shaver Elementary School","STREET":"3701 NE 131st Pl","CITY":"Portland","STATE":"OR","ZIP":"97230","STFIP":"41","LOCALE":"11","LAT":45.549500000000002,"LON":-122.5286,"CBSA":"38900","NMCBSA":"Portland-Vancouver-Hillsboro, OR-WA","CSA":"440","NMCSA":"Portland-Vancouver-Salem, OR-WA","CD":"4103","SLDL":"41045","SLDU":"41023","SCHOOLYEAR":"2024-2025","District_ID":2181,"District_Name":"Parkrose SD 3","School_ID":928,"Grades":"Grade(s) K-5","School_Type":"E","County":"Multnomah","Student_Enrollment":257,"Languages_Spoken":16,"Students_Experiencing_Poverty":51,"Teachers":19,"Educational_Assistants":8,"Counselors_Psychologists_Social_Workers":2,"Average_Teacher_Retention_Rate":78,"Experienced_Teachers":78,"Same_Principal_in_the_Last_3_Years":"No","English_Language_Arts":35,"Oregon_ELA_Average":43,"Mathematics":22,"Oregon_Mathematics_Average":36,"Science":24,"Oregon_Science_Average":31,"On_Track_to_Graduate":null,"Oregon_On_Track_to_Graduate_Average":null,"On_Time_Graduation_2023_2024":null,"Oregon_On_Time_Graduation_2023_24_Average":null,"Five_Year_Completion_2023_24":null,"Oregon_Five_Year_Completion_2023_24_Average":null,"College_Going_2022_23":null,"Oregon_College_Going_2022_23_Average":null,"OBJECTID_1":189}},{"type":"Feature","id":189,"geometry":{"type":"Point","coordinates":[-122.61299999999994,45.417500000000075]},"properties":{"OBJECTID1":189,"OBJECTID":216,"NCESSCH":"410883000087","LEAID":"4108830","NAME":"View Acres Elementary School","STREET":"4828 SE View Acres Rd","CITY":"Milwaukie","STATE":"OR","ZIP":"97267","STFIP":"41","LOCALE":"21","LAT":45.417499999999997,"LON":-122.613,"CBSA":"38900","NMCBSA":"Portland-Vancouver-Hillsboro, OR-WA","CSA":"440","NMCSA":"Portland-Vancouver-Salem, OR-WA","CD":"4105","SLDL":"41040","SLDU":"41020","SCHOOLYEAR":"2024-2025","District_ID":1924,"District_Name":"North Clackamas SD 12","School_ID":79,"Grades":"Grade(s) K-5","School_Type":"E","County":"Clackamas","Student_Enrollment":361,"Languages_Spoken":11,"Students_Experiencing_Poverty":18,"Teachers":19,"Educational_Assistants":8,"Counselors_Psychologists_Social_Workers":1,"Average_Teacher_Retention_Rate":95,"Experienced_Teachers":95,"Same_Principal_in_the_Last_3_Years":"Yes","English_Language_Arts":55.000000000000007,"Oregon_ELA_Average":43,"Mathematics":45,"Oregon_Mathematics_Average":36,"Science":66,"Oregon_Science_Average":31,"On_Track_to_Graduate":null,"Oregon_On_Track_to_Graduate_Average":null,"On_Time_Graduation_2023_2024":null,"Oregon_On_Time_Graduation_2023_24_Average":null,"Five_Year_Completion_2023_24":null,"Oregon_Five_Year_Completion_2023_24_Average":null,"College_Going_2022_23":null,"Oregon_College_Going_2022_23_Average":null,"OBJECTID_1":366}},{"type":"Feature","id":190,"geometry":{"type":"Point","coordinates":[-122.86869999999999,45.549200000000042]},"properties":{"OBJECTID1":190,"OBJECTID":67,"NCESSCH":"410192001227","LEAID":"4101920","NAME":"Rock Creek Elementary School","STREET":"4125 NW 185th Ave","CITY":"Portland","STATE":"OR","ZIP":"97229","STFIP":"41","LOCALE":"21","LAT":45.549199999999999,"LON":-122.8687,"CBSA":"38900","NMCBSA":"Portland-Vancouver-Hillsboro, OR-WA","CSA":"440","NMCSA":"Portland-Vancouver-Salem, OR-WA","CD":"4101","SLDL":"41030","SLDU":"41015","SCHOOLYEAR":"2024-2025","District_ID":2243,"District_Name":"Beaverton SD 48J","School_ID":1175,"Grades":"Grade(s) K-5","School_Type":"E","County":"Washington","Student_Enrollment":399,"Languages_Spoken":26,"Students_Experiencing_Poverty":17,"Teachers":23,"Educational_Assistants":16,"Counselors_Psychologists_Social_Workers":2,"Average_Teacher_Retention_Rate":84,"Experienced_Teachers":84,"Same_Principal_in_the_Last_3_Years":"Yes","English_Language_Arts":72,"Oregon_ELA_Average":43,"Mathematics":59,"Oregon_Mathematics_Average":36,"Science":53,"Oregon_Science_Average":31,"On_Track_to_Graduate":null,"Oregon_On_Track_to_Graduate_Average":null,"On_Time_Graduation_2023_2024":null,"Oregon_On_Time_Graduation_2023_24_Average":null,"Five_Year_Completion_2023_24":null,"Oregon_Five_Year_Completion_2023_24_Average":null,"College_Going_2022_23":null,"Oregon_College_Going_2022_23_Average":null,"OBJECTID_1":45}},{"type":"Feature","id":191,"geometry":{"type":"Point","coordinates":[-122.40699999999998,45.522800000000075]},"properties":{"OBJECTID1":191,"OBJECTID":363,"NCESSCH":"411052001397","LEAID":"4110520","NAME":"Walt Morey Middle School","STREET":"2801 SW Lucas Avenue","CITY":"Troutdale","STATE":"OR","ZIP":"97060","STFIP":"41","LOCALE":"21","LAT":45.522799999999997,"LON":-122.407,"CBSA":"38900","NMCBSA":"Portland-Vancouver-Hillsboro, OR-WA","CSA":"440","NMCSA":"Portland-Vancouver-Salem, OR-WA","CD":"4103","SLDL":"41049","SLDU":"41025","SCHOOLYEAR":"2024-2025","District_ID":2182,"District_Name":"Reynolds SD 7","School_ID":2263,"Grades":"Grade(s) 6-8","School_Type":"M","County":"Multnomah","Student_Enrollment":510,"Languages_Spoken":23,"Students_Experiencing_Poverty":40,"Teachers":33,"Educational_Assistants":8,"Counselors_Psychologists_Social_Workers":3,"Average_Teacher_Retention_Rate":74,"Experienced_Teachers":74,"Same_Principal_in_the_Last_3_Years":"Yes","English_Language_Arts":39,"Oregon_ELA_Average":43,"Mathematics":22,"Oregon_Mathematics_Average":30,"Science":35,"Oregon_Science_Average":28.000000000000004,"On_Track_to_Graduate":null,"Oregon_On_Track_to_Graduate_Average":null,"On_Time_Graduation_2023_2024":null,"Oregon_On_Time_Graduation_2023_24_Average":null,"Five_Year_Completion_2023_24":null,"Oregon_Five_Year_Completion_2023_24_Average":null,"College_Going_2022_23":null,"Oregon_College_Going_2022_23_Average":null,"OBJECTID_1":292}},{"type":"Feature","id":192,"geometry":{"type":"Point","coordinates":[-122.43178799999998,45.500616000000036]},"properties":{"OBJECTID1":192,"OBJECTID":176,"NCESSCH":"410600001787","LEAID":"4106000","NAME":"Metro East Web Academy","STREET":"50 NW 5th St","CITY":"Gresham","STATE":"OR","ZIP":"97030","STFIP":"41","LOCALE":"21","LAT":45.500616000000001,"LON":-122.431788,"CBSA":"38900","NMCBSA":"Portland-Vancouver-Hillsboro, OR-WA","CSA":"440","NMCSA":"Portland-Vancouver-Salem, OR-WA","CD":"4103","SLDL":"41050","SLDU":"41025","SCHOOLYEAR":"2024-2025","District_ID":2183,"District_Name":"Gresham-Barlow SD 10J","School_ID":4740,"Grades":"Grade(s) K-12","School_Type":"H","County":"Multnomah","Student_Enrollment":972,"Languages_Spoken":28,"Students_Experiencing_Poverty":39,"Teachers":30,"Educational_Assistants":0,"Counselors_Psychologists_Social_Workers":5,"Average_Teacher_Retention_Rate":63,"Experienced_Teachers":63,"Same_Principal_in_the_Last_3_Years":"Yes","English_Language_Arts":null,"Oregon_ELA_Average":null,"Mathematics":null,"Oregon_Mathematics_Average":null,"Science":null,"Oregon_Science_Average":null,"On_Track_to_Graduate":68,"Oregon_On_Track_to_Graduate_Average":87,"On_Time_Graduation_2023_2024":48,"Oregon_On_Time_Graduation_2023_24_Average":82,"Five_Year_Completion_2023_24":62,"Oregon_Five_Year_Completion_2023_24_Average":87,"College_Going_2022_23":43,"Oregon_College_Going_2022_23_Average":43,"OBJECTID_1":176}},{"type":"Feature","id":193,"geometry":{"type":"Point","coordinates":[-122.98479999999995,45.548200000000065]},"properties":{"OBJECTID1":193,"OBJECTID":26,"NCESSCH":"410002301322","LEAID":"4100023","NAME":"Evergreen Jr High School","STREET":"29850 NW Evergreen Rd","CITY":"Hillsboro","STATE":"OR","ZIP":"97124","STFIP":"41","LOCALE":"12","LAT":45.548200000000001,"LON":-122.98480000000001,"CBSA":"38900","NMCBSA":"Portland-Vancouver-Hillsboro, OR-WA","CSA":"440","NMCSA":"Portland-Vancouver-Salem, OR-WA","CD":"4101","SLDL":"41029","SLDU":"41015","SCHOOLYEAR":"2024-2025","District_ID":2239,"District_Name":"Hillsboro SD 1J","School_ID":1197,"Grades":"Grade(s) 7-8","School_Type":"M","County":"Washington","Student_Enrollment":714,"Languages_Spoken":22,"Students_Experiencing_Poverty":27,"Teachers":35,"Educational_Assistants":15,"Counselors_Psychologists_Social_Workers":3,"Average_Teacher_Retention_Rate":85,"Experienced_Teachers":85,"Same_Principal_in_the_Last_3_Years":"No","English_Language_Arts":35,"Oregon_ELA_Average":43,"Mathematics":28.999999999999996,"Oregon_Mathematics_Average":31,"Science":25,"Oregon_Science_Average":28.000000000000004,"On_Track_to_Graduate":null,"Oregon_On_Track_to_Graduate_Average":null,"On_Time_Graduation_2023_2024":null,"Oregon_On_Time_Graduation_2023_24_Average":null,"Five_Year_Completion_2023_24":null,"Oregon_Five_Year_Completion_2023_24_Average":null,"College_Going_2022_23":null,"Oregon_College_Going_2022_23_Average":null,"OBJECTID_1":79}},{"type":"Feature","id":194,"geometry":{"type":"Point","coordinates":[-122.73838299999994,45.589110000000062]},"properties":{"OBJECTID1":194,"OBJECTID":345,"NCESSCH":"411004001821","LEAID":"4110040","NAME":"Roosevelt High School","STREET":"6941 N Central St","CITY":"Portland","STATE":"OR","ZIP":"97203","STFIP":"41","LOCALE":"11","LAT":45.589109999999998,"LON":-122.738383,"CBSA":"38900","NMCBSA":"Portland-Vancouver-Hillsboro, OR-WA","CSA":"440","NMCSA":"Portland-Vancouver-Salem, OR-WA","CD":"4103","SLDL":"41044","SLDU":"41022","SCHOOLYEAR":"2024-2025","District_ID":2180,"District_Name":"Portland SD 1J","School_ID":918,"Grades":"Grade(s) 9-12","School_Type":"H","County":"Multnomah","Student_Enrollment":1347,"Languages_Spoken":29,"Students_Experiencing_Poverty":34,"Teachers":90,"Educational_Assistants":17,"Counselors_Psychologists_Social_Workers":9,"Average_Teacher_Retention_Rate":81,"Experienced_Teachers":81,"Same_Principal_in_the_Last_3_Years":"Yes","English_Language_Arts":null,"Oregon_ELA_Average":null,"Mathematics":null,"Oregon_Mathematics_Average":null,"Science":null,"Oregon_Science_Average":null,"On_Track_to_Graduate":82,"Oregon_On_Track_to_Graduate_Average":87,"On_Time_Graduation_2023_2024":70,"Oregon_On_Time_Graduation_2023_24_Average":82,"Five_Year_Completion_2023_24":82,"Oregon_Five_Year_Completion_2023_24_Average":87,"College_Going_2022_23":66,"Oregon_College_Going_2022_23_Average":66,"OBJECTID_1":257}},{"type":"Feature","id":195,"geometry":{"type":"Point","coordinates":[-122.61469999999997,45.495400000000075]},"properties":{"OBJECTID1":195,"OBJECTID":279,"NCESSCH":"411004000886","LEAID":"4110040","NAME":"Creston Elementary School","STREET":"4701 SE Bush St","CITY":"Portland","STATE":"OR","ZIP":"97206","STFIP":"41","LOCALE":"11","LAT":45.495399999999997,"LON":-122.6147,"CBSA":"38900","NMCBSA":"Portland-Vancouver-Hillsboro, OR-WA","CSA":"440","NMCSA":"Portland-Vancouver-Salem, OR-WA","CD":"4103","SLDL":"41042","SLDU":"41021","SCHOOLYEAR":"2024-2025","District_ID":2180,"District_Name":"Portland SD 1J","School_ID":843,"Grades":"Grade(s) K-5","School_Type":"E","County":"Multnomah","Student_Enrollment":237,"Languages_Spoken":10,"Students_Experiencing_Poverty":21,"Teachers":16,"Educational_Assistants":3,"Counselors_Psychologists_Social_Workers":null,"Average_Teacher_Retention_Rate":100,"Experienced_Teachers":100,"Same_Principal_in_the_Last_3_Years":"No","English_Language_Arts":66,"Oregon_ELA_Average":43,"Mathematics":67,"Oregon_Mathematics_Average":36,"Science":64,"Oregon_Science_Average":31,"On_Track_to_Graduate":null,"Oregon_On_Track_to_Graduate_Average":null,"On_Time_Graduation_2023_2024":null,"Oregon_On_Time_Graduation_2023_24_Average":null,"Five_Year_Completion_2023_24":null,"Oregon_Five_Year_Completion_2023_24_Average":null,"College_Going_2022_23":null,"Oregon_College_Going_2022_23_Average":null,"OBJECTID_1":211}},{"type":"Feature","id":196,"geometry":{"type":"Point","coordinates":[-122.64899999999994,45.520400000000052]},"properties":{"OBJECTID1":196,"OBJECTID":274,"NCESSCH":"411004000880","LEAID":"4110040","NAME":"Buckman Elementary School","STREET":"320 SE 16th Ave","CITY":"Portland","STATE":"OR","ZIP":"97214","STFIP":"41","LOCALE":"11","LAT":45.520400000000002,"LON":-122.649,"CBSA":"38900","NMCBSA":"Portland-Vancouver-Hillsboro, OR-WA","CSA":"440","NMCSA":"Portland-Vancouver-Salem, OR-WA","CD":"4101","SLDL":"41042","SLDU":"41021","SCHOOLYEAR":"2024-2025","District_ID":2180,"District_Name":"Portland SD 1J","School_ID":837,"Grades":"Grade(s) K-5","School_Type":"E","County":"Multnomah","Student_Enrollment":299,"Languages_Spoken":15,"Students_Experiencing_Poverty":25,"Teachers":21,"Educational_Assistants":8,"Counselors_Psychologists_Social_Workers":null,"Average_Teacher_Retention_Rate":86,"Experienced_Teachers":86,"Same_Principal_in_the_Last_3_Years":"No","English_Language_Arts":54,"Oregon_ELA_Average":43,"Mathematics":44,"Oregon_Mathematics_Average":36,"Science":43,"Oregon_Science_Average":31,"On_Track_to_Graduate":null,"Oregon_On_Track_to_Graduate_Average":null,"On_Time_Graduation_2023_2024":null,"Oregon_On_Time_Graduation_2023_24_Average":null,"Five_Year_Completion_2023_24":null,"Oregon_Five_Year_Completion_2023_24_Average":null,"College_Going_2022_23":null,"Oregon_College_Going_2022_23_Average":null,"OBJECTID_1":204}},{"type":"Feature","id":197,"geometry":{"type":"Point","coordinates":[-122.49972499999996,45.515450000000044]},"properties":{"OBJECTID1":197,"OBJECTID":116,"NCESSCH":"410280011357","LEAID":"4102800","NAME":"Oliver Middle","STREET":"15840 SE Taylor St","CITY":"Portland","STATE":"OR","ZIP":"97233","STFIP":"41","LOCALE":"11","LAT":45.515450000000001,"LON":-122.499725,"CBSA":"38900","NMCBSA":"Portland-Vancouver-Hillsboro, OR-WA","CSA":"440","NMCSA":"Portland-Vancouver-Salem, OR-WA","CD":"4103","SLDL":"41047","SLDU":"41024","SCHOOLYEAR":"2024-2025","District_ID":2185,"District_Name":"Centennial SD 28J","School_ID":5721,"Grades":"Grade(s) 6-8","School_Type":"M","County":"Multnomah","Student_Enrollment":441,"Languages_Spoken":31,"Students_Experiencing_Poverty":48,"Teachers":21,"Educational_Assistants":6,"Counselors_Psychologists_Social_Workers":2,"Average_Teacher_Retention_Rate":46,"Experienced_Teachers":46,"Same_Principal_in_the_Last_3_Years":"Yes","English_Language_Arts":20,"Oregon_ELA_Average":43,"Mathematics":7.0000000000000009,"Oregon_Mathematics_Average":30,"Science":6,"Oregon_Science_Average":28.000000000000004,"On_Track_to_Graduate":null,"Oregon_On_Track_to_Graduate_Average":null,"On_Time_Graduation_2023_2024":null,"Oregon_On_Time_Graduation_2023_24_Average":null,"Five_Year_Completion_2023_24":null,"Oregon_Five_Year_Completion_2023_24_Average":null,"College_Going_2022_23":null,"Oregon_College_Going_2022_23_Average":null,"OBJECTID_1":141}},{"type":"Feature","id":198,"geometry":{"type":"Point","coordinates":[-122.81929999999994,45.454100000000039]},"properties":{"OBJECTID1":198,"OBJECTID":58,"NCESSCH":"410192001216","LEAID":"4101920","NAME":"Hiteon Elementary School","STREET":"13800 SW Brockman Rd","CITY":"Beaverton","STATE":"OR","ZIP":"97008","STFIP":"41","LOCALE":"13","LAT":45.454099999999997,"LON":-122.8193,"CBSA":"38900","NMCBSA":"Portland-Vancouver-Hillsboro, OR-WA","CSA":"440","NMCSA":"Portland-Vancouver-Salem, OR-WA","CD":"4106","SLDL":"41025","SLDU":"41013","SCHOOLYEAR":"2024-2025","District_ID":2243,"District_Name":"Beaverton SD 48J","School_ID":1165,"Grades":"Grade(s) K-5","School_Type":"E","County":"Washington","Student_Enrollment":488,"Languages_Spoken":23,"Students_Experiencing_Poverty":24,"Teachers":28,"Educational_Assistants":13,"Counselors_Psychologists_Social_Workers":2,"Average_Teacher_Retention_Rate":94,"Experienced_Teachers":94,"Same_Principal_in_the_Last_3_Years":"Yes","English_Language_Arts":64,"Oregon_ELA_Average":43,"Mathematics":60,"Oregon_Mathematics_Average":36,"Science":41,"Oregon_Science_Average":31,"On_Track_to_Graduate":null,"Oregon_On_Track_to_Graduate_Average":null,"On_Time_Graduation_2023_2024":null,"Oregon_On_Time_Graduation_2023_24_Average":null,"Five_Year_Completion_2023_24":null,"Oregon_Five_Year_Completion_2023_24_Average":null,"College_Going_2022_23":null,"Oregon_College_Going_2022_23_Average":null,"OBJECTID_1":29}},{"type":"Feature","id":199,"geometry":{"type":"Point","coordinates":[-122.65089999999998,45.49490000000003]},"properties":{"OBJECTID1":199,"OBJECTID":336,"NCESSCH":"411004001102","LEAID":"4110040","NAME":"Winterhaven School","STREET":"3830 SE 14th Ave","CITY":"Portland","STATE":"OR","ZIP":"97202","STFIP":"41","LOCALE":"11","LAT":45.494900000000001,"LON":-122.65089999999999,"CBSA":"38900","NMCBSA":"Portland-Vancouver-Hillsboro, OR-WA","CSA":"440","NMCSA":"Portland-Vancouver-Salem, OR-WA","CD":"4103","SLDL":"41042","SLDU":"41021","SCHOOLYEAR":"2024-2025","District_ID":2180,"District_Name":"Portland SD 1J","School_ID":1364,"Grades":"Grade(s) K-8","School_Type":"E","County":"Multnomah","Student_Enrollment":314,"Languages_Spoken":11,"Students_Experiencing_Poverty":10,"Teachers":16,"Educational_Assistants":1,"Counselors_Psychologists_Social_Workers":1,"Average_Teacher_Retention_Rate":91,"Experienced_Teachers":91,"Same_Principal_in_the_Last_3_Years":"Yes","English_Language_Arts":88,"Oregon_ELA_Average":43,"Mathematics":87,"Oregon_Mathematics_Average":33,"Science":78,"Oregon_Science_Average":28.999999999999996,"On_Track_to_Graduate":null,"Oregon_On_Track_to_Graduate_Average":null,"On_Time_Graduation_2023_2024":null,"Oregon_On_Time_Graduation_2023_24_Average":null,"Five_Year_Completion_2023_24":null,"Oregon_Five_Year_Completion_2023_24_Average":null,"College_Going_2022_23":null,"Oregon_College_Going_2022_23_Average":null,"OBJECTID_1":271}},{"type":"Feature","id":200,"geometry":{"type":"Point","coordinates":[-122.43093099999999,45.535990000000027]},"properties":{"OBJECTID1":200,"OBJECTID":364,"NCESSCH":"411052001434","LEAID":"4110520","NAME":"Multnomah Learning Academy","STREET":"22565 NE Halsey St","CITY":"Fairview","STATE":"OR","ZIP":"97024","STFIP":"41","LOCALE":"21","LAT":45.535989999999998,"LON":-122.430931,"CBSA":"38900","NMCBSA":"Portland-Vancouver-Hillsboro, OR-WA","CSA":"440","NMCSA":"Portland-Vancouver-Salem, OR-WA","CD":"4103","SLDL":"41049","SLDU":"41025","SCHOOLYEAR":"2024-2025","District_ID":2182,"District_Name":"Reynolds SD 7","School_ID":3490,"Grades":"Grade(s) K-8","School_Type":"E","County":"Multnomah","Student_Enrollment":560,"Languages_Spoken":19,"Students_Experiencing_Poverty":34,"Teachers":30,"Educational_Assistants":15,"Counselors_Psychologists_Social_Workers":1,"Average_Teacher_Retention_Rate":38,"Experienced_Teachers":38,"Same_Principal_in_the_Last_3_Years":"Yes","English_Language_Arts":32,"Oregon_ELA_Average":43,"Mathematics":18,"Oregon_Mathematics_Average":33,"Science":21,"Oregon_Science_Average":28.999999999999996,"On_Track_to_Graduate":null,"Oregon_On_Track_to_Graduate_Average":null,"On_Time_Graduation_2023_2024":null,"Oregon_On_Time_Graduation_2023_24_Average":null,"Five_Year_Completion_2023_24":null,"Oregon_Five_Year_Completion_2023_24_Average":null,"College_Going_2022_23":null,"Oregon_College_Going_2022_23_Average":null,"OBJECTID_1":283}},{"type":"Feature","id":201,"geometry":{"type":"Point","coordinates":[-122.77637099999998,45.372376000000031]},"properties":{"OBJECTID1":201,"OBJECTID":416,"NCESSCH":"411224001195","LEAID":"4112240","NAME":"Tualatin Elementary School","STREET":"20405 SW 95th Ave","CITY":"Tualatin","STATE":"OR","ZIP":"97062","STFIP":"41","LOCALE":"21","LAT":45.372376000000003,"LON":-122.776371,"CBSA":"38900","NMCBSA":"Portland-Vancouver-Hillsboro, OR-WA","CSA":"440","NMCSA":"Portland-Vancouver-Salem, OR-WA","CD":"4106","SLDL":"41037","SLDU":"41019","SCHOOLYEAR":"2024-2025","District_ID":2242,"District_Name":"Tigard-Tualatin SD 23J","School_ID":1143,"Grades":"Grade(s) K-5","School_Type":"E","County":"Washington","Student_Enrollment":416,"Languages_Spoken":13,"Students_Experiencing_Poverty":28.000000000000004,"Teachers":24,"Educational_Assistants":13,"Counselors_Psychologists_Social_Workers":2,"Average_Teacher_Retention_Rate":87,"Experienced_Teachers":87,"Same_Principal_in_the_Last_3_Years":"No","English_Language_Arts":49,"Oregon_ELA_Average":43,"Mathematics":33,"Oregon_Mathematics_Average":36,"Science":27,"Oregon_Science_Average":31,"On_Track_to_Graduate":null,"Oregon_On_Track_to_Graduate_Average":null,"On_Time_Graduation_2023_2024":null,"Oregon_On_Time_Graduation_2023_24_Average":null,"Five_Year_Completion_2023_24":null,"Oregon_Five_Year_Completion_2023_24_Average":null,"College_Going_2022_23":null,"Oregon_College_Going_2022_23_Average":null,"OBJECTID_1":134}},{"type":"Feature","id":202,"geometry":{"type":"Point","coordinates":[-122.80189999999999,45.453700000000026]},"properties":{"OBJECTID1":202,"OBJECTID":82,"NCESSCH":"410192001289","LEAID":"4101920","NAME":"Greenway Elementary School","STREET":"9150 SW Downing Dr","CITY":"Beaverton","STATE":"OR","ZIP":"97008","STFIP":"41","LOCALE":"13","LAT":45.453699999999998,"LON":-122.8019,"CBSA":"38900","NMCBSA":"Portland-Vancouver-Hillsboro, OR-WA","CSA":"440","NMCSA":"Portland-Vancouver-Salem, OR-WA","CD":"4106","SLDL":"41027","SLDU":"41014","SCHOOLYEAR":"2024-2025","District_ID":2243,"District_Name":"Beaverton SD 48J","School_ID":1157,"Grades":"Grade(s) K-5","School_Type":"E","County":"Washington","Student_Enrollment":279,"Languages_Spoken":17,"Students_Experiencing_Poverty":37,"Teachers":19,"Educational_Assistants":8,"Counselors_Psychologists_Social_Workers":2,"Average_Teacher_Retention_Rate":82,"Experienced_Teachers":82,"Same_Principal_in_the_Last_3_Years":"Yes","English_Language_Arts":44,"Oregon_ELA_Average":43,"Mathematics":28.000000000000004,"Oregon_Mathematics_Average":36,"Science":40,"Oregon_Science_Average":31,"On_Track_to_Graduate":null,"Oregon_On_Track_to_Graduate_Average":null,"On_Time_Graduation_2023_2024":null,"Oregon_On_Time_Graduation_2023_24_Average":null,"Five_Year_Completion_2023_24":null,"Oregon_Five_Year_Completion_2023_24_Average":null,"College_Going_2022_23":null,"Oregon_College_Going_2022_23_Average":null,"OBJECTID_1":26}},{"type":"Feature","id":203,"geometry":{"type":"Point","coordinates":[-123.06199999999995,45.512000000000057]},"properties":{"OBJECTID1":203,"OBJECTID":143,"NCESSCH":"410516001184","LEAID":"4105160","NAME":"Echo Shaw Elementary School","STREET":"914 S Linden St","CITY":"Cornelius","STATE":"OR","ZIP":"97113","STFIP":"41","LOCALE":"21","LAT":45.512,"LON":-123.062,"CBSA":"38900","NMCBSA":"Portland-Vancouver-Hillsboro, OR-WA","CSA":"440","NMCSA":"Portland-Vancouver-Salem, OR-WA","CD":"4101","SLDL":"41029","SLDU":"41015","SCHOOLYEAR":"2024-2025","District_ID":2241,"District_Name":"Forest Grove SD 15","School_ID":1130,"Grades":"Grade(s) K-6","School_Type":"E","County":"Washington","Student_Enrollment":393,"Languages_Spoken":10,"Students_Experiencing_Poverty":48,"Teachers":27,"Educational_Assistants":18,"Counselors_Psychologists_Social_Workers":2,"Average_Teacher_Retention_Rate":82,"Experienced_Teachers":82,"Same_Principal_in_the_Last_3_Years":"No","English_Language_Arts":24,"Oregon_ELA_Average":43,"Mathematics":18,"Oregon_Mathematics_Average":35,"Science":null,"Oregon_Science_Average":31,"On_Track_to_Graduate":null,"Oregon_On_Track_to_Graduate_Average":null,"On_Time_Graduation_2023_2024":null,"Oregon_On_Time_Graduation_2023_24_Average":null,"Five_Year_Completion_2023_24":null,"Oregon_Five_Year_Completion_2023_24_Average":null,"College_Going_2022_23":null,"Oregon_College_Going_2022_23_Average":null,"OBJECTID_1":63}},{"type":"Feature","id":204,"geometry":{"type":"Point","coordinates":[-122.46219999999994,45.52350000000007]},"properties":{"OBJECTID1":204,"OBJECTID":355,"NCESSCH":"411052001003","LEAID":"4110520","NAME":"Davis Elementary School","STREET":"19501 NE Davis St","CITY":"Portland","STATE":"OR","ZIP":"97230","STFIP":"41","LOCALE":"21","LAT":45.523499999999999,"LON":-122.4622,"CBSA":"38900","NMCBSA":"Portland-Vancouver-Hillsboro, OR-WA","CSA":"440","NMCSA":"Portland-Vancouver-Salem, OR-WA","CD":"4103","SLDL":"41049","SLDU":"41025","SCHOOLYEAR":"2024-2025","District_ID":2182,"District_Name":"Reynolds SD 7","School_ID":949,"Grades":"Grade(s) K-5","School_Type":"E","County":"Multnomah","Student_Enrollment":309,"Languages_Spoken":27,"Students_Experiencing_Poverty":61,"Teachers":22,"Educational_Assistants":8,"Counselors_Psychologists_Social_Workers":3,"Average_Teacher_Retention_Rate":86,"Experienced_Teachers":86,"Same_Principal_in_the_Last_3_Years":"No","English_Language_Arts":13,"Oregon_ELA_Average":43,"Mathematics":12,"Oregon_Mathematics_Average":36,"Science":11,"Oregon_Science_Average":31,"On_Track_to_Graduate":null,"Oregon_On_Track_to_Graduate_Average":null,"On_Time_Graduation_2023_2024":null,"Oregon_On_Time_Graduation_2023_24_Average":null,"Five_Year_Completion_2023_24":null,"Oregon_Five_Year_Completion_2023_24_Average":null,"College_Going_2022_23":null,"Oregon_College_Going_2022_23_Average":null,"OBJECTID_1":276}},{"type":"Feature","id":205,"geometry":{"type":"Point","coordinates":[-122.79409099999998,45.460130000000049]},"properties":{"OBJECTID1":205,"OBJECTID":93,"NCESSCH":"410192001791","LEAID":"4101920","NAME":"Arco Iris Spanish Immersion School","STREET":"8205 SW Creekside Pl","CITY":"Beaverton","STATE":"OR","ZIP":"97008","STFIP":"41","LOCALE":"13","LAT":45.460129999999999,"LON":-122.79409099999999,"CBSA":"38900","NMCBSA":"Portland-Vancouver-Hillsboro, OR-WA","CSA":"440","NMCSA":"Portland-Vancouver-Salem, OR-WA","CD":"4106","SLDL":"41027","SLDU":"41014","SCHOOLYEAR":"2024-2025","District_ID":2243,"District_Name":"Beaverton SD 48J","School_ID":4805,"Grades":"Grade(s) K-8","School_Type":"E","County":"Washington","Student_Enrollment":409,"Languages_Spoken":7,"Students_Experiencing_Poverty":11,"Teachers":25,"Educational_Assistants":7,"Counselors_Psychologists_Social_Workers":1,"Average_Teacher_Retention_Rate":89,"Experienced_Teachers":89,"Same_Principal_in_the_Last_3_Years":"No","English_Language_Arts":53,"Oregon_ELA_Average":43,"Mathematics":42,"Oregon_Mathematics_Average":33,"Science":56.999999999999993,"Oregon_Science_Average":28.999999999999996,"On_Track_to_Graduate":null,"Oregon_On_Track_to_Graduate_Average":null,"On_Time_Graduation_2023_2024":null,"Oregon_On_Time_Graduation_2023_24_Average":null,"Five_Year_Completion_2023_24":null,"Oregon_Five_Year_Completion_2023_24_Average":null,"College_Going_2022_23":null,"Oregon_College_Going_2022_23_Average":null,"OBJECTID_1":6}},{"type":"Feature","id":206,"geometry":{"type":"Point","coordinates":[-122.81829999999997,45.47380000000004]},"properties":{"OBJECTID1":206,"OBJECTID":56,"NCESSCH":"410192001213","LEAID":"4101920","NAME":"Fir Grove Elementary School","STREET":"6300 SW Wilson Ave","CITY":"Beaverton","STATE":"OR","ZIP":"97008","STFIP":"41","LOCALE":"13","LAT":45.473799999999997,"LON":-122.81829999999999,"CBSA":"38900","NMCBSA":"Portland-Vancouver-Hillsboro, OR-WA","CSA":"440","NMCSA":"Portland-Vancouver-Salem, OR-WA","CD":"4101","SLDL":"41027","SLDU":"41014","SCHOOLYEAR":"2024-2025","District_ID":2243,"District_Name":"Beaverton SD 48J","School_ID":1163,"Grades":"Grade(s) K-5","School_Type":"E","County":"Washington","Student_Enrollment":342,"Languages_Spoken":16,"Students_Experiencing_Poverty":31,"Teachers":24,"Educational_Assistants":6,"Counselors_Psychologists_Social_Workers":2,"Average_Teacher_Retention_Rate":90,"Experienced_Teachers":90,"Same_Principal_in_the_Last_3_Years":"Yes","English_Language_Arts":52,"Oregon_ELA_Average":43,"Mathematics":43,"Oregon_Mathematics_Average":36,"Science":49,"Oregon_Science_Average":31,"On_Track_to_Graduate":null,"Oregon_On_Track_to_Graduate_Average":null,"On_Time_Graduation_2023_2024":null,"Oregon_On_Time_Graduation_2023_24_Average":null,"Five_Year_Completion_2023_24":null,"Oregon_Five_Year_Completion_2023_24_Average":null,"College_Going_2022_23":null,"Oregon_College_Going_2022_23_Average":null,"OBJECTID_1":23}},{"type":"Feature","id":207,"geometry":{"type":"Point","coordinates":[-122.61789999999996,45.473900000000071]},"properties":{"OBJECTID1":207,"OBJECTID":297,"NCESSCH":"411004000916","LEAID":"4110040","NAME":"Lewis Elementary School","STREET":"4401 SE Evergreen St","CITY":"Portland","STATE":"OR","ZIP":"97206","STFIP":"41","LOCALE":"11","LAT":45.4739,"LON":-122.61790000000001,"CBSA":"38900","NMCBSA":"Portland-Vancouver-Hillsboro, OR-WA","CSA":"440","NMCSA":"Portland-Vancouver-Salem, OR-WA","CD":"4103","SLDL":"41041","SLDU":"41021","SCHOOLYEAR":"2024-2025","District_ID":2180,"District_Name":"Portland SD 1J","School_ID":871,"Grades":"Grade(s) K-5","School_Type":"E","County":"Multnomah","Student_Enrollment":270,"Languages_Spoken":8,"Students_Experiencing_Poverty":20,"Teachers":15,"Educational_Assistants":3,"Counselors_Psychologists_Social_Workers":1,"Average_Teacher_Retention_Rate":100,"Experienced_Teachers":100,"Same_Principal_in_the_Last_3_Years":"Yes","English_Language_Arts":68,"Oregon_ELA_Average":43,"Mathematics":60,"Oregon_Mathematics_Average":36,"Science":48,"Oregon_Science_Average":31,"On_Track_to_Graduate":null,"Oregon_On_Track_to_Graduate_Average":null,"On_Time_Graduation_2023_2024":null,"Oregon_On_Time_Graduation_2023_24_Average":null,"Five_Year_Completion_2023_24":null,"Oregon_Five_Year_Completion_2023_24_Average":null,"College_Going_2022_23":null,"Oregon_College_Going_2022_23_Average":null,"OBJECTID_1":242}},{"type":"Feature","id":208,"geometry":{"type":"Point","coordinates":[-122.54349999999999,45.501400000000046]},"properties":{"OBJECTID1":208,"OBJECTID":131,"NCESSCH":"410394001036","LEAID":"4103940","NAME":"West Powellhurst Elementary School","STREET":"2921 SE 116th Ave","CITY":"Portland","STATE":"OR","ZIP":"97266","STFIP":"41","LOCALE":"11","LAT":45.501399999999997,"LON":-122.54349999999999,"CBSA":"38900","NMCBSA":"Portland-Vancouver-Hillsboro, OR-WA","CSA":"440","NMCSA":"Portland-Vancouver-Salem, OR-WA","CD":"4103","SLDL":"41048","SLDU":"41024","SCHOOLYEAR":"2024-2025","District_ID":2187,"District_Name":"David Douglas SD 40","School_ID":979,"Grades":"Grade(s) K-5","School_Type":"E","County":"Multnomah","Student_Enrollment":361,"Languages_Spoken":26,"Students_Experiencing_Poverty":60,"Teachers":21,"Educational_Assistants":11,"Counselors_Psychologists_Social_Workers":1,"Average_Teacher_Retention_Rate":81,"Experienced_Teachers":81,"Same_Principal_in_the_Last_3_Years":"Yes","English_Language_Arts":24,"Oregon_ELA_Average":43,"Mathematics":20,"Oregon_Mathematics_Average":36,"Science":14.000000000000002,"Oregon_Science_Average":31,"On_Track_to_Graduate":null,"Oregon_On_Track_to_Graduate_Average":null,"On_Time_Graduation_2023_2024":null,"Oregon_On_Time_Graduation_2023_24_Average":null,"Five_Year_Completion_2023_24":null,"Oregon_Five_Year_Completion_2023_24_Average":null,"College_Going_2022_23":null,"Oregon_College_Going_2022_23_Average":null,"OBJECTID_1":160}},{"type":"Feature","id":209,"geometry":{"type":"Point","coordinates":[-122.57923199999999,45.373679000000038]},"properties":{"OBJECTID1":209,"OBJECTID":253,"NCESSCH":"410933001725","LEAID":"4109330","NAME":"Alliance Charter Academy","STREET":"16075 S Front Ave","CITY":"Oregon City","STATE":"OR","ZIP":"97045","STFIP":"41","LOCALE":"21","LAT":45.373679000000003,"LON":-122.579232,"CBSA":"38900","NMCBSA":"Portland-Vancouver-Hillsboro, OR-WA","CSA":"440","NMCSA":"Portland-Vancouver-Salem, OR-WA","CD":"4105","SLDL":"41040","SLDU":"41020","SCHOOLYEAR":"2024-2025","District_ID":1928,"District_Name":"Oregon City SD 62","School_ID":4585,"Grades":"Grade(s) K-12","School_Type":"H","County":"Clackamas","Student_Enrollment":423,"Languages_Spoken":5,"Students_Experiencing_Poverty":11,"Teachers":25,"Educational_Assistants":null,"Counselors_Psychologists_Social_Workers":null,"Average_Teacher_Retention_Rate":100,"Experienced_Teachers":100,"Same_Principal_in_the_Last_3_Years":"No","English_Language_Arts":null,"Oregon_ELA_Average":null,"Mathematics":null,"Oregon_Mathematics_Average":null,"Science":null,"Oregon_Science_Average":null,"On_Track_to_Graduate":65,"Oregon_On_Track_to_Graduate_Average":87,"On_Time_Graduation_2023_2024":83,"Oregon_On_Time_Graduation_2023_24_Average":82,"Five_Year_Completion_2023_24":94,"Oregon_Five_Year_Completion_2023_24_Average":87,"College_Going_2022_23":68,"Oregon_College_Going_2022_23_Average":68,"OBJECTID_1":368}},{"type":"Feature","id":210,"geometry":{"type":"Point","coordinates":[-122.60459399999996,45.539379000000054]},"properties":{"OBJECTID1":210,"OBJECTID":347,"NCESSCH":"411004001868","LEAID":"4110040","NAME":"Rose City Park","STREET":"2334 NE 57th Ave","CITY":"Portland","STATE":"OR","ZIP":"97212","STFIP":"41","LOCALE":"11","LAT":45.539378999999997,"LON":-122.60459400000001,"CBSA":"38900","NMCBSA":"Portland-Vancouver-Hillsboro, OR-WA","CSA":"440","NMCSA":"Portland-Vancouver-Salem, OR-WA","CD":"4103","SLDL":"41045","SLDU":"41023","SCHOOLYEAR":"2024-2025","District_ID":2180,"District_Name":"Portland SD 1J","School_ID":5427,"Grades":"Grade(s) K-5","School_Type":"E","County":"Multnomah","Student_Enrollment":444,"Languages_Spoken":9,"Students_Experiencing_Poverty":22,"Teachers":28,"Educational_Assistants":null,"Counselors_Psychologists_Social_Workers":1,"Average_Teacher_Retention_Rate":86,"Experienced_Teachers":86,"Same_Principal_in_the_Last_3_Years":"Yes","English_Language_Arts":54,"Oregon_ELA_Average":43,"Mathematics":56.999999999999993,"Oregon_Mathematics_Average":36,"Science":35,"Oregon_Science_Average":31,"On_Track_to_Graduate":null,"Oregon_On_Track_to_Graduate_Average":null,"On_Time_Graduation_2023_2024":null,"Oregon_On_Time_Graduation_2023_24_Average":null,"Five_Year_Completion_2023_24":null,"Oregon_Five_Year_Completion_2023_24_Average":null,"College_Going_2022_23":null,"Oregon_College_Going_2022_23_Average":null,"OBJECTID_1":259}},{"type":"Feature","id":211,"geometry":{"type":"Point","coordinates":[-122.41779999999994,45.493300000000033]},"properties":{"OBJECTID1":211,"OBJECTID":161,"NCESSCH":"410600000988","LEAID":"4106000","NAME":"Dexter McCarty Middle School","STREET":"1400 SE 5th St","CITY":"Gresham","STATE":"OR","ZIP":"97080","STFIP":"41","LOCALE":"21","LAT":45.493299999999998,"LON":-122.4178,"CBSA":"38900","NMCBSA":"Portland-Vancouver-Hillsboro, OR-WA","CSA":"440","NMCSA":"Portland-Vancouver-Salem, OR-WA","CD":"4103","SLDL":"41050","SLDU":"41025","SCHOOLYEAR":"2024-2025","District_ID":2183,"District_Name":"Gresham-Barlow SD 10J","School_ID":932,"Grades":"Grade(s) 6-8","School_Type":"M","County":"Multnomah","Student_Enrollment":497,"Languages_Spoken":25,"Students_Experiencing_Poverty":45,"Teachers":26,"Educational_Assistants":6,"Counselors_Psychologists_Social_Workers":2,"Average_Teacher_Retention_Rate":92,"Experienced_Teachers":92,"Same_Principal_in_the_Last_3_Years":"Yes","English_Language_Arts":39,"Oregon_ELA_Average":43,"Mathematics":20,"Oregon_Mathematics_Average":30,"Science":18,"Oregon_Science_Average":28.000000000000004,"On_Track_to_Graduate":null,"Oregon_On_Track_to_Graduate_Average":null,"On_Time_Graduation_2023_2024":null,"Oregon_On_Time_Graduation_2023_24_Average":null,"Five_Year_Completion_2023_24":null,"Oregon_Five_Year_Completion_2023_24_Average":null,"College_Going_2022_23":null,"Oregon_College_Going_2022_23_Average":null,"OBJECTID_1":164}},{"type":"Feature","id":212,"geometry":{"type":"Point","coordinates":[-122.48819999999995,45.511500000000069]},"properties":{"OBJECTID1":212,"OBJECTID":111,"NCESSCH":"410280001017","LEAID":"4102800","NAME":"Patrick Lynch Elementary","STREET":"1546 SE 169th Pl","CITY":"Portland","STATE":"OR","ZIP":"97233","STFIP":"41","LOCALE":"11","LAT":45.511499999999998,"LON":-122.48820000000001,"CBSA":"38900","NMCBSA":"Portland-Vancouver-Hillsboro, OR-WA","CSA":"440","NMCSA":"Portland-Vancouver-Salem, OR-WA","CD":"4103","SLDL":"41047","SLDU":"41024","SCHOOLYEAR":"2024-2025","District_ID":2185,"District_Name":"Centennial SD 28J","School_ID":964,"Grades":"Grade(s) K-5","School_Type":"E","County":"Multnomah","Student_Enrollment":325,"Languages_Spoken":24,"Students_Experiencing_Poverty":56.000000000000007,"Teachers":22,"Educational_Assistants":8,"Counselors_Psychologists_Social_Workers":1,"Average_Teacher_Retention_Rate":67,"Experienced_Teachers":67,"Same_Principal_in_the_Last_3_Years":"Yes","English_Language_Arts":24,"Oregon_ELA_Average":43,"Mathematics":20,"Oregon_Mathematics_Average":36,"Science":19,"Oregon_Science_Average":31,"On_Track_to_Graduate":null,"Oregon_On_Track_to_Graduate_Average":null,"On_Time_Graduation_2023_2024":null,"Oregon_On_Time_Graduation_2023_24_Average":null,"Five_Year_Completion_2023_24":null,"Oregon_Five_Year_Completion_2023_24_Average":null,"College_Going_2022_23":null,"Oregon_College_Going_2022_23_Average":null,"OBJECTID_1":143}},{"type":"Feature","id":213,"geometry":{"type":"Point","coordinates":[-122.77259999999995,45.359000000000037]},"properties":{"OBJECTID1":213,"OBJECTID":411,"NCESSCH":"411224000440","LEAID":"4112240","NAME":"Tualatin High School","STREET":"22300 SW Boones Ferry Rd","CITY":"Tualatin","STATE":"OR","ZIP":"97062","STFIP":"41","LOCALE":"21","LAT":45.359000000000002,"LON":-122.7726,"CBSA":"38900","NMCBSA":"Portland-Vancouver-Hillsboro, OR-WA","CSA":"440","NMCSA":"Portland-Vancouver-Salem, OR-WA","CD":"4106","SLDL":"41037","SLDU":"41019","SCHOOLYEAR":"2024-2025","District_ID":2242,"District_Name":"Tigard-Tualatin SD 23J","School_ID":1301,"Grades":"Grade(s) 9-12","School_Type":"H","County":"Washington","Student_Enrollment":1626,"Languages_Spoken":35,"Students_Experiencing_Poverty":17,"Teachers":84,"Educational_Assistants":13,"Counselors_Psychologists_Social_Workers":7,"Average_Teacher_Retention_Rate":91,"Experienced_Teachers":91,"Same_Principal_in_the_Last_3_Years":"Yes","English_Language_Arts":null,"Oregon_ELA_Average":null,"Mathematics":null,"Oregon_Mathematics_Average":null,"Science":null,"Oregon_Science_Average":null,"On_Track_to_Graduate":92,"Oregon_On_Track_to_Graduate_Average":87,"On_Time_Graduation_2023_2024":93,"Oregon_On_Time_Graduation_2023_24_Average":82,"Five_Year_Completion_2023_24":96,"Oregon_Five_Year_Completion_2023_24_Average":87,"College_Going_2022_23":69,"Oregon_College_Going_2022_23_Average":69,"OBJECTID_1":135}},{"type":"Feature","id":214,"geometry":{"type":"Point","coordinates":[-122.66449999999998,45.404400000000066]},"properties":{"OBJECTID1":214,"OBJECTID":187,"NCESSCH":"410723001308","LEAID":"4107230","NAME":"Hallinan Elementary School","STREET":"16800 Hawthorne Dr","CITY":"Lake Oswego","STATE":"OR","ZIP":"97034","STFIP":"41","LOCALE":"21","LAT":45.404400000000003,"LON":-122.6645,"CBSA":"38900","NMCBSA":"Portland-Vancouver-Hillsboro, OR-WA","CSA":"440","NMCSA":"Portland-Vancouver-Salem, OR-WA","CD":"4105","SLDL":"41038","SLDU":"41019","SCHOOLYEAR":"2024-2025","District_ID":1923,"District_Name":"Lake Oswego SD 7J","School_ID":54,"Grades":"Grade(s) K-5","School_Type":"E","County":"Clackamas","Student_Enrollment":369,"Languages_Spoken":11,"Students_Experiencing_Poverty":10,"Teachers":26,"Educational_Assistants":15,"Counselors_Psychologists_Social_Workers":2,"Average_Teacher_Retention_Rate":75,"Experienced_Teachers":75,"Same_Principal_in_the_Last_3_Years":"Yes","English_Language_Arts":80,"Oregon_ELA_Average":43,"Mathematics":74,"Oregon_Mathematics_Average":36,"Science":66,"Oregon_Science_Average":31,"On_Track_to_Graduate":null,"Oregon_On_Track_to_Graduate_Average":null,"On_Time_Graduation_2023_2024":null,"Oregon_On_Time_Graduation_2023_24_Average":null,"Five_Year_Completion_2023_24":null,"Oregon_Five_Year_Completion_2023_24_Average":null,"College_Going_2022_23":null,"Oregon_College_Going_2022_23_Average":null,"OBJECTID_1":320}},{"type":"Feature","id":215,"geometry":{"type":"Point","coordinates":[-122.45561699999996,45.532899000000043]},"properties":{"OBJECTID1":215,"OBJECTID":365,"NCESSCH":"411052001471","LEAID":"4110520","NAME":"Reynolds Learning Academy","STREET":"20234 NE Halsey Street","CITY":"Fairview","STATE":"OR","ZIP":"97024","STFIP":"41","LOCALE":"21","LAT":45.532899,"LON":-122.455617,"CBSA":"38900","NMCBSA":"Portland-Vancouver-Hillsboro, OR-WA","CSA":"440","NMCSA":"Portland-Vancouver-Salem, OR-WA","CD":"4103","SLDL":"41049","SLDU":"41025","SCHOOLYEAR":"2024-2025","District_ID":2182,"District_Name":"Reynolds SD 7","School_ID":1343,"Grades":"Grade(s) 7-12","School_Type":"H","County":"Multnomah","Student_Enrollment":181,"Languages_Spoken":12,"Students_Experiencing_Poverty":63,"Teachers":19,"Educational_Assistants":12,"Counselors_Psychologists_Social_Workers":3,"Average_Teacher_Retention_Rate":95,"Experienced_Teachers":95,"Same_Principal_in_the_Last_3_Years":"No","English_Language_Arts":null,"Oregon_ELA_Average":null,"Mathematics":null,"Oregon_Mathematics_Average":null,"Science":null,"Oregon_Science_Average":null,"On_Track_to_Graduate":null,"Oregon_On_Track_to_Graduate_Average":87,"On_Time_Graduation_2023_2024":34,"Oregon_On_Time_Graduation_2023_24_Average":82,"Five_Year_Completion_2023_24":67,"Oregon_Five_Year_Completion_2023_24_Average":87,"College_Going_2022_23":21,"Oregon_College_Going_2022_23_Average":21,"OBJECTID_1":286}},{"type":"Feature","id":216,"geometry":{"type":"Point","coordinates":[-122.64179999999999,45.424400000000048]},"properties":{"OBJECTID1":216,"OBJECTID":225,"NCESSCH":"410883001484","LEAID":"4108830","NAME":"Oak Grove Elementary","STREET":"2150 SE Torbank Rd","CITY":"Milwaukie","STATE":"OR","ZIP":"97222","STFIP":"41","LOCALE":"21","LAT":45.424399999999999,"LON":-122.6418,"CBSA":"38900","NMCBSA":"Portland-Vancouver-Hillsboro, OR-WA","CSA":"440","NMCSA":"Portland-Vancouver-Salem, OR-WA","CD":"4105","SLDL":"41041","SLDU":"41021","SCHOOLYEAR":"2024-2025","District_ID":1924,"District_Name":"North Clackamas SD 12","School_ID":3342,"Grades":"Grade(s) K-5","School_Type":"E","County":"Clackamas","Student_Enrollment":265,"Languages_Spoken":6,"Students_Experiencing_Poverty":48,"Teachers":16,"Educational_Assistants":13,"Counselors_Psychologists_Social_Workers":1,"Average_Teacher_Retention_Rate":87,"Experienced_Teachers":87,"Same_Principal_in_the_Last_3_Years":"Yes","English_Language_Arts":40,"Oregon_ELA_Average":43,"Mathematics":28.000000000000004,"Oregon_Mathematics_Average":36,"Science":23,"Oregon_Science_Average":31,"On_Track_to_Graduate":null,"Oregon_On_Track_to_Graduate_Average":null,"On_Time_Graduation_2023_2024":null,"Oregon_On_Time_Graduation_2023_24_Average":null,"Five_Year_Completion_2023_24":null,"Oregon_Five_Year_Completion_2023_24_Average":null,"College_Going_2022_23":null,"Oregon_College_Going_2022_23_Average":null,"OBJECTID_1":355}},{"type":"Feature","id":217,"geometry":{"type":"Point","coordinates":[-122.51786099999998,45.447685000000035]},"properties":{"OBJECTID1":217,"OBJECTID":210,"NCESSCH":"410883000076","LEAID":"4108830","NAME":"Happy Valley Elementary School","STREET":"13865 SE King Rd","CITY":"Happy Valley","STATE":"OR","ZIP":"97086","STFIP":"41","LOCALE":"21","LAT":45.447685,"LON":-122.517861,"CBSA":"38900","NMCBSA":"Portland-Vancouver-Hillsboro, OR-WA","CSA":"440","NMCSA":"Portland-Vancouver-Salem, OR-WA","CD":"4103","SLDL":"41039","SLDU":"41020","SCHOOLYEAR":"2024-2025","District_ID":1924,"District_Name":"North Clackamas SD 12","School_ID":4763,"Grades":"Grade(s) K-5","School_Type":"E","County":"Clackamas","Student_Enrollment":487,"Languages_Spoken":16,"Students_Experiencing_Poverty":12,"Teachers":24,"Educational_Assistants":7,"Counselors_Psychologists_Social_Workers":1,"Average_Teacher_Retention_Rate":80,"Experienced_Teachers":80,"Same_Principal_in_the_Last_3_Years":"No","English_Language_Arts":64,"Oregon_ELA_Average":43,"Mathematics":53,"Oregon_Mathematics_Average":36,"Science":41,"Oregon_Science_Average":31,"On_Track_to_Graduate":null,"Oregon_On_Track_to_Graduate_Average":null,"On_Time_Graduation_2023_2024":null,"Oregon_On_Time_Graduation_2023_24_Average":null,"Five_Year_Completion_2023_24":null,"Oregon_Five_Year_Completion_2023_24_Average":null,"College_Going_2022_23":null,"Oregon_College_Going_2022_23_Average":null,"OBJECTID_1":346}},{"type":"Feature","id":218,"geometry":{"type":"Point","coordinates":[-122.90309999999999,45.509600000000034]},"properties":{"OBJECTID1":218,"OBJECTID":18,"NCESSCH":"410002301250","LEAID":"4100023","NAME":"R A Brown Middle School","STREET":"1505 SW Cornelius Pass Rd","CITY":"Hillsboro","STATE":"OR","ZIP":"97123","STFIP":"41","LOCALE":"12","LAT":45.509599999999999,"LON":-122.90309999999999,"CBSA":"38900","NMCBSA":"Portland-Vancouver-Hillsboro, OR-WA","CSA":"440","NMCSA":"Portland-Vancouver-Salem, OR-WA","CD":"4101","SLDL":"41030","SLDU":"41015","SCHOOLYEAR":"2024-2025","District_ID":2239,"District_Name":"Hillsboro SD 1J","School_ID":1196,"Grades":"Grade(s) 7-8","School_Type":"M","County":"Washington","Student_Enrollment":636,"Languages_Spoken":32,"Students_Experiencing_Poverty":23,"Teachers":32,"Educational_Assistants":9,"Counselors_Psychologists_Social_Workers":3,"Average_Teacher_Retention_Rate":80,"Experienced_Teachers":80,"Same_Principal_in_the_Last_3_Years":"No","English_Language_Arts":45,"Oregon_ELA_Average":43,"Mathematics":35,"Oregon_Mathematics_Average":31,"Science":32,"Oregon_Science_Average":28.000000000000004,"On_Track_to_Graduate":null,"Oregon_On_Track_to_Graduate_Average":null,"On_Time_Graduation_2023_2024":null,"Oregon_On_Time_Graduation_2023_24_Average":null,"Five_Year_Completion_2023_24":null,"Oregon_Five_Year_Completion_2023_24_Average":null,"College_Going_2022_23":null,"Oregon_College_Going_2022_23_Average":null,"OBJECTID_1":100}},{"type":"Feature","id":219,"geometry":{"type":"Point","coordinates":[-122.83729999999997,45.475900000000081]},"properties":{"OBJECTID1":219,"OBJECTID":54,"NCESSCH":"410192001211","LEAID":"4101920","NAME":"Chehalem Elementary School","STREET":"15555 SW Davis Rd","CITY":"Beaverton","STATE":"OR","ZIP":"97007","STFIP":"41","LOCALE":"13","LAT":45.475900000000003,"LON":-122.8373,"CBSA":"38900","NMCBSA":"Portland-Vancouver-Hillsboro, OR-WA","CSA":"440","NMCSA":"Portland-Vancouver-Salem, OR-WA","CD":"4101","SLDL":"41027","SLDU":"41014","SCHOOLYEAR":"2024-2025","District_ID":2243,"District_Name":"Beaverton SD 48J","School_ID":1159,"Grades":"Grade(s) K-5","School_Type":"E","County":"Washington","Student_Enrollment":399,"Languages_Spoken":20,"Students_Experiencing_Poverty":37,"Teachers":29,"Educational_Assistants":11,"Counselors_Psychologists_Social_Workers":3,"Average_Teacher_Retention_Rate":88,"Experienced_Teachers":88,"Same_Principal_in_the_Last_3_Years":"Yes","English_Language_Arts":45,"Oregon_ELA_Average":43,"Mathematics":32,"Oregon_Mathematics_Average":36,"Science":41,"Oregon_Science_Average":31,"On_Track_to_Graduate":null,"Oregon_On_Track_to_Graduate_Average":null,"On_Time_Graduation_2023_2024":null,"Oregon_On_Time_Graduation_2023_24_Average":null,"Five_Year_Completion_2023_24":null,"Oregon_Five_Year_Completion_2023_24_Average":null,"College_Going_2022_23":null,"Oregon_College_Going_2022_23_Average":null,"OBJECTID_1":16}},{"type":"Feature","id":220,"geometry":{"type":"Point","coordinates":[-122.70399999999995,45.440900000000056]},"properties":{"OBJECTID1":220,"OBJECTID":317,"NCESSCH":"411004000940","LEAID":"4110040","NAME":"Stephenson Elementary School","STREET":"2627 SW Stephenson St","CITY":"Portland","STATE":"OR","ZIP":"97219","STFIP":"41","LOCALE":"11","LAT":45.440899999999999,"LON":-122.70399999999999,"CBSA":"38900","NMCBSA":"Portland-Vancouver-Hillsboro, OR-WA","CSA":"440","NMCSA":"Portland-Vancouver-Salem, OR-WA","CD":"4105","SLDL":"41038","SLDU":"41019","SCHOOLYEAR":"2024-2025","District_ID":2180,"District_Name":"Portland SD 1J","School_ID":892,"Grades":"Grade(s) K-5","School_Type":"E","County":"Multnomah","Student_Enrollment":287,"Languages_Spoken":9,"Students_Experiencing_Poverty":7.0000000000000009,"Teachers":16,"Educational_Assistants":4,"Counselors_Psychologists_Social_Workers":1,"Average_Teacher_Retention_Rate":83,"Experienced_Teachers":83,"Same_Principal_in_the_Last_3_Years":"Yes","English_Language_Arts":78,"Oregon_ELA_Average":43,"Mathematics":77,"Oregon_Mathematics_Average":36,"Science":69,"Oregon_Science_Average":31,"On_Track_to_Graduate":null,"Oregon_On_Track_to_Graduate_Average":null,"On_Time_Graduation_2023_2024":null,"Oregon_On_Time_Graduation_2023_24_Average":null,"Five_Year_Completion_2023_24":null,"Oregon_Five_Year_Completion_2023_24_Average":null,"College_Going_2022_23":null,"Oregon_College_Going_2022_23_Average":null,"OBJECTID_1":266}},{"type":"Feature","id":221,"geometry":{"type":"Point","coordinates":[-122.63909999999998,45.498500000000035]},"properties":{"OBJECTID1":221,"OBJECTID":327,"NCESSCH":"411004000958","LEAID":"4110040","NAME":"Cleveland High School","STREET":"3400 SE 26th Ave","CITY":"Portland","STATE":"OR","ZIP":"97202","STFIP":"41","LOCALE":"11","LAT":45.4985,"LON":-122.6391,"CBSA":"38900","NMCBSA":"Portland-Vancouver-Hillsboro, OR-WA","CSA":"440","NMCSA":"Portland-Vancouver-Salem, OR-WA","CD":"4101","SLDL":"41042","SLDU":"41021","SCHOOLYEAR":"2024-2025","District_ID":2180,"District_Name":"Portland SD 1J","School_ID":909,"Grades":"Grade(s) 9-12","School_Type":"H","County":"Multnomah","Student_Enrollment":1387,"Languages_Spoken":30,"Students_Experiencing_Poverty":11,"Teachers":72,"Educational_Assistants":10,"Counselors_Psychologists_Social_Workers":6,"Average_Teacher_Retention_Rate":91,"Experienced_Teachers":91,"Same_Principal_in_the_Last_3_Years":"Yes","English_Language_Arts":null,"Oregon_ELA_Average":null,"Mathematics":null,"Oregon_Mathematics_Average":null,"Science":null,"Oregon_Science_Average":null,"On_Track_to_Graduate":93,"Oregon_On_Track_to_Graduate_Average":87,"On_Time_Graduation_2023_2024":89,"Oregon_On_Time_Graduation_2023_24_Average":82,"Five_Year_Completion_2023_24":96,"Oregon_Five_Year_Completion_2023_24_Average":87,"College_Going_2022_23":77,"Oregon_College_Going_2022_23_Average":77,"OBJECTID_1":210}},{"type":"Feature","id":222,"geometry":{"type":"Point","coordinates":[-122.86579999999998,45.55030000000005]},"properties":{"OBJECTID1":222,"OBJECTID":48,"NCESSCH":"410192000554","LEAID":"4101920","NAME":"Westview High School","STREET":"4200 NW 185th Ave","CITY":"Portland","STATE":"OR","ZIP":"97229","STFIP":"41","LOCALE":"21","LAT":45.5503,"LON":-122.86579999999999,"CBSA":"38900","NMCBSA":"Portland-Vancouver-Hillsboro, OR-WA","CSA":"440","NMCSA":"Portland-Vancouver-Salem, OR-WA","CD":"4101","SLDL":"41034","SLDU":"41017","SCHOOLYEAR":"2024-2025","District_ID":2243,"District_Name":"Beaverton SD 48J","School_ID":1320,"Grades":"Grade(s) 9-12","School_Type":"H","County":"Washington","Student_Enrollment":2338,"Languages_Spoken":57,"Students_Experiencing_Poverty":16,"Teachers":119,"Educational_Assistants":14,"Counselors_Psychologists_Social_Workers":12,"Average_Teacher_Retention_Rate":89,"Experienced_Teachers":89,"Same_Principal_in_the_Last_3_Years":"Yes","English_Language_Arts":null,"Oregon_ELA_Average":null,"Mathematics":null,"Oregon_Mathematics_Average":null,"Science":null,"Oregon_Science_Average":null,"On_Track_to_Graduate":92,"Oregon_On_Track_to_Graduate_Average":87,"On_Time_Graduation_2023_2024":88,"Oregon_On_Time_Graduation_2023_24_Average":82,"Five_Year_Completion_2023_24":96,"Oregon_Five_Year_Completion_2023_24_Average":87,"College_Going_2022_23":73,"Oregon_College_Going_2022_23_Average":73,"OBJECTID_1":57}},{"type":"Feature","id":223,"geometry":{"type":"Point","coordinates":[-122.69569999999999,45.464300000000037]},"properties":{"OBJECTID1":223,"OBJECTID":275,"NCESSCH":"411004000881","LEAID":"4110040","NAME":"Capitol Hill Elementary School","STREET":"8401 SW 17th Ave","CITY":"Portland","STATE":"OR","ZIP":"97219","STFIP":"41","LOCALE":"11","LAT":45.464300000000001,"LON":-122.6957,"CBSA":"38900","NMCBSA":"Portland-Vancouver-Hillsboro, OR-WA","CSA":"440","NMCSA":"Portland-Vancouver-Salem, OR-WA","CD":"4105","SLDL":"41038","SLDU":"41019","SCHOOLYEAR":"2024-2025","District_ID":2180,"District_Name":"Portland SD 1J","School_ID":838,"Grades":"Grade(s) K-5","School_Type":"E","County":"Multnomah","Student_Enrollment":320,"Languages_Spoken":11,"Students_Experiencing_Poverty":16,"Teachers":18,"Educational_Assistants":2,"Counselors_Psychologists_Social_Workers":1,"Average_Teacher_Retention_Rate":100,"Experienced_Teachers":100,"Same_Principal_in_the_Last_3_Years":"Yes","English_Language_Arts":68,"Oregon_ELA_Average":43,"Mathematics":63,"Oregon_Mathematics_Average":36,"Science":52,"Oregon_Science_Average":31,"On_Track_to_Graduate":null,"Oregon_On_Track_to_Graduate_Average":null,"On_Time_Graduation_2023_2024":null,"Oregon_On_Time_Graduation_2023_24_Average":null,"Five_Year_Completion_2023_24":null,"Oregon_Five_Year_Completion_2023_24_Average":null,"College_Going_2022_23":null,"Oregon_College_Going_2022_23_Average":null,"OBJECTID_1":205}},{"type":"Feature","id":224,"geometry":{"type":"Point","coordinates":[-122.86384999999996,45.364561000000037]},"properties":{"OBJECTID1":224,"OBJECTID":396,"NCESSCH":"411129001772","LEAID":"4111290","NAME":"Ridges Elementary School","STREET":"21472 SW Copper Terrace","CITY":"Sherwood","STATE":"OR","ZIP":"97140","STFIP":"41","LOCALE":"21","LAT":45.364561000000002,"LON":-122.86385,"CBSA":"38900","NMCBSA":"Portland-Vancouver-Hillsboro, OR-WA","CSA":"440","NMCSA":"Portland-Vancouver-Salem, OR-WA","CD":"4106","SLDL":"41026","SLDU":"41013","SCHOOLYEAR":"2024-2025","District_ID":2244,"District_Name":"Sherwood SD 88J","School_ID":4730,"Grades":"Grade(s) K-5","School_Type":"E","County":"Washington","Student_Enrollment":640,"Languages_Spoken":20,"Students_Experiencing_Poverty":10,"Teachers":31,"Educational_Assistants":16,"Counselors_Psychologists_Social_Workers":2,"Average_Teacher_Retention_Rate":92,"Experienced_Teachers":92,"Same_Principal_in_the_Last_3_Years":"Yes","English_Language_Arts":67,"Oregon_ELA_Average":43,"Mathematics":66,"Oregon_Mathematics_Average":36,"Science":47,"Oregon_Science_Average":31,"On_Track_to_Graduate":null,"Oregon_On_Track_to_Graduate_Average":null,"On_Time_Graduation_2023_2024":null,"Oregon_On_Time_Graduation_2023_24_Average":null,"Five_Year_Completion_2023_24":null,"Oregon_Five_Year_Completion_2023_24_Average":null,"College_Going_2022_23":null,"Oregon_College_Going_2022_23_Average":null,"OBJECTID_1":114}},{"type":"Feature","id":225,"geometry":{"type":"Point","coordinates":[-122.68459999999999,45.454300000000046]},"properties":{"OBJECTID1":225,"OBJECTID":370,"NCESSCH":"411056000892","LEAID":"4110560","NAME":"Riverdale High School","STREET":"9727 SW Terwilliger Blvd","CITY":"Portland","STATE":"OR","ZIP":"97219","STFIP":"41","LOCALE":"11","LAT":45.454300000000003,"LON":-122.6846,"CBSA":"38900","NMCBSA":"Portland-Vancouver-Hillsboro, OR-WA","CSA":"440","NMCSA":"Portland-Vancouver-Salem, OR-WA","CD":"4105","SLDL":"41038","SLDU":"41019","SCHOOLYEAR":"2024-2025","District_ID":2188,"District_Name":"Riverdale SD 51J","School_ID":1345,"Grades":"Grade(s) 9-12","School_Type":"H","County":"Multnomah","Student_Enrollment":153,"Languages_Spoken":5,"Students_Experiencing_Poverty":null,"Teachers":17,"Educational_Assistants":2,"Counselors_Psychologists_Social_Workers":1,"Average_Teacher_Retention_Rate":94,"Experienced_Teachers":94,"Same_Principal_in_the_Last_3_Years":"Yes","English_Language_Arts":null,"Oregon_ELA_Average":null,"Mathematics":null,"Oregon_Mathematics_Average":null,"Science":null,"Oregon_Science_Average":null,"On_Track_to_Graduate":null,"Oregon_On_Track_to_Graduate_Average":87,"On_Time_Graduation_2023_2024":100,"Oregon_On_Time_Graduation_2023_24_Average":82,"Five_Year_Completion_2023_24":100,"Oregon_Five_Year_Completion_2023_24_Average":87,"College_Going_2022_23":85,"Oregon_College_Going_2022_23_Average":85,"OBJECTID_1":296}},{"type":"Feature","id":226,"geometry":{"type":"Point","coordinates":[-122.58239999999995,45.475100000000054]},"properties":{"OBJECTID1":226,"OBJECTID":324,"NCESSCH":"411004000953","LEAID":"4110040","NAME":"Woodmere Elementary School","STREET":"7900 SE Duke St","CITY":"Portland","STATE":"OR","ZIP":"97206","STFIP":"41","LOCALE":"11","LAT":45.475099999999998,"LON":-122.58240000000001,"CBSA":"38900","NMCBSA":"Portland-Vancouver-Hillsboro, OR-WA","CSA":"440","NMCSA":"Portland-Vancouver-Salem, OR-WA","CD":"4105","SLDL":"41046","SLDU":"41023","SCHOOLYEAR":"2024-2025","District_ID":2180,"District_Name":"Portland SD 1J","School_ID":903,"Grades":"Grade(s) K-5","School_Type":"E","County":"Multnomah","Student_Enrollment":260,"Languages_Spoken":17,"Students_Experiencing_Poverty":52,"Teachers":20,"Educational_Assistants":11,"Counselors_Psychologists_Social_Workers":2,"Average_Teacher_Retention_Rate":67,"Experienced_Teachers":67,"Same_Principal_in_the_Last_3_Years":"Yes","English_Language_Arts":28.999999999999996,"Oregon_ELA_Average":43,"Mathematics":22,"Oregon_Mathematics_Average":36,"Science":12,"Oregon_Science_Average":31,"On_Track_to_Graduate":null,"Oregon_On_Track_to_Graduate_Average":null,"On_Time_Graduation_2023_2024":null,"Oregon_On_Time_Graduation_2023_24_Average":null,"Five_Year_Completion_2023_24":null,"Oregon_Five_Year_Completion_2023_24_Average":null,"College_Going_2022_23":null,"Oregon_College_Going_2022_23_Average":null,"OBJECTID_1":273}},{"type":"Feature","id":227,"geometry":{"type":"Point","coordinates":[-122.69149999999996,45.572900000000061]},"properties":{"OBJECTID1":227,"OBJECTID":277,"NCESSCH":"411004000883","LEAID":"4110040","NAME":"Chief Joseph Elementary School","STREET":"2409 N Saratoga St","CITY":"Portland","STATE":"OR","ZIP":"97217","STFIP":"41","LOCALE":"11","LAT":45.572899999999997,"LON":-122.6915,"CBSA":"38900","NMCBSA":"Portland-Vancouver-Hillsboro, OR-WA","CSA":"440","NMCSA":"Portland-Vancouver-Salem, OR-WA","CD":"4103","SLDL":"41044","SLDU":"41022","SCHOOLYEAR":"2024-2025","District_ID":2180,"District_Name":"Portland SD 1J","School_ID":840,"Grades":"Grade(s) K-5","School_Type":"E","County":"Multnomah","Student_Enrollment":270,"Languages_Spoken":6,"Students_Experiencing_Poverty":18,"Teachers":16,"Educational_Assistants":2,"Counselors_Psychologists_Social_Workers":1,"Average_Teacher_Retention_Rate":88,"Experienced_Teachers":88,"Same_Principal_in_the_Last_3_Years":"Yes","English_Language_Arts":63,"Oregon_ELA_Average":43,"Mathematics":55.000000000000007,"Oregon_Mathematics_Average":36,"Science":45,"Oregon_Science_Average":31,"On_Track_to_Graduate":null,"Oregon_On_Track_to_Graduate_Average":null,"On_Time_Graduation_2023_2024":null,"Oregon_On_Time_Graduation_2023_24_Average":null,"Five_Year_Completion_2023_24":null,"Oregon_Five_Year_Completion_2023_24_Average":null,"College_Going_2022_23":null,"Oregon_College_Going_2022_23_Average":null,"OBJECTID_1":208}},{"type":"Feature","id":228,"geometry":{"type":"Point","coordinates":[-122.59709999999995,45.387100000000032]},"properties":{"OBJECTID1":228,"OBJECTID":157,"NCESSCH":"410561000146","LEAID":"4105610","NAME":"Gladstone High School","STREET":"18800 Portland Ave","CITY":"Gladstone","STATE":"OR","ZIP":"97027","STFIP":"41","LOCALE":"21","LAT":45.387099999999997,"LON":-122.5971,"CBSA":"38900","NMCBSA":"Portland-Vancouver-Hillsboro, OR-WA","CSA":"440","NMCSA":"Portland-Vancouver-Salem, OR-WA","CD":"4105","SLDL":"41040","SLDU":"41020","SCHOOLYEAR":"2024-2025","District_ID":1931,"District_Name":"Gladstone SD 115","School_ID":138,"Grades":"Grade(s) 9-12","School_Type":"H","County":"Clackamas","Student_Enrollment":533,"Languages_Spoken":10,"Students_Experiencing_Poverty":18,"Teachers":27,"Educational_Assistants":4,"Counselors_Psychologists_Social_Workers":3,"Average_Teacher_Retention_Rate":100,"Experienced_Teachers":100,"Same_Principal_in_the_Last_3_Years":"No","English_Language_Arts":null,"Oregon_ELA_Average":null,"Mathematics":null,"Oregon_Mathematics_Average":null,"Science":null,"Oregon_Science_Average":null,"On_Track_to_Graduate":84,"Oregon_On_Track_to_Graduate_Average":87,"On_Time_Graduation_2023_2024":82,"Oregon_On_Time_Graduation_2023_24_Average":82,"Five_Year_Completion_2023_24":88,"Oregon_Five_Year_Completion_2023_24_Average":87,"College_Going_2022_23":55.000000000000007,"Oregon_College_Going_2022_23_Average":55.000000000000007,"OBJECTID_1":316}},{"type":"Feature","id":229,"geometry":{"type":"Point","coordinates":[-122.63949999999994,45.404500000000041]},"properties":{"OBJECTID1":229,"OBJECTID":213,"NCESSCH":"410883000084","LEAID":"4108830","NAME":"Riverside Elementary School","STREET":"16303 SE River Rd","CITY":"Milwaukie","STATE":"OR","ZIP":"97267","STFIP":"41","LOCALE":"21","LAT":45.404499999999999,"LON":-122.6395,"CBSA":"38900","NMCBSA":"Portland-Vancouver-Hillsboro, OR-WA","CSA":"440","NMCSA":"Portland-Vancouver-Salem, OR-WA","CD":"4105","SLDL":"41041","SLDU":"41021","SCHOOLYEAR":"2024-2025","District_ID":1924,"District_Name":"North Clackamas SD 12","School_ID":76,"Grades":"Grade(s) K-5","School_Type":"E","County":"Clackamas","Student_Enrollment":319,"Languages_Spoken":5,"Students_Experiencing_Poverty":34,"Teachers":20,"Educational_Assistants":10,"Counselors_Psychologists_Social_Workers":1,"Average_Teacher_Retention_Rate":61,"Experienced_Teachers":61,"Same_Principal_in_the_Last_3_Years":"Yes","English_Language_Arts":40,"Oregon_ELA_Average":43,"Mathematics":32,"Oregon_Mathematics_Average":36,"Science":30,"Oregon_Science_Average":31,"On_Track_to_Graduate":null,"Oregon_On_Track_to_Graduate_Average":null,"On_Time_Graduation_2023_2024":null,"Oregon_On_Time_Graduation_2023_24_Average":null,"Five_Year_Completion_2023_24":null,"Oregon_Five_Year_Completion_2023_24_Average":null,"College_Going_2022_23":null,"Oregon_College_Going_2022_23_Average":null,"OBJECTID_1":358}},{"type":"Feature","id":230,"geometry":{"type":"Point","coordinates":[-122.53457699999996,45.418406000000061]},"properties":{"OBJECTID1":230,"OBJECTID":218,"NCESSCH":"410883000093","LEAID":"4108830","NAME":"Clackamas High School","STREET":"14486 SE 122nd Ave","CITY":"Clackamas","STATE":"OR","ZIP":"97015","STFIP":"41","LOCALE":"21","LAT":45.418405999999997,"LON":-122.534577,"CBSA":"38900","NMCBSA":"Portland-Vancouver-Hillsboro, OR-WA","CSA":"440","NMCSA":"Portland-Vancouver-Salem, OR-WA","CD":"4105","SLDL":"41039","SLDU":"41020","SCHOOLYEAR":"2024-2025","District_ID":1924,"District_Name":"North Clackamas SD 12","School_ID":85,"Grades":"Grade(s) 9-12","School_Type":"H","County":"Clackamas","Student_Enrollment":1213,"Languages_Spoken":33,"Students_Experiencing_Poverty":17,"Teachers":49,"Educational_Assistants":7,"Counselors_Psychologists_Social_Workers":4,"Average_Teacher_Retention_Rate":77,"Experienced_Teachers":77,"Same_Principal_in_the_Last_3_Years":"No","English_Language_Arts":null,"Oregon_ELA_Average":null,"Mathematics":null,"Oregon_Mathematics_Average":null,"Science":null,"Oregon_Science_Average":null,"On_Track_to_Graduate":92,"Oregon_On_Track_to_Graduate_Average":87,"On_Time_Graduation_2023_2024":92,"Oregon_On_Time_Graduation_2023_24_Average":82,"Five_Year_Completion_2023_24":93,"Oregon_Five_Year_Completion_2023_24_Average":87,"College_Going_2022_23":68,"Oregon_College_Going_2022_23_Average":68,"OBJECTID_1":343}},{"type":"Feature","id":231,"geometry":{"type":"Point","coordinates":[-122.75839999999999,45.60000000000008]},"properties":{"OBJECTID1":231,"OBJECTID":315,"NCESSCH":"411004000937","LEAID":"4110040","NAME":"Sitton Elementary School","STREET":"9930 N Smith St","CITY":"Portland","STATE":"OR","ZIP":"97203","STFIP":"41","LOCALE":"11","LAT":45.600000000000001,"LON":-122.75839999999999,"CBSA":"38900","NMCBSA":"Portland-Vancouver-Hillsboro, OR-WA","CSA":"440","NMCSA":"Portland-Vancouver-Salem, OR-WA","CD":"4103","SLDL":"41044","SLDU":"41022","SCHOOLYEAR":"2024-2025","District_ID":2180,"District_Name":"Portland SD 1J","School_ID":889,"Grades":"Grade(s) K-5","School_Type":"E","County":"Multnomah","Student_Enrollment":331,"Languages_Spoken":13,"Students_Experiencing_Poverty":56.000000000000007,"Teachers":29,"Educational_Assistants":11,"Counselors_Psychologists_Social_Workers":2,"Average_Teacher_Retention_Rate":74,"Experienced_Teachers":74,"Same_Principal_in_the_Last_3_Years":"Yes","English_Language_Arts":40,"Oregon_ELA_Average":43,"Mathematics":39,"Oregon_Mathematics_Average":36,"Science":22,"Oregon_Science_Average":31,"On_Track_to_Graduate":null,"Oregon_On_Track_to_Graduate_Average":null,"On_Time_Graduation_2023_2024":null,"Oregon_On_Time_Graduation_2023_24_Average":null,"Five_Year_Completion_2023_24":null,"Oregon_Five_Year_Completion_2023_24_Average":null,"College_Going_2022_23":null,"Oregon_College_Going_2022_23_Average":null,"OBJECTID_1":264}},{"type":"Feature","id":232,"geometry":{"type":"Point","coordinates":[-122.55199999999996,45.517600000000073]},"properties":{"OBJECTID1":232,"OBJECTID":123,"NCESSCH":"410394001027","LEAID":"4103940","NAME":"Floyd Light Middle School","STREET":"10800 SE Washington St","CITY":"Portland","STATE":"OR","ZIP":"97216","STFIP":"41","LOCALE":"11","LAT":45.517600000000002,"LON":-122.55200000000001,"CBSA":"38900","NMCBSA":"Portland-Vancouver-Hillsboro, OR-WA","CSA":"440","NMCSA":"Portland-Vancouver-Salem, OR-WA","CD":"4103","SLDL":"41047","SLDU":"41024","SCHOOLYEAR":"2024-2025","District_ID":2187,"District_Name":"David Douglas SD 40","School_ID":981,"Grades":"Grade(s) 6-8","School_Type":"M","County":"Multnomah","Student_Enrollment":679,"Languages_Spoken":36,"Students_Experiencing_Poverty":47,"Teachers":35,"Educational_Assistants":8,"Counselors_Psychologists_Social_Workers":2,"Average_Teacher_Retention_Rate":89,"Experienced_Teachers":89,"Same_Principal_in_the_Last_3_Years":"Yes","English_Language_Arts":37,"Oregon_ELA_Average":43,"Mathematics":32,"Oregon_Mathematics_Average":30,"Science":16,"Oregon_Science_Average":28.000000000000004,"On_Track_to_Graduate":null,"Oregon_On_Track_to_Graduate_Average":null,"On_Time_Graduation_2023_2024":null,"Oregon_On_Time_Graduation_2023_24_Average":null,"Five_Year_Completion_2023_24":null,"Oregon_Five_Year_Completion_2023_24_Average":null,"College_Going_2022_23":null,"Oregon_College_Going_2022_23_Average":null,"OBJECTID_1":152}},{"type":"Feature","id":233,"geometry":{"type":"Point","coordinates":[-122.57004199999994,45.513709000000063]},"properties":{"OBJECTID1":233,"OBJECTID":349,"NCESSCH":"411004011371","LEAID":"4110040","NAME":"Clark Elementary School","STREET":"1231 SE 92nd Ave","CITY":"Portland","STATE":"OR","ZIP":"97216","STFIP":"41","LOCALE":"11","LAT":45.513708999999999,"LON":-122.570042,"CBSA":"38900","NMCBSA":"Portland-Vancouver-Hillsboro, OR-WA","CSA":"440","NMCSA":"Portland-Vancouver-Salem, OR-WA","CD":"4103","SLDL":"41046","SLDU":"41023","SCHOOLYEAR":"2024-2025","District_ID":2180,"District_Name":"Portland SD 1J","School_ID":5817,"Grades":"Grade(s) K-5","School_Type":"E","County":"Multnomah","Student_Enrollment":348,"Languages_Spoken":25,"Students_Experiencing_Poverty":55.000000000000007,"Teachers":26,"Educational_Assistants":7,"Counselors_Psychologists_Social_Workers":2,"Average_Teacher_Retention_Rate":87,"Experienced_Teachers":87,"Same_Principal_in_the_Last_3_Years":"Yes","English_Language_Arts":24,"Oregon_ELA_Average":43,"Mathematics":21,"Oregon_Mathematics_Average":36,"Science":19,"Oregon_Science_Average":31,"On_Track_to_Graduate":null,"Oregon_On_Track_to_Graduate_Average":null,"On_Time_Graduation_2023_2024":null,"Oregon_On_Time_Graduation_2023_24_Average":null,"Five_Year_Completion_2023_24":null,"Oregon_Five_Year_Completion_2023_24_Average":null,"College_Going_2022_23":null,"Oregon_College_Going_2022_23_Average":null,"OBJECTID_1":209}},{"type":"Feature","id":234,"geometry":{"type":"Point","coordinates":[-122.57953799999996,45.43614000000008]},"properties":{"OBJECTID1":234,"OBJECTID":227,"NCESSCH":"410883001544","LEAID":"4108830","NAME":"Clackamas Middle College","STREET":"12021 SE 82nd Ave","CITY":"Happy Valley","STATE":"OR","ZIP":"97086","STFIP":"41","LOCALE":"21","LAT":45.436140000000002,"LON":-122.579538,"CBSA":"38900","NMCBSA":"Portland-Vancouver-Hillsboro, OR-WA","CSA":"440","NMCSA":"Portland-Vancouver-Salem, OR-WA","CD":"4105","SLDL":"41039","SLDU":"41020","SCHOOLYEAR":"2024-2025","District_ID":1924,"District_Name":"North Clackamas SD 12","School_ID":4226,"Grades":"Grade(s) 9-12","School_Type":"H","County":"Clackamas","Student_Enrollment":288,"Languages_Spoken":16,"Students_Experiencing_Poverty":15,"Teachers":7,"Educational_Assistants":null,"Counselors_Psychologists_Social_Workers":4,"Average_Teacher_Retention_Rate":100,"Experienced_Teachers":100,"Same_Principal_in_the_Last_3_Years":"Yes","English_Language_Arts":null,"Oregon_ELA_Average":null,"Mathematics":null,"Oregon_Mathematics_Average":null,"Science":null,"Oregon_Science_Average":null,"On_Track_to_Graduate":88,"Oregon_On_Track_to_Graduate_Average":87,"On_Time_Graduation_2023_2024":99,"Oregon_On_Time_Graduation_2023_24_Average":82,"Five_Year_Completion_2023_24":99,"Oregon_Five_Year_Completion_2023_24_Average":87,"College_Going_2022_23":62,"Oregon_College_Going_2022_23_Average":62,"OBJECTID_1":344}},{"type":"Feature","id":235,"geometry":{"type":"Point","coordinates":[-122.58349999999996,45.486900000000048]},"properties":{"OBJECTID1":235,"OBJECTID":305,"NCESSCH":"411004000920","LEAID":"4110040","NAME":"Marysville Elementary School","STREET":"7733 SE Raymond St","CITY":"Portland","STATE":"OR","ZIP":"97206","STFIP":"41","LOCALE":"11","LAT":45.486899999999999,"LON":-122.5835,"CBSA":"38900","NMCBSA":"Portland-Vancouver-Hillsboro, OR-WA","CSA":"440","NMCSA":"Portland-Vancouver-Salem, OR-WA","CD":"4103","SLDL":"41046","SLDU":"41023","SCHOOLYEAR":"2024-2025","District_ID":2180,"District_Name":"Portland SD 1J","School_ID":875,"Grades":"Grade(s) K-5","School_Type":"E","County":"Multnomah","Student_Enrollment":321,"Languages_Spoken":18,"Students_Experiencing_Poverty":54,"Teachers":22,"Educational_Assistants":10,"Counselors_Psychologists_Social_Workers":2,"Average_Teacher_Retention_Rate":97,"Experienced_Teachers":97,"Same_Principal_in_the_Last_3_Years":"Yes","English_Language_Arts":37,"Oregon_ELA_Average":43,"Mathematics":27,"Oregon_Mathematics_Average":36,"Science":19,"Oregon_Science_Average":31,"On_Track_to_Graduate":null,"Oregon_On_Track_to_Graduate_Average":null,"On_Time_Graduation_2023_2024":null,"Oregon_On_Time_Graduation_2023_24_Average":null,"Five_Year_Completion_2023_24":null,"Oregon_Five_Year_Completion_2023_24_Average":null,"College_Going_2022_23":null,"Oregon_College_Going_2022_23_Average":null,"OBJECTID_1":247}},{"type":"Feature","id":236,"geometry":{"type":"Point","coordinates":[-122.54479999999995,45.539000000000044]},"properties":{"OBJECTID1":236,"OBJECTID":257,"NCESSCH":"410948000981","LEAID":"4109480","NAME":"Sacramento Elementary School","STREET":"11400 NE Sacramento St","CITY":"Portland","STATE":"OR","ZIP":"97220","STFIP":"41","LOCALE":"11","LAT":45.539000000000001,"LON":-122.5448,"CBSA":"38900","NMCBSA":"Portland-Vancouver-Hillsboro, OR-WA","CSA":"440","NMCSA":"Portland-Vancouver-Salem, OR-WA","CD":"4103","SLDL":"41047","SLDU":"41024","SCHOOLYEAR":"2024-2025","District_ID":2181,"District_Name":"Parkrose SD 3","School_ID":927,"Grades":"Grade(s) K-5","School_Type":"E","County":"Multnomah","Student_Enrollment":257,"Languages_Spoken":19,"Students_Experiencing_Poverty":42,"Teachers":17,"Educational_Assistants":9,"Counselors_Psychologists_Social_Workers":1,"Average_Teacher_Retention_Rate":94,"Experienced_Teachers":94,"Same_Principal_in_the_Last_3_Years":"Yes","English_Language_Arts":27,"Oregon_ELA_Average":43,"Mathematics":17,"Oregon_Mathematics_Average":36,"Science":13,"Oregon_Science_Average":31,"On_Track_to_Graduate":null,"Oregon_On_Track_to_Graduate_Average":null,"On_Time_Graduation_2023_2024":null,"Oregon_On_Time_Graduation_2023_24_Average":null,"Five_Year_Completion_2023_24":null,"Oregon_Five_Year_Completion_2023_24_Average":null,"College_Going_2022_23":null,"Oregon_College_Going_2022_23_Average":null,"OBJECTID_1":188}},{"type":"Feature","id":237,"geometry":{"type":"Point","coordinates":[-122.38580399999995,45.537221000000045]},"properties":{"OBJECTID1":237,"OBJECTID":357,"NCESSCH":"411052001005","LEAID":"4110520","NAME":"Troutdale Elementary School","STREET":"648 SE Harlow Avenue","CITY":"Troutdale","STATE":"OR","ZIP":"97060","STFIP":"41","LOCALE":"21","LAT":45.537221000000002,"LON":-122.38580399999999,"CBSA":"38900","NMCBSA":"Portland-Vancouver-Hillsboro, OR-WA","CSA":"440","NMCSA":"Portland-Vancouver-Salem, OR-WA","CD":"4103","SLDL":"41049","SLDU":"41025","SCHOOLYEAR":"2024-2025","District_ID":2182,"District_Name":"Reynolds SD 7","School_ID":951,"Grades":"Grade(s) K-5","School_Type":"E","County":"Multnomah","Student_Enrollment":378,"Languages_Spoken":16,"Students_Experiencing_Poverty":40,"Teachers":24,"Educational_Assistants":11,"Counselors_Psychologists_Social_Workers":null,"Average_Teacher_Retention_Rate":88,"Experienced_Teachers":88,"Same_Principal_in_the_Last_3_Years":"Yes","English_Language_Arts":32,"Oregon_ELA_Average":43,"Mathematics":25,"Oregon_Mathematics_Average":36,"Science":17,"Oregon_Science_Average":31,"On_Track_to_Graduate":null,"Oregon_On_Track_to_Graduate_Average":null,"On_Time_Graduation_2023_2024":null,"Oregon_On_Time_Graduation_2023_24_Average":null,"Five_Year_Completion_2023_24":null,"Oregon_Five_Year_Completion_2023_24_Average":null,"College_Going_2022_23":null,"Oregon_College_Going_2022_23_Average":null,"OBJECTID_1":291}},{"type":"Feature","id":238,"geometry":{"type":"Point","coordinates":[-122.59039999999999,45.325200000000052]},"properties":{"OBJECTID1":238,"OBJECTID":245,"NCESSCH":"410933000116","LEAID":"4109330","NAME":"Gaffney Lane Elementary School","STREET":"13521 S Gaffney Ln","CITY":"Oregon City","STATE":"OR","ZIP":"97045","STFIP":"41","LOCALE":"21","LAT":45.325200000000002,"LON":-122.5904,"CBSA":"38900","NMCBSA":"Portland-Vancouver-Hillsboro, OR-WA","CSA":"440","NMCSA":"Portland-Vancouver-Salem, OR-WA","CD":"4105","SLDL":"41040","SLDU":"41020","SCHOOLYEAR":"2024-2025","District_ID":1928,"District_Name":"Oregon City SD 62","School_ID":109,"Grades":"Grade(s) K-5","School_Type":"E","County":"Clackamas","Student_Enrollment":424,"Languages_Spoken":9,"Students_Experiencing_Poverty":33,"Teachers":19,"Educational_Assistants":4,"Counselors_Psychologists_Social_Workers":2,"Average_Teacher_Retention_Rate":86,"Experienced_Teachers":86,"Same_Principal_in_the_Last_3_Years":"No","English_Language_Arts":44,"Oregon_ELA_Average":43,"Mathematics":34,"Oregon_Mathematics_Average":36,"Science":19,"Oregon_Science_Average":31,"On_Track_to_Graduate":null,"Oregon_On_Track_to_Graduate_Average":null,"On_Time_Graduation_2023_2024":null,"Oregon_On_Time_Graduation_2023_24_Average":null,"Five_Year_Completion_2023_24":null,"Oregon_Five_Year_Completion_2023_24_Average":null,"College_Going_2022_23":null,"Oregon_College_Going_2022_23_Average":null,"OBJECTID_1":372}},{"type":"Feature","id":239,"geometry":{"type":"Point","coordinates":[-122.73289999999997,45.378200000000049]},"properties":{"OBJECTID1":239,"OBJECTID":423,"NCESSCH":"411224001331","LEAID":"4112240","NAME":"Bridgeport Elementary School","STREET":"5505 SW Borland Rd","CITY":"Tualatin","STATE":"OR","ZIP":"97062","STFIP":"41","LOCALE":"21","LAT":45.3782,"LON":-122.7329,"CBSA":"38900","NMCBSA":"Portland-Vancouver-Hillsboro, OR-WA","CSA":"440","NMCSA":"Portland-Vancouver-Salem, OR-WA","CD":"4106","SLDL":"41037","SLDU":"41019","SCHOOLYEAR":"2024-2025","District_ID":2242,"District_Name":"Tigard-Tualatin SD 23J","School_ID":1135,"Grades":"Grade(s) K-5","School_Type":"E","County":"Washington","Student_Enrollment":514,"Languages_Spoken":8,"Students_Experiencing_Poverty":31,"Teachers":33,"Educational_Assistants":17,"Counselors_Psychologists_Social_Workers":2,"Average_Teacher_Retention_Rate":63,"Experienced_Teachers":63,"Same_Principal_in_the_Last_3_Years":"Yes","English_Language_Arts":44,"Oregon_ELA_Average":43,"Mathematics":34,"Oregon_Mathematics_Average":36,"Science":34,"Oregon_Science_Average":31,"On_Track_to_Graduate":null,"Oregon_On_Track_to_Graduate_Average":null,"On_Time_Graduation_2023_2024":null,"Oregon_On_Time_Graduation_2023_24_Average":null,"Five_Year_Completion_2023_24":null,"Oregon_Five_Year_Completion_2023_24_Average":null,"College_Going_2022_23":null,"Oregon_College_Going_2022_23_Average":null,"OBJECTID_1":120}},{"type":"Feature","id":240,"geometry":{"type":"Point","coordinates":[-122.78389099999998,45.494510000000048]},"properties":{"OBJECTID1":240,"OBJECTID":94,"NCESSCH":"410192001823","LEAID":"4101920","NAME":"Hope Chinese Charter School","STREET":"3500 SW 104th Ave","CITY":"Beaverton","STATE":"OR","ZIP":"97005","STFIP":"41","LOCALE":"21","LAT":45.494509999999998,"LON":-122.783891,"CBSA":"38900","NMCBSA":"Portland-Vancouver-Hillsboro, OR-WA","CSA":"440","NMCSA":"Portland-Vancouver-Salem, OR-WA","CD":"4101","SLDL":"41027","SLDU":"41014","SCHOOLYEAR":"2024-2025","District_ID":2243,"District_Name":"Beaverton SD 48J","School_ID":4867,"Grades":"Grade(s) K-8","School_Type":"E","County":"Washington","Student_Enrollment":383,"Languages_Spoken":19,"Students_Experiencing_Poverty":6,"Teachers":22,"Educational_Assistants":4,"Counselors_Psychologists_Social_Workers":0,"Average_Teacher_Retention_Rate":76,"Experienced_Teachers":76,"Same_Principal_in_the_Last_3_Years":"No","English_Language_Arts":84,"Oregon_ELA_Average":43,"Mathematics":90,"Oregon_Mathematics_Average":33,"Science":90,"Oregon_Science_Average":28.999999999999996,"On_Track_to_Graduate":null,"Oregon_On_Track_to_Graduate_Average":null,"On_Time_Graduation_2023_2024":null,"Oregon_On_Time_Graduation_2023_24_Average":null,"Five_Year_Completion_2023_24":null,"Oregon_Five_Year_Completion_2023_24_Average":null,"College_Going_2022_23":null,"Oregon_College_Going_2022_23_Average":null,"OBJECTID_1":30}},{"type":"Feature","id":241,"geometry":{"type":"Point","coordinates":[-122.60075399999999,45.338373000000047]},"properties":{"OBJECTID1":241,"OBJECTID":247,"NCESSCH":"410933000123","LEAID":"4109330","NAME":"Gardiner Middle School","STREET":"205 Williams St","CITY":"Oregon City","STATE":"OR","ZIP":"97045","STFIP":"41","LOCALE":"21","LAT":45.338372999999997,"LON":-122.60075399999999,"CBSA":"38900","NMCBSA":"Portland-Vancouver-Hillsboro, OR-WA","CSA":"440","NMCSA":"Portland-Vancouver-Salem, OR-WA","CD":"4105","SLDL":"41040","SLDU":"41020","SCHOOLYEAR":"2024-2025","District_ID":1928,"District_Name":"Oregon City SD 62","School_ID":115,"Grades":"Grade(s) 6-8","School_Type":"M","County":"Clackamas","Student_Enrollment":702,"Languages_Spoken":16,"Students_Experiencing_Poverty":25,"Teachers":25,"Educational_Assistants":3,"Counselors_Psychologists_Social_Workers":3,"Average_Teacher_Retention_Rate":85,"Experienced_Teachers":85,"Same_Principal_in_the_Last_3_Years":"Yes","English_Language_Arts":44,"Oregon_ELA_Average":43,"Mathematics":31,"Oregon_Mathematics_Average":30,"Science":21,"Oregon_Science_Average":28.000000000000004,"On_Track_to_Graduate":null,"Oregon_On_Track_to_Graduate_Average":null,"On_Time_Graduation_2023_2024":null,"Oregon_On_Time_Graduation_2023_24_Average":null,"Five_Year_Completion_2023_24":null,"Oregon_Five_Year_Completion_2023_24_Average":null,"College_Going_2022_23":null,"Oregon_College_Going_2022_23_Average":null,"OBJECTID_1":373}},{"type":"Feature","id":242,"geometry":{"type":"Point","coordinates":[-122.69489999999996,45.476500000000044]},"properties":{"OBJECTID1":242,"OBJECTID":261,"NCESSCH":"411004000371","LEAID":"4110040","NAME":"Rieke Elementary School","STREET":"1405 SW Vermont","CITY":"Portland","STATE":"OR","ZIP":"97219","STFIP":"41","LOCALE":"11","LAT":45.476500000000001,"LON":-122.6949,"CBSA":"38900","NMCBSA":"Portland-Vancouver-Hillsboro, OR-WA","CSA":"440","NMCSA":"Portland-Vancouver-Salem, OR-WA","CD":"4101","SLDL":"41028","SLDU":"41014","SCHOOLYEAR":"2024-2025","District_ID":2180,"District_Name":"Portland SD 1J","School_ID":1299,"Grades":"Grade(s) K-5","School_Type":"E","County":"Multnomah","Student_Enrollment":274,"Languages_Spoken":9,"Students_Experiencing_Poverty":13,"Teachers":14,"Educational_Assistants":0,"Counselors_Psychologists_Social_Workers":1,"Average_Teacher_Retention_Rate":98,"Experienced_Teachers":98,"Same_Principal_in_the_Last_3_Years":"Yes","English_Language_Arts":85,"Oregon_ELA_Average":43,"Mathematics":83,"Oregon_Mathematics_Average":36,"Science":70,"Oregon_Science_Average":31,"On_Track_to_Graduate":null,"Oregon_On_Track_to_Graduate_Average":null,"On_Time_Graduation_2023_2024":null,"Oregon_On_Time_Graduation_2023_24_Average":null,"Five_Year_Completion_2023_24":null,"Oregon_Five_Year_Completion_2023_24_Average":null,"College_Going_2022_23":null,"Oregon_College_Going_2022_23_Average":null,"OBJECTID_1":255}},{"type":"Feature","id":243,"geometry":{"type":"Point","coordinates":[-122.97730199999995,45.524129000000073]},"properties":{"OBJECTID1":243,"OBJECTID":32,"NCESSCH":"410002301749","LEAID":"4100023","NAME":"Lincoln Street Elementary School","STREET":"801 NE Lincoln St","CITY":"Hillsboro","STATE":"OR","ZIP":"97124","STFIP":"41","LOCALE":"12","LAT":45.524129000000002,"LON":-122.97730199999999,"CBSA":"38900","NMCBSA":"Portland-Vancouver-Hillsboro, OR-WA","CSA":"440","NMCSA":"Portland-Vancouver-Salem, OR-WA","CD":"4101","SLDL":"41029","SLDU":"41015","SCHOOLYEAR":"2024-2025","District_ID":2239,"District_Name":"Hillsboro SD 1J","School_ID":4642,"Grades":"Grade(s) K-6","School_Type":"E","County":"Washington","Student_Enrollment":404,"Languages_Spoken":13,"Students_Experiencing_Poverty":48,"Teachers":23,"Educational_Assistants":9,"Counselors_Psychologists_Social_Workers":1,"Average_Teacher_Retention_Rate":78,"Experienced_Teachers":78,"Same_Principal_in_the_Last_3_Years":"Yes","English_Language_Arts":22,"Oregon_ELA_Average":43,"Mathematics":12,"Oregon_Mathematics_Average":35,"Science":7.0000000000000009,"Oregon_Science_Average":31,"On_Track_to_Graduate":null,"Oregon_On_Track_to_Graduate_Average":null,"On_Time_Graduation_2023_2024":null,"Oregon_On_Time_Graduation_2023_24_Average":null,"Five_Year_Completion_2023_24":null,"Oregon_Five_Year_Completion_2023_24_Average":null,"College_Going_2022_23":null,"Oregon_College_Going_2022_23_Average":null,"OBJECTID_1":93}},{"type":"Feature","id":244,"geometry":{"type":"Point","coordinates":[-122.67298899999997,45.489275000000077]},"properties":{"OBJECTID1":244,"OBJECTID":341,"NCESSCH":"411004001649","LEAID":"4110040","NAME":"Portland Village School","STREET":"4650 S Macadam Ave","CITY":"Portland","STATE":"OR","ZIP":"97239","STFIP":"41","LOCALE":"11","LAT":45.489274999999999,"LON":-122.672989,"CBSA":"38900","NMCBSA":"Portland-Vancouver-Hillsboro, OR-WA","CSA":"440","NMCSA":"Portland-Vancouver-Salem, OR-WA","CD":"4101","SLDL":"41038","SLDU":"41019","SCHOOLYEAR":"2024-2025","District_ID":2180,"District_Name":"Portland SD 1J","School_ID":4534,"Grades":"Grade(s) K-8","School_Type":"E","County":"Multnomah","Student_Enrollment":421,"Languages_Spoken":13,"Students_Experiencing_Poverty":22,"Teachers":26,"Educational_Assistants":3,"Counselors_Psychologists_Social_Workers":null,"Average_Teacher_Retention_Rate":70,"Experienced_Teachers":70,"Same_Principal_in_the_Last_3_Years":"Yes","English_Language_Arts":51,"Oregon_ELA_Average":43,"Mathematics":44,"Oregon_Mathematics_Average":33,"Science":20,"Oregon_Science_Average":28.999999999999996,"On_Track_to_Graduate":null,"Oregon_On_Track_to_Graduate_Average":null,"On_Time_Graduation_2023_2024":null,"Oregon_On_Time_Graduation_2023_24_Average":null,"Five_Year_Completion_2023_24":null,"Oregon_Five_Year_Completion_2023_24_Average":null,"College_Going_2022_23":null,"Oregon_College_Going_2022_23_Average":null,"OBJECTID_1":253}},{"type":"Feature","id":245,"geometry":{"type":"Point","coordinates":[-122.89049999999997,45.512100000000032]},"properties":{"OBJECTID1":245,"OBJECTID":3,"NCESSCH":"410002300209","LEAID":"4100023","NAME":"Tobias Elementary School","STREET":"1065 SW 206th Ave","CITY":"Aloha","STATE":"OR","ZIP":"97006","STFIP":"41","LOCALE":"21","LAT":45.512099999999997,"LON":-122.8905,"CBSA":"38900","NMCBSA":"Portland-Vancouver-Hillsboro, OR-WA","CSA":"440","NMCSA":"Portland-Vancouver-Salem, OR-WA","CD":"4101","SLDL":"41035","SLDU":"41018","SCHOOLYEAR":"2024-2025","District_ID":2239,"District_Name":"Hillsboro SD 1J","School_ID":1302,"Grades":"Grade(s) K-6","School_Type":"E","County":"Washington","Student_Enrollment":373,"Languages_Spoken":30,"Students_Experiencing_Poverty":34,"Teachers":21,"Educational_Assistants":11,"Counselors_Psychologists_Social_Workers":2,"Average_Teacher_Retention_Rate":84,"Experienced_Teachers":84,"Same_Principal_in_the_Last_3_Years":"No","English_Language_Arts":38,"Oregon_ELA_Average":43,"Mathematics":28.000000000000004,"Oregon_Mathematics_Average":35,"Science":21,"Oregon_Science_Average":31,"On_Track_to_Graduate":null,"Oregon_On_Track_to_Graduate_Average":null,"On_Time_Graduation_2023_2024":null,"Oregon_On_Time_Graduation_2023_24_Average":null,"Five_Year_Completion_2023_24":null,"Oregon_Five_Year_Completion_2023_24_Average":null,"College_Going_2022_23":null,"Oregon_College_Going_2022_23_Average":null,"OBJECTID_1":105}},{"type":"Feature","id":246,"geometry":{"type":"Point","coordinates":[-122.43829999999997,45.524000000000058]},"properties":{"OBJECTID1":246,"OBJECTID":159,"NCESSCH":"410600000525","LEAID":"4106000","NAME":"Clear Creek Middle School","STREET":"219 NE 219th","CITY":"Gresham","STATE":"OR","ZIP":"97030","STFIP":"41","LOCALE":"21","LAT":45.524000000000001,"LON":-122.4383,"CBSA":"38900","NMCBSA":"Portland-Vancouver-Hillsboro, OR-WA","CSA":"440","NMCSA":"Portland-Vancouver-Salem, OR-WA","CD":"4103","SLDL":"41049","SLDU":"41025","SCHOOLYEAR":"2024-2025","District_ID":2183,"District_Name":"Gresham-Barlow SD 10J","School_ID":1312,"Grades":"Grade(s) 6-8","School_Type":"M","County":"Multnomah","Student_Enrollment":574,"Languages_Spoken":28,"Students_Experiencing_Poverty":47,"Teachers":32,"Educational_Assistants":10,"Counselors_Psychologists_Social_Workers":3,"Average_Teacher_Retention_Rate":66,"Experienced_Teachers":66,"Same_Principal_in_the_Last_3_Years":"No","English_Language_Arts":16,"Oregon_ELA_Average":43,"Mathematics":8,"Oregon_Mathematics_Average":30,"Science":11,"Oregon_Science_Average":28.000000000000004,"On_Track_to_Graduate":null,"Oregon_On_Track_to_Graduate_Average":null,"On_Time_Graduation_2023_2024":null,"Oregon_On_Time_Graduation_2023_24_Average":null,"Five_Year_Completion_2023_24":null,"Oregon_Five_Year_Completion_2023_24_Average":null,"College_Going_2022_23":null,"Oregon_College_Going_2022_23_Average":null,"OBJECTID_1":162}},{"type":"Feature","id":247,"geometry":{"type":"Point","coordinates":[-122.89199999999994,45.500200000000063]},"properties":{"OBJECTID1":247,"OBJECTID":11,"NCESSCH":"410002301200","LEAID":"4100023","NAME":"Reedville Elementary School","STREET":"2695 SW 209th Ave","CITY":"Aloha","STATE":"OR","ZIP":"97006","STFIP":"41","LOCALE":"21","LAT":45.5002,"LON":-122.892,"CBSA":"38900","NMCBSA":"Portland-Vancouver-Hillsboro, OR-WA","CSA":"440","NMCSA":"Portland-Vancouver-Salem, OR-WA","CD":"4101","SLDL":"41035","SLDU":"41018","SCHOOLYEAR":"2024-2025","District_ID":2239,"District_Name":"Hillsboro SD 1J","School_ID":1149,"Grades":"Grade(s) K-6","School_Type":"E","County":"Washington","Student_Enrollment":190,"Languages_Spoken":11,"Students_Experiencing_Poverty":47,"Teachers":13,"Educational_Assistants":7,"Counselors_Psychologists_Social_Workers":1,"Average_Teacher_Retention_Rate":75,"Experienced_Teachers":75,"Same_Principal_in_the_Last_3_Years":"No","English_Language_Arts":18,"Oregon_ELA_Average":43,"Mathematics":21,"Oregon_Mathematics_Average":35,"Science":10,"Oregon_Science_Average":31,"On_Track_to_Graduate":null,"Oregon_On_Track_to_Graduate_Average":null,"On_Time_Graduation_2023_2024":null,"Oregon_On_Time_Graduation_2023_24_Average":null,"Five_Year_Completion_2023_24":null,"Oregon_Five_Year_Completion_2023_24_Average":null,"College_Going_2022_23":null,"Oregon_College_Going_2022_23_Average":null,"OBJECTID_1":101}},{"type":"Feature","id":248,"geometry":{"type":"Point","coordinates":[-122.75639999999999,45.493400000000065]},"properties":{"OBJECTID1":248,"OBJECTID":65,"NCESSCH":"410192001225","LEAID":"4101920","NAME":"Raleigh Park Elementary School","STREET":"3670 SW 78th Ave","CITY":"Portland","STATE":"OR","ZIP":"97225","STFIP":"41","LOCALE":"21","LAT":45.493400000000001,"LON":-122.7564,"CBSA":"38900","NMCBSA":"Portland-Vancouver-Hillsboro, OR-WA","CSA":"440","NMCSA":"Portland-Vancouver-Salem, OR-WA","CD":"4101","SLDL":"41028","SLDU":"41014","SCHOOLYEAR":"2024-2025","District_ID":2243,"District_Name":"Beaverton SD 48J","School_ID":1173,"Grades":"Grade(s) K-5","School_Type":"E","County":"Washington","Student_Enrollment":305,"Languages_Spoken":22,"Students_Experiencing_Poverty":30,"Teachers":22,"Educational_Assistants":15,"Counselors_Psychologists_Social_Workers":2,"Average_Teacher_Retention_Rate":91,"Experienced_Teachers":91,"Same_Principal_in_the_Last_3_Years":"Yes","English_Language_Arts":50,"Oregon_ELA_Average":43,"Mathematics":38,"Oregon_Mathematics_Average":36,"Science":36,"Oregon_Science_Average":31,"On_Track_to_Graduate":null,"Oregon_On_Track_to_Graduate_Average":null,"On_Time_Graduation_2023_2024":null,"Oregon_On_Time_Graduation_2023_24_Average":null,"Five_Year_Completion_2023_24":null,"Oregon_Five_Year_Completion_2023_24_Average":null,"College_Going_2022_23":null,"Oregon_College_Going_2022_23_Average":null,"OBJECTID_1":43}},{"type":"Feature","id":249,"geometry":{"type":"Point","coordinates":[-122.54009999999994,45.553100000000029]},"properties":{"OBJECTID1":249,"OBJECTID":260,"NCESSCH":"410948000987","LEAID":"4109480","NAME":"Parkrose High School","STREET":"12003 NE Shaver St","CITY":"Portland","STATE":"OR","ZIP":"97220","STFIP":"41","LOCALE":"11","LAT":45.553100000000001,"LON":-122.5401,"CBSA":"38900","NMCBSA":"Portland-Vancouver-Hillsboro, OR-WA","CSA":"440","NMCSA":"Portland-Vancouver-Salem, OR-WA","CD":"4103","SLDL":"41045","SLDU":"41023","SCHOOLYEAR":"2024-2025","District_ID":2181,"District_Name":"Parkrose SD 3","School_ID":931,"Grades":"Grade(s) 9-12","School_Type":"H","County":"Multnomah","Student_Enrollment":963,"Languages_Spoken":36,"Students_Experiencing_Poverty":42,"Teachers":42,"Educational_Assistants":11,"Counselors_Psychologists_Social_Workers":2,"Average_Teacher_Retention_Rate":79,"Experienced_Teachers":79,"Same_Principal_in_the_Last_3_Years":"Yes","English_Language_Arts":null,"Oregon_ELA_Average":null,"Mathematics":null,"Oregon_Mathematics_Average":null,"Science":null,"Oregon_Science_Average":null,"On_Track_to_Graduate":90,"Oregon_On_Track_to_Graduate_Average":87,"On_Time_Graduation_2023_2024":71,"Oregon_On_Time_Graduation_2023_24_Average":82,"Five_Year_Completion_2023_24":81,"Oregon_Five_Year_Completion_2023_24_Average":87,"College_Going_2022_23":66,"Oregon_College_Going_2022_23_Average":66,"OBJECTID_1":184}},{"type":"Feature","id":250,"geometry":{"type":"Point","coordinates":[-122.62889999999999,45.51460000000003]},"properties":{"OBJECTID1":250,"OBJECTID":318,"NCESSCH":"411004000941","LEAID":"4110040","NAME":"Sunnyside Environmental School","STREET":"3421 SE Salmon St","CITY":"Portland","STATE":"OR","ZIP":"97214","STFIP":"41","LOCALE":"11","LAT":45.514600000000002,"LON":-122.6289,"CBSA":"38900","NMCBSA":"Portland-Vancouver-Hillsboro, OR-WA","CSA":"440","NMCSA":"Portland-Vancouver-Salem, OR-WA","CD":"4101","SLDL":"41042","SLDU":"41021","SCHOOLYEAR":"2024-2025","District_ID":2180,"District_Name":"Portland SD 1J","School_ID":893,"Grades":"Grade(s) K-8","School_Type":"E","County":"Multnomah","Student_Enrollment":456,"Languages_Spoken":7,"Students_Experiencing_Poverty":14.000000000000002,"Teachers":25,"Educational_Assistants":3,"Counselors_Psychologists_Social_Workers":2,"Average_Teacher_Retention_Rate":96,"Experienced_Teachers":96,"Same_Principal_in_the_Last_3_Years":"Yes","English_Language_Arts":61,"Oregon_ELA_Average":43,"Mathematics":53,"Oregon_Mathematics_Average":33,"Science":48,"Oregon_Science_Average":28.999999999999996,"On_Track_to_Graduate":null,"Oregon_On_Track_to_Graduate_Average":null,"On_Time_Graduation_2023_2024":null,"Oregon_On_Time_Graduation_2023_24_Average":null,"Five_Year_Completion_2023_24":null,"Oregon_Five_Year_Completion_2023_24_Average":null,"College_Going_2022_23":null,"Oregon_College_Going_2022_23_Average":null,"OBJECTID_1":267}},{"type":"Feature","id":251,"geometry":{"type":"Point","coordinates":[-122.61979999999994,45.529100000000028]},"properties":{"OBJECTID1":251,"OBJECTID":294,"NCESSCH":"411004000913","LEAID":"4110040","NAME":"Laurelhurst Elementary School","STREET":"840 NE 41st Ave","CITY":"Portland","STATE":"OR","ZIP":"97232","STFIP":"41","LOCALE":"11","LAT":45.5291,"LON":-122.6198,"CBSA":"38900","NMCBSA":"Portland-Vancouver-Hillsboro, OR-WA","CSA":"440","NMCSA":"Portland-Vancouver-Salem, OR-WA","CD":"4103","SLDL":"41042","SLDU":"41021","SCHOOLYEAR":"2024-2025","District_ID":2180,"District_Name":"Portland SD 1J","School_ID":868,"Grades":"Grade(s) K-8","School_Type":"E","County":"Multnomah","Student_Enrollment":657,"Languages_Spoken":16,"Students_Experiencing_Poverty":12,"Teachers":34,"Educational_Assistants":3,"Counselors_Psychologists_Social_Workers":2,"Average_Teacher_Retention_Rate":99,"Experienced_Teachers":99,"Same_Principal_in_the_Last_3_Years":"Yes","English_Language_Arts":79,"Oregon_ELA_Average":43,"Mathematics":69,"Oregon_Mathematics_Average":33,"Science":54,"Oregon_Science_Average":28.999999999999996,"On_Track_to_Graduate":null,"Oregon_On_Track_to_Graduate_Average":null,"On_Time_Graduation_2023_2024":null,"Oregon_On_Time_Graduation_2023_24_Average":null,"Five_Year_Completion_2023_24":null,"Oregon_Five_Year_Completion_2023_24_Average":null,"College_Going_2022_23":null,"Oregon_College_Going_2022_23_Average":null,"OBJECTID_1":237}},{"type":"Feature","id":252,"geometry":{"type":"Point","coordinates":[-122.45469099999997,45.492736000000036]},"properties":{"OBJECTID1":252,"OBJECTID":171,"NCESSCH":"410600001303","LEAID":"4106000","NAME":"Hollydale Elementary School","STREET":"505 SW Birdsdale Ave","CITY":"Gresham","STATE":"OR","ZIP":"97080","STFIP":"41","LOCALE":"21","LAT":45.492736000000001,"LON":-122.454691,"CBSA":"38900","NMCBSA":"Portland-Vancouver-Hillsboro, OR-WA","CSA":"440","NMCSA":"Portland-Vancouver-Salem, OR-WA","CD":"4103","SLDL":"41050","SLDU":"41025","SCHOOLYEAR":"2024-2025","District_ID":2183,"District_Name":"Gresham-Barlow SD 10J","School_ID":937,"Grades":"Grade(s) K-5","School_Type":"E","County":"Multnomah","Student_Enrollment":465,"Languages_Spoken":19,"Students_Experiencing_Poverty":45,"Teachers":25,"Educational_Assistants":12,"Counselors_Psychologists_Social_Workers":1,"Average_Teacher_Retention_Rate":77,"Experienced_Teachers":77,"Same_Principal_in_the_Last_3_Years":"No","English_Language_Arts":28.999999999999996,"Oregon_ELA_Average":43,"Mathematics":16,"Oregon_Mathematics_Average":36,"Science":15,"Oregon_Science_Average":31,"On_Track_to_Graduate":null,"Oregon_On_Track_to_Graduate_Average":null,"On_Time_Graduation_2023_2024":null,"Oregon_On_Time_Graduation_2023_24_Average":null,"Five_Year_Completion_2023_24":null,"Oregon_Five_Year_Completion_2023_24_Average":null,"College_Going_2022_23":null,"Oregon_College_Going_2022_23_Average":null,"OBJECTID_1":173}},{"type":"Feature","id":253,"geometry":{"type":"Point","coordinates":[-122.60999999999996,45.400300000000072]},"properties":{"OBJECTID1":253,"OBJECTID":220,"NCESSCH":"410883000095","LEAID":"4108830","NAME":"Putnam High School","STREET":"4950 SE Roethe Rd","CITY":"Milwaukie","STATE":"OR","ZIP":"97267","STFIP":"41","LOCALE":"21","LAT":45.400300000000001,"LON":-122.61,"CBSA":"38900","NMCBSA":"Portland-Vancouver-Hillsboro, OR-WA","CSA":"440","NMCSA":"Portland-Vancouver-Salem, OR-WA","CD":"4105","SLDL":"41040","SLDU":"41020","SCHOOLYEAR":"2024-2025","District_ID":1924,"District_Name":"North Clackamas SD 12","School_ID":87,"Grades":"Grade(s) 9-12","School_Type":"H","County":"Clackamas","Student_Enrollment":993,"Languages_Spoken":28,"Students_Experiencing_Poverty":24,"Teachers":45,"Educational_Assistants":8,"Counselors_Psychologists_Social_Workers":4,"Average_Teacher_Retention_Rate":84,"Experienced_Teachers":84,"Same_Principal_in_the_Last_3_Years":"Yes","English_Language_Arts":null,"Oregon_ELA_Average":null,"Mathematics":null,"Oregon_Mathematics_Average":null,"Science":null,"Oregon_Science_Average":null,"On_Track_to_Graduate":87,"Oregon_On_Track_to_Graduate_Average":87,"On_Time_Graduation_2023_2024":90,"Oregon_On_Time_Graduation_2023_24_Average":82,"Five_Year_Completion_2023_24":92,"Oregon_Five_Year_Completion_2023_24_Average":87,"College_Going_2022_23":57.999999999999993,"Oregon_College_Going_2022_23_Average":57.999999999999993,"OBJECTID_1":357}},{"type":"Feature","id":254,"geometry":{"type":"Point","coordinates":[-122.38239999999996,45.516100000000051]},"properties":{"OBJECTID1":254,"OBJECTID":356,"NCESSCH":"411052001004","LEAID":"4110520","NAME":"Sweetbriar Elementary School","STREET":"501 SE Sweetbriar Ln","CITY":"Troutdale","STATE":"OR","ZIP":"97060","STFIP":"41","LOCALE":"21","LAT":45.516100000000002,"LON":-122.3824,"CBSA":"38900","NMCBSA":"Portland-Vancouver-Hillsboro, OR-WA","CSA":"440","NMCSA":"Portland-Vancouver-Salem, OR-WA","CD":"4103","SLDL":"41049","SLDU":"41025","SCHOOLYEAR":"2024-2025","District_ID":2182,"District_Name":"Reynolds SD 7","School_ID":950,"Grades":"Grade(s) K-5","School_Type":"E","County":"Multnomah","Student_Enrollment":269,"Languages_Spoken":14,"Students_Experiencing_Poverty":41,"Teachers":16,"Educational_Assistants":4,"Counselors_Psychologists_Social_Workers":1,"Average_Teacher_Retention_Rate":81,"Experienced_Teachers":81,"Same_Principal_in_the_Last_3_Years":"No","English_Language_Arts":42,"Oregon_ELA_Average":43,"Mathematics":26,"Oregon_Mathematics_Average":36,"Science":24,"Oregon_Science_Average":31,"On_Track_to_Graduate":null,"Oregon_On_Track_to_Graduate_Average":null,"On_Time_Graduation_2023_2024":null,"Oregon_On_Time_Graduation_2023_24_Average":null,"Five_Year_Completion_2023_24":null,"Oregon_Five_Year_Completion_2023_24_Average":null,"College_Going_2022_23":null,"Oregon_College_Going_2022_23_Average":null,"OBJECTID_1":290}},{"type":"Feature","id":255,"geometry":{"type":"Point","coordinates":[-122.74529999999999,45.309200000000033]},"properties":{"OBJECTID1":255,"OBJECTID":436,"NCESSCH":"411317001356","LEAID":"4113170","NAME":"Boeckman Creek Primary School","STREET":"6700 SW Wilsonville Rd","CITY":"Wilsonville","STATE":"OR","ZIP":"97070","STFIP":"41","LOCALE":"21","LAT":45.309199999999997,"LON":-122.7453,"CBSA":"38900","NMCBSA":"Portland-Vancouver-Hillsboro, OR-WA","CSA":"440","NMCSA":"Portland-Vancouver-Salem, OR-WA","CD":"4106","SLDL":"41026","SLDU":"41013","SCHOOLYEAR":"2024-2025","District_ID":1922,"District_Name":"West Linn-Wilsonville SD 3J","School_ID":1272,"Grades":"Grade(s) K-5","School_Type":"E","County":"Clackamas","Student_Enrollment":494,"Languages_Spoken":20,"Students_Experiencing_Poverty":25,"Teachers":30,"Educational_Assistants":14,"Counselors_Psychologists_Social_Workers":1,"Average_Teacher_Retention_Rate":83,"Experienced_Teachers":83,"Same_Principal_in_the_Last_3_Years":"Yes","English_Language_Arts":52,"Oregon_ELA_Average":43,"Mathematics":41,"Oregon_Mathematics_Average":36,"Science":40,"Oregon_Science_Average":31,"On_Track_to_Graduate":null,"Oregon_On_Track_to_Graduate_Average":null,"On_Time_Graduation_2023_2024":null,"Oregon_On_Time_Graduation_2023_24_Average":null,"Five_Year_Completion_2023_24":null,"Oregon_Five_Year_Completion_2023_24_Average":null,"College_Going_2022_23":null,"Oregon_College_Going_2022_23_Average":null,"OBJECTID_1":392}},{"type":"Feature","id":256,"geometry":{"type":"Point","coordinates":[-122.92099999999999,45.511900000000026]},"properties":{"OBJECTID1":256,"OBJECTID":38,"NCESSCH":"410002304174","LEAID":"4100023","NAME":"Imlay Elementary School","STREET":"5900 SE Lois St","CITY":"Hillsboro","STATE":"OR","ZIP":"97123","STFIP":"41","LOCALE":"12","LAT":45.511899999999997,"LON":-122.92100000000001,"CBSA":"38900","NMCBSA":"Portland-Vancouver-Hillsboro, OR-WA","CSA":"440","NMCSA":"Portland-Vancouver-Salem, OR-WA","CD":"4101","SLDL":"41030","SLDU":"41015","SCHOOLYEAR":"2024-2025","District_ID":2239,"District_Name":"Hillsboro SD 1J","School_ID":3536,"Grades":"Grade(s) K-6","School_Type":"E","County":"Washington","Student_Enrollment":408,"Languages_Spoken":29,"Students_Experiencing_Poverty":24,"Teachers":25,"Educational_Assistants":11,"Counselors_Psychologists_Social_Workers":2,"Average_Teacher_Retention_Rate":84,"Experienced_Teachers":84,"Same_Principal_in_the_Last_3_Years":"Yes","English_Language_Arts":55.000000000000007,"Oregon_ELA_Average":43,"Mathematics":46,"Oregon_Mathematics_Average":35,"Science":47,"Oregon_Science_Average":31,"On_Track_to_Graduate":null,"Oregon_On_Track_to_Graduate_Average":null,"On_Time_Graduation_2023_2024":null,"Oregon_On_Time_Graduation_2023_24_Average":null,"Five_Year_Completion_2023_24":null,"Oregon_Five_Year_Completion_2023_24_Average":null,"College_Going_2022_23":null,"Oregon_College_Going_2022_23_Average":null,"OBJECTID_1":86}},{"type":"Feature","id":257,"geometry":{"type":"Point","coordinates":[-122.69170799999995,45.401823000000036]},"properties":{"OBJECTID1":257,"OBJECTID":189,"NCESSCH":"410723001897","LEAID":"4107230","NAME":"Palisades World Language School","STREET":"1500 Greentree Rd","CITY":"Lake Oswego","STATE":"OR","ZIP":"97034","STFIP":"41","LOCALE":"21","LAT":45.401823,"LON":-122.69170800000001,"CBSA":"38900","NMCBSA":"Portland-Vancouver-Hillsboro, OR-WA","CSA":"440","NMCSA":"Portland-Vancouver-Salem, OR-WA","CD":"4105","SLDL":"41038","SLDU":"41019","SCHOOLYEAR":"2024-2025","District_ID":1923,"District_Name":"Lake Oswego SD 7J","School_ID":5677,"Grades":"Grade(s) K-5","School_Type":"E","County":"Clackamas","Student_Enrollment":250,"Languages_Spoken":6,"Students_Experiencing_Poverty":5,"Teachers":17,"Educational_Assistants":6,"Counselors_Psychologists_Social_Workers":2,"Average_Teacher_Retention_Rate":84,"Experienced_Teachers":84,"Same_Principal_in_the_Last_3_Years":"No","English_Language_Arts":72,"Oregon_ELA_Average":43,"Mathematics":72,"Oregon_Mathematics_Average":36,"Science":54,"Oregon_Science_Average":31,"On_Track_to_Graduate":null,"Oregon_On_Track_to_Graduate_Average":null,"On_Time_Graduation_2023_2024":null,"Oregon_On_Time_Graduation_2023_24_Average":null,"Five_Year_Completion_2023_24":null,"Oregon_Five_Year_Completion_2023_24_Average":null,"College_Going_2022_23":null,"Oregon_College_Going_2022_23_Average":null,"OBJECTID_1":327}},{"type":"Feature","id":258,"geometry":{"type":"Point","coordinates":[-122.67690199999998,45.510267000000056]},"properties":{"OBJECTID1":258,"OBJECTID":340,"NCESSCH":"411004001581","LEAID":"4110040","NAME":"Emerson School","STREET":"1800 SW 1st Ave Ste 1","CITY":"Portland","STATE":"OR","ZIP":"97201","STFIP":"41","LOCALE":"11","LAT":45.510266999999999,"LON":-122.676902,"CBSA":"38900","NMCBSA":"Portland-Vancouver-Hillsboro, OR-WA","CSA":"440","NMCSA":"Portland-Vancouver-Salem, OR-WA","CD":"4101","SLDL":"41028","SLDU":"41014","SCHOOLYEAR":"2024-2025","District_ID":2180,"District_Name":"Portland SD 1J","School_ID":3991,"Grades":"Grade(s) K-5","School_Type":"E","County":"Multnomah","Student_Enrollment":132,"Languages_Spoken":3,"Students_Experiencing_Poverty":22,"Teachers":7,"Educational_Assistants":2,"Counselors_Psychologists_Social_Workers":0,"Average_Teacher_Retention_Rate":72,"Experienced_Teachers":72,"Same_Principal_in_the_Last_3_Years":"No","English_Language_Arts":67,"Oregon_ELA_Average":43,"Mathematics":54,"Oregon_Mathematics_Average":36,"Science":44,"Oregon_Science_Average":31,"On_Track_to_Graduate":null,"Oregon_On_Track_to_Graduate_Average":null,"On_Time_Graduation_2023_2024":null,"Oregon_On_Time_Graduation_2023_24_Average":null,"Five_Year_Completion_2023_24":null,"Oregon_Five_Year_Completion_2023_24_Average":null,"College_Going_2022_23":null,"Oregon_College_Going_2022_23_Average":null,"OBJECTID_1":215}},{"type":"Feature","id":259,"geometry":{"type":"Point","coordinates":[-122.98545299999995,45.527349000000072]},"properties":{"OBJECTID1":259,"OBJECTID":36,"NCESSCH":"410002301824","LEAID":"4100023","NAME":"Hillsboro Online Academy","STREET":"452 NE 3rd Ave","CITY":"Hillsboro","STATE":"OR","ZIP":"97124","STFIP":"41","LOCALE":"12","LAT":45.527349000000001,"LON":-122.98545300000001,"CBSA":"38900","NMCBSA":"Portland-Vancouver-Hillsboro, OR-WA","CSA":"440","NMCSA":"Portland-Vancouver-Salem, OR-WA","CD":"4101","SLDL":"41029","SLDU":"41015","SCHOOLYEAR":"2024-2025","District_ID":2239,"District_Name":"Hillsboro SD 1J","School_ID":4973,"Grades":"Grade(s) K-12","School_Type":"H","County":"Washington","Student_Enrollment":369,"Languages_Spoken":11,"Students_Experiencing_Poverty":24,"Teachers":17,"Educational_Assistants":null,"Counselors_Psychologists_Social_Workers":3,"Average_Teacher_Retention_Rate":94,"Experienced_Teachers":94,"Same_Principal_in_the_Last_3_Years":"No","English_Language_Arts":null,"Oregon_ELA_Average":null,"Mathematics":null,"Oregon_Mathematics_Average":null,"Science":null,"Oregon_Science_Average":null,"On_Track_to_Graduate":79,"Oregon_On_Track_to_Graduate_Average":87,"On_Time_Graduation_2023_2024":80,"Oregon_On_Time_Graduation_2023_24_Average":82,"Five_Year_Completion_2023_24":76,"Oregon_Five_Year_Completion_2023_24_Average":87,"College_Going_2022_23":38,"Oregon_College_Going_2022_23_Average":38,"OBJECTID_1":85}},{"type":"Feature","id":260,"geometry":{"type":"Point","coordinates":[-122.47700499999996,45.43044400000008]},"properties":{"OBJECTID1":260,"OBJECTID":235,"NCESSCH":"410883001874","LEAID":"4108830","NAME":"Beatrice Morrow Cannady Elementary","STREET":"18031 SE Vogel Rd","CITY":"Damascus","STATE":"OR","ZIP":"97089","STFIP":"41","LOCALE":"21","LAT":45.430444000000001,"LON":-122.47700500000001,"CBSA":"38900","NMCBSA":"Portland-Vancouver-Hillsboro, OR-WA","CSA":"440","NMCSA":"Portland-Vancouver-Salem, OR-WA","CD":"4103","SLDL":"41048","SLDU":"41024","SCHOOLYEAR":"2024-2025","District_ID":1924,"District_Name":"North Clackamas SD 12","School_ID":5451,"Grades":"Grade(s) K-5","School_Type":"E","County":"Clackamas","Student_Enrollment":515,"Languages_Spoken":26,"Students_Experiencing_Poverty":26,"Teachers":27,"Educational_Assistants":13,"Counselors_Psychologists_Social_Workers":1,"Average_Teacher_Retention_Rate":86,"Experienced_Teachers":86,"Same_Principal_in_the_Last_3_Years":"No","English_Language_Arts":51,"Oregon_ELA_Average":43,"Mathematics":45,"Oregon_Mathematics_Average":36,"Science":28.999999999999996,"Oregon_Science_Average":31,"On_Track_to_Graduate":null,"Oregon_On_Track_to_Graduate_Average":null,"On_Time_Graduation_2023_2024":null,"Oregon_On_Time_Graduation_2023_24_Average":null,"Five_Year_Completion_2023_24":null,"Oregon_Five_Year_Completion_2023_24_Average":null,"College_Going_2022_23":null,"Oregon_College_Going_2022_23_Average":null,"OBJECTID_1":340}},{"type":"Feature","id":261,"geometry":{"type":"Point","coordinates":[-122.65899999999999,45.558100000000081]},"properties":{"OBJECTID1":261,"OBJECTID":292,"NCESSCH":"411004000911","LEAID":"4110040","NAME":"Dr. Martin Luther King Jr. School","STREET":"4906 NE 6th Ave","CITY":"Portland","STATE":"OR","ZIP":"97211","STFIP":"41","LOCALE":"11","LAT":45.558100000000003,"LON":-122.65900000000001,"CBSA":"38900","NMCBSA":"Portland-Vancouver-Hillsboro, OR-WA","CSA":"440","NMCSA":"Portland-Vancouver-Salem, OR-WA","CD":"4103","SLDL":"41043","SLDU":"41022","SCHOOLYEAR":"2024-2025","District_ID":2180,"District_Name":"Portland SD 1J","School_ID":866,"Grades":"Grade(s) K-5","School_Type":"E","County":"Multnomah","Student_Enrollment":316,"Languages_Spoken":10,"Students_Experiencing_Poverty":46,"Teachers":21,"Educational_Assistants":6,"Counselors_Psychologists_Social_Workers":2,"Average_Teacher_Retention_Rate":80,"Experienced_Teachers":80,"Same_Principal_in_the_Last_3_Years":"Yes","English_Language_Arts":40,"Oregon_ELA_Average":43,"Mathematics":35,"Oregon_Mathematics_Average":36,"Science":22,"Oregon_Science_Average":31,"On_Track_to_Graduate":null,"Oregon_On_Track_to_Graduate_Average":null,"On_Time_Graduation_2023_2024":null,"Oregon_On_Time_Graduation_2023_24_Average":null,"Five_Year_Completion_2023_24":null,"Oregon_Five_Year_Completion_2023_24_Average":null,"College_Going_2022_23":null,"Oregon_College_Going_2022_23_Average":null,"OBJECTID_1":213}},{"type":"Feature","id":262,"geometry":{"type":"Point","coordinates":[-122.74118999999996,45.315108000000066]},"properties":{"OBJECTID1":262,"OBJECTID":444,"NCESSCH":"411317001851","LEAID":"4113170","NAME":"Meridian Creek Middle School","STREET":"6300 SW Hazel St","CITY":"Wilsonville","STATE":"OR","ZIP":"97070","STFIP":"41","LOCALE":"21","LAT":45.315108000000002,"LON":-122.74119,"CBSA":"38900","NMCBSA":"Portland-Vancouver-Hillsboro, OR-WA","CSA":"440","NMCSA":"Portland-Vancouver-Salem, OR-WA","CD":"4106","SLDL":"41026","SLDU":"41013","SCHOOLYEAR":"2024-2025","District_ID":1922,"District_Name":"West Linn-Wilsonville SD 3J","School_ID":5377,"Grades":"Grade(s) 6-8","School_Type":"M","County":"Clackamas","Student_Enrollment":359,"Languages_Spoken":20,"Students_Experiencing_Poverty":19,"Teachers":25,"Educational_Assistants":6,"Counselors_Psychologists_Social_Workers":2,"Average_Teacher_Retention_Rate":88,"Experienced_Teachers":88,"Same_Principal_in_the_Last_3_Years":"Yes","English_Language_Arts":56.999999999999993,"Oregon_ELA_Average":43,"Mathematics":40,"Oregon_Mathematics_Average":30,"Science":26,"Oregon_Science_Average":28.000000000000004,"On_Track_to_Graduate":null,"Oregon_On_Track_to_Graduate_Average":null,"On_Time_Graduation_2023_2024":null,"Oregon_On_Time_Graduation_2023_24_Average":null,"Five_Year_Completion_2023_24":null,"Oregon_Five_Year_Completion_2023_24_Average":null,"College_Going_2022_23":null,"Oregon_College_Going_2022_23_Average":null,"OBJECTID_1":398}},{"type":"Feature","id":263,"geometry":{"type":"Point","coordinates":[-122.48769999999996,45.531400000000076]},"properties":{"OBJECTID1":263,"OBJECTID":359,"NCESSCH":"411052001007","LEAID":"4110520","NAME":"Hauton B Lee Middle School","STREET":"1121 NE 172nd Ave","CITY":"Portland","STATE":"OR","ZIP":"97230","STFIP":"41","LOCALE":"21","LAT":45.531399999999998,"LON":-122.4877,"CBSA":"38900","NMCBSA":"Portland-Vancouver-Hillsboro, OR-WA","CSA":"440","NMCSA":"Portland-Vancouver-Salem, OR-WA","CD":"4103","SLDL":"41049","SLDU":"41025","SCHOOLYEAR":"2024-2025","District_ID":2182,"District_Name":"Reynolds SD 7","School_ID":954,"Grades":"Grade(s) 6-8","School_Type":"M","County":"Multnomah","Student_Enrollment":742,"Languages_Spoken":41,"Students_Experiencing_Poverty":60,"Teachers":42,"Educational_Assistants":6,"Counselors_Psychologists_Social_Workers":4,"Average_Teacher_Retention_Rate":73,"Experienced_Teachers":73,"Same_Principal_in_the_Last_3_Years":"Yes","English_Language_Arts":16,"Oregon_ELA_Average":43,"Mathematics":6,"Oregon_Mathematics_Average":30,"Science":8,"Oregon_Science_Average":28.000000000000004,"On_Track_to_Graduate":null,"Oregon_On_Track_to_Graduate_Average":null,"On_Time_Graduation_2023_2024":null,"Oregon_On_Time_Graduation_2023_24_Average":null,"Five_Year_Completion_2023_24":null,"Oregon_Five_Year_Completion_2023_24_Average":null,"College_Going_2022_23":null,"Oregon_College_Going_2022_23_Average":null,"OBJECTID_1":280}},{"type":"Feature","id":264,"geometry":{"type":"Point","coordinates":[-122.59840899999995,45.352345000000071]},"properties":{"OBJECTID1":264,"OBJECTID":252,"NCESSCH":"410933001666","LEAID":"4109330","NAME":"Oregon City Service Learning Academy","STREET":"1404 7th St","CITY":"Oregon City","STATE":"OR","ZIP":"97045","STFIP":"41","LOCALE":"21","LAT":45.352345,"LON":-122.598409,"CBSA":"38900","NMCBSA":"Portland-Vancouver-Hillsboro, OR-WA","CSA":"440","NMCSA":"Portland-Vancouver-Salem, OR-WA","CD":"4105","SLDL":"41040","SLDU":"41020","SCHOOLYEAR":"2024-2025","District_ID":1928,"District_Name":"Oregon City SD 62","School_ID":2735,"Grades":"Grade(s) 9-12","School_Type":"H","County":"Clackamas","Student_Enrollment":109,"Languages_Spoken":3,"Students_Experiencing_Poverty":53,"Teachers":8,"Educational_Assistants":2,"Counselors_Psychologists_Social_Workers":1,"Average_Teacher_Retention_Rate":87,"Experienced_Teachers":87,"Same_Principal_in_the_Last_3_Years":"Yes","English_Language_Arts":null,"Oregon_ELA_Average":null,"Mathematics":null,"Oregon_Mathematics_Average":null,"Science":null,"Oregon_Science_Average":null,"On_Track_to_Graduate":50,"Oregon_On_Track_to_Graduate_Average":87,"On_Time_Graduation_2023_2024":36,"Oregon_On_Time_Graduation_2023_24_Average":82,"Five_Year_Completion_2023_24":47,"Oregon_Five_Year_Completion_2023_24_Average":87,"College_Going_2022_23":12,"Oregon_College_Going_2022_23_Average":12,"OBJECTID_1":377}},{"type":"Feature","id":265,"geometry":{"type":"Point","coordinates":[-123.12559999999996,45.521900000000073]},"properties":{"OBJECTID1":265,"OBJECTID":148,"NCESSCH":"410516001339","LEAID":"4105160","NAME":"Tom McCall Upper Elementary","STREET":"1341 Pacific Ave","CITY":"Forest Grove","STATE":"OR","ZIP":"97116","STFIP":"41","LOCALE":"21","LAT":45.521900000000002,"LON":-123.12560000000001,"CBSA":"38900","NMCBSA":"Portland-Vancouver-Hillsboro, OR-WA","CSA":"440","NMCSA":"Portland-Vancouver-Salem, OR-WA","CD":"4101","SLDL":"41029","SLDU":"41015","SCHOOLYEAR":"2024-2025","District_ID":2241,"District_Name":"Forest Grove SD 15","School_ID":1127,"Grades":"Grade(s) 5-6","School_Type":"E","County":"Washington","Student_Enrollment":677,"Languages_Spoken":17,"Students_Experiencing_Poverty":35,"Teachers":38,"Educational_Assistants":22,"Counselors_Psychologists_Social_Workers":4,"Average_Teacher_Retention_Rate":67,"Experienced_Teachers":67,"Same_Principal_in_the_Last_3_Years":"Yes","English_Language_Arts":31,"Oregon_ELA_Average":45,"Mathematics":19,"Oregon_Mathematics_Average":31,"Science":19,"Oregon_Science_Average":31,"On_Track_to_Graduate":null,"Oregon_On_Track_to_Graduate_Average":null,"On_Time_Graduation_2023_2024":null,"Oregon_On_Time_Graduation_2023_24_Average":null,"Five_Year_Completion_2023_24":null,"Oregon_Five_Year_Completion_2023_24_Average":null,"College_Going_2022_23":null,"Oregon_College_Going_2022_23_Average":null,"OBJECTID_1":70}},{"type":"Feature","id":266,"geometry":{"type":"Point","coordinates":[-122.64769999999999,45.36910000000006]},"properties":{"OBJECTID1":266,"OBJECTID":438,"NCESSCH":"411317001414","LEAID":"4113170","NAME":"Rosemont Ridge Middle School","STREET":"20001 Salamo Rd","CITY":"West Linn","STATE":"OR","ZIP":"97068","STFIP":"41","LOCALE":"21","LAT":45.369100000000003,"LON":-122.6477,"CBSA":"38900","NMCBSA":"Portland-Vancouver-Hillsboro, OR-WA","CSA":"440","NMCSA":"Portland-Vancouver-Salem, OR-WA","CD":"4105","SLDL":"41037","SLDU":"41019","SCHOOLYEAR":"2024-2025","District_ID":1922,"District_Name":"West Linn-Wilsonville SD 3J","School_ID":2787,"Grades":"Grade(s) 6-8","School_Type":"M","County":"Clackamas","Student_Enrollment":708,"Languages_Spoken":21,"Students_Experiencing_Poverty":7.0000000000000009,"Teachers":39,"Educational_Assistants":5,"Counselors_Psychologists_Social_Workers":2,"Average_Teacher_Retention_Rate":78,"Experienced_Teachers":78,"Same_Principal_in_the_Last_3_Years":"Yes","English_Language_Arts":64,"Oregon_ELA_Average":43,"Mathematics":54,"Oregon_Mathematics_Average":30,"Science":44,"Oregon_Science_Average":28.000000000000004,"On_Track_to_Graduate":null,"Oregon_On_Track_to_Graduate_Average":null,"On_Time_Graduation_2023_2024":null,"Oregon_On_Time_Graduation_2023_24_Average":null,"Five_Year_Completion_2023_24":null,"Oregon_Five_Year_Completion_2023_24_Average":null,"College_Going_2022_23":null,"Oregon_College_Going_2022_23_Average":null,"OBJECTID_1":400}},{"type":"Feature","id":267,"geometry":{"type":"Point","coordinates":[-122.59609999999998,45.486200000000053]},"properties":{"OBJECTID1":267,"OBJECTID":265,"NCESSCH":"411004000869","LEAID":"4110040","NAME":"Arleta Elementary School","STREET":"5109 SE 66th Ave","CITY":"Portland","STATE":"OR","ZIP":"97206","STFIP":"41","LOCALE":"11","LAT":45.486199999999997,"LON":-122.59610000000001,"CBSA":"38900","NMCBSA":"Portland-Vancouver-Hillsboro, OR-WA","CSA":"440","NMCSA":"Portland-Vancouver-Salem, OR-WA","CD":"4103","SLDL":"41046","SLDU":"41023","SCHOOLYEAR":"2024-2025","District_ID":2180,"District_Name":"Portland SD 1J","School_ID":826,"Grades":"Grade(s) K-5","School_Type":"E","County":"Multnomah","Student_Enrollment":251,"Languages_Spoken":9,"Students_Experiencing_Poverty":32,"Teachers":16,"Educational_Assistants":5,"Counselors_Psychologists_Social_Workers":2,"Average_Teacher_Retention_Rate":85,"Experienced_Teachers":85,"Same_Principal_in_the_Last_3_Years":"Yes","English_Language_Arts":49,"Oregon_ELA_Average":43,"Mathematics":49,"Oregon_Mathematics_Average":36,"Science":44,"Oregon_Science_Average":31,"On_Track_to_Graduate":null,"Oregon_On_Track_to_Graduate_Average":null,"On_Time_Graduation_2023_2024":null,"Oregon_On_Time_Graduation_2023_24_Average":null,"Five_Year_Completion_2023_24":null,"Oregon_Five_Year_Completion_2023_24_Average":null,"College_Going_2022_23":null,"Oregon_College_Going_2022_23_Average":null,"OBJECTID_1":194}},{"type":"Feature","id":268,"geometry":{"type":"Point","coordinates":[-123.11629999999997,45.526800000000037]},"properties":{"OBJECTID1":268,"OBJECTID":144,"NCESSCH":"410516001186","LEAID":"4105160","NAME":"Harvey Clarke Elementary School","STREET":"2516 N  B  St","CITY":"Forest Grove","STATE":"OR","ZIP":"97116","STFIP":"41","LOCALE":"21","LAT":45.526800000000001,"LON":-123.1163,"CBSA":"38900","NMCBSA":"Portland-Vancouver-Hillsboro, OR-WA","CSA":"440","NMCSA":"Portland-Vancouver-Salem, OR-WA","CD":"4101","SLDL":"41029","SLDU":"41015","SCHOOLYEAR":"2024-2025","District_ID":2241,"District_Name":"Forest Grove SD 15","School_ID":1132,"Grades":"Grade(s) K-4","School_Type":"E","County":"Washington","Student_Enrollment":385,"Languages_Spoken":8,"Students_Experiencing_Poverty":28.999999999999996,"Teachers":24,"Educational_Assistants":15,"Counselors_Psychologists_Social_Workers":3,"Average_Teacher_Retention_Rate":85,"Experienced_Teachers":85,"Same_Principal_in_the_Last_3_Years":"No","English_Language_Arts":31,"Oregon_ELA_Average":42,"Mathematics":33,"Oregon_Mathematics_Average":39,"Science":null,"Oregon_Science_Average":null,"On_Track_to_Graduate":null,"Oregon_On_Track_to_Graduate_Average":null,"On_Time_Graduation_2023_2024":null,"Oregon_On_Time_Graduation_2023_24_Average":null,"Five_Year_Completion_2023_24":null,"Oregon_Five_Year_Completion_2023_24_Average":null,"College_Going_2022_23":null,"Oregon_College_Going_2022_23_Average":null,"OBJECTID_1":67}},{"type":"Feature","id":269,"geometry":{"type":"Point","coordinates":[-122.60426099999995,45.521059000000037]},"properties":{"OBJECTID1":269,"OBJECTID":306,"NCESSCH":"411004000922","LEAID":"4110040","NAME":"Mt Tabor Middle School","STREET":"5800 SE Ash St","CITY":"Portland","STATE":"OR","ZIP":"97215","STFIP":"41","LOCALE":"11","LAT":45.521059000000001,"LON":-122.60426099999999,"CBSA":"38900","NMCBSA":"Portland-Vancouver-Hillsboro, OR-WA","CSA":"440","NMCSA":"Portland-Vancouver-Salem, OR-WA","CD":"4103","SLDL":"41042","SLDU":"41021","SCHOOLYEAR":"2024-2025","District_ID":2180,"District_Name":"Portland SD 1J","School_ID":877,"Grades":"Grade(s) 6-8","School_Type":"M","County":"Multnomah","Student_Enrollment":466,"Languages_Spoken":13,"Students_Experiencing_Poverty":11,"Teachers":25,"Educational_Assistants":3,"Counselors_Psychologists_Social_Workers":1,"Average_Teacher_Retention_Rate":100,"Experienced_Teachers":100,"Same_Principal_in_the_Last_3_Years":"Yes","English_Language_Arts":68,"Oregon_ELA_Average":43,"Mathematics":63,"Oregon_Mathematics_Average":30,"Science":63,"Oregon_Science_Average":28.000000000000004,"On_Track_to_Graduate":null,"Oregon_On_Track_to_Graduate_Average":null,"On_Time_Graduation_2023_2024":null,"Oregon_On_Time_Graduation_2023_24_Average":null,"Five_Year_Completion_2023_24":null,"Oregon_Five_Year_Completion_2023_24_Average":null,"College_Going_2022_23":null,"Oregon_College_Going_2022_23_Average":null,"OBJECTID_1":249}},{"type":"Feature","id":270,"geometry":{"type":"Point","coordinates":[-122.81319999999999,45.402500000000032]},"properties":{"OBJECTID1":270,"OBJECTID":420,"NCESSCH":"411224001261","LEAID":"4112240","NAME":"Deer Creek Elementary School","STREET":"16155 SW 131st Ave","CITY":"Tigard","STATE":"OR","ZIP":"97224","STFIP":"41","LOCALE":"21","LAT":45.402500000000003,"LON":-122.81319999999999,"CBSA":"38900","NMCBSA":"Portland-Vancouver-Hillsboro, OR-WA","CSA":"440","NMCSA":"Portland-Vancouver-Salem, OR-WA","CD":"4106","SLDL":"41026","SLDU":"41013","SCHOOLYEAR":"2024-2025","District_ID":2242,"District_Name":"Tigard-Tualatin SD 23J","School_ID":1369,"Grades":"Grade(s) K-5","School_Type":"E","County":"Washington","Student_Enrollment":552,"Languages_Spoken":18,"Students_Experiencing_Poverty":28.000000000000004,"Teachers":31,"Educational_Assistants":14,"Counselors_Psychologists_Social_Workers":2,"Average_Teacher_Retention_Rate":75,"Experienced_Teachers":75,"Same_Principal_in_the_Last_3_Years":"Yes","English_Language_Arts":54,"Oregon_ELA_Average":43,"Mathematics":43,"Oregon_Mathematics_Average":36,"Science":30,"Oregon_Science_Average":31,"On_Track_to_Graduate":null,"Oregon_On_Track_to_Graduate_Average":null,"On_Time_Graduation_2023_2024":null,"Oregon_On_Time_Graduation_2023_24_Average":null,"Five_Year_Completion_2023_24":null,"Oregon_Five_Year_Completion_2023_24_Average":null,"College_Going_2022_23":null,"Oregon_College_Going_2022_23_Average":null,"OBJECTID_1":123}},{"type":"Feature","id":271,"geometry":{"type":"Point","coordinates":[-122.84091399999994,45.351814000000047]},"properties":{"OBJECTID1":271,"OBJECTID":395,"NCESSCH":"411129001684","LEAID":"4111290","NAME":"Sherwood Charter School","STREET":"23264 SW Main St","CITY":"Sherwood","STATE":"OR","ZIP":"97140","STFIP":"41","LOCALE":"21","LAT":45.351813999999997,"LON":-122.840914,"CBSA":"38900","NMCBSA":"Portland-Vancouver-Hillsboro, OR-WA","CSA":"440","NMCSA":"Portland-Vancouver-Salem, OR-WA","CD":"4106","SLDL":"41026","SLDU":"41013","SCHOOLYEAR":"2024-2025","District_ID":2244,"District_Name":"Sherwood SD 88J","School_ID":4220,"Grades":"Grade(s) K-8","School_Type":"E","County":"Washington","Student_Enrollment":223,"Languages_Spoken":7,"Students_Experiencing_Poverty":9,"Teachers":13,"Educational_Assistants":0,"Counselors_Psychologists_Social_Workers":1,"Average_Teacher_Retention_Rate":83,"Experienced_Teachers":83,"Same_Principal_in_the_Last_3_Years":"Yes","English_Language_Arts":71,"Oregon_ELA_Average":43,"Mathematics":57.999999999999993,"Oregon_Mathematics_Average":33,"Science":54,"Oregon_Science_Average":28.999999999999996,"On_Track_to_Graduate":null,"Oregon_On_Track_to_Graduate_Average":null,"On_Time_Graduation_2023_2024":null,"Oregon_On_Time_Graduation_2023_24_Average":null,"Five_Year_Completion_2023_24":null,"Oregon_Five_Year_Completion_2023_24_Average":null,"College_Going_2022_23":null,"Oregon_College_Going_2022_23_Average":null,"OBJECTID_1":115}},{"type":"Feature","id":272,"geometry":{"type":"Point","coordinates":[-122.82014599999997,45.533236000000045]},"properties":{"OBJECTID1":272,"OBJECTID":68,"NCESSCH":"410192001229","LEAID":"4101920","NAME":"Terra Linda Elementary School","STREET":"1998 NW 143rd Ave","CITY":"Portland","STATE":"OR","ZIP":"97229","STFIP":"41","LOCALE":"21","LAT":45.533236000000002,"LON":-122.82014599999999,"CBSA":"38900","NMCBSA":"Portland-Vancouver-Hillsboro, OR-WA","CSA":"440","NMCSA":"Portland-Vancouver-Salem, OR-WA","CD":"4101","SLDL":"41034","SLDU":"41017","SCHOOLYEAR":"2024-2025","District_ID":2243,"District_Name":"Beaverton SD 48J","School_ID":1176,"Grades":"Grade(s) K-5","School_Type":"E","County":"Washington","Student_Enrollment":276,"Languages_Spoken":22,"Students_Experiencing_Poverty":24,"Teachers":19,"Educational_Assistants":13,"Counselors_Psychologists_Social_Workers":2,"Average_Teacher_Retention_Rate":70,"Experienced_Teachers":70,"Same_Principal_in_the_Last_3_Years":"No","English_Language_Arts":70,"Oregon_ELA_Average":43,"Mathematics":60,"Oregon_Mathematics_Average":36,"Science":53,"Oregon_Science_Average":31,"On_Track_to_Graduate":null,"Oregon_On_Track_to_Graduate_Average":null,"On_Time_Graduation_2023_2024":null,"Oregon_On_Time_Graduation_2023_24_Average":null,"Five_Year_Completion_2023_24":null,"Oregon_Five_Year_Completion_2023_24_Average":null,"College_Going_2022_23":null,"Oregon_College_Going_2022_23_Average":null,"OBJECTID_1":53}},{"type":"Feature","id":273,"geometry":{"type":"Point","coordinates":[-122.76983099999995,45.378550000000075]},"properties":{"OBJECTID1":273,"OBJECTID":427,"NCESSCH":"411224004176","LEAID":"4112240","NAME":"Multi-sensory Instruction Teaching Children Hands-On (MITCH)","STREET":"19550 SW 90th Court","CITY":"Tualatin","STATE":"OR","ZIP":"97062","STFIP":"41","LOCALE":"21","LAT":45.378549999999997,"LON":-122.769831,"CBSA":"38900","NMCBSA":"Portland-Vancouver-Hillsboro, OR-WA","CSA":"440","NMCSA":"Portland-Vancouver-Salem, OR-WA","CD":"4106","SLDL":"41037","SLDU":"41019","SCHOOLYEAR":"2024-2025","District_ID":2242,"District_Name":"Tigard-Tualatin SD 23J","School_ID":3579,"Grades":"Grade(s) K-5","School_Type":"E","County":"Washington","Student_Enrollment":216,"Languages_Spoken":15,"Students_Experiencing_Poverty":11,"Teachers":15,"Educational_Assistants":3,"Counselors_Psychologists_Social_Workers":1,"Average_Teacher_Retention_Rate":57.999999999999993,"Experienced_Teachers":57.999999999999993,"Same_Principal_in_the_Last_3_Years":"Yes","English_Language_Arts":59,"Oregon_ELA_Average":43,"Mathematics":56.999999999999993,"Oregon_Mathematics_Average":36,"Science":55.000000000000007,"Oregon_Science_Average":31,"On_Track_to_Graduate":null,"Oregon_On_Track_to_Graduate_Average":null,"On_Time_Graduation_2023_2024":null,"Oregon_On_Time_Graduation_2023_24_Average":null,"Five_Year_Completion_2023_24":null,"Oregon_Five_Year_Completion_2023_24_Average":null,"College_Going_2022_23":null,"Oregon_College_Going_2022_23_Average":null,"OBJECTID_1":130}},{"type":"Feature","id":274,"geometry":{"type":"Point","coordinates":[-122.90339999999998,45.502100000000041]},"properties":{"OBJECTID1":274,"OBJECTID":12,"NCESSCH":"410002301201","LEAID":"4100023","NAME":"Ladd Acres Elementary School","STREET":"2425 SW Cornelius Pass Rd","CITY":"Hillsboro","STATE":"OR","ZIP":"97123","STFIP":"41","LOCALE":"12","LAT":45.502099999999999,"LON":-122.9034,"CBSA":"38900","NMCBSA":"Portland-Vancouver-Hillsboro, OR-WA","CSA":"440","NMCSA":"Portland-Vancouver-Salem, OR-WA","CD":"4101","SLDL":"41036","SLDU":"41018","SCHOOLYEAR":"2024-2025","District_ID":2239,"District_Name":"Hillsboro SD 1J","School_ID":1150,"Grades":"Grade(s) K-6","School_Type":"E","County":"Washington","Student_Enrollment":366,"Languages_Spoken":31,"Students_Experiencing_Poverty":22,"Teachers":23,"Educational_Assistants":9,"Counselors_Psychologists_Social_Workers":1,"Average_Teacher_Retention_Rate":96,"Experienced_Teachers":96,"Same_Principal_in_the_Last_3_Years":"Yes","English_Language_Arts":61,"Oregon_ELA_Average":43,"Mathematics":53,"Oregon_Mathematics_Average":35,"Science":46,"Oregon_Science_Average":31,"On_Track_to_Graduate":null,"Oregon_On_Track_to_Graduate_Average":null,"On_Time_Graduation_2023_2024":null,"Oregon_On_Time_Graduation_2023_24_Average":null,"Five_Year_Completion_2023_24":null,"Oregon_Five_Year_Completion_2023_24_Average":null,"College_Going_2022_23":null,"Oregon_College_Going_2022_23_Average":null,"OBJECTID_1":90}},{"type":"Feature","id":275,"geometry":{"type":"Point","coordinates":[-122.62444899999997,45.458021000000031]},"properties":{"OBJECTID1":275,"OBJECTID":208,"NCESSCH":"410883000070","LEAID":"4108830","NAME":"Ardenwald Elementary School","STREET":"8950 SE 36th St","CITY":"Milwaukie","STATE":"OR","ZIP":"97222","STFIP":"41","LOCALE":"21","LAT":45.458021000000002,"LON":-122.624449,"CBSA":"38900","NMCBSA":"Portland-Vancouver-Hillsboro, OR-WA","CSA":"440","NMCSA":"Portland-Vancouver-Salem, OR-WA","CD":"4105","SLDL":"41041","SLDU":"41021","SCHOOLYEAR":"2024-2025","District_ID":1924,"District_Name":"North Clackamas SD 12","School_ID":4762,"Grades":"Grade(s) K-5","School_Type":"E","County":"Clackamas","Student_Enrollment":383,"Languages_Spoken":10,"Students_Experiencing_Poverty":41,"Teachers":24,"Educational_Assistants":16,"Counselors_Psychologists_Social_Workers":2,"Average_Teacher_Retention_Rate":75,"Experienced_Teachers":75,"Same_Principal_in_the_Last_3_Years":"Yes","English_Language_Arts":48,"Oregon_ELA_Average":43,"Mathematics":36,"Oregon_Mathematics_Average":36,"Science":27,"Oregon_Science_Average":31,"On_Track_to_Graduate":null,"Oregon_On_Track_to_Graduate_Average":null,"On_Time_Graduation_2023_2024":null,"Oregon_On_Time_Graduation_2023_24_Average":null,"Five_Year_Completion_2023_24":null,"Oregon_Five_Year_Completion_2023_24_Average":null,"College_Going_2022_23":null,"Oregon_College_Going_2022_23_Average":null,"OBJECTID_1":339}},{"type":"Feature","id":276,"geometry":{"type":"Point","coordinates":[-122.90759999999995,45.528400000000033]},"properties":{"OBJECTID1":276,"OBJECTID":28,"NCESSCH":"410002301499","LEAID":"4100023","NAME":"Orenco Elementary School","STREET":"22550 NW Birch St","CITY":"Hillsboro","STATE":"OR","ZIP":"97124","STFIP":"41","LOCALE":"12","LAT":45.528399999999998,"LON":-122.9076,"CBSA":"38900","NMCBSA":"Portland-Vancouver-Hillsboro, OR-WA","CSA":"440","NMCSA":"Portland-Vancouver-Salem, OR-WA","CD":"4101","SLDL":"41030","SLDU":"41015","SCHOOLYEAR":"2024-2025","District_ID":2239,"District_Name":"Hillsboro SD 1J","School_ID":3160,"Grades":"Grade(s) K-6","School_Type":"E","County":"Washington","Student_Enrollment":472,"Languages_Spoken":30,"Students_Experiencing_Poverty":28.999999999999996,"Teachers":25,"Educational_Assistants":12,"Counselors_Psychologists_Social_Workers":3,"Average_Teacher_Retention_Rate":88,"Experienced_Teachers":88,"Same_Principal_in_the_Last_3_Years":"Yes","English_Language_Arts":46,"Oregon_ELA_Average":43,"Mathematics":33,"Oregon_Mathematics_Average":35,"Science":27,"Oregon_Science_Average":31,"On_Track_to_Graduate":null,"Oregon_On_Track_to_Graduate_Average":null,"On_Time_Graduation_2023_2024":null,"Oregon_On_Time_Graduation_2023_24_Average":null,"Five_Year_Completion_2023_24":null,"Oregon_Five_Year_Completion_2023_24_Average":null,"College_Going_2022_23":null,"Oregon_College_Going_2022_23_Average":null,"OBJECTID_1":97}},{"type":"Feature","id":277,"geometry":{"type":"Point","coordinates":[-122.56769999999995,45.538100000000043]},"properties":{"OBJECTID1":277,"OBJECTID":295,"NCESSCH":"411004000914","LEAID":"4110040","NAME":"Lee Elementary School","STREET":"2222 NE 92nd Ave","CITY":"Portland","STATE":"OR","ZIP":"97220","STFIP":"41","LOCALE":"11","LAT":45.5381,"LON":-122.5677,"CBSA":"38900","NMCBSA":"Portland-Vancouver-Hillsboro, OR-WA","CSA":"440","NMCSA":"Portland-Vancouver-Salem, OR-WA","CD":"4103","SLDL":"41045","SLDU":"41023","SCHOOLYEAR":"2024-2025","District_ID":2180,"District_Name":"Portland SD 1J","School_ID":869,"Grades":"Grade(s) K-5","School_Type":"E","County":"Multnomah","Student_Enrollment":261,"Languages_Spoken":18,"Students_Experiencing_Poverty":38,"Teachers":19,"Educational_Assistants":10,"Counselors_Psychologists_Social_Workers":2,"Average_Teacher_Retention_Rate":93,"Experienced_Teachers":93,"Same_Principal_in_the_Last_3_Years":"Yes","English_Language_Arts":48,"Oregon_ELA_Average":43,"Mathematics":42,"Oregon_Mathematics_Average":36,"Science":31,"Oregon_Science_Average":31,"On_Track_to_Graduate":null,"Oregon_On_Track_to_Graduate_Average":null,"On_Time_Graduation_2023_2024":null,"Oregon_On_Time_Graduation_2023_24_Average":null,"Five_Year_Completion_2023_24":null,"Oregon_Five_Year_Completion_2023_24_Average":null,"College_Going_2022_23":null,"Oregon_College_Going_2022_23_Average":null,"OBJECTID_1":239}},{"type":"Feature","id":278,"geometry":{"type":"Point","coordinates":[-122.76879999999994,45.403300000000058]},"properties":{"OBJECTID1":278,"OBJECTID":419,"NCESSCH":"411224001198","LEAID":"4112240","NAME":"Tigard High School","STREET":"9000 SW Durham Rd","CITY":"Tigard","STATE":"OR","ZIP":"97224","STFIP":"41","LOCALE":"13","LAT":45.403300000000002,"LON":-122.7688,"CBSA":"38900","NMCBSA":"Portland-Vancouver-Hillsboro, OR-WA","CSA":"440","NMCSA":"Portland-Vancouver-Salem, OR-WA","CD":"4106","SLDL":"41025","SLDU":"41013","SCHOOLYEAR":"2024-2025","District_ID":2242,"District_Name":"Tigard-Tualatin SD 23J","School_ID":1146,"Grades":"Grade(s) 9-12","School_Type":"H","County":"Washington","Student_Enrollment":1680,"Languages_Spoken":42,"Students_Experiencing_Poverty":19,"Teachers":85,"Educational_Assistants":15,"Counselors_Psychologists_Social_Workers":6,"Average_Teacher_Retention_Rate":95,"Experienced_Teachers":95,"Same_Principal_in_the_Last_3_Years":"No","English_Language_Arts":null,"Oregon_ELA_Average":null,"Mathematics":null,"Oregon_Mathematics_Average":null,"Science":null,"Oregon_Science_Average":null,"On_Track_to_Graduate":94,"Oregon_On_Track_to_Graduate_Average":87,"On_Time_Graduation_2023_2024":87,"Oregon_On_Time_Graduation_2023_24_Average":82,"Five_Year_Completion_2023_24":91,"Oregon_Five_Year_Completion_2023_24_Average":87,"College_Going_2022_23":67,"Oregon_College_Going_2022_23_Average":67,"OBJECTID_1":132}},{"type":"Feature","id":279,"geometry":{"type":"Point","coordinates":[-122.85381999999998,45.483965000000069]},"properties":{"OBJECTID1":279,"OBJECTID":49,"NCESSCH":"410192001204","LEAID":"4101920","NAME":"Aloha-Huber Park School","STREET":"5000 SW 173rd St","CITY":"Beaverton","STATE":"OR","ZIP":"97078","STFIP":"41","LOCALE":"21","LAT":45.483964999999998,"LON":-122.85382,"CBSA":"38900","NMCBSA":"Portland-Vancouver-Hillsboro, OR-WA","CSA":"440","NMCSA":"Portland-Vancouver-Salem, OR-WA","CD":"4101","SLDL":"41035","SLDU":"41018","SCHOOLYEAR":"2024-2025","District_ID":2243,"District_Name":"Beaverton SD 48J","School_ID":1153,"Grades":"Grade(s) K-8","School_Type":"E","County":"Washington","Student_Enrollment":912,"Languages_Spoken":34,"Students_Experiencing_Poverty":49,"Teachers":57,"Educational_Assistants":14,"Counselors_Psychologists_Social_Workers":5,"Average_Teacher_Retention_Rate":75,"Experienced_Teachers":75,"Same_Principal_in_the_Last_3_Years":"Yes","English_Language_Arts":27,"Oregon_ELA_Average":43,"Mathematics":21,"Oregon_Mathematics_Average":33,"Science":10,"Oregon_Science_Average":28.999999999999996,"On_Track_to_Graduate":null,"Oregon_On_Track_to_Graduate_Average":null,"On_Time_Graduation_2023_2024":null,"Oregon_On_Time_Graduation_2023_24_Average":null,"Five_Year_Completion_2023_24":null,"Oregon_Five_Year_Completion_2023_24_Average":null,"College_Going_2022_23":null,"Oregon_College_Going_2022_23_Average":null,"OBJECTID_1":5}},{"type":"Feature","id":280,"geometry":{"type":"Point","coordinates":[-122.54058699999996,45.550137000000063]},"properties":{"OBJECTID1":280,"OBJECTID":259,"NCESSCH":"410948000986","LEAID":"4109480","NAME":"Parkrose Middle School","STREET":"11800 NE Shaver St","CITY":"Portland","STATE":"OR","ZIP":"97220","STFIP":"41","LOCALE":"11","LAT":45.550136999999999,"LON":-122.540587,"CBSA":"38900","NMCBSA":"Portland-Vancouver-Hillsboro, OR-WA","CSA":"440","NMCSA":"Portland-Vancouver-Salem, OR-WA","CD":"4103","SLDL":"41045","SLDU":"41023","SCHOOLYEAR":"2024-2025","District_ID":2181,"District_Name":"Parkrose SD 3","School_ID":930,"Grades":"Grade(s) 6-8","School_Type":"M","County":"Multnomah","Student_Enrollment":618,"Languages_Spoken":22,"Students_Experiencing_Poverty":47,"Teachers":35,"Educational_Assistants":5,"Counselors_Psychologists_Social_Workers":2,"Average_Teacher_Retention_Rate":56.000000000000007,"Experienced_Teachers":56.000000000000007,"Same_Principal_in_the_Last_3_Years":"Yes","English_Language_Arts":27,"Oregon_ELA_Average":43,"Mathematics":14.000000000000002,"Oregon_Mathematics_Average":30,"Science":14.000000000000002,"Oregon_Science_Average":28.000000000000004,"On_Track_to_Graduate":null,"Oregon_On_Track_to_Graduate_Average":null,"On_Time_Graduation_2023_2024":null,"Oregon_On_Time_Graduation_2023_24_Average":null,"Five_Year_Completion_2023_24":null,"Oregon_Five_Year_Completion_2023_24_Average":null,"College_Going_2022_23":null,"Oregon_College_Going_2022_23_Average":null,"OBJECTID_1":185}},{"type":"Feature","id":281,"geometry":{"type":"Point","coordinates":[-122.72559999999999,45.396000000000072]},"properties":{"OBJECTID1":281,"OBJECTID":183,"NCESSCH":"410723000067","LEAID":"4107230","NAME":"Lakeridge Middle School","STREET":"4700 SW Jean Rd","CITY":"Lake Oswego","STATE":"OR","ZIP":"97035","STFIP":"41","LOCALE":"21","LAT":45.396000000000001,"LON":-122.7256,"CBSA":"38900","NMCBSA":"Portland-Vancouver-Hillsboro, OR-WA","CSA":"440","NMCSA":"Portland-Vancouver-Salem, OR-WA","CD":"4106","SLDL":"41037","SLDU":"41019","SCHOOLYEAR":"2024-2025","District_ID":1923,"District_Name":"Lake Oswego SD 7J","School_ID":60,"Grades":"Grade(s) 6-8","School_Type":"M","County":"Clackamas","Student_Enrollment":884,"Languages_Spoken":22,"Students_Experiencing_Poverty":6,"Teachers":53,"Educational_Assistants":17,"Counselors_Psychologists_Social_Workers":5,"Average_Teacher_Retention_Rate":89,"Experienced_Teachers":89,"Same_Principal_in_the_Last_3_Years":"Yes","English_Language_Arts":70,"Oregon_ELA_Average":43,"Mathematics":60,"Oregon_Mathematics_Average":30,"Science":46,"Oregon_Science_Average":28.000000000000004,"On_Track_to_Graduate":null,"Oregon_On_Track_to_Graduate_Average":null,"On_Time_Graduation_2023_2024":null,"Oregon_On_Time_Graduation_2023_24_Average":null,"Five_Year_Completion_2023_24":null,"Oregon_Five_Year_Completion_2023_24_Average":null,"College_Going_2022_23":null,"Oregon_College_Going_2022_23_Average":null,"OBJECTID_1":325}},{"type":"Feature","id":282,"geometry":{"type":"Point","coordinates":[-122.53498499999995,45.479657000000032]},"properties":{"OBJECTID1":282,"OBJECTID":124,"NCESSCH":"410394001028","LEAID":"4103940","NAME":"Alice Ott Middle School","STREET":"12500 SE Ramona St","CITY":"Portland","STATE":"OR","ZIP":"97236","STFIP":"41","LOCALE":"11","LAT":45.479657000000003,"LON":-122.53498500000001,"CBSA":"38900","NMCBSA":"Portland-Vancouver-Hillsboro, OR-WA","CSA":"440","NMCSA":"Portland-Vancouver-Salem, OR-WA","CD":"4103","SLDL":"41048","SLDU":"41024","SCHOOLYEAR":"2024-2025","District_ID":2187,"District_Name":"David Douglas SD 40","School_ID":980,"Grades":"Grade(s) 6-8","School_Type":"M","County":"Multnomah","Student_Enrollment":596,"Languages_Spoken":32,"Students_Experiencing_Poverty":49,"Teachers":33,"Educational_Assistants":8,"Counselors_Psychologists_Social_Workers":2,"Average_Teacher_Retention_Rate":91,"Experienced_Teachers":91,"Same_Principal_in_the_Last_3_Years":"Yes","English_Language_Arts":41,"Oregon_ELA_Average":43,"Mathematics":25,"Oregon_Mathematics_Average":30,"Science":21,"Oregon_Science_Average":28.000000000000004,"On_Track_to_Graduate":null,"Oregon_On_Track_to_Graduate_Average":null,"On_Time_Graduation_2023_2024":null,"Oregon_On_Time_Graduation_2023_24_Average":null,"Five_Year_Completion_2023_24":null,"Oregon_Five_Year_Completion_2023_24_Average":null,"College_Going_2022_23":null,"Oregon_College_Going_2022_23_Average":null,"OBJECTID_1":147}},{"type":"Feature","id":283,"geometry":{"type":"Point","coordinates":[-122.48793099999995,45.443610000000035]},"properties":{"OBJECTID1":283,"OBJECTID":232,"NCESSCH":"410883001775","LEAID":"4108830","NAME":"Scouters Mountain Elementary","STREET":"10811 SE 172nd Ave","CITY":"Happy Valley","STATE":"OR","ZIP":"97086","STFIP":"41","LOCALE":"21","LAT":45.44361,"LON":-122.487931,"CBSA":"38900","NMCBSA":"Portland-Vancouver-Hillsboro, OR-WA","CSA":"440","NMCSA":"Portland-Vancouver-Salem, OR-WA","CD":"4103","SLDL":"41039","SLDU":"41020","SCHOOLYEAR":"2024-2025","District_ID":1924,"District_Name":"North Clackamas SD 12","School_ID":4713,"Grades":"Grade(s) K-5","School_Type":"E","County":"Clackamas","Student_Enrollment":578,"Languages_Spoken":22,"Students_Experiencing_Poverty":16,"Teachers":28,"Educational_Assistants":10,"Counselors_Psychologists_Social_Workers":1,"Average_Teacher_Retention_Rate":82,"Experienced_Teachers":82,"Same_Principal_in_the_Last_3_Years":"Yes","English_Language_Arts":66,"Oregon_ELA_Average":43,"Mathematics":56.999999999999993,"Oregon_Mathematics_Average":36,"Science":41,"Oregon_Science_Average":31,"On_Track_to_Graduate":null,"Oregon_On_Track_to_Graduate_Average":null,"On_Time_Graduation_2023_2024":null,"Oregon_On_Time_Graduation_2023_24_Average":null,"Five_Year_Completion_2023_24":null,"Oregon_Five_Year_Completion_2023_24_Average":null,"College_Going_2022_23":null,"Oregon_College_Going_2022_23_Average":null,"OBJECTID_1":361}},{"type":"Feature","id":284,"geometry":{"type":"Point","coordinates":[-122.86894699999999,45.349161000000038]},"properties":{"OBJECTID1":284,"OBJECTID":394,"NCESSCH":"411129001501","LEAID":"4111290","NAME":"Middleton Elementary School","STREET":"23505 SW Old Hwy 99W","CITY":"Sherwood","STATE":"OR","ZIP":"97140","STFIP":"41","LOCALE":"21","LAT":45.349161000000002,"LON":-122.86894700000001,"CBSA":"38900","NMCBSA":"Portland-Vancouver-Hillsboro, OR-WA","CSA":"440","NMCSA":"Portland-Vancouver-Salem, OR-WA","CD":"4106","SLDL":"41026","SLDU":"41013","SCHOOLYEAR":"2024-2025","District_ID":2244,"District_Name":"Sherwood SD 88J","School_ID":3222,"Grades":"Grade(s) K-5","School_Type":"E","County":"Washington","Student_Enrollment":400,"Languages_Spoken":18,"Students_Experiencing_Poverty":6,"Teachers":24,"Educational_Assistants":16,"Counselors_Psychologists_Social_Workers":2,"Average_Teacher_Retention_Rate":88,"Experienced_Teachers":88,"Same_Principal_in_the_Last_3_Years":"No","English_Language_Arts":73,"Oregon_ELA_Average":43,"Mathematics":66,"Oregon_Mathematics_Average":36,"Science":49,"Oregon_Science_Average":31,"On_Track_to_Graduate":null,"Oregon_On_Track_to_Graduate_Average":null,"On_Time_Graduation_2023_2024":null,"Oregon_On_Time_Graduation_2023_24_Average":null,"Five_Year_Completion_2023_24":null,"Oregon_Five_Year_Completion_2023_24_Average":null,"College_Going_2022_23":null,"Oregon_College_Going_2022_23_Average":null,"OBJECTID_1":113}},{"type":"Feature","id":285,"geometry":{"type":"Point","coordinates":[-122.91519999999997,45.503900000000044]},"properties":{"OBJECTID1":285,"OBJECTID":17,"NCESSCH":"410002301248","LEAID":"4100023","NAME":"Century High School","STREET":"2000 SE Century Blvd","CITY":"Hillsboro","STATE":"OR","ZIP":"97123","STFIP":"41","LOCALE":"12","LAT":45.503900000000002,"LON":-122.9152,"CBSA":"38900","NMCBSA":"Portland-Vancouver-Hillsboro, OR-WA","CSA":"440","NMCSA":"Portland-Vancouver-Salem, OR-WA","CD":"4101","SLDL":"41036","SLDU":"41018","SCHOOLYEAR":"2024-2025","District_ID":2239,"District_Name":"Hillsboro SD 1J","School_ID":1368,"Grades":"Grade(s) 9-12","School_Type":"H","County":"Washington","Student_Enrollment":1490,"Languages_Spoken":59,"Students_Experiencing_Poverty":22,"Teachers":68,"Educational_Assistants":17,"Counselors_Psychologists_Social_Workers":7,"Average_Teacher_Retention_Rate":83,"Experienced_Teachers":83,"Same_Principal_in_the_Last_3_Years":"Yes","English_Language_Arts":null,"Oregon_ELA_Average":null,"Mathematics":null,"Oregon_Mathematics_Average":null,"Science":null,"Oregon_Science_Average":null,"On_Track_to_Graduate":95,"Oregon_On_Track_to_Graduate_Average":87,"On_Time_Graduation_2023_2024":91,"Oregon_On_Time_Graduation_2023_24_Average":82,"Five_Year_Completion_2023_24":90,"Oregon_Five_Year_Completion_2023_24_Average":87,"College_Going_2022_23":60,"Oregon_College_Going_2022_23_Average":60,"OBJECTID_1":76}},{"type":"Feature","id":286,"geometry":{"type":"Point","coordinates":[-122.69359999999995,45.397600000000068]},"properties":{"OBJECTID1":286,"OBJECTID":185,"NCESSCH":"410723000069","LEAID":"4107230","NAME":"Lakeridge High School","STREET":"1235 SW Overlook Dr","CITY":"Lake Oswego","STATE":"OR","ZIP":"97034","STFIP":"41","LOCALE":"21","LAT":45.397599999999997,"LON":-122.6936,"CBSA":"38900","NMCBSA":"Portland-Vancouver-Hillsboro, OR-WA","CSA":"440","NMCSA":"Portland-Vancouver-Salem, OR-WA","CD":"4105","SLDL":"41038","SLDU":"41019","SCHOOLYEAR":"2024-2025","District_ID":1923,"District_Name":"Lake Oswego SD 7J","School_ID":62,"Grades":"Grade(s) 9-12","School_Type":"H","County":"Clackamas","Student_Enrollment":1231,"Languages_Spoken":34,"Students_Experiencing_Poverty":6,"Teachers":70,"Educational_Assistants":24,"Counselors_Psychologists_Social_Workers":6,"Average_Teacher_Retention_Rate":93,"Experienced_Teachers":93,"Same_Principal_in_the_Last_3_Years":"Yes","English_Language_Arts":null,"Oregon_ELA_Average":null,"Mathematics":null,"Oregon_Mathematics_Average":null,"Science":null,"Oregon_Science_Average":null,"On_Track_to_Graduate":null,"Oregon_On_Track_to_Graduate_Average":87,"On_Time_Graduation_2023_2024":95,"Oregon_On_Time_Graduation_2023_24_Average":82,"Five_Year_Completion_2023_24":99,"Oregon_Five_Year_Completion_2023_24_Average":87,"College_Going_2022_23":86,"Oregon_College_Going_2022_23_Average":86,"OBJECTID_1":324}},{"type":"Feature","id":287,"geometry":{"type":"Point","coordinates":[-122.78199999999998,45.463200000000029]},"properties":{"OBJECTID1":287,"OBJECTID":77,"NCESSCH":"410192001238","LEAID":"4101920","NAME":"Whitford Middle School","STREET":"7935 SW Scholls Ferry Rd","CITY":"Beaverton","STATE":"OR","ZIP":"97008","STFIP":"41","LOCALE":"13","LAT":45.463200000000001,"LON":-122.782,"CBSA":"38900","NMCBSA":"Portland-Vancouver-Hillsboro, OR-WA","CSA":"440","NMCSA":"Portland-Vancouver-Salem, OR-WA","CD":"4106","SLDL":"41027","SLDU":"41014","SCHOOLYEAR":"2024-2025","District_ID":2243,"District_Name":"Beaverton SD 48J","School_ID":1185,"Grades":"Grade(s) 6-8","School_Type":"M","County":"Washington","Student_Enrollment":765,"Languages_Spoken":32,"Students_Experiencing_Poverty":28.000000000000004,"Teachers":45,"Educational_Assistants":10,"Counselors_Psychologists_Social_Workers":5,"Average_Teacher_Retention_Rate":80,"Experienced_Teachers":80,"Same_Principal_in_the_Last_3_Years":"Yes","English_Language_Arts":47,"Oregon_ELA_Average":43,"Mathematics":34,"Oregon_Mathematics_Average":30,"Science":34,"Oregon_Science_Average":28.000000000000004,"On_Track_to_Graduate":null,"Oregon_On_Track_to_Graduate_Average":null,"On_Time_Graduation_2023_2024":null,"Oregon_On_Time_Graduation_2023_24_Average":null,"Five_Year_Completion_2023_24":null,"Oregon_Five_Year_Completion_2023_24_Average":null,"College_Going_2022_23":null,"Oregon_College_Going_2022_23_Average":null,"OBJECTID_1":58}},{"type":"Feature","id":288,"geometry":{"type":"Point","coordinates":[-122.79299999999995,45.392400000000066]},"properties":{"OBJECTID1":288,"OBJECTID":410,"NCESSCH":"411224000381","LEAID":"4112240","NAME":"Hazelbrook Middle School","STREET":"11300 SW Hazelbrook Rd","CITY":"Tualatin","STATE":"OR","ZIP":"97062","STFIP":"41","LOCALE":"21","LAT":45.392400000000002,"LON":-122.79300000000001,"CBSA":"38900","NMCBSA":"Portland-Vancouver-Hillsboro, OR-WA","CSA":"440","NMCSA":"Portland-Vancouver-Salem, OR-WA","CD":"4106","SLDL":"41037","SLDU":"41019","SCHOOLYEAR":"2024-2025","District_ID":2242,"District_Name":"Tigard-Tualatin SD 23J","School_ID":1300,"Grades":"Grade(s) 6-8","School_Type":"M","County":"Washington","Student_Enrollment":787,"Languages_Spoken":19,"Students_Experiencing_Poverty":23,"Teachers":42,"Educational_Assistants":7,"Counselors_Psychologists_Social_Workers":4,"Average_Teacher_Retention_Rate":82,"Experienced_Teachers":82,"Same_Principal_in_the_Last_3_Years":"No","English_Language_Arts":43,"Oregon_ELA_Average":43,"Mathematics":27,"Oregon_Mathematics_Average":30,"Science":24,"Oregon_Science_Average":28.000000000000004,"On_Track_to_Graduate":null,"Oregon_On_Track_to_Graduate_Average":null,"On_Time_Graduation_2023_2024":null,"Oregon_On_Time_Graduation_2023_24_Average":null,"Five_Year_Completion_2023_24":null,"Oregon_Five_Year_Completion_2023_24_Average":null,"College_Going_2022_23":null,"Oregon_College_Going_2022_23_Average":null,"OBJECTID_1":126}},{"type":"Feature","id":289,"geometry":{"type":"Point","coordinates":[-122.78259099999997,45.426952000000028]},"properties":{"OBJECTID1":289,"OBJECTID":412,"NCESSCH":"411224001190","LEAID":"4112240","NAME":"Charles F Tigard Elementary School","STREET":"12850 SW Grant St","CITY":"Tigard","STATE":"OR","ZIP":"97223","STFIP":"41","LOCALE":"13","LAT":45.426952,"LON":-122.782591,"CBSA":"38900","NMCBSA":"Portland-Vancouver-Hillsboro, OR-WA","CSA":"440","NMCSA":"Portland-Vancouver-Salem, OR-WA","CD":"4106","SLDL":"41025","SLDU":"41013","SCHOOLYEAR":"2024-2025","District_ID":2242,"District_Name":"Tigard-Tualatin SD 23J","School_ID":1136,"Grades":"Grade(s) K-5","School_Type":"E","County":"Washington","Student_Enrollment":464,"Languages_Spoken":21,"Students_Experiencing_Poverty":27,"Teachers":26,"Educational_Assistants":15,"Counselors_Psychologists_Social_Workers":2,"Average_Teacher_Retention_Rate":80,"Experienced_Teachers":80,"Same_Principal_in_the_Last_3_Years":"No","English_Language_Arts":41,"Oregon_ELA_Average":43,"Mathematics":33,"Oregon_Mathematics_Average":36,"Science":32,"Oregon_Science_Average":31,"On_Track_to_Graduate":null,"Oregon_On_Track_to_Graduate_Average":null,"On_Time_Graduation_2023_2024":null,"Oregon_On_Time_Graduation_2023_24_Average":null,"Five_Year_Completion_2023_24":null,"Oregon_Five_Year_Completion_2023_24_Average":null,"College_Going_2022_23":null,"Oregon_College_Going_2022_23_Average":null,"OBJECTID_1":121}},{"type":"Feature","id":290,"geometry":{"type":"Point","coordinates":[-122.60478299999994,45.505026000000043]},"properties":{"OBJECTID1":290,"OBJECTID":267,"NCESSCH":"411004000871","LEAID":"4110040","NAME":"Atkinson Elementary School","STREET":"5800 SE Division St","CITY":"Portland","STATE":"OR","ZIP":"97206","STFIP":"41","LOCALE":"11","LAT":45.505026000000001,"LON":-122.604783,"CBSA":"38900","NMCBSA":"Portland-Vancouver-Hillsboro, OR-WA","CSA":"440","NMCSA":"Portland-Vancouver-Salem, OR-WA","CD":"4103","SLDL":"41046","SLDU":"41023","SCHOOLYEAR":"2024-2025","District_ID":2180,"District_Name":"Portland SD 1J","School_ID":828,"Grades":"Grade(s) K-5","School_Type":"E","County":"Multnomah","Student_Enrollment":369,"Languages_Spoken":5,"Students_Experiencing_Poverty":27,"Teachers":22,"Educational_Assistants":9,"Counselors_Psychologists_Social_Workers":2,"Average_Teacher_Retention_Rate":91,"Experienced_Teachers":91,"Same_Principal_in_the_Last_3_Years":"No","English_Language_Arts":61,"Oregon_ELA_Average":43,"Mathematics":55.000000000000007,"Oregon_Mathematics_Average":36,"Science":46,"Oregon_Science_Average":31,"On_Track_to_Graduate":null,"Oregon_On_Track_to_Graduate_Average":null,"On_Time_Graduation_2023_2024":null,"Oregon_On_Time_Graduation_2023_24_Average":null,"Five_Year_Completion_2023_24":null,"Oregon_Five_Year_Completion_2023_24_Average":null,"College_Going_2022_23":null,"Oregon_College_Going_2022_23_Average":null,"OBJECTID_1":196}},{"type":"Feature","id":291,"geometry":{"type":"Point","coordinates":[-122.85295599999995,45.504410000000064]},"properties":{"OBJECTID1":291,"OBJECTID":51,"NCESSCH":"410192001206","LEAID":"4101920","NAME":"Beaver Acres Elementary School","STREET":"2125 SW 170th Ave","CITY":"Beaverton","STATE":"OR","ZIP":"97003","STFIP":"41","LOCALE":"21","LAT":45.50441,"LON":-122.85295600000001,"CBSA":"38900","NMCBSA":"Portland-Vancouver-Hillsboro, OR-WA","CSA":"440","NMCSA":"Portland-Vancouver-Salem, OR-WA","CD":"4101","SLDL":"41035","SLDU":"41018","SCHOOLYEAR":"2024-2025","District_ID":2243,"District_Name":"Beaverton SD 48J","School_ID":1155,"Grades":"Grade(s) K-5","School_Type":"E","County":"Washington","Student_Enrollment":764,"Languages_Spoken":36,"Students_Experiencing_Poverty":44,"Teachers":52,"Educational_Assistants":21,"Counselors_Psychologists_Social_Workers":4,"Average_Teacher_Retention_Rate":79,"Experienced_Teachers":79,"Same_Principal_in_the_Last_3_Years":"Yes","English_Language_Arts":30,"Oregon_ELA_Average":43,"Mathematics":24,"Oregon_Mathematics_Average":36,"Science":25,"Oregon_Science_Average":31,"On_Track_to_Graduate":null,"Oregon_On_Track_to_Graduate_Average":null,"On_Time_Graduation_2023_2024":null,"Oregon_On_Time_Graduation_2023_24_Average":null,"Five_Year_Completion_2023_24":null,"Oregon_Five_Year_Completion_2023_24_Average":null,"College_Going_2022_23":null,"Oregon_College_Going_2022_23_Average":null,"OBJECTID_1":9}},{"type":"Feature","id":292,"geometry":{"type":"Point","coordinates":[-122.65139999999997,45.505800000000079]},"properties":{"OBJECTID1":292,"OBJECTID":262,"NCESSCH":"411004000865","LEAID":"4110040","NAME":"Abernethy Elementary School","STREET":"2421 SE Orange Ave","CITY":"Portland","STATE":"OR","ZIP":"97214","STFIP":"41","LOCALE":"11","LAT":45.505800000000001,"LON":-122.6514,"CBSA":"38900","NMCBSA":"Portland-Vancouver-Hillsboro, OR-WA","CSA":"440","NMCSA":"Portland-Vancouver-Salem, OR-WA","CD":"4101","SLDL":"41042","SLDU":"41021","SCHOOLYEAR":"2024-2025","District_ID":2180,"District_Name":"Portland SD 1J","School_ID":822,"Grades":"Grade(s) K-5","School_Type":"E","County":"Multnomah","Student_Enrollment":282,"Languages_Spoken":8,"Students_Experiencing_Poverty":10,"Teachers":15,"Educational_Assistants":4,"Counselors_Psychologists_Social_Workers":1,"Average_Teacher_Retention_Rate":100,"Experienced_Teachers":100,"Same_Principal_in_the_Last_3_Years":"Yes","English_Language_Arts":82,"Oregon_ELA_Average":43,"Mathematics":77,"Oregon_Mathematics_Average":36,"Science":70,"Oregon_Science_Average":31,"On_Track_to_Graduate":null,"Oregon_On_Track_to_Graduate_Average":null,"On_Time_Graduation_2023_2024":null,"Oregon_On_Time_Graduation_2023_24_Average":null,"Five_Year_Completion_2023_24":null,"Oregon_Five_Year_Completion_2023_24_Average":null,"College_Going_2022_23":null,"Oregon_College_Going_2022_23_Average":null,"OBJECTID_1":190}},{"type":"Feature","id":293,"geometry":{"type":"Point","coordinates":[-122.47749999999996,45.501500000000078]},"properties":{"OBJECTID1":293,"OBJECTID":108,"NCESSCH":"410280001012","LEAID":"4102800","NAME":"Meadows Elementary","STREET":"18009 SE Brooklyn St","CITY":"Portland","STATE":"OR","ZIP":"97236","STFIP":"41","LOCALE":"21","LAT":45.5015,"LON":-122.47750000000001,"CBSA":"38900","NMCBSA":"Portland-Vancouver-Hillsboro, OR-WA","CSA":"440","NMCSA":"Portland-Vancouver-Salem, OR-WA","CD":"4103","SLDL":"41050","SLDU":"41025","SCHOOLYEAR":"2024-2025","District_ID":2185,"District_Name":"Centennial SD 28J","School_ID":959,"Grades":"Grade(s) K-5","School_Type":"E","County":"Multnomah","Student_Enrollment":327,"Languages_Spoken":18,"Students_Experiencing_Poverty":50,"Teachers":17,"Educational_Assistants":6,"Counselors_Psychologists_Social_Workers":2,"Average_Teacher_Retention_Rate":100,"Experienced_Teachers":100,"Same_Principal_in_the_Last_3_Years":"Yes","English_Language_Arts":30,"Oregon_ELA_Average":43,"Mathematics":19,"Oregon_Mathematics_Average":36,"Science":9,"Oregon_Science_Average":31,"On_Track_to_Graduate":null,"Oregon_On_Track_to_Graduate_Average":null,"On_Time_Graduation_2023_2024":null,"Oregon_On_Time_Graduation_2023_24_Average":null,"Five_Year_Completion_2023_24":null,"Oregon_Five_Year_Completion_2023_24_Average":null,"College_Going_2022_23":null,"Oregon_College_Going_2022_23_Average":null,"OBJECTID_1":140}},{"type":"Feature","id":294,"geometry":{"type":"Point","coordinates":[-122.83599999999996,45.538800000000037]},"properties":{"OBJECTID1":294,"OBJECTID":63,"NCESSCH":"410192001223","LEAID":"4101920","NAME":"Oak Hills Elementary School","STREET":"2625 NW 153rd Ave","CITY":"Beaverton","STATE":"OR","ZIP":"97006","STFIP":"41","LOCALE":"21","LAT":45.538800000000002,"LON":-122.836,"CBSA":"38900","NMCBSA":"Portland-Vancouver-Hillsboro, OR-WA","CSA":"440","NMCSA":"Portland-Vancouver-Salem, OR-WA","CD":"4101","SLDL":"41034","SLDU":"41017","SCHOOLYEAR":"2024-2025","District_ID":2243,"District_Name":"Beaverton SD 48J","School_ID":1171,"Grades":"Grade(s) K-5","School_Type":"E","County":"Washington","Student_Enrollment":479,"Languages_Spoken":26,"Students_Experiencing_Poverty":16,"Teachers":28,"Educational_Assistants":10,"Counselors_Psychologists_Social_Workers":2,"Average_Teacher_Retention_Rate":95,"Experienced_Teachers":95,"Same_Principal_in_the_Last_3_Years":"Yes","English_Language_Arts":66,"Oregon_ELA_Average":43,"Mathematics":59,"Oregon_Mathematics_Average":36,"Science":49,"Oregon_Science_Average":31,"On_Track_to_Graduate":null,"Oregon_On_Track_to_Graduate_Average":null,"On_Time_Graduation_2023_2024":null,"Oregon_On_Time_Graduation_2023_24_Average":null,"Five_Year_Completion_2023_24":null,"Oregon_Five_Year_Completion_2023_24_Average":null,"College_Going_2022_23":null,"Oregon_College_Going_2022_23_Average":null,"OBJECTID_1":41}},{"type":"Feature","id":295,"geometry":{"type":"Point","coordinates":[-122.57959999999997,45.524600000000078]},"properties":{"OBJECTID1":295,"OBJECTID":320,"NCESSCH":"411004000945","LEAID":"4110040","NAME":"Vestal Elementary School","STREET":"161 NE 82nd Ave","CITY":"Portland","STATE":"OR","ZIP":"97220","STFIP":"41","LOCALE":"11","LAT":45.5246,"LON":-122.5796,"CBSA":"38900","NMCBSA":"Portland-Vancouver-Hillsboro, OR-WA","CSA":"440","NMCSA":"Portland-Vancouver-Salem, OR-WA","CD":"4103","SLDL":"41045","SLDU":"41023","SCHOOLYEAR":"2024-2025","District_ID":2180,"District_Name":"Portland SD 1J","School_ID":896,"Grades":"Grade(s) K-5","School_Type":"E","County":"Multnomah","Student_Enrollment":250,"Languages_Spoken":16,"Students_Experiencing_Poverty":43,"Teachers":19,"Educational_Assistants":12,"Counselors_Psychologists_Social_Workers":2,"Average_Teacher_Retention_Rate":76,"Experienced_Teachers":76,"Same_Principal_in_the_Last_3_Years":"Yes","English_Language_Arts":38,"Oregon_ELA_Average":43,"Mathematics":33,"Oregon_Mathematics_Average":36,"Science":33,"Oregon_Science_Average":31,"On_Track_to_Graduate":null,"Oregon_On_Track_to_Graduate_Average":null,"On_Time_Graduation_2023_2024":null,"Oregon_On_Time_Graduation_2023_24_Average":null,"Five_Year_Completion_2023_24":null,"Oregon_Five_Year_Completion_2023_24_Average":null,"College_Going_2022_23":null,"Oregon_College_Going_2022_23_Average":null,"OBJECTID_1":269}},{"type":"Feature","id":296,"geometry":{"type":"Point","coordinates":[-122.52889999999996,45.42590000000007]},"properties":{"OBJECTID1":296,"OBJECTID":215,"NCESSCH":"410883000086","LEAID":"4108830","NAME":"Sunnyside Elementary School","STREET":"13401 SE 132nd Ave","CITY":"Clackamas","STATE":"OR","ZIP":"97015","STFIP":"41","LOCALE":"21","LAT":45.425899999999999,"LON":-122.52889999999999,"CBSA":"38900","NMCBSA":"Portland-Vancouver-Hillsboro, OR-WA","CSA":"440","NMCSA":"Portland-Vancouver-Salem, OR-WA","CD":"4105","SLDL":"41039","SLDU":"41020","SCHOOLYEAR":"2024-2025","District_ID":1924,"District_Name":"North Clackamas SD 12","School_ID":78,"Grades":"Grade(s) K-5","School_Type":"E","County":"Clackamas","Student_Enrollment":401,"Languages_Spoken":15,"Students_Experiencing_Poverty":21,"Teachers":21,"Educational_Assistants":7,"Counselors_Psychologists_Social_Workers":1,"Average_Teacher_Retention_Rate":93,"Experienced_Teachers":93,"Same_Principal_in_the_Last_3_Years":"Yes","English_Language_Arts":40,"Oregon_ELA_Average":43,"Mathematics":23,"Oregon_Mathematics_Average":36,"Science":26,"Oregon_Science_Average":31,"On_Track_to_Graduate":null,"Oregon_On_Track_to_Graduate_Average":null,"On_Time_Graduation_2023_2024":null,"Oregon_On_Time_Graduation_2023_24_Average":null,"Five_Year_Completion_2023_24":null,"Oregon_Five_Year_Completion_2023_24_Average":null,"College_Going_2022_23":null,"Oregon_College_Going_2022_23_Average":null,"OBJECTID_1":364}},{"type":"Feature","id":297,"geometry":{"type":"Point","coordinates":[-122.50802299999998,45.421959000000072]},"properties":{"OBJECTID1":297,"OBJECTID":207,"NCESSCH":"410883000008","LEAID":"4108830","NAME":"Oregon Trail Elementary School","STREET":"13895 SE 152nd Dr","CITY":"Clackamas","STATE":"OR","ZIP":"97015","STFIP":"41","LOCALE":"21","LAT":45.421959000000001,"LON":-122.50802299999999,"CBSA":"38900","NMCBSA":"Portland-Vancouver-Hillsboro, OR-WA","CSA":"440","NMCSA":"Portland-Vancouver-Salem, OR-WA","CD":"4103","SLDL":"41039","SLDU":"41020","SCHOOLYEAR":"2024-2025","District_ID":1924,"District_Name":"North Clackamas SD 12","School_ID":4766,"Grades":"Grade(s) K-5","School_Type":"E","County":"Clackamas","Student_Enrollment":458,"Languages_Spoken":14,"Students_Experiencing_Poverty":18,"Teachers":25,"Educational_Assistants":12,"Counselors_Psychologists_Social_Workers":1,"Average_Teacher_Retention_Rate":92,"Experienced_Teachers":92,"Same_Principal_in_the_Last_3_Years":"No","English_Language_Arts":51,"Oregon_ELA_Average":43,"Mathematics":43,"Oregon_Mathematics_Average":36,"Science":28.000000000000004,"Oregon_Science_Average":31,"On_Track_to_Graduate":null,"Oregon_On_Track_to_Graduate_Average":null,"On_Time_Graduation_2023_2024":null,"Oregon_On_Time_Graduation_2023_24_Average":null,"Five_Year_Completion_2023_24":null,"Oregon_Five_Year_Completion_2023_24_Average":null,"College_Going_2022_23":null,"Oregon_College_Going_2022_23_Average":null,"OBJECTID_1":356}},{"type":"Feature","id":298,"geometry":{"type":"Point","coordinates":[-122.58909999999997,45.409400000000062]},"properties":{"OBJECTID1":298,"OBJECTID":209,"NCESSCH":"410883000072","LEAID":"4108830","NAME":"Bilquist Elementary School","STREET":"15708 SE Webster Rd","CITY":"Milwaukie","STATE":"OR","ZIP":"97267","STFIP":"41","LOCALE":"21","LAT":45.409399999999998,"LON":-122.5891,"CBSA":"38900","NMCBSA":"Portland-Vancouver-Hillsboro, OR-WA","CSA":"440","NMCSA":"Portland-Vancouver-Salem, OR-WA","CD":"4105","SLDL":"41040","SLDU":"41020","SCHOOLYEAR":"2024-2025","District_ID":1924,"District_Name":"North Clackamas SD 12","School_ID":65,"Grades":"Grade(s) K-5","School_Type":"E","County":"Clackamas","Student_Enrollment":381,"Languages_Spoken":16,"Students_Experiencing_Poverty":33,"Teachers":24,"Educational_Assistants":15,"Counselors_Psychologists_Social_Workers":1,"Average_Teacher_Retention_Rate":81,"Experienced_Teachers":81,"Same_Principal_in_the_Last_3_Years":"No","English_Language_Arts":28.999999999999996,"Oregon_ELA_Average":43,"Mathematics":18,"Oregon_Mathematics_Average":36,"Science":17,"Oregon_Science_Average":31,"On_Track_to_Graduate":null,"Oregon_On_Track_to_Graduate_Average":null,"On_Time_Graduation_2023_2024":null,"Oregon_On_Time_Graduation_2023_24_Average":null,"Five_Year_Completion_2023_24":null,"Oregon_Five_Year_Completion_2023_24_Average":null,"College_Going_2022_23":null,"Oregon_College_Going_2022_23_Average":null,"OBJECTID_1":341}},{"type":"Feature","id":299,"geometry":{"type":"Point","coordinates":[-122.84349999999995,45.445100000000025]},"properties":{"OBJECTID1":299,"OBJECTID":44,"NCESSCH":"410192000210","LEAID":"4101920","NAME":"Nancy Ryles Elementary School","STREET":"10250 SW Cormorant Dr","CITY":"Beaverton","STATE":"OR","ZIP":"97007","STFIP":"41","LOCALE":"13","LAT":45.445099999999996,"LON":-122.84350000000001,"CBSA":"38900","NMCBSA":"Portland-Vancouver-Hillsboro, OR-WA","CSA":"440","NMCSA":"Portland-Vancouver-Salem, OR-WA","CD":"4106","SLDL":"41036","SLDU":"41018","SCHOOLYEAR":"2024-2025","District_ID":2243,"District_Name":"Beaverton SD 48J","School_ID":1303,"Grades":"Grade(s) K-5","School_Type":"E","County":"Washington","Student_Enrollment":437,"Languages_Spoken":29,"Students_Experiencing_Poverty":26,"Teachers":23,"Educational_Assistants":5,"Counselors_Psychologists_Social_Workers":2,"Average_Teacher_Retention_Rate":96,"Experienced_Teachers":96,"Same_Principal_in_the_Last_3_Years":"Yes","English_Language_Arts":59,"Oregon_ELA_Average":43,"Mathematics":46,"Oregon_Mathematics_Average":36,"Science":40,"Oregon_Science_Average":31,"On_Track_to_Graduate":null,"Oregon_On_Track_to_Graduate_Average":null,"On_Time_Graduation_2023_2024":null,"Oregon_On_Time_Graduation_2023_24_Average":null,"Five_Year_Completion_2023_24":null,"Oregon_Five_Year_Completion_2023_24_Average":null,"College_Going_2022_23":null,"Oregon_College_Going_2022_23_Average":null,"OBJECTID_1":40}},{"type":"Feature","id":300,"geometry":{"type":"Point","coordinates":[-122.52639999999997,45.515700000000038]},"properties":{"OBJECTID1":300,"OBJECTID":132,"NCESSCH":"410394001037","LEAID":"4103940","NAME":"David Douglas High School","STREET":"1001 SE 135th Ave","CITY":"Portland","STATE":"OR","ZIP":"97233","STFIP":"41","LOCALE":"11","LAT":45.515700000000002,"LON":-122.5264,"CBSA":"38900","NMCBSA":"Portland-Vancouver-Hillsboro, OR-WA","CSA":"440","NMCSA":"Portland-Vancouver-Salem, OR-WA","CD":"4103","SLDL":"41047","SLDU":"41024","SCHOOLYEAR":"2024-2025","District_ID":2187,"District_Name":"David Douglas SD 40","School_ID":983,"Grades":"Grade(s) 9-12","School_Type":"H","County":"Multnomah","Student_Enrollment":2644,"Languages_Spoken":56,"Students_Experiencing_Poverty":42,"Teachers":138,"Educational_Assistants":19,"Counselors_Psychologists_Social_Workers":12,"Average_Teacher_Retention_Rate":84,"Experienced_Teachers":84,"Same_Principal_in_the_Last_3_Years":"Yes","English_Language_Arts":null,"Oregon_ELA_Average":null,"Mathematics":null,"Oregon_Mathematics_Average":null,"Science":null,"Oregon_Science_Average":null,"On_Track_to_Graduate":78,"Oregon_On_Track_to_Graduate_Average":87,"On_Time_Graduation_2023_2024":70,"Oregon_On_Time_Graduation_2023_24_Average":82,"Five_Year_Completion_2023_24":81,"Oregon_Five_Year_Completion_2023_24_Average":87,"College_Going_2022_23":53,"Oregon_College_Going_2022_23_Average":53,"OBJECTID_1":150}},{"type":"Feature","id":301,"geometry":{"type":"Point","coordinates":[-122.85069999999996,45.464600000000075]},"properties":{"OBJECTID1":301,"OBJECTID":55,"NCESSCH":"410192001212","LEAID":"4101920","NAME":"Cooper Mountain Elementary School","STREET":"7670 SW 170th Ave","CITY":"Beaverton","STATE":"OR","ZIP":"97007","STFIP":"41","LOCALE":"13","LAT":45.464599999999997,"LON":-122.8507,"CBSA":"38900","NMCBSA":"Portland-Vancouver-Hillsboro, OR-WA","CSA":"440","NMCSA":"Portland-Vancouver-Salem, OR-WA","CD":"4101","SLDL":"41036","SLDU":"41018","SCHOOLYEAR":"2024-2025","District_ID":2243,"District_Name":"Beaverton SD 48J","School_ID":1160,"Grades":"Grade(s) K-5","School_Type":"E","County":"Washington","Student_Enrollment":374,"Languages_Spoken":18,"Students_Experiencing_Poverty":11,"Teachers":22,"Educational_Assistants":10,"Counselors_Psychologists_Social_Workers":2,"Average_Teacher_Retention_Rate":86,"Experienced_Teachers":86,"Same_Principal_in_the_Last_3_Years":"Yes","English_Language_Arts":68,"Oregon_ELA_Average":43,"Mathematics":52,"Oregon_Mathematics_Average":36,"Science":35,"Oregon_Science_Average":31,"On_Track_to_Graduate":null,"Oregon_On_Track_to_Graduate_Average":null,"On_Time_Graduation_2023_2024":null,"Oregon_On_Time_Graduation_2023_24_Average":null,"Five_Year_Completion_2023_24":null,"Oregon_Five_Year_Completion_2023_24_Average":null,"College_Going_2022_23":null,"Oregon_College_Going_2022_23_Average":null,"OBJECTID_1":19}},{"type":"Feature","id":302,"geometry":{"type":"Point","coordinates":[-122.66732999999999,45.549357000000043]},"properties":{"OBJECTID1":302,"OBJECTID":346,"NCESSCH":"411004001830","LEAID":"4110040","NAME":"Kairos PDX","STREET":"3635 N Williams","CITY":"Portland","STATE":"OR","ZIP":"97227","STFIP":"41","LOCALE":"11","LAT":45.549357000000001,"LON":-122.66733000000001,"CBSA":"38900","NMCBSA":"Portland-Vancouver-Hillsboro, OR-WA","CSA":"440","NMCSA":"Portland-Vancouver-Salem, OR-WA","CD":"4103","SLDL":"41043","SLDU":"41022","SCHOOLYEAR":"2024-2025","District_ID":2180,"District_Name":"Portland SD 1J","School_ID":5218,"Grades":"Grade(s) K-5","School_Type":"E","County":"Multnomah","Student_Enrollment":205,"Languages_Spoken":5,"Students_Experiencing_Poverty":44,"Teachers":14,"Educational_Assistants":4,"Counselors_Psychologists_Social_Workers":1,"Average_Teacher_Retention_Rate":79,"Experienced_Teachers":79,"Same_Principal_in_the_Last_3_Years":"No","English_Language_Arts":24,"Oregon_ELA_Average":43,"Mathematics":20,"Oregon_Mathematics_Average":36,"Science":19,"Oregon_Science_Average":31,"On_Track_to_Graduate":null,"Oregon_On_Track_to_Graduate_Average":null,"On_Time_Graduation_2023_2024":null,"Oregon_On_Time_Graduation_2023_24_Average":null,"Five_Year_Completion_2023_24":null,"Oregon_Five_Year_Completion_2023_24_Average":null,"College_Going_2022_23":null,"Oregon_College_Going_2022_23_Average":null,"OBJECTID_1":233}},{"type":"Feature","id":303,"geometry":{"type":"Point","coordinates":[-122.45549999999997,45.531100000000038]},"properties":{"OBJECTID1":303,"OBJECTID":361,"NCESSCH":"411052001010","LEAID":"4110520","NAME":"Reynolds Middle School","STREET":"1200 NE 201st Ave","CITY":"Fairview","STATE":"OR","ZIP":"97024","STFIP":"41","LOCALE":"21","LAT":45.531100000000002,"LON":-122.4555,"CBSA":"38900","NMCBSA":"Portland-Vancouver-Hillsboro, OR-WA","CSA":"440","NMCSA":"Portland-Vancouver-Salem, OR-WA","CD":"4103","SLDL":"41049","SLDU":"41025","SCHOOLYEAR":"2024-2025","District_ID":2182,"District_Name":"Reynolds SD 7","School_ID":1254,"Grades":"Grade(s) 6-8","School_Type":"M","County":"Multnomah","Student_Enrollment":686,"Languages_Spoken":36,"Students_Experiencing_Poverty":56.000000000000007,"Teachers":54,"Educational_Assistants":9,"Counselors_Psychologists_Social_Workers":4,"Average_Teacher_Retention_Rate":63,"Experienced_Teachers":63,"Same_Principal_in_the_Last_3_Years":"Yes","English_Language_Arts":16,"Oregon_ELA_Average":43,"Mathematics":5,"Oregon_Mathematics_Average":30,"Science":null,"Oregon_Science_Average":28.000000000000004,"On_Track_to_Graduate":null,"Oregon_On_Track_to_Graduate_Average":null,"On_Time_Graduation_2023_2024":null,"Oregon_On_Time_Graduation_2023_24_Average":null,"Five_Year_Completion_2023_24":null,"Oregon_Five_Year_Completion_2023_24_Average":null,"College_Going_2022_23":null,"Oregon_College_Going_2022_23_Average":null,"OBJECTID_1":287}},{"type":"Feature","id":304,"geometry":{"type":"Point","coordinates":[-122.60159999999996,45.471300000000042]},"properties":{"OBJECTID1":304,"OBJECTID":293,"NCESSCH":"411004000912","LEAID":"4110040","NAME":"Lane Middle School","STREET":"7200 SE 60th Ave","CITY":"Portland","STATE":"OR","ZIP":"97206","STFIP":"41","LOCALE":"11","LAT":45.471299999999999,"LON":-122.6016,"CBSA":"38900","NMCBSA":"Portland-Vancouver-Hillsboro, OR-WA","CSA":"440","NMCSA":"Portland-Vancouver-Salem, OR-WA","CD":"4105","SLDL":"41046","SLDU":"41023","SCHOOLYEAR":"2024-2025","District_ID":2180,"District_Name":"Portland SD 1J","School_ID":1243,"Grades":"Grade(s) 6-8","School_Type":"M","County":"Multnomah","Student_Enrollment":431,"Languages_Spoken":17,"Students_Experiencing_Poverty":47,"Teachers":32,"Educational_Assistants":6,"Counselors_Psychologists_Social_Workers":4,"Average_Teacher_Retention_Rate":84,"Experienced_Teachers":84,"Same_Principal_in_the_Last_3_Years":"No","English_Language_Arts":31,"Oregon_ELA_Average":43,"Mathematics":23,"Oregon_Mathematics_Average":30,"Science":16,"Oregon_Science_Average":28.000000000000004,"On_Track_to_Graduate":null,"Oregon_On_Track_to_Graduate_Average":null,"On_Time_Graduation_2023_2024":null,"Oregon_On_Time_Graduation_2023_24_Average":null,"Five_Year_Completion_2023_24":null,"Oregon_Five_Year_Completion_2023_24_Average":null,"College_Going_2022_23":null,"Oregon_College_Going_2022_23_Average":null,"OBJECTID_1":236}},{"type":"Feature","id":305,"geometry":{"type":"Point","coordinates":[-122.63750999999996,45.441119000000072]},"properties":{"OBJECTID1":305,"OBJECTID":219,"NCESSCH":"410883000094","LEAID":"4108830","NAME":"Milwaukie High School","STREET":"2301 SE Willard St.","CITY":"Milwaukie","STATE":"OR","ZIP":"97222","STFIP":"41","LOCALE":"21","LAT":45.441119,"LON":-122.63751000000001,"CBSA":"38900","NMCBSA":"Portland-Vancouver-Hillsboro, OR-WA","CSA":"440","NMCSA":"Portland-Vancouver-Salem, OR-WA","CD":"4105","SLDL":"41041","SLDU":"41021","SCHOOLYEAR":"2024-2025","District_ID":1924,"District_Name":"North Clackamas SD 12","School_ID":86,"Grades":"Grade(s) 9-12","School_Type":"H","County":"Clackamas","Student_Enrollment":805,"Languages_Spoken":22,"Students_Experiencing_Poverty":36,"Teachers":52,"Educational_Assistants":7,"Counselors_Psychologists_Social_Workers":6,"Average_Teacher_Retention_Rate":83,"Experienced_Teachers":83,"Same_Principal_in_the_Last_3_Years":"Yes","English_Language_Arts":null,"Oregon_ELA_Average":null,"Mathematics":null,"Oregon_Mathematics_Average":null,"Science":null,"Oregon_Science_Average":null,"On_Track_to_Graduate":87,"Oregon_On_Track_to_Graduate_Average":87,"On_Time_Graduation_2023_2024":78,"Oregon_On_Time_Graduation_2023_24_Average":82,"Five_Year_Completion_2023_24":81,"Oregon_Five_Year_Completion_2023_24_Average":87,"College_Going_2022_23":38,"Oregon_College_Going_2022_23_Average":38,"OBJECTID_1":352}},{"type":"Feature","id":306,"geometry":{"type":"Point","coordinates":[-122.79139999999995,45.50610000000006]},"properties":{"OBJECTID1":306,"OBJECTID":72,"NCESSCH":"410192001233","LEAID":"4101920","NAME":"Cedar Park Middle School","STREET":"11100 SW Park Way","CITY":"Portland","STATE":"OR","ZIP":"97225","STFIP":"41","LOCALE":"13","LAT":45.506100000000004,"LON":-122.7914,"CBSA":"38900","NMCBSA":"Portland-Vancouver-Hillsboro, OR-WA","CSA":"440","NMCSA":"Portland-Vancouver-Salem, OR-WA","CD":"4101","SLDL":"41027","SLDU":"41014","SCHOOLYEAR":"2024-2025","District_ID":2243,"District_Name":"Beaverton SD 48J","School_ID":1180,"Grades":"Grade(s) 6-8","School_Type":"M","County":"Washington","Student_Enrollment":631,"Languages_Spoken":19,"Students_Experiencing_Poverty":23,"Teachers":36,"Educational_Assistants":7,"Counselors_Psychologists_Social_Workers":4,"Average_Teacher_Retention_Rate":87,"Experienced_Teachers":87,"Same_Principal_in_the_Last_3_Years":"Yes","English_Language_Arts":49,"Oregon_ELA_Average":43,"Mathematics":34,"Oregon_Mathematics_Average":30,"Science":32,"Oregon_Science_Average":28.000000000000004,"On_Track_to_Graduate":null,"Oregon_On_Track_to_Graduate_Average":null,"On_Time_Graduation_2023_2024":null,"Oregon_On_Time_Graduation_2023_24_Average":null,"Five_Year_Completion_2023_24":null,"Oregon_Five_Year_Completion_2023_24_Average":null,"College_Going_2022_23":null,"Oregon_College_Going_2022_23_Average":null,"OBJECTID_1":15}},{"type":"Feature","id":307,"geometry":{"type":"Point","coordinates":[-122.55579999999998,45.555100000000039]},"properties":{"OBJECTID1":307,"OBJECTID":255,"NCESSCH":"410948000979","LEAID":"4109480","NAME":"Prescott Elementary School","STREET":"10410 NE Prescott St","CITY":"Portland","STATE":"OR","ZIP":"97220","STFIP":"41","LOCALE":"11","LAT":45.555100000000003,"LON":-122.5558,"CBSA":"38900","NMCBSA":"Portland-Vancouver-Hillsboro, OR-WA","CSA":"440","NMCSA":"Portland-Vancouver-Salem, OR-WA","CD":"4103","SLDL":"41045","SLDU":"41023","SCHOOLYEAR":"2024-2025","District_ID":2181,"District_Name":"Parkrose SD 3","School_ID":925,"Grades":"Grade(s) K-5","School_Type":"E","County":"Multnomah","Student_Enrollment":276,"Languages_Spoken":19,"Students_Experiencing_Poverty":53,"Teachers":20,"Educational_Assistants":11,"Counselors_Psychologists_Social_Workers":1,"Average_Teacher_Retention_Rate":71,"Experienced_Teachers":71,"Same_Principal_in_the_Last_3_Years":"No","English_Language_Arts":27,"Oregon_ELA_Average":43,"Mathematics":11,"Oregon_Mathematics_Average":36,"Science":20,"Oregon_Science_Average":31,"On_Track_to_Graduate":null,"Oregon_On_Track_to_Graduate_Average":null,"On_Time_Graduation_2023_2024":null,"Oregon_On_Time_Graduation_2023_24_Average":null,"Five_Year_Completion_2023_24":null,"Oregon_Five_Year_Completion_2023_24_Average":null,"College_Going_2022_23":null,"Oregon_College_Going_2022_23_Average":null,"OBJECTID_1":186}},{"type":"Feature","id":308,"geometry":{"type":"Point","coordinates":[-122.65319999999997,45.575000000000045]},"properties":{"OBJECTID1":308,"OBJECTID":323,"NCESSCH":"411004000952","LEAID":"4110040","NAME":"Woodlawn Elementary School","STREET":"7200 NE 11th Ave","CITY":"Portland","STATE":"OR","ZIP":"97211","STFIP":"41","LOCALE":"11","LAT":45.575000000000003,"LON":-122.6532,"CBSA":"38900","NMCBSA":"Portland-Vancouver-Hillsboro, OR-WA","CSA":"440","NMCSA":"Portland-Vancouver-Salem, OR-WA","CD":"4103","SLDL":"41043","SLDU":"41022","SCHOOLYEAR":"2024-2025","District_ID":2180,"District_Name":"Portland SD 1J","School_ID":902,"Grades":"Grade(s) K-5","School_Type":"E","County":"Multnomah","Student_Enrollment":305,"Languages_Spoken":6,"Students_Experiencing_Poverty":39,"Teachers":20,"Educational_Assistants":9,"Counselors_Psychologists_Social_Workers":1,"Average_Teacher_Retention_Rate":77,"Experienced_Teachers":77,"Same_Principal_in_the_Last_3_Years":"Yes","English_Language_Arts":51,"Oregon_ELA_Average":43,"Mathematics":52,"Oregon_Mathematics_Average":36,"Science":36,"Oregon_Science_Average":31,"On_Track_to_Graduate":null,"Oregon_On_Track_to_Graduate_Average":null,"On_Time_Graduation_2023_2024":null,"Oregon_On_Time_Graduation_2023_24_Average":null,"Five_Year_Completion_2023_24":null,"Oregon_Five_Year_Completion_2023_24_Average":null,"College_Going_2022_23":null,"Oregon_College_Going_2022_23_Average":null,"OBJECTID_1":272}},{"type":"Feature","id":309,"geometry":{"type":"Point","coordinates":[-122.60688599999997,45.502271000000064]},"properties":{"OBJECTID1":309,"OBJECTID":328,"NCESSCH":"411004000960","LEAID":"4110040","NAME":"Franklin High School","STREET":"5405 SE Woodward St","CITY":"Portland","STATE":"OR","ZIP":"97206","STFIP":"41","LOCALE":"11","LAT":45.502271,"LON":-122.606886,"CBSA":"38900","NMCBSA":"Portland-Vancouver-Hillsboro, OR-WA","CSA":"440","NMCSA":"Portland-Vancouver-Salem, OR-WA","CD":"4103","SLDL":"41046","SLDU":"41023","SCHOOLYEAR":"2024-2025","District_ID":2180,"District_Name":"Portland SD 1J","School_ID":911,"Grades":"Grade(s) 9-12","School_Type":"H","County":"Multnomah","Student_Enrollment":1727,"Languages_Spoken":33,"Students_Experiencing_Poverty":23,"Teachers":98,"Educational_Assistants":12,"Counselors_Psychologists_Social_Workers":7,"Average_Teacher_Retention_Rate":89,"Experienced_Teachers":89,"Same_Principal_in_the_Last_3_Years":"No","English_Language_Arts":null,"Oregon_ELA_Average":null,"Mathematics":null,"Oregon_Mathematics_Average":null,"Science":null,"Oregon_Science_Average":null,"On_Track_to_Graduate":null,"Oregon_On_Track_to_Graduate_Average":87,"On_Time_Graduation_2023_2024":85,"Oregon_On_Time_Graduation_2023_24_Average":82,"Five_Year_Completion_2023_24":90,"Oregon_Five_Year_Completion_2023_24_Average":87,"College_Going_2022_23":71,"Oregon_College_Going_2022_23_Average":71,"OBJECTID_1":218}},{"type":"Feature","id":310,"geometry":{"type":"Point","coordinates":[-122.65209399999998,45.527267000000052]},"properties":{"OBJECTID1":310,"OBJECTID":326,"NCESSCH":"411004000956","LEAID":"4110040","NAME":"Benson Polytechnic High School","STREET":"546 NE 12th Ave","CITY":"Portland","STATE":"OR","ZIP":"97232","STFIP":"41","LOCALE":"11","LAT":45.527267000000002,"LON":-122.65209400000001,"CBSA":"38900","NMCBSA":"Portland-Vancouver-Hillsboro, OR-WA","CSA":"440","NMCSA":"Portland-Vancouver-Salem, OR-WA","CD":"4101","SLDL":"41042","SLDU":"41021","SCHOOLYEAR":"2024-2025","District_ID":2180,"District_Name":"Portland SD 1J","School_ID":906,"Grades":"Grade(s) 9-12","School_Type":"H","County":"Multnomah","Student_Enrollment":856,"Languages_Spoken":26,"Students_Experiencing_Poverty":27,"Teachers":58,"Educational_Assistants":4,"Counselors_Psychologists_Social_Workers":5,"Average_Teacher_Retention_Rate":90,"Experienced_Teachers":90,"Same_Principal_in_the_Last_3_Years":"Yes","English_Language_Arts":null,"Oregon_ELA_Average":null,"Mathematics":null,"Oregon_Mathematics_Average":null,"Science":null,"Oregon_Science_Average":null,"On_Track_to_Graduate":90,"Oregon_On_Track_to_Graduate_Average":87,"On_Time_Graduation_2023_2024":91,"Oregon_On_Time_Graduation_2023_24_Average":82,"Five_Year_Completion_2023_24":94,"Oregon_Five_Year_Completion_2023_24_Average":87,"College_Going_2022_23":65,"Oregon_College_Going_2022_23_Average":65,"OBJECTID_1":199}},{"type":"Feature","id":311,"geometry":{"type":"Point","coordinates":[-122.61989999999997,45.506400000000042]},"properties":{"OBJECTID1":311,"OBJECTID":309,"NCESSCH":"411004000930","LEAID":"4110040","NAME":"Richmond Elementary School","STREET":"2276 SE 41st Ave","CITY":"Portland","STATE":"OR","ZIP":"97214","STFIP":"41","LOCALE":"11","LAT":45.506399999999999,"LON":-122.6199,"CBSA":"38900","NMCBSA":"Portland-Vancouver-Hillsboro, OR-WA","CSA":"440","NMCSA":"Portland-Vancouver-Salem, OR-WA","CD":"4103","SLDL":"41042","SLDU":"41021","SCHOOLYEAR":"2024-2025","District_ID":2180,"District_Name":"Portland SD 1J","School_ID":883,"Grades":"Grade(s) K-5","School_Type":"E","County":"Multnomah","Student_Enrollment":518,"Languages_Spoken":10,"Students_Experiencing_Poverty":6,"Teachers":24,"Educational_Assistants":0,"Counselors_Psychologists_Social_Workers":2,"Average_Teacher_Retention_Rate":83,"Experienced_Teachers":83,"Same_Principal_in_the_Last_3_Years":"No","English_Language_Arts":74,"Oregon_ELA_Average":43,"Mathematics":69,"Oregon_Mathematics_Average":36,"Science":48,"Oregon_Science_Average":31,"On_Track_to_Graduate":null,"Oregon_On_Track_to_Graduate_Average":null,"On_Time_Graduation_2023_2024":null,"Oregon_On_Time_Graduation_2023_24_Average":null,"Five_Year_Completion_2023_24":null,"Oregon_Five_Year_Completion_2023_24_Average":null,"College_Going_2022_23":null,"Oregon_College_Going_2022_23_Average":null,"OBJECTID_1":254}},{"type":"Feature","id":312,"geometry":{"type":"Point","coordinates":[-122.57496299999997,45.506762000000037]},"properties":{"OBJECTID1":312,"OBJECTID":278,"NCESSCH":"411004000885","LEAID":"4110040","NAME":"Harrison Park School","STREET":"2225 SE 87th Ave","CITY":"Portland","STATE":"OR","ZIP":"97216","STFIP":"41","LOCALE":"11","LAT":45.506762000000002,"LON":-122.574963,"CBSA":"38900","NMCBSA":"Portland-Vancouver-Hillsboro, OR-WA","CSA":"440","NMCSA":"Portland-Vancouver-Salem, OR-WA","CD":"4103","SLDL":"41046","SLDU":"41023","SCHOOLYEAR":"2024-2025","District_ID":2180,"District_Name":"Portland SD 1J","School_ID":842,"Grades":"Grade(s) 6-8","School_Type":"M","County":"Multnomah","Student_Enrollment":386,"Languages_Spoken":22,"Students_Experiencing_Poverty":39,"Teachers":28,"Educational_Assistants":0,"Counselors_Psychologists_Social_Workers":2,"Average_Teacher_Retention_Rate":74,"Experienced_Teachers":74,"Same_Principal_in_the_Last_3_Years":"Yes","English_Language_Arts":51,"Oregon_ELA_Average":43,"Mathematics":42,"Oregon_Mathematics_Average":30,"Science":36,"Oregon_Science_Average":28.000000000000004,"On_Track_to_Graduate":null,"Oregon_On_Track_to_Graduate_Average":null,"On_Time_Graduation_2023_2024":null,"Oregon_On_Time_Graduation_2023_24_Average":null,"Five_Year_Completion_2023_24":null,"Oregon_Five_Year_Completion_2023_24_Average":null,"College_Going_2022_23":null,"Oregon_College_Going_2022_23_Average":null,"OBJECTID_1":225}},{"type":"Feature","id":313,"geometry":{"type":"Point","coordinates":[-122.64779999999996,45.552100000000053]},"properties":{"OBJECTID1":313,"OBJECTID":312,"NCESSCH":"411004000933","LEAID":"4110040","NAME":"Sabin Elementary School","STREET":"4013 NE 18th Ave","CITY":"Portland","STATE":"OR","ZIP":"97212","STFIP":"41","LOCALE":"11","LAT":45.552100000000003,"LON":-122.6478,"CBSA":"38900","NMCBSA":"Portland-Vancouver-Hillsboro, OR-WA","CSA":"440","NMCSA":"Portland-Vancouver-Salem, OR-WA","CD":"4103","SLDL":"41043","SLDU":"41022","SCHOOLYEAR":"2024-2025","District_ID":2180,"District_Name":"Portland SD 1J","School_ID":886,"Grades":"Grade(s) K-5","School_Type":"E","County":"Multnomah","Student_Enrollment":290,"Languages_Spoken":5,"Students_Experiencing_Poverty":24,"Teachers":18,"Educational_Assistants":8,"Counselors_Psychologists_Social_Workers":1,"Average_Teacher_Retention_Rate":92,"Experienced_Teachers":92,"Same_Principal_in_the_Last_3_Years":"No","English_Language_Arts":65,"Oregon_ELA_Average":43,"Mathematics":57.999999999999993,"Oregon_Mathematics_Average":36,"Science":52,"Oregon_Science_Average":31,"On_Track_to_Graduate":null,"Oregon_On_Track_to_Graduate_Average":null,"On_Time_Graduation_2023_2024":null,"Oregon_On_Time_Graduation_2023_24_Average":null,"Five_Year_Completion_2023_24":null,"Oregon_Five_Year_Completion_2023_24_Average":null,"College_Going_2022_23":null,"Oregon_College_Going_2022_23_Average":null,"OBJECTID_1":261}},{"type":"Feature","id":314,"geometry":{"type":"Point","coordinates":[-123.04185899999999,45.517398000000071]},"properties":{"OBJECTID1":314,"OBJECTID":35,"NCESSCH":"410002301764","LEAID":"4100023","NAME":"Free Orchards Elementary School","STREET":"2499 S Beech","CITY":"Cornelius","STATE":"OR","ZIP":"97113","STFIP":"41","LOCALE":"21","LAT":45.517398,"LON":-123.041859,"CBSA":"38900","NMCBSA":"Portland-Vancouver-Hillsboro, OR-WA","CSA":"440","NMCSA":"Portland-Vancouver-Salem, OR-WA","CD":"4101","SLDL":"41029","SLDU":"41015","SCHOOLYEAR":"2024-2025","District_ID":2239,"District_Name":"Hillsboro SD 1J","School_ID":4641,"Grades":"Grade(s) K-6","School_Type":"E","County":"Washington","Student_Enrollment":391,"Languages_Spoken":16,"Students_Experiencing_Poverty":31,"Teachers":20,"Educational_Assistants":13,"Counselors_Psychologists_Social_Workers":1,"Average_Teacher_Retention_Rate":75,"Experienced_Teachers":75,"Same_Principal_in_the_Last_3_Years":"No","English_Language_Arts":19,"Oregon_ELA_Average":43,"Mathematics":13,"Oregon_Mathematics_Average":35,"Science":7.0000000000000009,"Oregon_Science_Average":31,"On_Track_to_Graduate":null,"Oregon_On_Track_to_Graduate_Average":null,"On_Time_Graduation_2023_2024":null,"Oregon_On_Time_Graduation_2023_24_Average":null,"Five_Year_Completion_2023_24":null,"Oregon_Five_Year_Completion_2023_24_Average":null,"College_Going_2022_23":null,"Oregon_College_Going_2022_23_Average":null,"OBJECTID_1":81}},{"type":"Feature","id":315,"geometry":{"type":"Point","coordinates":[-122.59149899999994,45.498264000000063]},"properties":{"OBJECTID1":315,"OBJECTID":348,"NCESSCH":"411004001922","LEAID":"4110040","NAME":"Kellogg Middle School","STREET":"3330 SE 69th","CITY":"Portland","STATE":"OR","ZIP":"97206","STFIP":"41","LOCALE":"11","LAT":45.498263999999999,"LON":-122.591499,"CBSA":"38900","NMCBSA":"Portland-Vancouver-Hillsboro, OR-WA","CSA":"440","NMCSA":"Portland-Vancouver-Salem, OR-WA","CD":"4103","SLDL":"41046","SLDU":"41023","SCHOOLYEAR":"2024-2025","District_ID":2180,"District_Name":"Portland SD 1J","School_ID":863,"Grades":"Grade(s) 6-8","School_Type":"M","County":"Multnomah","Student_Enrollment":597,"Languages_Spoken":21,"Students_Experiencing_Poverty":35,"Teachers":39,"Educational_Assistants":9,"Counselors_Psychologists_Social_Workers":4,"Average_Teacher_Retention_Rate":89,"Experienced_Teachers":89,"Same_Principal_in_the_Last_3_Years":"No","English_Language_Arts":48,"Oregon_ELA_Average":43,"Mathematics":36,"Oregon_Mathematics_Average":30,"Science":28.000000000000004,"Oregon_Science_Average":28.000000000000004,"On_Track_to_Graduate":null,"Oregon_On_Track_to_Graduate_Average":null,"On_Time_Graduation_2023_2024":null,"Oregon_On_Time_Graduation_2023_24_Average":null,"Five_Year_Completion_2023_24":null,"Oregon_Five_Year_Completion_2023_24_Average":null,"College_Going_2022_23":null,"Oregon_College_Going_2022_23_Average":null,"OBJECTID_1":234}},{"type":"Feature","id":316,"geometry":{"type":"Point","coordinates":[-122.85159999999996,45.515700000000038]},"properties":{"OBJECTID1":316,"OBJECTID":84,"NCESSCH":"410192001321","LEAID":"4101920","NAME":"Elmonica Elementary School","STREET":"16950 SW Lisa Ct","CITY":"Beaverton","STATE":"OR","ZIP":"97006","STFIP":"41","LOCALE":"13","LAT":45.515700000000002,"LON":-122.8516,"CBSA":"38900","NMCBSA":"Portland-Vancouver-Hillsboro, OR-WA","CSA":"440","NMCSA":"Portland-Vancouver-Salem, OR-WA","CD":"4101","SLDL":"41035","SLDU":"41018","SCHOOLYEAR":"2024-2025","District_ID":2243,"District_Name":"Beaverton SD 48J","School_ID":1162,"Grades":"Grade(s) K-5","School_Type":"E","County":"Washington","Student_Enrollment":432,"Languages_Spoken":26,"Students_Experiencing_Poverty":33,"Teachers":29,"Educational_Assistants":10,"Counselors_Psychologists_Social_Workers":2,"Average_Teacher_Retention_Rate":90,"Experienced_Teachers":90,"Same_Principal_in_the_Last_3_Years":"Yes","English_Language_Arts":37,"Oregon_ELA_Average":43,"Mathematics":37,"Oregon_Mathematics_Average":36,"Science":20,"Oregon_Science_Average":31,"On_Track_to_Graduate":null,"Oregon_On_Track_to_Graduate_Average":null,"On_Time_Graduation_2023_2024":null,"Oregon_On_Time_Graduation_2023_24_Average":null,"Five_Year_Completion_2023_24":null,"Oregon_Five_Year_Completion_2023_24_Average":null,"College_Going_2022_23":null,"Oregon_College_Going_2022_23_Average":null,"OBJECTID_1":20}},{"type":"Feature","id":317,"geometry":{"type":"Point","coordinates":[-122.47929999999997,45.501500000000078]},"properties":{"OBJECTID1":317,"OBJECTID":109,"NCESSCH":"410280001013","LEAID":"4102800","NAME":"Centennial Middle School","STREET":"17650 SE Brooklyn St","CITY":"Portland","STATE":"OR","ZIP":"97236","STFIP":"41","LOCALE":"21","LAT":45.5015,"LON":-122.47929999999999,"CBSA":"38900","NMCBSA":"Portland-Vancouver-Hillsboro, OR-WA","CSA":"440","NMCSA":"Portland-Vancouver-Salem, OR-WA","CD":"4103","SLDL":"41050","SLDU":"41025","SCHOOLYEAR":"2024-2025","District_ID":2185,"District_Name":"Centennial SD 28J","School_ID":960,"Grades":"Grade(s) 6-8","School_Type":"M","County":"Multnomah","Student_Enrollment":880,"Languages_Spoken":41,"Students_Experiencing_Poverty":44,"Teachers":43,"Educational_Assistants":12,"Counselors_Psychologists_Social_Workers":4,"Average_Teacher_Retention_Rate":77,"Experienced_Teachers":77,"Same_Principal_in_the_Last_3_Years":"Yes","English_Language_Arts":37,"Oregon_ELA_Average":43,"Mathematics":21,"Oregon_Mathematics_Average":30,"Science":19,"Oregon_Science_Average":28.000000000000004,"On_Track_to_Graduate":null,"Oregon_On_Track_to_Graduate_Average":null,"On_Time_Graduation_2023_2024":null,"Oregon_On_Time_Graduation_2023_24_Average":null,"Five_Year_Completion_2023_24":null,"Oregon_Five_Year_Completion_2023_24_Average":null,"College_Going_2022_23":null,"Oregon_College_Going_2022_23_Average":null,"OBJECTID_1":139}},{"type":"Feature","id":318,"geometry":{"type":"Point","coordinates":[-122.59853499999997,45.384768000000065]},"properties":{"OBJECTID1":318,"OBJECTID":158,"NCESSCH":"410561001774","LEAID":"4105610","NAME":"Gladstone Center for Children and Families","STREET":"18905 Portland Ave","CITY":"Gladstone","STATE":"OR","ZIP":"97027","STFIP":"41","LOCALE":"21","LAT":45.384768000000001,"LON":-122.598535,"CBSA":"38900","NMCBSA":"Portland-Vancouver-Hillsboro, OR-WA","CSA":"440","NMCSA":"Portland-Vancouver-Salem, OR-WA","CD":"4105","SLDL":"41040","SLDU":"41020","SCHOOLYEAR":"2024-2025","District_ID":1931,"District_Name":"Gladstone SD 115","School_ID":4719,"Grades":"Grade(s) K-K","School_Type":"E","County":"Clackamas","Student_Enrollment":107,"Languages_Spoken":5,"Students_Experiencing_Poverty":39,"Teachers":8,"Educational_Assistants":null,"Counselors_Psychologists_Social_Workers":0,"Average_Teacher_Retention_Rate":91,"Experienced_Teachers":91,"Same_Principal_in_the_Last_3_Years":"Yes","English_Language_Arts":null,"Oregon_ELA_Average":null,"Mathematics":null,"Oregon_Mathematics_Average":null,"Science":null,"Oregon_Science_Average":null,"On_Track_to_Graduate":null,"Oregon_On_Track_to_Graduate_Average":null,"On_Time_Graduation_2023_2024":null,"Oregon_On_Time_Graduation_2023_24_Average":null,"Five_Year_Completion_2023_24":null,"Oregon_Five_Year_Completion_2023_24_Average":null,"College_Going_2022_23":null,"Oregon_College_Going_2022_23_Average":null,"OBJECTID_1":315}},{"type":"Feature","id":319,"geometry":{"type":"Point","coordinates":[-123.05399999999997,45.521700000000067]},"properties":{"OBJECTID1":319,"OBJECTID":141,"NCESSCH":"410516001182","LEAID":"4105160","NAME":"Cornelius Elementary School","STREET":"200 N 14th Ave","CITY":"Cornelius","STATE":"OR","ZIP":"97113","STFIP":"41","LOCALE":"21","LAT":45.521700000000003,"LON":-123.054,"CBSA":"38900","NMCBSA":"Portland-Vancouver-Hillsboro, OR-WA","CSA":"440","NMCSA":"Portland-Vancouver-Salem, OR-WA","CD":"4101","SLDL":"41029","SLDU":"41015","SCHOOLYEAR":"2024-2025","District_ID":2241,"District_Name":"Forest Grove SD 15","School_ID":1128,"Grades":"Grade(s) K-4","School_Type":"E","County":"Washington","Student_Enrollment":379,"Languages_Spoken":3,"Students_Experiencing_Poverty":44,"Teachers":25,"Educational_Assistants":17,"Counselors_Psychologists_Social_Workers":2,"Average_Teacher_Retention_Rate":82,"Experienced_Teachers":82,"Same_Principal_in_the_Last_3_Years":"Yes","English_Language_Arts":18,"Oregon_ELA_Average":42,"Mathematics":19,"Oregon_Mathematics_Average":39,"Science":null,"Oregon_Science_Average":null,"On_Track_to_Graduate":null,"Oregon_On_Track_to_Graduate_Average":null,"On_Time_Graduation_2023_2024":null,"Oregon_On_Time_Graduation_2023_24_Average":null,"Five_Year_Completion_2023_24":null,"Oregon_Five_Year_Completion_2023_24_Average":null,"College_Going_2022_23":null,"Oregon_College_Going_2022_23_Average":null,"OBJECTID_1":61}},{"type":"Feature","id":320,"geometry":{"type":"Point","coordinates":[-122.69959999999998,45.509800000000041]},"properties":{"OBJECTID1":320,"OBJECTID":263,"NCESSCH":"411004000866","LEAID":"4110040","NAME":"Ainsworth Elementary School","STREET":"2425 SW Vista Ave","CITY":"Portland","STATE":"OR","ZIP":"97201","STFIP":"41","LOCALE":"11","LAT":45.509799999999998,"LON":-122.6996,"CBSA":"38900","NMCBSA":"Portland-Vancouver-Hillsboro, OR-WA","CSA":"440","NMCSA":"Portland-Vancouver-Salem, OR-WA","CD":"4101","SLDL":"41028","SLDU":"41014","SCHOOLYEAR":"2024-2025","District_ID":2180,"District_Name":"Portland SD 1J","School_ID":823,"Grades":"Grade(s) K-5","School_Type":"E","County":"Multnomah","Student_Enrollment":581,"Languages_Spoken":23,"Students_Experiencing_Poverty":10,"Teachers":31,"Educational_Assistants":3,"Counselors_Psychologists_Social_Workers":2,"Average_Teacher_Retention_Rate":83,"Experienced_Teachers":83,"Same_Principal_in_the_Last_3_Years":"Yes","English_Language_Arts":78,"Oregon_ELA_Average":43,"Mathematics":77,"Oregon_Mathematics_Average":36,"Science":66,"Oregon_Science_Average":31,"On_Track_to_Graduate":null,"Oregon_On_Track_to_Graduate_Average":null,"On_Time_Graduation_2023_2024":null,"Oregon_On_Time_Graduation_2023_24_Average":null,"Five_Year_Completion_2023_24":null,"Oregon_Five_Year_Completion_2023_24_Average":null,"College_Going_2022_23":null,"Oregon_College_Going_2022_23_Average":null,"OBJECTID_1":191}},{"type":"Feature","id":321,"geometry":{"type":"Point","coordinates":[-122.65289999999999,45.343100000000049]},"properties":{"OBJECTID1":321,"OBJECTID":437,"NCESSCH":"411317001377","LEAID":"4113170","NAME":"Willamette Primary School","STREET":"1403 SE 12th St","CITY":"West Linn","STATE":"OR","ZIP":"97068","STFIP":"41","LOCALE":"21","LAT":45.3431,"LON":-122.6529,"CBSA":"38900","NMCBSA":"Portland-Vancouver-Hillsboro, OR-WA","CSA":"440","NMCSA":"Portland-Vancouver-Salem, OR-WA","CD":"4105","SLDL":"41037","SLDU":"41019","SCHOOLYEAR":"2024-2025","District_ID":1922,"District_Name":"West Linn-Wilsonville SD 3J","School_ID":1286,"Grades":"Grade(s) K-5","School_Type":"E","County":"Clackamas","Student_Enrollment":381,"Languages_Spoken":9,"Students_Experiencing_Poverty":11,"Teachers":23,"Educational_Assistants":13,"Counselors_Psychologists_Social_Workers":1,"Average_Teacher_Retention_Rate":100,"Experienced_Teachers":100,"Same_Principal_in_the_Last_3_Years":"No","English_Language_Arts":67,"Oregon_ELA_Average":43,"Mathematics":63,"Oregon_Mathematics_Average":36,"Science":46,"Oregon_Science_Average":31,"On_Track_to_Graduate":null,"Oregon_On_Track_to_Graduate_Average":null,"On_Time_Graduation_2023_2024":null,"Oregon_On_Time_Graduation_2023_24_Average":null,"Five_Year_Completion_2023_24":null,"Oregon_Five_Year_Completion_2023_24_Average":null,"College_Going_2022_23":null,"Oregon_College_Going_2022_23_Average":null,"OBJECTID_1":406}},{"type":"Feature","id":322,"geometry":{"type":"Point","coordinates":[-122.86003199999999,45.490535000000079]},"properties":{"OBJECTID1":322,"OBJECTID":89,"NCESSCH":"410192001647","LEAID":"4101920","NAME":"International School of Beaverton","STREET":"17770 SW Blanton St","CITY":"Beaverton","STATE":"OR","ZIP":"97078","STFIP":"41","LOCALE":"21","LAT":45.490535000000001,"LON":-122.860032,"CBSA":"38900","NMCBSA":"Portland-Vancouver-Hillsboro, OR-WA","CSA":"440","NMCSA":"Portland-Vancouver-Salem, OR-WA","CD":"4101","SLDL":"41035","SLDU":"41018","SCHOOLYEAR":"2024-2025","District_ID":2243,"District_Name":"Beaverton SD 48J","School_ID":4474,"Grades":"Grade(s) 6-12","School_Type":"H","County":"Washington","Student_Enrollment":859,"Languages_Spoken":43,"Students_Experiencing_Poverty":7.0000000000000009,"Teachers":41,"Educational_Assistants":4,"Counselors_Psychologists_Social_Workers":5,"Average_Teacher_Retention_Rate":89,"Experienced_Teachers":89,"Same_Principal_in_the_Last_3_Years":"Yes","English_Language_Arts":null,"Oregon_ELA_Average":null,"Mathematics":null,"Oregon_Mathematics_Average":null,"Science":null,"Oregon_Science_Average":null,"On_Track_to_Graduate":null,"Oregon_On_Track_to_Graduate_Average":87,"On_Time_Graduation_2023_2024":100,"Oregon_On_Time_Graduation_2023_24_Average":82,"Five_Year_Completion_2023_24":100,"Oregon_Five_Year_Completion_2023_24_Average":87,"College_Going_2022_23":90,"Oregon_College_Going_2022_23_Average":90,"OBJECTID_1":31}},{"type":"Feature","id":323,"geometry":{"type":"Point","coordinates":[-122.65229999999997,45.477200000000039]},"properties":{"OBJECTID1":323,"OBJECTID":298,"NCESSCH":"411004000917","LEAID":"4110040","NAME":"Llewellyn Elementary School","STREET":"6301 SE 14th Ave","CITY":"Portland","STATE":"OR","ZIP":"97202","STFIP":"41","LOCALE":"11","LAT":45.477200000000003,"LON":-122.6523,"CBSA":"38900","NMCBSA":"Portland-Vancouver-Hillsboro, OR-WA","CSA":"440","NMCSA":"Portland-Vancouver-Salem, OR-WA","CD":"4103","SLDL":"41041","SLDU":"41021","SCHOOLYEAR":"2024-2025","District_ID":2180,"District_Name":"Portland SD 1J","School_ID":872,"Grades":"Grade(s) K-5","School_Type":"E","County":"Multnomah","Student_Enrollment":374,"Languages_Spoken":5,"Students_Experiencing_Poverty":13,"Teachers":22,"Educational_Assistants":9,"Counselors_Psychologists_Social_Workers":2,"Average_Teacher_Retention_Rate":100,"Experienced_Teachers":100,"Same_Principal_in_the_Last_3_Years":"No","English_Language_Arts":78,"Oregon_ELA_Average":43,"Mathematics":76,"Oregon_Mathematics_Average":36,"Science":78,"Oregon_Science_Average":31,"On_Track_to_Graduate":null,"Oregon_On_Track_to_Graduate_Average":null,"On_Time_Graduation_2023_2024":null,"Oregon_On_Time_Graduation_2023_24_Average":null,"Five_Year_Completion_2023_24":null,"Oregon_Five_Year_Completion_2023_24_Average":null,"College_Going_2022_23":null,"Oregon_College_Going_2022_23_Average":null,"OBJECTID_1":244}},{"type":"Feature","id":324,"geometry":{"type":"Point","coordinates":[-122.83785599999999,45.575573000000077]},"properties":{"OBJECTID1":324,"OBJECTID":96,"NCESSCH":"410192001856","LEAID":"4101920","NAME":"Sato Elementary School","STREET":"7775 NW Kaiser Rd.","CITY":"Portland","STATE":"OR","ZIP":"97229","STFIP":"41","LOCALE":"21","LAT":45.575572999999999,"LON":-122.837856,"CBSA":"38900","NMCBSA":"Portland-Vancouver-Hillsboro, OR-WA","CSA":"440","NMCSA":"Portland-Vancouver-Salem, OR-WA","CD":"4101","SLDL":"41034","SLDU":"41017","SCHOOLYEAR":"2024-2025","District_ID":2243,"District_Name":"Beaverton SD 48J","School_ID":5382,"Grades":"Grade(s) K-5","School_Type":"E","County":"Washington","Student_Enrollment":854,"Languages_Spoken":34,"Students_Experiencing_Poverty":8,"Teachers":46,"Educational_Assistants":10,"Counselors_Psychologists_Social_Workers":4,"Average_Teacher_Retention_Rate":85,"Experienced_Teachers":85,"Same_Principal_in_the_Last_3_Years":"Yes","English_Language_Arts":69,"Oregon_ELA_Average":43,"Mathematics":67,"Oregon_Mathematics_Average":36,"Science":52,"Oregon_Science_Average":31,"On_Track_to_Graduate":null,"Oregon_On_Track_to_Graduate_Average":null,"On_Time_Graduation_2023_2024":null,"Oregon_On_Time_Graduation_2023_24_Average":null,"Five_Year_Completion_2023_24":null,"Oregon_Five_Year_Completion_2023_24_Average":null,"College_Going_2022_23":null,"Oregon_College_Going_2022_23_Average":null,"OBJECTID_1":46}},{"type":"Feature","id":325,"geometry":{"type":"Point","coordinates":[-123.09242099999994,45.516050000000064]},"properties":{"OBJECTID1":325,"OBJECTID":145,"NCESSCH":"410516001187","LEAID":"4105160","NAME":"Joseph Gale Elementary School","STREET":"3130 18th Ave","CITY":"Forest Grove","STATE":"OR","ZIP":"97116","STFIP":"41","LOCALE":"21","LAT":45.51605,"LON":-123.092421,"CBSA":"38900","NMCBSA":"Portland-Vancouver-Hillsboro, OR-WA","CSA":"440","NMCSA":"Portland-Vancouver-Salem, OR-WA","CD":"4101","SLDL":"41029","SLDU":"41015","SCHOOLYEAR":"2024-2025","District_ID":2241,"District_Name":"Forest Grove SD 15","School_ID":1133,"Grades":"Grade(s) K-4","School_Type":"E","County":"Washington","Student_Enrollment":375,"Languages_Spoken":8,"Students_Experiencing_Poverty":47,"Teachers":27,"Educational_Assistants":27,"Counselors_Psychologists_Social_Workers":3,"Average_Teacher_Retention_Rate":74,"Experienced_Teachers":74,"Same_Principal_in_the_Last_3_Years":"Yes","English_Language_Arts":20,"Oregon_ELA_Average":42,"Mathematics":26,"Oregon_Mathematics_Average":39,"Science":null,"Oregon_Science_Average":null,"On_Track_to_Graduate":null,"Oregon_On_Track_to_Graduate_Average":null,"On_Time_Graduation_2023_2024":null,"Oregon_On_Time_Graduation_2023_24_Average":null,"Five_Year_Completion_2023_24":null,"Oregon_Five_Year_Completion_2023_24_Average":null,"College_Going_2022_23":null,"Oregon_College_Going_2022_23_Average":null,"OBJECTID_1":68}},{"type":"Feature","id":326,"geometry":{"type":"Point","coordinates":[-122.59429999999998,45.55520000000007]},"properties":{"OBJECTID1":326,"OBJECTID":313,"NCESSCH":"411004000935","LEAID":"4110040","NAME":"Scott Elementary School","STREET":"6700 NE Prescott St","CITY":"Portland","STATE":"OR","ZIP":"97218","STFIP":"41","LOCALE":"11","LAT":45.555199999999999,"LON":-122.5943,"CBSA":"38900","NMCBSA":"Portland-Vancouver-Hillsboro, OR-WA","CSA":"440","NMCSA":"Portland-Vancouver-Salem, OR-WA","CD":"4103","SLDL":"41045","SLDU":"41023","SCHOOLYEAR":"2024-2025","District_ID":2180,"District_Name":"Portland SD 1J","School_ID":887,"Grades":"Grade(s) K-5","School_Type":"E","County":"Multnomah","Student_Enrollment":482,"Languages_Spoken":19,"Students_Experiencing_Poverty":46,"Teachers":37,"Educational_Assistants":10,"Counselors_Psychologists_Social_Workers":2,"Average_Teacher_Retention_Rate":71,"Experienced_Teachers":71,"Same_Principal_in_the_Last_3_Years":"No","English_Language_Arts":42,"Oregon_ELA_Average":43,"Mathematics":37,"Oregon_Mathematics_Average":36,"Science":25,"Oregon_Science_Average":31,"On_Track_to_Graduate":null,"Oregon_On_Track_to_Graduate_Average":null,"On_Time_Graduation_2023_2024":null,"Oregon_On_Time_Graduation_2023_24_Average":null,"Five_Year_Completion_2023_24":null,"Oregon_Five_Year_Completion_2023_24_Average":null,"College_Going_2022_23":null,"Oregon_College_Going_2022_23_Average":null,"OBJECTID_1":262}},{"type":"Feature","id":327,"geometry":{"type":"Point","coordinates":[-122.63469899999996,45.570756000000074]},"properties":{"OBJECTID1":327,"OBJECTID":281,"NCESSCH":"411004000890","LEAID":"4110040","NAME":"Faubion Elementary School","STREET":"2930 NE Dekum St","CITY":"Portland","STATE":"OR","ZIP":"97211","STFIP":"41","LOCALE":"11","LAT":45.570756000000003,"LON":-122.634699,"CBSA":"38900","NMCBSA":"Portland-Vancouver-Hillsboro, OR-WA","CSA":"440","NMCSA":"Portland-Vancouver-Salem, OR-WA","CD":"4103","SLDL":"41043","SLDU":"41022","SCHOOLYEAR":"2024-2025","District_ID":2180,"District_Name":"Portland SD 1J","School_ID":847,"Grades":"Grade(s) K-8","School_Type":"E","County":"Multnomah","Student_Enrollment":582,"Languages_Spoken":14,"Students_Experiencing_Poverty":47,"Teachers":39,"Educational_Assistants":5,"Counselors_Psychologists_Social_Workers":2,"Average_Teacher_Retention_Rate":78,"Experienced_Teachers":78,"Same_Principal_in_the_Last_3_Years":"No","English_Language_Arts":23,"Oregon_ELA_Average":43,"Mathematics":17,"Oregon_Mathematics_Average":33,"Science":17,"Oregon_Science_Average":28.999999999999996,"On_Track_to_Graduate":null,"Oregon_On_Track_to_Graduate_Average":null,"On_Time_Graduation_2023_2024":null,"Oregon_On_Time_Graduation_2023_24_Average":null,"Five_Year_Completion_2023_24":null,"Oregon_Five_Year_Completion_2023_24_Average":null,"College_Going_2022_23":null,"Oregon_College_Going_2022_23_Average":null,"OBJECTID_1":216}},{"type":"Feature","id":328,"geometry":{"type":"Point","coordinates":[-122.77069999999998,45.362600000000043]},"properties":{"OBJECTID1":328,"OBJECTID":421,"NCESSCH":"411224001298","LEAID":"4112240","NAME":"Edward Byrom Elementary School","STREET":"21800 SW 91st Ave","CITY":"Tualatin","STATE":"OR","ZIP":"97062","STFIP":"41","LOCALE":"21","LAT":45.3626,"LON":-122.77070000000001,"CBSA":"38900","NMCBSA":"Portland-Vancouver-Hillsboro, OR-WA","CSA":"440","NMCSA":"Portland-Vancouver-Salem, OR-WA","CD":"4106","SLDL":"41037","SLDU":"41019","SCHOOLYEAR":"2024-2025","District_ID":2242,"District_Name":"Tigard-Tualatin SD 23J","School_ID":1142,"Grades":"Grade(s) K-5","School_Type":"E","County":"Washington","Student_Enrollment":361,"Languages_Spoken":9,"Students_Experiencing_Poverty":20,"Teachers":22,"Educational_Assistants":10,"Counselors_Psychologists_Social_Workers":2,"Average_Teacher_Retention_Rate":78,"Experienced_Teachers":78,"Same_Principal_in_the_Last_3_Years":"Yes","English_Language_Arts":50,"Oregon_ELA_Average":43,"Mathematics":43,"Oregon_Mathematics_Average":36,"Science":46,"Oregon_Science_Average":31,"On_Track_to_Graduate":null,"Oregon_On_Track_to_Graduate_Average":null,"On_Time_Graduation_2023_2024":null,"Oregon_On_Time_Graduation_2023_24_Average":null,"Five_Year_Completion_2023_24":null,"Oregon_Five_Year_Completion_2023_24_Average":null,"College_Going_2022_23":null,"Oregon_College_Going_2022_23_Average":null,"OBJECTID_1":125}},{"type":"Feature","id":329,"geometry":{"type":"Point","coordinates":[-122.85070299999995,45.568445000000054]},"properties":{"OBJECTID1":329,"OBJECTID":92,"NCESSCH":"410192001779","LEAID":"4101920","NAME":"Springville Elementary School","STREET":"6655 NW Joss Ave","CITY":"Portland","STATE":"OR","ZIP":"97229","STFIP":"41","LOCALE":"21","LAT":45.568444999999997,"LON":-122.850703,"CBSA":"38900","NMCBSA":"Portland-Vancouver-Hillsboro, OR-WA","CSA":"440","NMCSA":"Portland-Vancouver-Salem, OR-WA","CD":"4101","SLDL":"41034","SLDU":"41017","SCHOOLYEAR":"2024-2025","District_ID":2243,"District_Name":"Beaverton SD 48J","School_ID":4712,"Grades":"Grade(s) K-5","School_Type":"E","County":"Washington","Student_Enrollment":754,"Languages_Spoken":40,"Students_Experiencing_Poverty":12,"Teachers":40,"Educational_Assistants":7,"Counselors_Psychologists_Social_Workers":3,"Average_Teacher_Retention_Rate":83,"Experienced_Teachers":83,"Same_Principal_in_the_Last_3_Years":"No","English_Language_Arts":70,"Oregon_ELA_Average":43,"Mathematics":69,"Oregon_Mathematics_Average":36,"Science":53,"Oregon_Science_Average":31,"On_Track_to_Graduate":null,"Oregon_On_Track_to_Graduate_Average":null,"On_Time_Graduation_2023_2024":null,"Oregon_On_Time_Graduation_2023_24_Average":null,"Five_Year_Completion_2023_24":null,"Oregon_Five_Year_Completion_2023_24_Average":null,"College_Going_2022_23":null,"Oregon_College_Going_2022_23_Average":null,"OBJECTID_1":50}},{"type":"Feature","id":330,"geometry":{"type":"Point","coordinates":[-122.67193599999996,45.56053600000007]},"properties":{"OBJECTID1":330,"OBJECTID":330,"NCESSCH":"411004000964","LEAID":"4110040","NAME":"Jefferson High School","STREET":"5210 N Kerby Ave","CITY":"Portland","STATE":"OR","ZIP":"97217","STFIP":"41","LOCALE":"11","LAT":45.560535999999999,"LON":-122.671936,"CBSA":"38900","NMCBSA":"Portland-Vancouver-Hillsboro, OR-WA","CSA":"440","NMCSA":"Portland-Vancouver-Salem, OR-WA","CD":"4103","SLDL":"41043","SLDU":"41022","SCHOOLYEAR":"2024-2025","District_ID":2180,"District_Name":"Portland SD 1J","School_ID":913,"Grades":"Grade(s) 9-12","School_Type":"H","County":"Multnomah","Student_Enrollment":420,"Languages_Spoken":13,"Students_Experiencing_Poverty":49,"Teachers":35,"Educational_Assistants":null,"Counselors_Psychologists_Social_Workers":3,"Average_Teacher_Retention_Rate":78,"Experienced_Teachers":78,"Same_Principal_in_the_Last_3_Years":"Yes","English_Language_Arts":null,"Oregon_ELA_Average":null,"Mathematics":null,"Oregon_Mathematics_Average":null,"Science":null,"Oregon_Science_Average":null,"On_Track_to_Graduate":78,"Oregon_On_Track_to_Graduate_Average":87,"On_Time_Graduation_2023_2024":87,"Oregon_On_Time_Graduation_2023_24_Average":82,"Five_Year_Completion_2023_24":87,"Oregon_Five_Year_Completion_2023_24_Average":87,"College_Going_2022_23":57.999999999999993,"Oregon_College_Going_2022_23_Average":57.999999999999993,"OBJECTID_1":232}},{"type":"Feature","id":331,"geometry":{"type":"Point","coordinates":[-122.55179999999996,45.494400000000041]},"properties":{"OBJECTID1":331,"OBJECTID":134,"NCESSCH":"410394004180","LEAID":"4103940","NAME":"Earl Boyles Elementary","STREET":"10822 SE Bush","CITY":"Portland","STATE":"OR","ZIP":"97266","STFIP":"41","LOCALE":"11","LAT":45.494399999999999,"LON":-122.5518,"CBSA":"38900","NMCBSA":"Portland-Vancouver-Hillsboro, OR-WA","CSA":"440","NMCSA":"Portland-Vancouver-Salem, OR-WA","CD":"4103","SLDL":"41048","SLDU":"41024","SCHOOLYEAR":"2024-2025","District_ID":2187,"District_Name":"David Douglas SD 40","School_ID":3525,"Grades":"Grade(s) K-5","School_Type":"E","County":"Multnomah","Student_Enrollment":357,"Languages_Spoken":16,"Students_Experiencing_Poverty":50,"Teachers":23,"Educational_Assistants":19,"Counselors_Psychologists_Social_Workers":1,"Average_Teacher_Retention_Rate":74,"Experienced_Teachers":74,"Same_Principal_in_the_Last_3_Years":"Yes","English_Language_Arts":30,"Oregon_ELA_Average":43,"Mathematics":19,"Oregon_Mathematics_Average":36,"Science":17,"Oregon_Science_Average":31,"On_Track_to_Graduate":null,"Oregon_On_Track_to_Graduate_Average":null,"On_Time_Graduation_2023_2024":null,"Oregon_On_Time_Graduation_2023_24_Average":null,"Five_Year_Completion_2023_24":null,"Oregon_Five_Year_Completion_2023_24_Average":null,"College_Going_2022_23":null,"Oregon_College_Going_2022_23_Average":null,"OBJECTID_1":151}},{"type":"Feature","id":332,"geometry":{"type":"Point","coordinates":[-122.71979999999996,45.412300000000073]},"properties":{"OBJECTID1":332,"OBJECTID":180,"NCESSCH":"410723000061","LEAID":"4107230","NAME":"Lake Grove Elementary School","STREET":"15777 SW Boones Ferry Rd","CITY":"Lake Oswego","STATE":"OR","ZIP":"97035","STFIP":"41","LOCALE":"21","LAT":45.412300000000002,"LON":-122.71980000000001,"CBSA":"38900","NMCBSA":"Portland-Vancouver-Hillsboro, OR-WA","CSA":"440","NMCSA":"Portland-Vancouver-Salem, OR-WA","CD":"4105","SLDL":"41038","SLDU":"41019","SCHOOLYEAR":"2024-2025","District_ID":1923,"District_Name":"Lake Oswego SD 7J","School_ID":55,"Grades":"Grade(s) K-5","School_Type":"E","County":"Clackamas","Student_Enrollment":442,"Languages_Spoken":18,"Students_Experiencing_Poverty":7.0000000000000009,"Teachers":29,"Educational_Assistants":19,"Counselors_Psychologists_Social_Workers":2,"Average_Teacher_Retention_Rate":84,"Experienced_Teachers":84,"Same_Principal_in_the_Last_3_Years":"Yes","English_Language_Arts":76,"Oregon_ELA_Average":43,"Mathematics":73,"Oregon_Mathematics_Average":36,"Science":56.999999999999993,"Oregon_Science_Average":31,"On_Track_to_Graduate":null,"Oregon_On_Track_to_Graduate_Average":null,"On_Time_Graduation_2023_2024":null,"Oregon_On_Time_Graduation_2023_24_Average":null,"Five_Year_Completion_2023_24":null,"Oregon_Five_Year_Completion_2023_24_Average":null,"College_Going_2022_23":null,"Oregon_College_Going_2022_23_Average":null,"OBJECTID_1":321}},{"type":"Feature","id":333,"geometry":{"type":"Point","coordinates":[-122.97189999999995,45.533800000000042]},"properties":{"OBJECTID1":333,"OBJECTID":8,"NCESSCH":"410002301173","LEAID":"4100023","NAME":"Mooberry Elementary School","STREET":"1230 NE 10th Ave","CITY":"Hillsboro","STATE":"OR","ZIP":"97124","STFIP":"41","LOCALE":"12","LAT":45.533799999999999,"LON":-122.97190000000001,"CBSA":"38900","NMCBSA":"Portland-Vancouver-Hillsboro, OR-WA","CSA":"440","NMCSA":"Portland-Vancouver-Salem, OR-WA","CD":"4101","SLDL":"41029","SLDU":"41015","SCHOOLYEAR":"2024-2025","District_ID":2239,"District_Name":"Hillsboro SD 1J","School_ID":1117,"Grades":"Grade(s) K-6","School_Type":"E","County":"Washington","Student_Enrollment":363,"Languages_Spoken":15,"Students_Experiencing_Poverty":41,"Teachers":23,"Educational_Assistants":10,"Counselors_Psychologists_Social_Workers":1,"Average_Teacher_Retention_Rate":56.999999999999993,"Experienced_Teachers":56.999999999999993,"Same_Principal_in_the_Last_3_Years":"Yes","English_Language_Arts":19,"Oregon_ELA_Average":43,"Mathematics":13,"Oregon_Mathematics_Average":35,"Science":10,"Oregon_Science_Average":31,"On_Track_to_Graduate":null,"Oregon_On_Track_to_Graduate_Average":null,"On_Time_Graduation_2023_2024":null,"Oregon_On_Time_Graduation_2023_24_Average":null,"Five_Year_Completion_2023_24":null,"Oregon_Five_Year_Completion_2023_24_Average":null,"College_Going_2022_23":null,"Oregon_College_Going_2022_23_Average":null,"OBJECTID_1":95}},{"type":"Feature","id":334,"geometry":{"type":"Point","coordinates":[-122.47799999999995,45.496200000000044]},"properties":{"OBJECTID1":334,"OBJECTID":114,"NCESSCH":"410280001020","LEAID":"4102800","NAME":"Centennial High School","STREET":"3505 SE 182nd Ave","CITY":"Gresham","STATE":"OR","ZIP":"97030","STFIP":"41","LOCALE":"21","LAT":45.496200000000002,"LON":-122.47799999999999,"CBSA":"38900","NMCBSA":"Portland-Vancouver-Hillsboro, OR-WA","CSA":"440","NMCSA":"Portland-Vancouver-Salem, OR-WA","CD":"4103","SLDL":"41050","SLDU":"41025","SCHOOLYEAR":"2024-2025","District_ID":2185,"District_Name":"Centennial SD 28J","School_ID":967,"Grades":"Grade(s) 9-12","School_Type":"H","County":"Multnomah","Student_Enrollment":1612,"Languages_Spoken":44,"Students_Experiencing_Poverty":43,"Teachers":65,"Educational_Assistants":17,"Counselors_Psychologists_Social_Workers":5,"Average_Teacher_Retention_Rate":79,"Experienced_Teachers":79,"Same_Principal_in_the_Last_3_Years":"Yes","English_Language_Arts":null,"Oregon_ELA_Average":null,"Mathematics":null,"Oregon_Mathematics_Average":null,"Science":null,"Oregon_Science_Average":null,"On_Track_to_Graduate":79,"Oregon_On_Track_to_Graduate_Average":87,"On_Time_Graduation_2023_2024":69,"Oregon_On_Time_Graduation_2023_24_Average":82,"Five_Year_Completion_2023_24":76,"Oregon_Five_Year_Completion_2023_24_Average":87,"College_Going_2022_23":49,"Oregon_College_Going_2022_23_Average":49,"OBJECTID_1":138}},{"type":"Feature","id":335,"geometry":{"type":"Point","coordinates":[-122.80009999999999,45.501600000000053]},"properties":{"OBJECTID1":335,"OBJECTID":71,"NCESSCH":"410192001232","LEAID":"4101920","NAME":"William Walker Elementary School","STREET":"11940 SW Lynnfield Ln","CITY":"Portland","STATE":"OR","ZIP":"97225","STFIP":"41","LOCALE":"13","LAT":45.501600000000003,"LON":-122.8001,"CBSA":"38900","NMCBSA":"Portland-Vancouver-Hillsboro, OR-WA","CSA":"440","NMCSA":"Portland-Vancouver-Salem, OR-WA","CD":"4101","SLDL":"41027","SLDU":"41014","SCHOOLYEAR":"2024-2025","District_ID":2243,"District_Name":"Beaverton SD 48J","School_ID":1179,"Grades":"Grade(s) K-5","School_Type":"E","County":"Washington","Student_Enrollment":506,"Languages_Spoken":24,"Students_Experiencing_Poverty":46,"Teachers":41,"Educational_Assistants":22,"Counselors_Psychologists_Social_Workers":3,"Average_Teacher_Retention_Rate":76,"Experienced_Teachers":76,"Same_Principal_in_the_Last_3_Years":"No","English_Language_Arts":25,"Oregon_ELA_Average":43,"Mathematics":21,"Oregon_Mathematics_Average":36,"Science":16,"Oregon_Science_Average":31,"On_Track_to_Graduate":null,"Oregon_On_Track_to_Graduate_Average":null,"On_Time_Graduation_2023_2024":null,"Oregon_On_Time_Graduation_2023_24_Average":null,"Five_Year_Completion_2023_24":null,"Oregon_Five_Year_Completion_2023_24_Average":null,"College_Going_2022_23":null,"Oregon_College_Going_2022_23_Average":null,"OBJECTID_1":59}},{"type":"Feature","id":336,"geometry":{"type":"Point","coordinates":[-122.82259999999997,45.557300000000055]},"properties":{"OBJECTID1":336,"OBJECTID":86,"NCESSCH":"410192001431","LEAID":"4101920","NAME":"Stoller Middle School","STREET":"14141 NW Laidlaw Rd","CITY":"Portland","STATE":"OR","ZIP":"97229","STFIP":"41","LOCALE":"21","LAT":45.557299999999998,"LON":-122.82259999999999,"CBSA":"38900","NMCBSA":"Portland-Vancouver-Hillsboro, OR-WA","CSA":"440","NMCSA":"Portland-Vancouver-Salem, OR-WA","CD":"4101","SLDL":"41034","SLDU":"41017","SCHOOLYEAR":"2024-2025","District_ID":2243,"District_Name":"Beaverton SD 48J","School_ID":2782,"Grades":"Grade(s) 6-8","School_Type":"M","County":"Washington","Student_Enrollment":1073,"Languages_Spoken":46,"Students_Experiencing_Poverty":10,"Teachers":52,"Educational_Assistants":6,"Counselors_Psychologists_Social_Workers":5,"Average_Teacher_Retention_Rate":73,"Experienced_Teachers":73,"Same_Principal_in_the_Last_3_Years":"No","English_Language_Arts":72,"Oregon_ELA_Average":43,"Mathematics":69,"Oregon_Mathematics_Average":30,"Science":48,"Oregon_Science_Average":28.000000000000004,"On_Track_to_Graduate":null,"Oregon_On_Track_to_Graduate_Average":null,"On_Time_Graduation_2023_2024":null,"Oregon_On_Time_Graduation_2023_24_Average":null,"Five_Year_Completion_2023_24":null,"Oregon_Five_Year_Completion_2023_24_Average":null,"College_Going_2022_23":null,"Oregon_College_Going_2022_23_Average":null,"OBJECTID_1":51}},{"type":"Feature","id":337,"geometry":{"type":"Point","coordinates":[-122.42069999999995,45.493100000000027]},"properties":{"OBJECTID1":337,"OBJECTID":162,"NCESSCH":"410600000989","LEAID":"4106000","NAME":"East Gresham Elementary School","STREET":"900 SE 5th St","CITY":"Gresham","STATE":"OR","ZIP":"97080","STFIP":"41","LOCALE":"21","LAT":45.493099999999998,"LON":-122.4207,"CBSA":"38900","NMCBSA":"Portland-Vancouver-Hillsboro, OR-WA","CSA":"440","NMCSA":"Portland-Vancouver-Salem, OR-WA","CD":"4103","SLDL":"41050","SLDU":"41025","SCHOOLYEAR":"2024-2025","District_ID":2183,"District_Name":"Gresham-Barlow SD 10J","School_ID":933,"Grades":"Grade(s) K-5","School_Type":"E","County":"Multnomah","Student_Enrollment":575,"Languages_Spoken":23,"Students_Experiencing_Poverty":51,"Teachers":30,"Educational_Assistants":13,"Counselors_Psychologists_Social_Workers":2,"Average_Teacher_Retention_Rate":77,"Experienced_Teachers":77,"Same_Principal_in_the_Last_3_Years":"Yes","English_Language_Arts":34,"Oregon_ELA_Average":43,"Mathematics":22,"Oregon_Mathematics_Average":36,"Science":22,"Oregon_Science_Average":31,"On_Track_to_Graduate":null,"Oregon_On_Track_to_Graduate_Average":null,"On_Time_Graduation_2023_2024":null,"Oregon_On_Time_Graduation_2023_24_Average":null,"Five_Year_Completion_2023_24":null,"Oregon_Five_Year_Completion_2023_24_Average":null,"College_Going_2022_23":null,"Oregon_College_Going_2022_23_Average":null,"OBJECTID_1":165}},{"type":"Feature","id":338,"geometry":{"type":"Point","coordinates":[-122.77369999999996,45.412900000000036]},"properties":{"OBJECTID1":338,"OBJECTID":414,"NCESSCH":"411224001192","LEAID":"4112240","NAME":"James Templeton Elementary School","STREET":"9500 SW Murdock St","CITY":"Tigard","STATE":"OR","ZIP":"97224","STFIP":"41","LOCALE":"13","LAT":45.4129,"LON":-122.77370000000001,"CBSA":"38900","NMCBSA":"Portland-Vancouver-Hillsboro, OR-WA","CSA":"440","NMCSA":"Portland-Vancouver-Salem, OR-WA","CD":"4106","SLDL":"41025","SLDU":"41013","SCHOOLYEAR":"2024-2025","District_ID":2242,"District_Name":"Tigard-Tualatin SD 23J","School_ID":1139,"Grades":"Grade(s) K-5","School_Type":"E","County":"Washington","Student_Enrollment":534,"Languages_Spoken":23,"Students_Experiencing_Poverty":34,"Teachers":31,"Educational_Assistants":22,"Counselors_Psychologists_Social_Workers":2,"Average_Teacher_Retention_Rate":90,"Experienced_Teachers":90,"Same_Principal_in_the_Last_3_Years":"Yes","English_Language_Arts":47,"Oregon_ELA_Average":43,"Mathematics":37,"Oregon_Mathematics_Average":36,"Science":22,"Oregon_Science_Average":31,"On_Track_to_Graduate":null,"Oregon_On_Track_to_Graduate_Average":null,"On_Time_Graduation_2023_2024":null,"Oregon_On_Time_Graduation_2023_24_Average":null,"Five_Year_Completion_2023_24":null,"Oregon_Five_Year_Completion_2023_24_Average":null,"College_Going_2022_23":null,"Oregon_College_Going_2022_23_Average":null,"OBJECTID_1":127}},{"type":"Feature","id":339,"geometry":{"type":"Point","coordinates":[-122.53149999999999,45.490600000000029]},"properties":{"OBJECTID1":339,"OBJECTID":125,"NCESSCH":"410394001029","LEAID":"4103940","NAME":"Gilbert Heights Elementary School","STREET":"12839 SE Holgate Blvd","CITY":"Portland","STATE":"OR","ZIP":"97236","STFIP":"41","LOCALE":"11","LAT":45.490600000000001,"LON":-122.53149999999999,"CBSA":"38900","NMCBSA":"Portland-Vancouver-Hillsboro, OR-WA","CSA":"440","NMCSA":"Portland-Vancouver-Salem, OR-WA","CD":"4103","SLDL":"41048","SLDU":"41024","SCHOOLYEAR":"2024-2025","District_ID":2187,"District_Name":"David Douglas SD 40","School_ID":973,"Grades":"Grade(s) K-5","School_Type":"E","County":"Multnomah","Student_Enrollment":432,"Languages_Spoken":23,"Students_Experiencing_Poverty":55.000000000000007,"Teachers":22,"Educational_Assistants":15,"Counselors_Psychologists_Social_Workers":1,"Average_Teacher_Retention_Rate":82,"Experienced_Teachers":82,"Same_Principal_in_the_Last_3_Years":"Yes","English_Language_Arts":28.000000000000004,"Oregon_ELA_Average":43,"Mathematics":23,"Oregon_Mathematics_Average":36,"Science":21,"Oregon_Science_Average":31,"On_Track_to_Graduate":null,"Oregon_On_Track_to_Graduate_Average":null,"On_Time_Graduation_2023_2024":null,"Oregon_On_Time_Graduation_2023_24_Average":null,"Five_Year_Completion_2023_24":null,"Oregon_Five_Year_Completion_2023_24_Average":null,"College_Going_2022_23":null,"Oregon_College_Going_2022_23_Average":null,"OBJECTID_1":153}},{"type":"Feature","id":340,"geometry":{"type":"Point","coordinates":[-122.75199999999995,45.590400000000045]},"properties":{"OBJECTID1":340,"OBJECTID":290,"NCESSCH":"411004000906","LEAID":"4110040","NAME":"James John Elementary School","STREET":"7439 N Charleston Ave","CITY":"Portland","STATE":"OR","ZIP":"97203","STFIP":"41","LOCALE":"11","LAT":45.590400000000002,"LON":-122.752,"CBSA":"38900","NMCBSA":"Portland-Vancouver-Hillsboro, OR-WA","CSA":"440","NMCSA":"Portland-Vancouver-Salem, OR-WA","CD":"4103","SLDL":"41044","SLDU":"41022","SCHOOLYEAR":"2024-2025","District_ID":2180,"District_Name":"Portland SD 1J","School_ID":862,"Grades":"Grade(s) K-5","School_Type":"E","County":"Multnomah","Student_Enrollment":357,"Languages_Spoken":10,"Students_Experiencing_Poverty":45,"Teachers":25,"Educational_Assistants":8,"Counselors_Psychologists_Social_Workers":1,"Average_Teacher_Retention_Rate":85,"Experienced_Teachers":85,"Same_Principal_in_the_Last_3_Years":"No","English_Language_Arts":33,"Oregon_ELA_Average":43,"Mathematics":24,"Oregon_Mathematics_Average":36,"Science":26,"Oregon_Science_Average":31,"On_Track_to_Graduate":null,"Oregon_On_Track_to_Graduate_Average":null,"On_Time_Graduation_2023_2024":null,"Oregon_On_Time_Graduation_2023_24_Average":null,"Five_Year_Completion_2023_24":null,"Oregon_Five_Year_Completion_2023_24_Average":null,"College_Going_2022_23":null,"Oregon_College_Going_2022_23_Average":null,"OBJECTID_1":231}},{"type":"Feature","id":341,"geometry":{"type":"Point","coordinates":[-122.63439999999997,45.441700000000026]},"properties":{"OBJECTID1":341,"OBJECTID":229,"NCESSCH":"410883001584","LEAID":"4108830","NAME":"Milwaukie El Puente Elementary School","STREET":"11250 SE 27th Ave","CITY":"Milwaukie","STATE":"OR","ZIP":"97222","STFIP":"41","LOCALE":"21","LAT":45.441699999999997,"LON":-122.6344,"CBSA":"38900","NMCBSA":"Portland-Vancouver-Hillsboro, OR-WA","CSA":"440","NMCSA":"Portland-Vancouver-Salem, OR-WA","CD":"4105","SLDL":"41041","SLDU":"41021","SCHOOLYEAR":"2024-2025","District_ID":1924,"District_Name":"North Clackamas SD 12","School_ID":4005,"Grades":"Grade(s) K-5","School_Type":"E","County":"Clackamas","Student_Enrollment":407,"Languages_Spoken":11,"Students_Experiencing_Poverty":28.999999999999996,"Teachers":24,"Educational_Assistants":11,"Counselors_Psychologists_Social_Workers":1,"Average_Teacher_Retention_Rate":55.000000000000007,"Experienced_Teachers":55.000000000000007,"Same_Principal_in_the_Last_3_Years":"No","English_Language_Arts":40,"Oregon_ELA_Average":43,"Mathematics":32,"Oregon_Mathematics_Average":36,"Science":32,"Oregon_Science_Average":31,"On_Track_to_Graduate":null,"Oregon_On_Track_to_Graduate_Average":null,"On_Time_Graduation_2023_2024":null,"Oregon_On_Time_Graduation_2023_24_Average":null,"Five_Year_Completion_2023_24":null,"Oregon_Five_Year_Completion_2023_24_Average":null,"College_Going_2022_23":null,"Oregon_College_Going_2022_23_Average":null,"OBJECTID_1":351}},{"type":"Feature","id":342,"geometry":{"type":"Point","coordinates":[-122.85599999999999,45.47930000000008]},"properties":{"OBJECTID1":342,"OBJECTID":75,"NCESSCH":"410192001236","LEAID":"4101920","NAME":"Mountain View Middle School","STREET":"17500 SW Farmington Rd","CITY":"Beaverton","STATE":"OR","ZIP":"97007","STFIP":"41","LOCALE":"21","LAT":45.479300000000002,"LON":-122.85599999999999,"CBSA":"38900","NMCBSA":"Portland-Vancouver-Hillsboro, OR-WA","CSA":"440","NMCSA":"Portland-Vancouver-Salem, OR-WA","CD":"4101","SLDL":"41036","SLDU":"41018","SCHOOLYEAR":"2024-2025","District_ID":2243,"District_Name":"Beaverton SD 48J","School_ID":1183,"Grades":"Grade(s) 6-8","School_Type":"M","County":"Washington","Student_Enrollment":768,"Languages_Spoken":23,"Students_Experiencing_Poverty":41,"Teachers":46,"Educational_Assistants":7,"Counselors_Psychologists_Social_Workers":5,"Average_Teacher_Retention_Rate":76,"Experienced_Teachers":76,"Same_Principal_in_the_Last_3_Years":"Yes","English_Language_Arts":28.999999999999996,"Oregon_ELA_Average":43,"Mathematics":17,"Oregon_Mathematics_Average":30,"Science":15,"Oregon_Science_Average":28.000000000000004,"On_Track_to_Graduate":null,"Oregon_On_Track_to_Graduate_Average":null,"On_Time_Graduation_2023_2024":null,"Oregon_On_Time_Graduation_2023_24_Average":null,"Five_Year_Completion_2023_24":null,"Oregon_Five_Year_Completion_2023_24_Average":null,"College_Going_2022_23":null,"Oregon_College_Going_2022_23_Average":null,"OBJECTID_1":38}},{"type":"Feature","id":343,"geometry":{"type":"Point","coordinates":[-122.84349099999997,45.350592000000063]},"properties":{"OBJECTID1":343,"OBJECTID":390,"NCESSCH":"411129000679","LEAID":"4111290","NAME":"Archer Glen Elementary School","STREET":"16155 SW Sunset Blvd","CITY":"Sherwood","STATE":"OR","ZIP":"97140","STFIP":"41","LOCALE":"21","LAT":45.350591999999999,"LON":-122.843491,"CBSA":"38900","NMCBSA":"Portland-Vancouver-Hillsboro, OR-WA","CSA":"440","NMCSA":"Portland-Vancouver-Salem, OR-WA","CD":"4106","SLDL":"41026","SLDU":"41013","SCHOOLYEAR":"2024-2025","District_ID":2244,"District_Name":"Sherwood SD 88J","School_ID":1334,"Grades":"Grade(s) K-5","School_Type":"E","County":"Washington","Student_Enrollment":311,"Languages_Spoken":12,"Students_Experiencing_Poverty":13,"Teachers":17,"Educational_Assistants":12,"Counselors_Psychologists_Social_Workers":null,"Average_Teacher_Retention_Rate":81,"Experienced_Teachers":81,"Same_Principal_in_the_Last_3_Years":"No","English_Language_Arts":71,"Oregon_ELA_Average":43,"Mathematics":63,"Oregon_Mathematics_Average":36,"Science":66,"Oregon_Science_Average":31,"On_Track_to_Graduate":null,"Oregon_On_Track_to_Graduate_Average":null,"On_Time_Graduation_2023_2024":null,"Oregon_On_Time_Graduation_2023_24_Average":null,"Five_Year_Completion_2023_24":null,"Oregon_Five_Year_Completion_2023_24_Average":null,"College_Going_2022_23":null,"Oregon_College_Going_2022_23_Average":null,"OBJECTID_1":111}},{"type":"Feature","id":344,"geometry":{"type":"Point","coordinates":[-122.62079999999997,45.54890000000006]},"properties":{"OBJECTID1":344,"OBJECTID":270,"NCESSCH":"411004000874","LEAID":"4110040","NAME":"Beaumont Middle School","STREET":"4043 NE Fremont St","CITY":"Portland","STATE":"OR","ZIP":"97212","STFIP":"41","LOCALE":"11","LAT":45.548900000000003,"LON":-122.6208,"CBSA":"38900","NMCBSA":"Portland-Vancouver-Hillsboro, OR-WA","CSA":"440","NMCSA":"Portland-Vancouver-Salem, OR-WA","CD":"4103","SLDL":"41045","SLDU":"41023","SCHOOLYEAR":"2024-2025","District_ID":2180,"District_Name":"Portland SD 1J","School_ID":831,"Grades":"Grade(s) 6-8","School_Type":"M","County":"Multnomah","Student_Enrollment":426,"Languages_Spoken":10,"Students_Experiencing_Poverty":15,"Teachers":28,"Educational_Assistants":9,"Counselors_Psychologists_Social_Workers":2,"Average_Teacher_Retention_Rate":96,"Experienced_Teachers":96,"Same_Principal_in_the_Last_3_Years":"Yes","English_Language_Arts":65,"Oregon_ELA_Average":43,"Mathematics":61,"Oregon_Mathematics_Average":30,"Science":50,"Oregon_Science_Average":28.000000000000004,"On_Track_to_Graduate":null,"Oregon_On_Track_to_Graduate_Average":null,"On_Time_Graduation_2023_2024":null,"Oregon_On_Time_Graduation_2023_24_Average":null,"Five_Year_Completion_2023_24":null,"Oregon_Five_Year_Completion_2023_24_Average":null,"College_Going_2022_23":null,"Oregon_College_Going_2022_23_Average":null,"OBJECTID_1":198}},{"type":"Feature","id":345,"geometry":{"type":"Point","coordinates":[-122.40646799999996,45.514442000000031]},"properties":{"OBJECTID1":345,"OBJECTID":172,"NCESSCH":"410600001304","LEAID":"4106000","NAME":"Hall Elementary School","STREET":"2505 NE 23rd St","CITY":"Gresham","STATE":"OR","ZIP":"97030","STFIP":"41","LOCALE":"21","LAT":45.514442000000003,"LON":-122.406468,"CBSA":"38900","NMCBSA":"Portland-Vancouver-Hillsboro, OR-WA","CSA":"440","NMCSA":"Portland-Vancouver-Salem, OR-WA","CD":"4103","SLDL":"41049","SLDU":"41025","SCHOOLYEAR":"2024-2025","District_ID":2183,"District_Name":"Gresham-Barlow SD 10J","School_ID":936,"Grades":"Grade(s) K-5","School_Type":"E","County":"Multnomah","Student_Enrollment":359,"Languages_Spoken":19,"Students_Experiencing_Poverty":50,"Teachers":23,"Educational_Assistants":13,"Counselors_Psychologists_Social_Workers":1,"Average_Teacher_Retention_Rate":50,"Experienced_Teachers":50,"Same_Principal_in_the_Last_3_Years":"No","English_Language_Arts":12,"Oregon_ELA_Average":43,"Mathematics":8,"Oregon_Mathematics_Average":36,"Science":17,"Oregon_Science_Average":31,"On_Track_to_Graduate":null,"Oregon_On_Track_to_Graduate_Average":null,"On_Time_Graduation_2023_2024":null,"Oregon_On_Time_Graduation_2023_24_Average":null,"Five_Year_Completion_2023_24":null,"Oregon_Five_Year_Completion_2023_24_Average":null,"College_Going_2022_23":null,"Oregon_College_Going_2022_23_Average":null,"OBJECTID_1":170}},{"type":"Feature","id":346,"geometry":{"type":"Point","coordinates":[-122.95659999999998,45.512000000000057]},"properties":{"OBJECTID1":346,"OBJECTID":9,"NCESSCH":"410002301175","LEAID":"4100023","NAME":"W L Henry Elementary School","STREET":"1060 SE 24th Ave","CITY":"Hillsboro","STATE":"OR","ZIP":"97123","STFIP":"41","LOCALE":"12","LAT":45.512,"LON":-122.95659999999999,"CBSA":"38900","NMCBSA":"Portland-Vancouver-Hillsboro, OR-WA","CSA":"440","NMCSA":"Portland-Vancouver-Salem, OR-WA","CD":"4101","SLDL":"41030","SLDU":"41015","SCHOOLYEAR":"2024-2025","District_ID":2239,"District_Name":"Hillsboro SD 1J","School_ID":1119,"Grades":"Grade(s) K-6","School_Type":"E","County":"Washington","Student_Enrollment":296,"Languages_Spoken":7,"Students_Experiencing_Poverty":46,"Teachers":15,"Educational_Assistants":10,"Counselors_Psychologists_Social_Workers":1,"Average_Teacher_Retention_Rate":80,"Experienced_Teachers":80,"Same_Principal_in_the_Last_3_Years":"Yes","English_Language_Arts":20,"Oregon_ELA_Average":43,"Mathematics":18,"Oregon_Mathematics_Average":35,"Science":12,"Oregon_Science_Average":31,"On_Track_to_Graduate":null,"Oregon_On_Track_to_Graduate_Average":null,"On_Time_Graduation_2023_2024":null,"Oregon_On_Time_Graduation_2023_24_Average":null,"Five_Year_Completion_2023_24":null,"Oregon_Five_Year_Completion_2023_24_Average":null,"College_Going_2022_23":null,"Oregon_College_Going_2022_23_Average":null,"OBJECTID_1":106}},{"type":"Feature","id":347,"geometry":{"type":"Point","coordinates":[-122.78039999999999,45.502500000000055]},"properties":{"OBJECTID1":347,"OBJECTID":66,"NCESSCH":"410192001226","LEAID":"4101920","NAME":"Ridgewood Elementary School","STREET":"10100 SW Inglewood St","CITY":"Portland","STATE":"OR","ZIP":"97225","STFIP":"41","LOCALE":"13","LAT":45.502499999999998,"LON":-122.7804,"CBSA":"38900","NMCBSA":"Portland-Vancouver-Hillsboro, OR-WA","CSA":"440","NMCSA":"Portland-Vancouver-Salem, OR-WA","CD":"4101","SLDL":"41027","SLDU":"41014","SCHOOLYEAR":"2024-2025","District_ID":2243,"District_Name":"Beaverton SD 48J","School_ID":1174,"Grades":"Grade(s) K-5","School_Type":"E","County":"Washington","Student_Enrollment":339,"Languages_Spoken":18,"Students_Experiencing_Poverty":16,"Teachers":22,"Educational_Assistants":10,"Counselors_Psychologists_Social_Workers":2,"Average_Teacher_Retention_Rate":100,"Experienced_Teachers":100,"Same_Principal_in_the_Last_3_Years":"Yes","English_Language_Arts":74,"Oregon_ELA_Average":43,"Mathematics":72,"Oregon_Mathematics_Average":36,"Science":71,"Oregon_Science_Average":31,"On_Track_to_Graduate":null,"Oregon_On_Track_to_Graduate_Average":null,"On_Time_Graduation_2023_2024":null,"Oregon_On_Time_Graduation_2023_24_Average":null,"Five_Year_Completion_2023_24":null,"Oregon_Five_Year_Completion_2023_24_Average":null,"College_Going_2022_23":null,"Oregon_College_Going_2022_23_Average":null,"OBJECTID_1":44}},{"type":"Feature","id":348,"geometry":{"type":"Point","coordinates":[-122.49391899999995,45.415554000000043]},"properties":{"OBJECTID1":348,"OBJECTID":236,"NCESSCH":"410883001898","LEAID":"4108830","NAME":"Adrienne C. Nelson High School","STREET":"14897 SE Parklane Dr","CITY":"Happy Valley","STATE":"OR","ZIP":"97015","STFIP":"41","LOCALE":"21","LAT":45.415554,"LON":-122.49391900000001,"CBSA":"38900","NMCBSA":"Portland-Vancouver-Hillsboro, OR-WA","CSA":"440","NMCSA":"Portland-Vancouver-Salem, OR-WA","CD":"4103","SLDL":"41039","SLDU":"41020","SCHOOLYEAR":"2024-2025","District_ID":1924,"District_Name":"North Clackamas SD 12","School_ID":5649,"Grades":"Grade(s) 9-12","School_Type":"H","County":"Clackamas","Student_Enrollment":1496,"Languages_Spoken":41,"Students_Experiencing_Poverty":14.000000000000002,"Teachers":57,"Educational_Assistants":6,"Counselors_Psychologists_Social_Workers":5,"Average_Teacher_Retention_Rate":86,"Experienced_Teachers":86,"Same_Principal_in_the_Last_3_Years":"Yes","English_Language_Arts":null,"Oregon_ELA_Average":null,"Mathematics":null,"Oregon_Mathematics_Average":null,"Science":null,"Oregon_Science_Average":null,"On_Track_to_Graduate":null,"Oregon_On_Track_to_Graduate_Average":87,"On_Time_Graduation_2023_2024":93,"Oregon_On_Time_Graduation_2023_24_Average":82,"Five_Year_Completion_2023_24":98,"Oregon_Five_Year_Completion_2023_24_Average":87,"College_Going_2022_23":70,"Oregon_College_Going_2022_23_Average":70,"OBJECTID_1":337}}]}