{"type":"FeatureCollection","features":[{"type":"Feature","id":1,"geometry":{"type":"MultiPolygon","coordinates":[[[[-122.99970434312613,45.543761204859265],[-122.99969606874404,45.544043109620709],[-122.99969597621757,45.544045965308825],[-122.99969437541974,45.544100366801167],[-122.99968439603525,45.544440708222432],[-122.9996805844835,45.544551387112428],[-122.9996801389191,45.544564243568622],[-122.99968031858215,45.544564248601723],[-123.00000969666088,45.544568833137205],[-123.00092348901903,45.544581543629221],[-123.00092427055331,45.544581553695423],[-123.00092423911229,45.544577934889112],[-123.00092424090892,45.544577673796489],[-123.00092355100277,45.54448556591128],[-123.000921266587,45.544177872903674],[-123.00091828777353,45.543777973537132],[-123.00091339554849,45.543120102587366],[-123.00091330751358,45.543108500336501],[-123.00091535836741,45.543108527390167],[-123.00118647531002,45.543112269605466],[-123.00121436979622,45.54311265276101],[-123.00147973123285,45.543116312556727],[-123.0017607062874,45.5431201900399],[-123.00217922059848,45.54312597008775],[-123.00217921700525,45.543125888926731],[-123.00217866274468,45.543048505946778],[-123.0021786447784,45.543046939977629],[-123.00217863669356,45.543046471885596],[-123.00217862681211,45.543044788893418],[-123.00219705395349,45.542899590833187],[-123.00226280973401,45.542812571979084],[-123.00243153939549,45.542699022584479],[-123.00233845596576,45.542667451964114],[-123.00228308920153,45.542648671529264],[-123.00211749196544,45.542581642627603],[-123.00207234623251,45.542563369268152],[-123.0018494248032,45.54245840869779],[-123.00108525853369,45.542448176626614],[-123.00065943732611,45.542442470750274],[-123.00023018365579,45.542436714540372],[-122.99987999790014,45.542446275926224],[-122.99974298685302,45.542444446950348],[-122.99973839915688,45.54260074521526],[-122.99973340901546,45.542770753681026],[-122.99972841887404,45.542940762891035],[-122.99972397850159,45.543092041632576],[-122.99970434312613,45.543761204859265]]],[[[-122.93273387329309,45.566959109424545],[-122.9327345901487,45.56695938236205],[-122.93412407099251,45.567483399824184],[-122.93509334060765,45.56784892144784],[-122.93602177550493,45.568201022401787],[-122.93838475613057,45.569097653023391],[-122.94070808691617,45.569979242856469],[-122.9410345858944,45.570103520713644],[-122.94131576576484,45.570210548262338],[-122.94152177461235,45.57027683298513],[-122.94496911700733,45.571582746056301],[-122.94531498995129,45.571721282973243],[-122.9456726568766,45.571861899729306],[-122.94643540290963,45.572141499113165],[-122.9467587496995,45.572260444747407],[-122.94709383387691,45.57238371331934],[-122.94751347647197,45.572537814217249],[-122.94841272600398,45.572869355368738],[-122.94905235882563,45.573105359988027],[-122.94983319513184,45.573393456035362],[-122.94982739201508,45.572625459892905],[-122.95060075254152,45.572908647933836],[-122.95237847267472,45.573560553015],[-122.95304706179122,45.573805683817668],[-122.95525572442746,45.574615423243429],[-122.95583824775323,45.572963979183562],[-122.95616769051063,45.572029970924],[-122.95632276488152,45.57159030655734],[-122.95635165649766,45.571448762214004],[-122.9564685425875,45.571350580390032],[-122.95657388981749,45.571262090707947],[-122.95663310047281,45.571212355721407],[-122.95670538251385,45.571151639864233],[-122.95675767254822,45.571107717165361],[-122.95680996168429,45.571063795060951],[-122.95685609915728,45.571025040123445],[-122.95694068632105,45.570953987763119],[-122.95699275536985,45.570910250418628],[-122.9569802687874,45.570835280209572],[-122.9569114488535,45.57077412501058],[-122.95683446323365,45.570705712858683],[-122.95675028929489,45.57063091405184],[-122.95665730018825,45.570548281585125],[-122.95657486808284,45.570475028908184],[-122.95655329863453,45.57045331537946],[-122.95653684868506,45.570420805125778],[-122.95649027103758,45.570338727624886],[-122.95646719241962,45.570289871583235],[-122.95643410297613,45.570219821940356],[-122.95637923387859,45.570103667865268],[-122.95631741092242,45.569972790180351],[-122.95627289670513,45.56985851713106],[-122.95626007864436,45.569809210410547],[-122.95623623017019,45.569717474024678],[-122.95619682467193,45.569595089436],[-122.95625132276528,45.569477488319599],[-122.95690704710859,45.568471049722675],[-122.95714520037188,45.568095363859264],[-122.95742193178506,45.567667572140863],[-122.95747522164433,45.567585392511212],[-122.95760040816738,45.567391806169603],[-122.95768206861999,45.567265524345316],[-122.95805474369874,45.567098413667786],[-122.95854962379214,45.566866608685551],[-122.9587829746619,45.566759567847171],[-122.95901696782713,45.566652231225767],[-122.95920842037374,45.566564407685568],[-122.9602616977393,45.566143000194877],[-122.9608620193858,45.565939505599623],[-122.96117264872622,45.565894373852075],[-122.96137160040884,45.565846805706791],[-122.96160308996933,45.565791458012001],[-122.96182387161166,45.565679327302938],[-122.96208000914693,45.565549239903895],[-122.96233326848005,45.56542061189333],[-122.96256127527221,45.565304808886232],[-122.96269707808527,45.565095119015403],[-122.96286145630754,45.564906635882672],[-122.96298778997918,45.564646230166638],[-122.96311680691862,45.564447013070243],[-122.96323549053733,45.564263750931147],[-122.96344139607855,45.564139723670642],[-122.9636994605001,45.563984277109128],[-122.96389258211651,45.563867947248426],[-122.96427904274162,45.563645586716277],[-122.96458152885398,45.563541050415168],[-122.96505229816515,45.563378356313734],[-122.96539877298036,45.563258615141507],[-122.96578155051279,45.563126325280237],[-122.96607503370939,45.563126921506978],[-122.9664895352461,45.563127762387964],[-122.96675550574048,45.563128301382022],[-122.96715767700158,45.563129114590012],[-122.96760129024173,45.563130009559067],[-122.96801579267677,45.563130844779621],[-122.96834147149315,45.56313150012587],[-122.96868245041541,45.563132185660827],[-122.96877226218089,45.563132365535139],[-122.9690185919099,45.563132859246039],[-122.96927807926286,45.563188558616694],[-122.96947522263682,45.563230875560571],[-122.96975340842241,45.563290586774535],[-122.96996306442993,45.563346321837749],[-122.97015595428101,45.563397599631948],[-122.97033742115492,45.563445839659011],[-122.97055693347775,45.563596900952248],[-122.97075844086733,45.563735568885775],[-122.97094624266063,45.563864805149542],[-122.97107274341896,45.564004912651697],[-122.97116804119587,45.564110460651222],[-122.97126738228988,45.564220484468727],[-122.97137480642481,45.564339462600536],[-122.97144965046103,45.564422353252318],[-122.97142000785327,45.564484961873774],[-122.97134167386218,45.56455687459745],[-122.97125235437348,45.56463162363287],[-122.97116582954364,45.564685504585782],[-122.97110429494667,45.564718040170995],[-122.97103985429976,45.564768845028532],[-122.97099772331295,45.564821771790029],[-122.97105336496162,45.564909011909407],[-122.97111410634621,45.56485828642149],[-122.97117820922654,45.564799685646456],[-122.97124635093245,45.564748800944805],[-122.97133230982367,45.564681926695357],[-122.9714108701902,45.564615212110589],[-122.97156855506529,45.564494774849081],[-122.9717824888502,45.56430550041005],[-122.97187886730039,45.56422279574582],[-122.97199351389021,45.564134496088606],[-122.97203575716645,45.564084167379065],[-122.97211329704683,45.563994064386087],[-122.97217705677075,45.563927666590196],[-122.97221480667395,45.563859227231802],[-122.97225848366138,45.563756846651259],[-122.9722822297276,45.563706915712764],[-122.97231997963078,45.563638477343275],[-122.97234730997498,45.563585867703551],[-122.97244613902929,45.563474498625531],[-122.97248502080971,45.563432045387856],[-122.97253461859319,45.563372951931925],[-122.97254212132245,45.563260714508878],[-122.97254892875566,45.563158880007428],[-122.97255917493979,45.563005583568064],[-122.97256685373884,45.562890730304268],[-122.97257435377315,45.562778525251346],[-122.9725817855355,45.562667341366989],[-122.97258984162694,45.562546810620411],[-122.97259825884117,45.562420889607473],[-122.97260916977861,45.562257669612244],[-122.97261805860836,45.562124696249406],[-122.97262623866733,45.562002315243966],[-122.97263286823413,45.561903128206417],[-122.97264069256025,45.561786073263988],[-122.97264837046097,45.561671219393929],[-122.97279680268863,45.559450508475308],[-122.97292644126225,45.557345287901555],[-122.97299992794406,45.556255060725718],[-122.9731797392229,45.553587292842195],[-122.97319387780715,45.553377515204822],[-122.97322892917124,45.552885397190899],[-122.97325665028258,45.552496174991958],[-122.97335063562087,45.551176560028843],[-122.97336052786878,45.551037651619964],[-122.97340659078158,45.550390883226946],[-122.9734294942281,45.550018699315558],[-122.97464607273591,45.55001672715624],[-122.97528054114298,45.550015687919498],[-122.97557293198817,45.550012416714026],[-122.97561350349966,45.550011965665114],[-122.97612564561955,45.550006228473514],[-122.97784709977493,45.549987148532757],[-122.97854388341496,45.549979500198596],[-122.97947096365277,45.549969112855813],[-122.9797378657001,45.549966614785127],[-122.97983595993252,45.549965695701431],[-122.98046057382089,45.549959934600132],[-122.98118474170404,45.549953227363929],[-122.9815399957545,45.549950015288239],[-122.98350554912206,45.54993177514875],[-122.98360121071666,45.549930886889349],[-122.9840525422817,45.549926617330676],[-122.98409503798452,45.549926212203829],[-122.98448347490327,45.549922624566449],[-122.98494822190878,45.549918359410682],[-122.98524081846818,45.549915678904817],[-122.98632803508349,45.549905546327317],[-122.98757704007811,45.549895386068449],[-122.98855136720832,45.549887449603482],[-122.98878463453478,45.549885533427634],[-122.98952886179821,45.549879420033598],[-122.9908625527713,45.549868604269086],[-122.99193214444075,45.549857431814303],[-122.99232055710499,45.549853296244059],[-122.99478942394978,45.549827531647075],[-122.99542123963184,45.549820916240783],[-122.99549625524627,45.549816549795409],[-122.99550784261511,45.549336110400382],[-122.99551564538167,45.5490126972133],[-122.99551622030344,45.54898872891053],[-122.99552647996229,45.548555989825275],[-122.99554011010012,45.548022160523324],[-122.9955540205123,45.547450433811825],[-122.99556569052613,45.547005483152006],[-122.9956255371887,45.544503403281304],[-122.99577885086161,45.54450997716107],[-122.99594960802071,45.544512318818541],[-122.99626647077085,45.544516673093135],[-122.99708761807716,45.544527932172443],[-122.99733983087293,45.544531383001782],[-122.99811989552632,45.544542177773423],[-122.99826614664445,45.544544292310256],[-122.99835304068189,45.544545545555479],[-122.99835531880943,45.544416859394282],[-122.99841735107307,45.542988447948211],[-122.9983980328029,45.542412562234652],[-122.99816099794214,45.542408864643299],[-122.99777213252699,45.542403643218591],[-122.99732870254319,45.542397781305283],[-122.99714895863798,45.542395369093491],[-122.99634294075774,45.542384547484794],[-122.99589728924022,45.542378552816011],[-122.99583625769984,45.542376555851263],[-122.99583126127024,45.542630589456436],[-122.99588962661086,45.542631374648842],[-122.99637741720002,45.542637966993198],[-122.99678956335407,45.54264353569269],[-122.99693838814551,45.542645155151682],[-122.99714099058143,45.5426482864831],[-122.9971330063552,45.542901370090817],[-122.99712604261509,45.543016510212993],[-122.99712441576611,45.543068336938063],[-122.99711935825108,45.543334552848755],[-122.9958686572372,45.543316039397567],[-122.99586508643394,45.543430908135292],[-122.99586397881119,45.543466600526045],[-122.9958626924237,45.543508427114631],[-122.99586175817579,45.543538461506543],[-122.99631957108562,45.543544912814816],[-122.99644510166343,45.543546687647982],[-122.99645569010568,45.543546836127497],[-122.99645365003167,45.543612580413182],[-122.99644463453947,45.543903295857042],[-122.9958523186788,45.543895352883652],[-122.99585162607772,45.543917288699525],[-122.99585093617159,45.543939223877629],[-122.99584511688515,45.54412695128115],[-122.99578658086463,45.544126135281566],[-122.99577805315764,45.54440033564277],[-122.99562860583367,45.544395468609309],[-122.99564021116885,45.54408222605565],[-122.99569287130913,45.542621233837451],[-122.99569385676099,45.542593835769409],[-122.99570189308953,45.542370174246088],[-122.99570966172008,45.542154115932945],[-122.99575233888264,45.540994581355733],[-122.99587900313429,45.540996860870884],[-122.99593990172407,45.540997712149888],[-122.99624357001933,45.541001960994699],[-122.9967554570177,45.541009120420163],[-122.99702860954272,45.541012940793372],[-122.99750077303923,45.54101954150682],[-122.99777392646261,45.541023359991804],[-122.99821487350297,45.541029521537403],[-122.99844900500874,45.541032792636443],[-122.998617149867,45.541035141988829],[-122.99863388098916,45.540544965790723],[-122.99852622239393,45.540543460782679],[-122.99831550547604,45.540540513055774],[-122.99812055488972,45.540537786172251],[-122.99800349003516,45.540536149035432],[-122.99788642518058,45.540534510640136],[-122.99776936122434,45.540532873503182],[-122.99765229636976,45.540531235737028],[-122.99753523241351,45.540529596712432],[-122.99741816755898,45.540527958946143],[-122.99730110270441,45.540526319921462],[-122.99718403874816,45.540524682155066],[-122.99706697389358,45.540523043759478],[-122.99694990993733,45.540521404734648],[-122.99683284508276,45.540519766338917],[-122.99671578112651,45.540518127313995],[-122.99659871627198,45.540516488289015],[-122.99648165231572,45.540514849264],[-122.99636458925778,45.540513209609749],[-122.99624752440322,45.540511569955434],[-122.99613046044693,45.54050993093027],[-122.99595057191299,45.540507411046953],[-122.99590612506935,45.540506788783624],[-122.99577063936158,45.540504248766247],[-122.99577077410889,45.540500542240814],[-122.99579178660169,45.539404068183678],[-122.99579579218955,45.539140045298474],[-122.99579104998315,45.538558442838514],[-122.99579029270338,45.538465532919794],[-122.99573842936874,45.538279515050064],[-122.99566845599803,45.538109022982695],[-122.99555604351832,45.537949913491659],[-122.99536327314318,45.537739550838431],[-122.99506922760123,45.537472978095458],[-122.99503184331235,45.537439085240443],[-122.99336899165287,45.536206086850115],[-122.99303191770713,45.536032160426956],[-122.99301144510181,45.536021594950405],[-122.99298706123172,45.536014156768189],[-122.99264504924685,45.535909754688447],[-122.99260307726185,45.535898354822081],[-122.99190648136971,45.535799457093269],[-122.9918814075935,45.535796139126234],[-122.99121920460034,45.535708371181698],[-122.99115833475669,45.535700255897773],[-122.99100930874263,45.535655143279321],[-122.99071317192269,45.535565504385211],[-122.99065976528244,45.535549682780896],[-122.99054588405723,45.535490096253348],[-122.99026020003396,45.535340606758012],[-122.99023616830348,45.535328028834641],[-122.99016622188219,45.535291130682083],[-122.99005656633209,45.535194380123819],[-122.98990418690705,45.535058421764994],[-122.98984227681433,45.534958826612439],[-122.9897420652528,45.534797583865654],[-122.98968573639289,45.534706951907737],[-122.98968045968891,45.534690618482031],[-122.98963309781222,45.534544201382367],[-122.98961628943492,45.53451026586076],[-122.98974549142729,45.53450978007865],[-122.98996429408105,45.534508957646963],[-122.99051776858548,45.534506874195245],[-122.99086589450415,45.53450556157658],[-122.99103315362353,45.534504931066522],[-122.99116724065442,45.534505139348781],[-122.99145255547013,45.534505580454116],[-122.99168327697107,45.534506061202258],[-122.9918955901952,45.534506504824591],[-122.99215841568777,45.534507051644177],[-122.99255556177322,45.534507877222147],[-122.99284518490902,45.534435376076274],[-122.99288142564251,45.534432871652015],[-122.99299134978891,45.534438222813648],[-122.9931327796489,45.534439624158445],[-122.99314448649369,45.534439740570114],[-122.99471185622164,45.534455251636231],[-122.99522693583251,45.534460344802383],[-122.99522554793538,45.534530572431322],[-122.99573445162869,45.53453069387681],[-122.99573581077971,45.534462342677564],[-122.99579434320701,45.534462917184612],[-122.99597470066153,45.534464687270464],[-122.99615064828633,45.534466413937899],[-122.99620917981531,45.534466987815655],[-122.99638512833842,45.534468714483012],[-122.9965679435836,45.534470507221755],[-122.99676505641482,45.534510846659849],[-122.99714251412412,45.534514554209387],[-122.99714365408624,45.534456963201876],[-122.99780177872802,45.534462717711733],[-122.9979562027186,45.53457684440253],[-122.99896273085849,45.534586395169271],[-123.00053210203288,45.534601267505685],[-123.00200952434975,45.534615250078254],[-123.00213549061046,45.53452764767146],[-123.00227436027193,45.534464009566094],[-123.00235989156506,45.53442481344603],[-123.00248227803938,45.534366783127986],[-123.00251511775122,45.534350063871216],[-123.0025450316502,45.534334834681673],[-123.00259975701731,45.534306968186449],[-123.00262066530554,45.534296321212047],[-123.00270590913777,45.534252909600362],[-123.00283240630282,45.534189351728706],[-123.0029063843631,45.534116494013382],[-123.0030005170251,45.534021393233743],[-123.00307047781942,45.533950711903351],[-123.00311007645549,45.533910715009128],[-123.0031451251246,45.533863423090715],[-123.00316902839599,45.533831180494509],[-123.00320012268124,45.533793547643256],[-123.00321400255066,45.533770487165945],[-123.00323402420175,45.53374348436509],[-123.00324800917409,45.53372461474077],[-123.00325980135884,45.533708700117266],[-123.00328652803515,45.533672639706907],[-123.0033002201567,45.533654169010333],[-123.00331239143051,45.533637751587101],[-123.00332835898469,45.533614147364013],[-123.0033359129179,45.533595684199348],[-123.0033530752314,45.533557013537219],[-123.00338151679161,45.533493790276239],[-123.00338748789329,45.533471791872095],[-123.00341140733438,45.533411214569483],[-123.00342416610636,45.533380039575206],[-123.00343463956425,45.533351521947395],[-123.00344173805163,45.533298914157371],[-123.00344672639639,45.533261948600575],[-123.00345720165092,45.533184343128184],[-123.00345927765756,45.533130048746472],[-123.00345891383986,45.533101237753371],[-123.00345823201856,45.533048255944088],[-123.0034578466413,45.533018204621598],[-123.00345758792649,45.532997936519543],[-123.00350765552886,45.532953189855569],[-123.00355783901389,45.532908336809498],[-123.00361396126127,45.532858177094312],[-123.00386549043914,45.532795584835398],[-123.00401975273299,45.532800243955151],[-123.00414134599491,45.532803914490493],[-123.00418005619714,45.53280508241663],[-123.0042432257279,45.532806988477105],[-123.00427861396021,45.532808056978439],[-123.00432696937364,45.532809518773831],[-123.00436163895371,45.532810565250657],[-123.00440095551875,45.532804584034352],[-123.0044405137306,45.532798566319713],[-123.00449316578604,45.532790556333367],[-123.00454619872716,45.532782488452973],[-123.00462527742161,45.532770456793912],[-123.00466669514611,45.532763045240316],[-123.00469486721171,45.532751231934178],[-123.00472557791635,45.532739252497947],[-123.00474538217512,45.532731528192365],[-123.00478560873353,45.53271584548898],[-123.00477636147598,45.532669215818572],[-123.00475663267572,45.532560525324314],[-123.00476075773949,45.532541387232577],[-123.00476368445069,45.532521462542178],[-123.0047660290536,45.532502617049516],[-123.00476685280869,45.532479960036895],[-123.00476657522927,45.532454023236696],[-123.00476559247237,45.53243175572554],[-123.00476465732616,45.532410563007268],[-123.0047617638526,45.532388768064621],[-123.00475875449641,45.532365330704565],[-123.00475280225933,45.53234405678468],[-123.00474726145065,45.532325102367871],[-123.00474018452284,45.532298341773625],[-123.0047224311179,45.532245340958951],[-123.00471749846868,45.532226626892673],[-123.00471235920695,45.532202341828544],[-123.00470654081883,45.53217585868736],[-123.00470200971654,45.532148671371729],[-123.00469127215396,45.532088599213182],[-123.00468783879295,45.532064571464488],[-123.00468596850051,45.532043002298927],[-123.00468603407752,45.532027077131055],[-123.00468900031461,45.53200556206918],[-123.00469418808538,45.531986009722559],[-123.00470512866721,45.531961942285392],[-123.00470168272977,45.531925087861708],[-123.00474127417931,45.53187570128518],[-123.00477154021785,45.531837932459155],[-123.00480968268481,45.531794330165269],[-123.00485404868006,45.531743461513805],[-123.00487125141777,45.531723826640011],[-123.00491940560858,45.531670691875867],[-123.00501728244868,45.53154421461165],[-123.00512636217866,45.531459741263497],[-123.00516789309088,45.531427579725616],[-123.00522166085391,45.531249876010868],[-123.00522607697182,45.531205711935762],[-123.00523316647605,45.531134716197769],[-123.00518058808248,45.531070908749733],[-123.00508072596561,45.53102409459197],[-123.00495314902557,45.53096428868097],[-123.00487156313316,45.530933917194155],[-123.0048028276409,45.530908328308556],[-123.00474900238568,45.53088828347412],[-123.00469064872316,45.530866562198028],[-123.00459808811289,45.530806092215556],[-123.00454045310258,45.530768439719829],[-123.00448256656398,45.530730621065338],[-123.00445611387383,45.530698338286072],[-123.00439565366196,45.530624547208824],[-123.0043429656739,45.530560246443507],[-123.00429850715217,45.530505975958874],[-123.00428411703963,45.530488410409212],[-123.00422591788731,45.530417378525087],[-123.00422308190596,45.530387057086763],[-123.00421578758585,45.530308821495353],[-123.00425030714727,45.530262101727423],[-123.00429888624122,45.530196350641198],[-123.0043900329032,45.530156895421548],[-123.0044269491698,45.530140915599816],[-123.00451584555201,45.530102433869644],[-123.00460000511772,45.530066002376486],[-123.00470224866841,45.530053048839143],[-123.00479780516011,45.530040939821362],[-123.00493966171989,45.530022966338969],[-123.00505719639338,45.529998655151275],[-123.00514386225872,45.529980733887434],[-123.00521025943631,45.529967003771404],[-123.0052596586921,45.529923380518639],[-123.00537134353641,45.529905533488609],[-123.00545702933981,45.529886020058001],[-123.00560694738094,45.529813314093737],[-123.00571235120478,45.529778730680412],[-123.00580807568147,45.529747323976359],[-123.00593669466723,45.529697030546458],[-123.00606433628595,45.529636188645306],[-123.00614321914769,45.529593713620336],[-123.00618531869344,45.529571045366971],[-123.00625790705999,45.529526988214464],[-123.00634933579299,45.529471896744781],[-123.00645004232625,45.529342664454482],[-123.0064472135314,45.529278582482156],[-123.00647776433591,45.529213098332555],[-123.00648572700257,45.529196033939932],[-123.00653034722106,45.529100401252229],[-123.00656491439317,45.529026310413563],[-123.00658474739802,45.528985248994999],[-123.0066149909787,45.528922660606973],[-123.00665433988311,45.528862844909717],[-123.00667699719118,45.528828400619901],[-123.00671709349388,45.528767125439252],[-123.00673709807697,45.528736550755482],[-123.00677277916003,45.528681577452446],[-123.00678347180687,45.528665102568482],[-123.00681467568658,45.528617023368255],[-123.00683073486893,45.528592276084972],[-123.0068501312925,45.528548294942659],[-123.00688452419149,45.528470323624887],[-123.00690531839371,45.528423191384135],[-123.00691457283773,45.528402211753445],[-123.00694606687328,45.528330800271682],[-123.00694373933838,45.52827808646456],[-123.00693887855439,45.52816802814781],[-123.00693455047134,45.528070021162641],[-123.00687746163675,45.528014847083099],[-123.00684318012885,45.527990036602446],[-123.00680309640255,45.527966388473601],[-123.00675322642955,45.527950847298222],[-123.00671205843672,45.527938017880118],[-123.00667071257747,45.527941196600665],[-123.00659598711886,45.527946941707988],[-123.00650750486001,45.527958171380511],[-123.00643325281357,45.527989724457548],[-123.00638305136222,45.528025045909288],[-123.0063613148273,45.528040339739881],[-123.0063034570348,45.528100596208709],[-123.00626544482357,45.528167972138107],[-123.00623793032473,45.528236091845088],[-123.0062152379823,45.528292304716636],[-123.00620807212131,45.528310050937954],[-123.00617291565432,45.528397107969539],[-123.0061360730496,45.528455005997095],[-123.00609965983955,45.528494186768931],[-123.00604060099951,45.52855771898156],[-123.00599864428585,45.528597255246318],[-123.00593791008781,45.528654485991858],[-123.00590484220388,45.528685643467412],[-123.00586864189457,45.528719752419072],[-123.00582395430243,45.528759240112606],[-123.00577003562243,45.528805710032074],[-123.0057185765297,45.528843282660105],[-123.00567324754049,45.528876382725009],[-123.00564186669267,45.528899294173669],[-123.00556554852106,45.528922960789707],[-123.00551523028875,45.52892367946631],[-123.00545179485665,45.528927277254205],[-123.00540805588547,45.528903798175548],[-123.00536591861042,45.52880576037731],[-123.00533659041304,45.52872426902168],[-123.00532456197138,45.528690861760765],[-123.00530640252792,45.528640438376215],[-123.00530182830646,45.528536782824027],[-123.00532183738112,45.528462876892092],[-123.00532893317356,45.52843665945084],[-123.00535480375541,45.528341072041734],[-123.00538074440588,45.528245215120613],[-123.00539764530963,45.528098229953457],[-123.00544370552751,45.528010954083811],[-123.00545757731213,45.527984670982143],[-123.0055903887353,45.527733014885712],[-123.00554673779902,45.527672919760377],[-123.00546132867673,45.527639447054206],[-123.00540937640895,45.527642428811859],[-123.00536008135771,45.52764525575455],[-123.00531598755198,45.527663367190293],[-123.00525841452541,45.527695852467026],[-123.00523409533406,45.527709571180225],[-123.00520118106205,45.527750575631948],[-123.00514342837243,45.527822513967173],[-123.00509721544095,45.527851798400171],[-123.00505523806603,45.527878398114701],[-123.00500861370618,45.527907943688703],[-123.00496515051779,45.527904921038981],[-123.00488382693342,45.527886231330825],[-123.00480729765773,45.527848495068071],[-123.00469912342953,45.527795153999655],[-123.00463613535844,45.527716242052001],[-123.00464825093667,45.527604453869955],[-123.00464502778144,45.527451867246384],[-123.00464331738915,45.52737101584728],[-123.00464185223692,45.527301503010079],[-123.00464059729046,45.527242293524303],[-123.00463952560033,45.527203261661768],[-123.00463871981151,45.527173896336429],[-123.00463711991202,45.527110931478944],[-123.00463544904558,45.527043736161232],[-123.00463365241502,45.526971385873722],[-123.00460820493963,45.526889997589137],[-123.00459631394023,45.526851969904229],[-123.00458280238004,45.526808755193059],[-123.00457325059361,45.52675020347651],[-123.0045638937416,45.5266928537364],[-123.00455036062186,45.526609901768587],[-123.00456089606352,45.526554909394939],[-123.0045644974095,45.526536105327594],[-123.00456857216761,45.526520344117124],[-123.00457868001121,45.526481249448821],[-123.0045842890918,45.526459561713963],[-123.00459535274285,45.526387276756083],[-123.00460231558462,45.526338610319968],[-123.00461128256779,45.526296849626952],[-123.00462194646853,45.526247125814834],[-123.00463245316408,45.526198133886361],[-123.00464035115208,45.526161303377144],[-123.00464527481815,45.526138339206959],[-123.00466236616474,45.5260586527274],[-123.0046786382478,45.525982739699067],[-123.00470027147647,45.525933699080596],[-123.00472513684353,45.525877283089947],[-123.00474915869256,45.525822801660539],[-123.00479667148625,45.525715031261491],[-123.00483809639725,45.525621086238871],[-123.00486532792677,45.525580367848406],[-123.00490372102368,45.52552295083369],[-123.00492435802073,45.525492088031235],[-123.00495884524281,45.525440508804635],[-123.00505973413404,45.525418566409797],[-123.00517143424973,45.525394263931005],[-123.00525913317765,45.525385392563827],[-123.00530800691901,45.525380455914288],[-123.00536547394435,45.525374638169112],[-123.00540102297509,45.525371045188798],[-123.00546172932538,45.525364905213493],[-123.00553458718647,45.525357536738838],[-123.00559649188934,45.52535128096094],[-123.00567584277333,45.525314908067209],[-123.00571099924029,45.525298798481487],[-123.00573254802732,45.52528892327863],[-123.00589323507209,45.525270726744857],[-123.00592470485313,45.525262523733211],[-123.00606635839365,45.525195074465181],[-123.00616686909416,45.525128567262918],[-123.00624235183253,45.525025741025985],[-123.0062772971954,45.524933052940156],[-123.00637739826415,45.524857300138201],[-123.00643924008496,45.524754761652602],[-123.00656543541606,45.524651000130191],[-123.00661443312491,45.52456708914945],[-123.00667634411596,45.524510516335503],[-123.00670198562744,45.524473307103044],[-123.00670039021952,45.524436422597951],[-123.00664433175251,45.524355316377402],[-123.00664167004433,45.524299819565847],[-123.00670358732359,45.52424341767076],[-123.00676825165101,45.52420513267387],[-123.00685665665473,45.524129624974442],[-123.00689119957238,45.524027862432938],[-123.00688916488826,45.523981777516575],[-123.00692492592141,45.523907589935838],[-123.00692423332031,45.523891922394441],[-123.00692086284137,45.523815581616653],[-123.00691901949838,45.523773849889849],[-123.00687659027089,45.523697011118202],[-123.00683516356327,45.523642864291858],[-123.00680508617091,45.52355532283682],[-123.00682867233701,45.523495858287454],[-123.00694942208088,45.52348986538118],[-123.00719752508425,45.523492527007065],[-123.00735132923732,45.523429070262978],[-123.00744069543842,45.523392207730723],[-123.00755486592111,45.523345107738912],[-123.00754093215274,45.523184210581476],[-123.00753688344577,45.523137485525254],[-123.00753069764671,45.523066122115829],[-123.00740067459418,45.522948640754819],[-123.00733132645087,45.522885982082435],[-123.00735204609289,45.522818946616077],[-123.00745983853709,45.522767521025521],[-123.00761102859268,45.522695387410593],[-123.0077500949852,45.522609448153247],[-123.00790889556784,45.522511318823391],[-123.00797984271237,45.522467475797193],[-123.0080458437329,45.522403286549306],[-123.00811437530761,45.522336630028569],[-123.00818646780414,45.522266528156578],[-123.00824688399858,45.522207781636773],[-123.00827505157262,45.522180393133389],[-123.0083659053838,45.522092029306968],[-123.00839926611852,45.522059593033511],[-123.0084319315572,45.522027830819283],[-123.00845885676122,45.522001645624727],[-123.00854745400441,45.521915476208854],[-123.0087794582996,45.521896537788862],[-123.00889508225643,45.522025595221947],[-123.00902881355447,45.522047071932114],[-123.0091954411582,45.522073826704023],[-123.00938555790999,45.522171295308624],[-123.0096665886601,45.522303040857238],[-123.00982907862364,45.522446639333481],[-123.00992087476759,45.522502745959883],[-123.01001763320515,45.5225618773554],[-123.01016954999781,45.522644132899629],[-123.01031240009428,45.522739459984081],[-123.0104344640734,45.522810295756031],[-123.0105386596632,45.522829754996863],[-123.01056036655375,45.522833795630191],[-123.01081490778274,45.522848016517159],[-123.01095768870894,45.522852530444361],[-123.01098495437444,45.522853393326912],[-123.01104832063628,45.522829573734832],[-123.0110869257356,45.522815060180392],[-123.0111835799686,45.522782568308727],[-123.01128875292544,45.522736219290067],[-123.01132070869504,45.522722052501791],[-123.01134483744356,45.522704970405385],[-123.01136115444238,45.522693414292824],[-123.01138694776913,45.522675159645544],[-123.0114695703174,45.522645742235092],[-123.01150085774044,45.522630096370726],[-123.01155750190898,45.522599764440663],[-123.01157681478928,45.522583458968128],[-123.01164198846146,45.522528441259247],[-123.01173087226725,45.522450634049093],[-123.0117490954911,45.522434687283706],[-123.01176786848391,45.522418433373034],[-123.01178549702306,45.522403718308723],[-123.01202709352881,45.522489360180792],[-123.01211801740861,45.522522351324547],[-123.01225439873674,45.522580087353056],[-123.01233573489752,45.522609862917747],[-123.0125851557294,45.522688961403084],[-123.01269690704906,45.522722185931023],[-123.01272355197871,45.522728976347686],[-123.01274946208643,45.522734402260738],[-123.01282812935249,45.522749263255406],[-123.01287349337603,45.522758268467442],[-123.01290393638268,45.522766245266482],[-123.01295831859339,45.522785411230245],[-123.01300100473904,45.522801627271924],[-123.01308104912242,45.522833456393208],[-123.01317264224711,45.522870420622013],[-123.0132086709782,45.522891882533941],[-123.01322603361604,45.522902225158504],[-123.01325779445119,45.52292116072249],[-123.0133266952335,45.522972179592784],[-123.01334232142786,45.52298349585412],[-123.01337877865537,45.523008572253246],[-123.01340556192555,45.523027021900099],[-123.01342979937023,45.523043818160303],[-123.01345668864163,45.52306246793826],[-123.01347881055382,45.523079638039214],[-123.01349158280055,45.523092736680958],[-123.01350590194617,45.52311308450723],[-123.01351692876628,45.523133814988476],[-123.01352192160262,45.523149689806537],[-123.01352691623562,45.523177828686272],[-123.01352772292273,45.523200886583538],[-123.01352735012188,45.523224442938556],[-123.01352781634753,45.52324088354149],[-123.01352711386498,45.523264071694008],[-123.01352709320372,45.523285003520265],[-123.01352704738963,45.523322446408002],[-123.0135265452314,45.523345260677374],[-123.01352600714053,45.523369525649407],[-123.01352505672295,45.523412866989645],[-123.01351516717001,45.523614436132945],[-123.01356712033615,45.523784970884805],[-123.01359389911475,45.523815606162117],[-123.01366066460163,45.52389199162517],[-123.01379719594841,45.523967038945109],[-123.0139760172838,45.523994338466991],[-123.01400228581936,45.523995816855042],[-123.01417388829312,45.524005439907967],[-123.0143206182133,45.524024866008247],[-123.01439030771644,45.524025560201999],[-123.01441927299446,45.52402573642528],[-123.01445816645298,45.524025965515499],[-123.01451054542058,45.524026563415823],[-123.01463396136421,45.524031210674586],[-123.01469581576141,45.524033116403025],[-123.01478283017308,45.524035749052224],[-123.01482523963764,45.524036715762477],[-123.01485254123575,45.524036204085782],[-123.01488783424666,45.524034234161839],[-123.01492062005956,45.524032180531776],[-123.01498489272151,45.524028112292342],[-123.01504159168731,45.524024521743499],[-123.01506484906999,45.524022770210124],[-123.01510712738055,45.524019119870921],[-123.01514464641672,45.524014689743403],[-123.01518149800459,45.524008882556295],[-123.0152743900932,45.523991832319091],[-123.01532408309806,45.523982602619675],[-123.01538762273475,45.523970808238495],[-123.01545139234013,45.523958699170151],[-123.01549584816692,45.523949776597675],[-123.01551834467658,45.523945016674979],[-123.01554854962968,45.523938193677871],[-123.01559139208221,45.523927977747078],[-123.01562489744569,45.523918619645698],[-123.01566436762262,45.523906439447273],[-123.01570313801199,45.52390044092045],[-123.0157449626733,45.523894555679583],[-123.01580210001694,45.523887128480887],[-123.01584880702181,45.52388218981168],[-123.01587492643704,45.5238788453374],[-123.01594740970067,45.523871920374248],[-123.01601377992881,45.52386619058494],[-123.01607778938437,45.523860678557313],[-123.01612110435076,45.523857663871929],[-123.01619820046338,45.523851501074134],[-123.01623166001276,45.523849049045729],[-123.01625604927273,45.523847416457954],[-123.01628174558144,45.523846218765399],[-123.01630881271926,45.523845333240672],[-123.01633258573494,45.523844812751015],[-123.0163597489925,45.523844734079702],[-123.0163926399083,45.523845126807068],[-123.01642741908286,45.523846236387755],[-123.01646832476762,45.523848577017645],[-123.01650923314735,45.523853836039478],[-123.01654254806796,45.523860839676196],[-123.01659707311079,45.52387783960345],[-123.01662934598568,45.523890789527933],[-123.01665126847186,45.523901112458397],[-123.01668277598215,45.523918346499151],[-123.01670976406824,45.523940793604297],[-123.01672125172408,45.523955805958344],[-123.01673245102073,45.523976595289746],[-123.01674146830955,45.524003860191733],[-123.01674435908814,45.524030696480359],[-123.01674346167118,45.524054384025916],[-123.01673540378306,45.52408754669878],[-123.0167224815177,45.524114948119767],[-123.01671187061756,45.524134223134041],[-123.01668543140214,45.524174855089193],[-123.01666785047371,45.524198917047322],[-123.01663601597667,45.524239469026227],[-123.01661645066977,45.524262971450199],[-123.01660149282199,45.524280620132231],[-123.01658082977382,45.524304479389379],[-123.01652815705712,45.524364960137845],[-123.01649618332121,45.524401815109677],[-123.01646676439398,45.524435616382426],[-123.01641782507561,45.524491036907008],[-123.0163557874221,45.524559843295997],[-123.01631168373491,45.52460878441417],[-123.0162796920327,45.524643793937358],[-123.016250875875,45.524675295377797],[-123.01620681440862,45.524723766892222],[-123.01617753382196,45.524756367780867],[-123.01609809759802,45.524845270559908],[-123.01606017342165,45.524888008466569],[-123.01599430984335,45.524965595177179],[-123.01596377520852,45.525003138273028],[-123.01592502817536,45.525053897848082],[-123.0159029008733,45.525083190645425],[-123.01588273189854,45.525112440631204],[-123.01586258538168,45.525142212338196],[-123.01582945820893,45.525196971343199],[-123.01580951560962,45.525233067396918],[-123.0157813201878,45.525289293968505],[-123.0157674376234,45.525320224852507],[-123.01575705669198,45.52535130424701],[-123.01574659850543,45.525382628442905],[-123.01573926825272,45.525409707004229],[-123.01573408946508,45.525431129556864],[-123.01572986558662,45.525449271914432],[-123.01572586089709,45.525469868112005],[-123.0157207943989,45.525503328892817],[-123.01571705561069,45.525541127775959],[-123.015715563509,45.525562226162485],[-123.01571513501263,45.525577828415528],[-123.01571503260466,45.525596907200331],[-123.01571573957879,45.525616625399294],[-123.01571770239771,45.525644382288],[-123.01572078182248,45.525668712350154],[-123.01572516200781,45.525693130510838],[-123.01573469043802,45.525734442296383],[-123.01575030944588,45.525780247604679],[-123.01576348952771,45.525810046020233],[-123.01577499245492,45.525831751627287],[-123.01580130590622,45.525873802795047],[-123.01582338380096,45.525900912587289],[-123.01584068894661,45.525920023988625],[-123.01586183528839,45.525940555191099],[-123.01587959498157,45.525955777213454],[-123.01592332496961,45.525991127004339],[-123.01597914358641,45.526036250521599],[-123.01600454165442,45.526056787345766],[-123.01607194584346,45.526111325818974],[-123.01611327463472,45.526144216660917],[-123.01614291185258,45.526167910868665],[-123.01620490998023,45.526216364734104],[-123.01633633979453,45.526319123343015],[-123.01644672028505,45.526387368010717],[-123.01667834908443,45.526504910788887],[-123.01679180450819,45.526576345986292],[-123.01689772127006,45.526642968534112],[-123.01712846522889,45.526828616456157],[-123.01722607616765,45.526917035776648],[-123.01727994005043,45.526983321855639],[-123.0172993292875,45.527008113270924],[-123.01731360890726,45.527034547869306],[-123.01734939239829,45.527100751996372],[-123.01736695985198,45.527159961631085],[-123.01737186555177,45.527224828907329],[-123.01737092052409,45.527250021101089],[-123.01736896668832,45.527278169887239],[-123.01734933131287,45.527341708508025],[-123.0173122246034,45.527402470448678],[-123.01718193205629,45.527539346627641],[-123.01692764594881,45.527797170991391],[-123.01688953132964,45.527836239572032],[-123.01683337045471,45.527899569885058],[-123.01681571766103,45.527919429504337],[-123.01679851492335,45.527938765518222],[-123.01677491168925,45.527986713140066],[-123.01676777906592,45.528038224582311],[-123.01677194635052,45.528088034916493],[-123.01680899916103,45.52823042857905],[-123.01681669323145,45.528260958856109],[-123.01686553014187,45.528393830471551],[-123.01692092924543,45.52853169856116],[-123.0169560156438,45.528596784516736],[-123.01698237490919,45.528627680228276],[-123.01700235433943,45.52865134255341],[-123.01720361469231,45.528875528745253],[-123.01722667983555,45.528903192775303],[-123.01724139873147,45.528922919884323],[-123.01726517713705,45.528954789594231],[-123.01728457356064,45.528990996512974],[-123.01729751019907,45.52901713566105],[-123.0173043355986,45.529035303922498],[-123.0173193168026,45.529075201706121],[-123.01732855328034,45.52911723534578],[-123.01732987021053,45.529150138274993],[-123.01732914616842,45.529175824874358],[-123.01732112870449,45.529217151722904],[-123.01731614574963,45.529242837662352],[-123.01730823338859,45.529259665420156],[-123.01728262152155,45.529304267764275],[-123.01726638087952,45.529323060837321],[-123.01725478901909,45.529336350593987],[-123.01722417712915,45.529367688303537],[-123.01718098253703,45.52940124682587],[-123.01711084028304,45.529447121518778],[-123.01702986704163,45.529491945230539],[-123.01695637407158,45.529524074521916],[-123.01688575840544,45.529554951474246],[-123.01650082581462,45.529656163443754],[-123.01635072451715,45.529716050038132],[-123.01632686795816,45.529726600966697],[-123.01623913040268,45.529763596536576],[-123.01620881944837,45.52977879172294],[-123.01618463680089,45.529789484233198],[-123.01615503461736,45.529805049443375],[-123.01612502998856,45.529820804069757],[-123.01607901917801,45.529850799834144],[-123.01603243254736,45.529881717511763],[-123.01598911308943,45.529914337436772],[-123.01596324789745,45.529942870652107],[-123.01592834565371,45.529985636150975],[-123.01591283624035,45.530012164374611],[-123.01590339045511,45.530038739783386],[-123.01589832665186,45.530057126082397],[-123.01589026786546,45.5300755778227],[-123.01587693237506,45.530107757124767],[-123.01587601250023,45.530149009660427],[-123.01587302919515,45.530201911133396],[-123.01590425463444,45.530355028346669],[-123.01591524372527,45.530408329229658],[-123.01593555463387,45.530428911654909],[-123.01597084674643,45.530459918374952],[-123.01600604543421,45.530490854596671],[-123.01603905762261,45.530519859491612],[-123.01607646886092,45.530552737057789],[-123.01609863479054,45.530572218792294],[-123.01612813007459,45.530598139469383],[-123.01618203527983,45.530621095525909],[-123.01620988395197,45.530632952700813],[-123.01623438550135,45.530643383891359],[-123.01628880094968,45.530666565846111],[-123.0163641983481,45.530699885720281],[-123.01639433502928,45.530711109179549],[-123.01642675163458,45.530718546804621],[-123.01645563516594,45.530721731031633],[-123.01648487263347,45.530721892130863],[-123.01651383431825,45.53071902506796],[-123.01654187073825,45.53071320787496],[-123.01656839888692,45.530704551306613],[-123.01659281060475,45.530693249813559],[-123.0166146064285,45.530679547560403],[-123.0166344142805,45.530662620798878],[-123.01665063515961,45.530643098820846],[-123.01666136104409,45.530623260929914],[-123.01666907308082,45.530595413362313],[-123.01676808628974,45.530455756835096],[-123.01699066995251,45.530279066367413],[-123.01715980205927,45.530219104227271],[-123.01726422851611,45.530182057354367],[-123.01731812204324,45.530166049850543],[-123.01735054134355,45.530158542300128],[-123.01738260580929,45.530152573387774],[-123.01741222146757,45.530148287853031],[-123.01745763939002,45.53014390792292],[-123.01750291807362,45.530142177347003],[-123.01754532753817,45.530142760708401],[-123.01758126823438,45.530145051990907],[-123.01765304452388,45.530163159475229],[-123.0176784354054,45.530171902970274],[-123.01770265129051,45.530182175662738],[-123.01772779423699,45.530195164411161],[-123.01774724006796,45.530207350799543],[-123.01777018843019,45.530224565287917],[-123.01778943124191,45.530241680971066],[-123.01780608510896,45.53026023082149],[-123.01782872175581,45.530295250042677],[-123.01783077889779,45.530341631220715],[-123.01783351067458,45.530361350273687],[-123.01784639071911,45.530412820524816],[-123.01785525709097,45.530435810639041],[-123.01786259722516,45.53045427735821],[-123.01787224513131,45.530473700602265],[-123.01788890798151,45.530502242973263],[-123.01790320017771,45.530523275310863],[-123.01792981815788,45.530556794127349],[-123.01794506077162,45.530573546605872],[-123.01796944913326,45.530597526535807],[-123.01799395068264,45.530618865933732],[-123.01801744971213,45.530637211768209],[-123.0180394988608,45.530647144556575],[-123.0180724643368,45.530660331425373],[-123.01811170185006,45.530674001589205],[-123.01815288780925,45.530686252061869],[-123.01820067009751,45.530697907848868],[-123.01823719919021,45.53070509249951],[-123.01827421966139,45.530710924796431],[-123.0182991173678,45.530714052387438],[-123.01833671545572,45.530717594682955],[-123.01837167070005,45.530719628560803],[-123.01841244253585,45.530720517753046],[-123.01845862941619,45.530719440401924],[-123.01848819117554,45.530717848917689],[-123.01851330447764,45.530715723162807],[-123.01859750356921,45.530718756988769],[-123.0186431577486,45.530722006033059],[-123.01868863046826,45.530726365780737],[-123.01874386068855,45.530733239556589],[-123.01877878898344,45.530738415497339],[-123.01884548889328,45.530750340611178],[-123.01889051335365,45.530760481046393],[-123.01893288598728,45.530770021763217],[-123.01899703108846,45.530787575268398],[-123.01905978020767,45.530807455263954],[-123.01912096535999,45.530829619584907],[-123.01914333790215,45.53083847373189],[-123.01918040508572,45.530854010333599],[-123.01919980869586,45.530862623457793],[-123.01924911362853,45.530891594179245],[-123.01928989893906,45.530915564534226],[-123.01933737669846,45.530943467950209],[-123.01936211899633,45.530958010872155],[-123.01938446189408,45.530971144178309],[-123.01941981419378,45.530995675197474],[-123.01945618248806,45.531025468962369],[-123.01947618347785,45.531044367810331],[-123.0194971214105,45.531066775573144],[-123.01951270268911,45.531084223265019],[-123.01953685659045,45.5311193439181],[-123.01955369820541,45.531148431555081],[-123.01956760053274,45.531178276211421],[-123.01958282967173,45.53122414379137],[-123.01958841270125,45.531251451118628],[-123.01959221616815,45.531275442086717],[-123.01963295476628,45.531412370511141],[-123.01965411009125,45.531483522590726],[-123.01967851372424,45.531565532254696],[-123.01969503104738,45.531621076645905],[-123.01970936366773,45.53166925081721],[-123.01972167867194,45.531710644425516],[-123.01973652333201,45.531760527021397],[-123.01974298401554,45.53178228885556],[-123.01975658900054,45.531810609684619],[-123.01977378185677,45.531843848333068],[-123.01978847290491,45.531869813732314],[-123.01980912337667,45.531904192602234],[-123.01982190280987,45.531924006128726],[-123.01984891245553,45.531963142322319],[-123.01987785258073,45.532001606418113],[-123.01989862791829,45.532027275983289],[-123.01992478596108,45.532057896703478],[-123.01995839283417,45.532094439547244],[-123.01998517969763,45.532121616191368],[-123.02001213274939,45.532147646278027],[-123.02003430047566,45.532167676819512],[-123.02005013777412,45.532181985962943],[-123.02007790290291,45.532205522195909],[-123.02009331350162,45.532218107739695],[-123.02012479316411,45.532242944043539],[-123.02019410627312,45.532271844833559],[-123.02023863576177,45.5322904122634],[-123.02031099056632,45.53232059549353],[-123.02041873899309,45.532365532072703],[-123.02057527043134,45.532388386723852],[-123.02065324329968,45.532399545660098],[-123.02093781520865,45.532418613950583],[-123.02097088039764,45.532419148834229],[-123.0210057970144,45.532413794334111],[-123.02103791897235,45.5324036208454],[-123.02106297118897,45.532390429351139],[-123.02108523862826,45.532372945566557],[-123.02110129242068,45.532352999421072],[-123.02110891642252,45.532338185012733],[-123.02111332265898,45.532322045345325],[-123.02111300824863,45.532293845594879],[-123.02107309250729,45.532200559715243],[-123.02103527523045,45.532160132408869],[-123.02099338139887,45.53211533851173],[-123.02098347298127,45.532078267087414],[-123.02097680299029,45.532053268986175],[-123.02096890679896,45.532023706711264],[-123.0209835448465,45.531972925737151],[-123.02099313795543,45.531939639339718],[-123.02099840747287,45.531921356228864],[-123.02100923935858,45.531878068010805],[-123.02101344437243,45.531853209520989],[-123.02102315785559,45.531833416735871],[-123.02103867894706,45.53181505681809],[-123.0210571896318,45.531800529849825],[-123.0210834078617,45.531786927922234],[-123.02110847624802,45.531778581755233],[-123.02113492085336,45.531773916887296],[-123.02116015542799,45.5317725500866],[-123.02118536574812,45.531774176151494],[-123.02120889262541,45.531778561618189],[-123.02123209970247,45.531785997214229],[-123.02132973489576,45.531815076325827],[-123.02139152641089,45.531818532340409],[-123.02141585997529,45.53181989473503],[-123.02145454951626,45.531822057575752],[-123.02151378532443,45.531825370113729],[-123.02154755299595,45.53182426572468],[-123.02159574761093,45.531822688115852],[-123.02164575861946,45.531821051983826],[-123.02170138409848,45.531819227696559],[-123.02176151462862,45.531817890473192],[-123.02183976687303,45.531816173163691],[-123.02191332182683,45.531812542208606],[-123.02195631699294,45.531810419641566],[-123.02198435880287,45.531809032704743],[-123.02206366566941,45.531805110391787],[-123.02216709050469,45.531790506648534],[-123.02230403148324,45.531771161260963],[-123.02243030766273,45.531727427395218],[-123.02249261750578,45.531697305516495],[-123.02255012405701,45.531669503159804],[-123.02259588872914,45.531650718422156],[-123.02267592053613,45.531617866669158],[-123.02275045465356,45.531587268363694],[-123.02285184929632,45.531548600096286],[-123.02292384567309,45.531536701581629],[-123.02295029297338,45.531532592352079],[-123.02303222561548,45.531556956365996],[-123.0230586801023,45.53156482430974],[-123.02306631308726,45.531267078223685],[-123.02309812332979,45.529904710989591],[-123.02310319701451,45.529687743886996],[-123.02310683519138,45.529531846466057],[-123.02347800289712,45.529166776637823],[-123.02375894740898,45.528890247780573],[-123.02406811878367,45.528580869071469],[-123.0241920530552,45.528456718374692],[-123.02459078197218,45.528090175245076],[-123.02477576844538,45.527924783173681],[-123.02486057569641,45.527849133833946],[-123.02496643766106,45.527738595759928],[-123.02503341694697,45.527653768048253],[-123.02511952495851,45.527527026872626],[-123.02524926683839,45.527361074299058],[-123.025339070519,45.527284324757666],[-123.02536375262976,45.527269954581641],[-123.02541992069122,45.527236931608684],[-123.02548123699758,45.527211402715807],[-123.02561176849655,45.527179531388768],[-123.02632229456378,45.527163344929029],[-123.02655056995222,45.527055772192],[-123.02713100828821,45.526727967691471],[-123.02800332453138,45.526536134906586],[-123.0284240208503,45.526473293944818],[-123.02877147303253,45.526477558361975],[-123.02912764785616,45.526487580622025],[-123.02953141452521,45.526425108400396],[-123.02991747001013,45.526345173107359],[-123.03047618977749,45.526338820520486],[-123.03067398892159,45.526405900251966],[-123.03083427711437,45.526503227301582],[-123.03089162107054,45.526538038032811],[-123.0312067141396,45.526614830758227],[-123.0314188845316,45.526585957898973],[-123.03169167234068,45.52654869025195],[-123.03176622172948,45.526547677643016],[-123.03193550385487,45.526545371109826],[-123.03203494915347,45.526544016768874],[-123.0322314753848,45.526542188534393],[-123.03226719060386,45.526544740510523],[-123.03235959939883,45.526551337887625],[-123.03240404354749,45.526554509134407],[-123.03260389624033,45.526568775022724],[-123.0329701223137,45.526614286379257],[-123.03318595873037,45.526623946744635],[-123.03332656393695,45.526630240770714],[-123.03391121537162,45.526635210036282],[-123.03394723601788,45.526638495188799],[-123.0342258736561,45.526663984693293],[-123.03454388085991,45.526735524788222],[-123.03568291050421,45.52699176313461],[-123.03572208064386,45.527000571944221],[-123.03593257747451,45.527047921868238],[-123.03655336004822,45.527275083011808],[-123.03657422162405,45.527282733176222],[-123.03661096361749,45.527301547692623],[-123.03675077561169,45.5273731385819],[-123.0368470902815,45.527431555602583],[-123.03691697741397,45.527477240585569],[-123.0370039235537,45.527534081657038],[-123.03711048440763,45.527589589123174],[-123.03717421089388,45.527622779919831],[-123.03720549382535,45.527651014108031],[-123.03724359586813,45.527686634073888],[-123.03728123527854,45.527723335830999],[-123.03730244090912,45.527754052034766],[-123.03733200177018,45.52779685884542],[-123.03744952566385,45.527896053843712],[-123.03825236799958,45.528476506684235],[-123.03843159896675,45.52855589458845],[-123.03859152513846,45.528683620843687],[-123.03861130334607,45.52869941543112],[-123.03862675077572,45.528711750032933],[-123.03872878501895,45.528810008255391],[-123.03882347104316,45.528931850478415],[-123.03892278878097,45.52906402574817],[-123.03896578484542,45.529125001682324],[-123.03897810793447,45.529142482700749],[-123.03901937564032,45.529208433251824],[-123.03904546900436,45.529250471826394],[-123.03917297946907,45.529333048607668],[-123.03930052766299,45.529391457299873],[-123.03933496727436,45.529393695121719],[-123.03944606551879,45.529400917068145],[-123.03947805991595,45.529403000709017],[-123.03957643442273,45.529409397001395],[-123.03962177509007,45.529412347829101],[-123.03964377393304,45.529413778876624],[-123.03967658759376,45.529415871956665],[-123.03980042574557,45.529395497461898],[-123.03989480454595,45.529309722620681],[-123.03994477602856,45.529264315393164],[-123.04000944215261,45.529221293845723],[-123.04006597493006,45.529183673013286],[-123.04019678131353,45.529141125275757],[-123.04031438246231,45.529102873819021],[-123.04044561374891,45.529069273584085],[-123.04062412875881,45.529045259649017],[-123.04089981812623,45.529011714759221],[-123.04114454346416,45.528984354111536],[-123.04120373525485,45.528978417798861],[-123.04125124804855,45.528973676551722],[-123.04139382865046,45.528959467282235],[-123.04162751818508,45.528958908451784],[-123.04195694477281,45.528980429084342],[-123.04252176140601,45.528953884641226],[-123.04265429614807,45.528949407703799],[-123.04289958472968,45.528944492763685],[-123.04314693494486,45.528888243414293],[-123.0433502623212,45.528808282672948],[-123.04360089498041,45.528738419194902],[-123.04383659674127,45.528683812785282],[-123.04431271911324,45.52859300294692],[-123.04454510070083,45.52854835283992],[-123.04477373721198,45.528513328755118],[-123.04511793749288,45.528440705345275],[-123.04536524009734,45.528383777085168],[-123.04565113612301,45.528316900465597],[-123.04568322394498,45.528307241649628],[-123.04587070683635,45.528250807901131],[-123.04593797178651,45.528236573276153],[-123.04615415764785,45.528190835417483],[-123.04655587525976,45.528150171120949],[-123.04672925549947,45.52810145901077],[-123.04684375207064,45.52802185901232],[-123.04694593992578,45.5279508208666],[-123.04715608641348,45.527654501215622],[-123.04728312975421,45.527640467195468],[-123.0473700103169,45.527671914723598],[-123.04742914641207,45.527693317534919],[-123.04747806506917,45.527704251474105],[-123.0477032134221,45.527754545427179],[-123.04786113724904,45.527717391203971],[-123.04793532102352,45.527592346213055],[-123.04789689558726,45.527447371309492],[-123.04789136286341,45.527324093511588],[-123.04801640655432,45.527265233958488],[-123.04814344899675,45.527251199211918],[-123.04837018736772,45.527324692635545],[-123.04859290218455,45.527308535796166],[-123.04861089004979,45.527299513061841],[-123.04863608060701,45.527286889286799],[-123.04873337264384,45.527238115383781],[-123.04874228932135,45.527223090060275],[-123.04878190502538,45.527156320306126],[-123.04880756629979,45.527113068698078],[-123.04892924220671,45.526931322970441],[-123.04907016901016,45.526908615883897],[-123.04915247445312,45.526912759435412],[-123.04921517147007,45.526915923109797],[-123.04934558528976,45.526927074321094],[-123.04949007750658,45.527029236280661],[-123.04959242795678,45.527083151399182],[-123.04964243896528,45.527093296271566],[-123.04992019266125,45.527149637410638],[-123.04996985332677,45.527157709245728],[-123.05004131969751,45.527169321710609],[-123.0500913298077,45.527177448294871],[-123.05022878372426,45.527234095205458],[-123.05042193229013,45.527307078263114],[-123.05062833010814,45.527341127634848],[-123.05088384241597,45.52735653115505],[-123.05109754084226,45.527330711565206],[-123.05110972109921,45.527305900153458],[-123.05117078767391,45.527181574834621],[-123.05136629252078,45.526973537572843],[-123.05146322882476,45.526957656281787],[-123.05151510383749,45.52694915772814],[-123.05156452195789,45.527006956552448],[-123.05161530551752,45.52706634564629],[-123.05171168306941,45.527109849024022],[-123.05173199936786,45.527119012759613],[-123.05177850065856,45.527139992239583],[-123.05197207951744,45.527111106433871],[-123.05201077534663,45.527028240672429],[-123.05202269060057,45.527002723012885],[-123.05204499576907,45.526954954542369],[-123.05205424751817,45.526901515708779],[-123.05208888925048,45.526701380019674],[-123.05210045955134,45.526634534125556],[-123.05218343873076,45.52647774905239],[-123.05231132918281,45.526432766232489],[-123.05249276102245,45.526467366807275],[-123.05261947917303,45.526489480603175],[-123.05268916418459,45.526501634439342],[-123.05283717240741,45.526459715902625],[-123.05302653367606,45.526448485930949],[-123.05320660277138,45.52644167267762],[-123.05328037960905,45.526537671756536],[-123.0533274782794,45.526623168880761],[-123.05335110307304,45.526666045779344],[-123.05362712032554,45.526803902370304],[-123.05376015812419,45.526762314461379],[-123.05387118719835,45.526713087608968],[-123.05416782887147,45.526605751901357],[-123.05439118778037,45.52657268889007],[-123.05453957239729,45.526650163142726],[-123.05454852231247,45.526737767750433],[-123.05449865683106,45.526851258123912],[-123.05451199142314,45.526909362906373],[-123.05452352489307,45.526959584567194],[-123.05468558276695,45.526985282236261],[-123.05471808830551,45.527003234662601],[-123.05473415916595,45.527011463223225],[-123.05474359147641,45.527015026519969],[-123.05480690204271,45.527033855600671],[-123.05491504662649,45.527051345450339],[-123.05493799678538,45.527027676158774],[-123.05501158138355,45.526951783947503],[-123.05506847618207,45.526914845685802],[-123.05516695669006,45.526891845951049],[-123.0552234948574,45.526878641206672],[-123.05532054794239,45.526866534652186],[-123.05537699448155,45.52687770475341],[-123.05538209421745,45.526878714209708],[-123.05550037269595,45.527067136720099],[-123.05552707601609,45.52711833685472],[-123.05555684977786,45.52714014076237],[-123.05561020790911,45.527165536268846],[-123.05567561604158,45.527176771761376],[-123.05577076200321,45.527170963012651],[-123.05580360620665,45.527168952291809],[-123.05605855257585,45.527043570016779],[-123.05614329245321,45.527018019638753],[-123.05644782582611,45.527051199444607],[-123.05654670249113,45.5272313066314],[-123.05666622693293,45.527320612676888],[-123.05666638773137,45.527320740431229],[-123.05672488781933,45.52731900221648],[-123.05680381559679,45.527316656066986],[-123.05713602786021,45.52721664254328],[-123.05725879791517,45.52717961194346],[-123.05729474130632,45.527186700755472],[-123.05737401763012,45.527202424648614],[-123.05746703368624,45.527251084673352],[-123.05748731225545,45.527262756276279],[-123.05750032255571,45.527298059304563],[-123.05748660617964,45.527329406960362],[-123.05746434143532,45.52734430890645],[-123.05734369320108,45.527406678784914],[-123.05731038097539,45.527503017943097],[-123.0574229632367,45.527582935857595],[-123.05762531234772,45.527727409467147],[-123.05765380511188,45.52774775184114],[-123.05769446196335,45.527759756884294],[-123.05773824674858,45.527772674448848],[-123.05778348231307,45.527778031908085],[-123.05787704813811,45.527699272233711],[-123.05789446647147,45.527618381542503],[-123.0579527671334,45.52752863166311],[-123.05810481957165,45.527490063815506],[-123.05825579942145,45.527483434452691],[-123.05839620430372,45.527509864422356],[-123.05847014912635,45.527578389584853],[-123.05851047899101,45.527672804593372],[-123.05844646863714,45.527745981543873],[-123.05831036578675,45.527784757523165],[-123.05818734240692,45.527834929314984],[-123.05819666961452,45.527947142462651],[-123.05825689177283,45.528092870636726],[-123.05831142490047,45.52816607347232],[-123.05832200346127,45.528180269726469],[-123.05834451075071,45.528183162720964],[-123.05839824617435,45.528190068273744],[-123.05844405845723,45.528195953694514],[-123.05857395125405,45.528197698175447],[-123.05867143373374,45.528235148491873],[-123.05873345072602,45.528258975235026],[-123.05875569121582,45.528270567963645],[-123.0587658709246,45.528314169213402],[-123.05878432052391,45.528394104225697],[-123.05878424237048,45.528413394136095],[-123.0587826029451,45.528591280504415],[-123.05873111510626,45.528694500469172],[-123.05885406841752,45.528824436564285],[-123.05897166417644,45.528890625998478],[-123.05916096795288,45.529042186086123],[-123.05907312978607,45.529175789003631],[-123.05903467470539,45.529277710258484],[-123.05910709957854,45.529372994636894],[-123.05913476050277,45.529402546348201],[-123.05925085877008,45.529443309170027],[-123.05933023570523,45.529471178704505],[-123.05940664550499,45.529498006091906],[-123.05977912564933,45.529615320854248],[-123.05995686181987,45.529671296987182],[-123.06011335193561,45.52973528663356],[-123.06012349840677,45.529778796128056],[-123.06012831158003,45.529799449265766],[-123.06014137757586,45.529855456680593],[-123.06011050876776,45.529991758001458],[-123.06019643981121,45.530087676764175],[-123.06035984156475,45.530132646592456],[-123.06105524000262,45.530143865130526],[-123.06117004739085,45.530209494193983],[-123.06119935043543,45.530233400021821],[-123.06119290412494,45.530255609249231],[-123.06114417052078,45.530423490259828],[-123.06123203204378,45.530486316110512],[-123.06127742122013,45.530497810209809],[-123.06151365478367,45.53055763360782],[-123.06164091372008,45.53061214443327],[-123.06162599090658,45.530706943253236],[-123.06149233327039,45.530829686919233],[-123.06147276347191,45.530927965354905],[-123.06157651170074,45.530993128457581],[-123.06171708995784,45.531023727715599],[-123.06180180917397,45.531092690988004],[-123.06175316989292,45.531184865493564],[-123.0617584933093,45.53130282742066],[-123.0619168016152,45.5314072500096],[-123.06207299438859,45.531464500550278],[-123.06211624377794,45.531483658516322],[-123.06221083727566,45.531525572050555],[-123.06225423129379,45.53154479795851],[-123.06241672305396,45.531693066037143],[-123.06254014887907,45.531911992535122],[-123.06260295099887,45.532019508788956],[-123.06268855595388,45.532165600203129],[-123.06275198869103,45.532183501892433],[-123.06296208217812,45.532223612655642],[-123.06299558574493,45.53223000485162],[-123.06302144195377,45.532231301791477],[-123.06308720132751,45.532234605495475],[-123.06313511476981,45.532237011850455],[-123.06329244301372,45.532213255383624],[-123.06341515467818,45.532166665570266],[-123.06345446675164,45.53214397569986],[-123.06359759622416,45.532061377245007],[-123.06372578132364,45.531923574442359],[-123.06389285808503,45.531902975573509],[-123.06410411848364,45.531859767259988],[-123.06438909193953,45.531665653833997],[-123.06447714300707,45.531606944188603],[-123.06466308349108,45.531632756152035],[-123.06482612232526,45.531629117004428],[-123.06496777227251,45.531470765087626],[-123.06512493971799,45.531435279668145],[-123.06517884222831,45.531423110536544],[-123.06531724117256,45.531434614513003],[-123.06534536023759,45.531436948534285],[-123.06546638845917,45.531447003262855],[-123.06579664778516,45.531444047507613],[-123.06594334985759,45.531389944636679],[-123.06613181460757,45.531311517249158],[-123.06627399456087,45.531271232152065],[-123.06638550243707,45.531083185566132],[-123.06648748996791,45.531003312270073],[-123.06668197163366,45.530951739984815],[-123.06678426279507,45.530878603074484],[-123.06687885988606,45.530741538052432],[-123.06701463215641,45.530347153311382],[-123.06705082258428,45.530309037344772],[-123.06717896815786,45.530174082236172],[-123.06737955297764,45.530176604470498],[-123.06738406701196,45.530147910902166],[-123.0673706821142,45.530076750210632],[-123.06732190898417,45.530009952378748],[-123.06736616179172,45.529976807041884],[-123.06745628078102,45.529946209731456],[-123.06749384113968,45.529877482929976],[-123.06765127089321,45.529873965753694],[-123.06773292236265,45.52976852462055],[-123.06782223466485,45.529720080107943],[-123.0680975979438,45.529738937231151],[-123.0684933902681,45.529722945333816],[-123.06871725223355,45.529839422023763],[-123.06884058822709,45.529868821827897],[-123.06890007466522,45.529835335325203],[-123.06892537571518,45.529720433777378],[-123.06895659396794,45.529683620048367],[-123.06901976619368,45.529671874689761],[-123.06914423226787,45.529726259254062],[-123.06923056395993,45.5297243291756],[-123.0692848114233,45.52968738707083],[-123.06929205992934,45.529622910287003],[-123.06950849103073,45.529575195015454],[-123.06964149918498,45.529593658870688],[-123.06969195845281,45.529585384119116],[-123.0696327738486,45.529400912033687],[-123.06962938091179,45.529325956290315],[-123.06967709313147,45.529257001549944],[-123.0697913112249,45.529197279346235],[-123.06983669231641,45.529189119070978],[-123.06986086777735,45.529212224219954],[-123.06989514030207,45.529244979834964],[-123.06993802946698,45.529294041480384],[-123.07000026205493,45.529321233951805],[-123.07007627569766,45.529315961596289],[-123.07013349927955,45.529232501867291],[-123.07023248014913,45.52917312009496],[-123.07032799891161,45.529149546092881],[-123.07038256707355,45.529119741265347],[-123.07071023386165,45.529058816929101],[-123.07078511562707,45.529028557689649],[-123.07083967211094,45.528961813363203],[-123.07098741353413,45.528781067927504],[-123.07123107706335,45.528661279468345],[-123.07134690673442,45.528637248996844],[-123.07140519302332,45.528689539566642],[-123.0713592612645,45.528797758003407],[-123.07139804243364,45.528868350154063],[-123.07154628421847,45.528886470006341],[-123.07190496893502,45.528724803311178],[-123.07201669061025,45.52872230303781],[-123.07211874192149,45.528730737133316],[-123.07211505523557,45.528873739604002],[-123.07212530770788,45.528987846170921],[-123.07252117189739,45.529062193819705],[-123.07315977884301,45.529066755705323],[-123.07347355947343,45.529331586721923],[-123.07348878232422,45.529344435330813],[-123.07358398308308,45.529424786739753],[-123.07390239003726,45.529558801573828],[-123.07397836774734,45.529606318627756],[-123.07417561622414,45.529729676380086],[-123.07433248363233,45.529831288272447],[-123.07444084920169,45.529864367618224],[-123.07455022807068,45.529897757190952],[-123.0747276327629,45.529935627378997],[-123.07479782172929,45.529939475564625],[-123.0748721833702,45.529943560997047],[-123.07494809280833,45.529947729497096],[-123.0749944234191,45.529943927880417],[-123.07512198239283,45.529915852168813],[-123.07526211418725,45.529843038632229],[-123.07540123358035,45.529788856816793],[-123.07559278404335,45.529708246654181],[-123.07576068905141,45.529622844839174],[-123.07593238854325,45.529534963424418],[-123.0760526208575,45.529469105135107],[-123.07609237849533,45.529447335483503],[-123.07614327075115,45.529412852534527],[-123.07629747555281,45.529288431182948],[-123.07632968195236,45.529205501922107],[-123.07635819627613,45.529044972053157],[-123.07635784413654,45.528903266405038],[-123.07633890585373,45.528855138321859],[-123.07632511491748,45.528820516560451],[-123.07628647658046,45.528731295966033],[-123.07630034836508,45.528649603750452],[-123.07630434946138,45.52861953497397],[-123.07630867754442,45.528584488907406],[-123.07628317617012,45.528482621776433],[-123.07631461271349,45.52840818777409],[-123.07639429507583,45.528271593128018],[-123.07655915389677,45.528119205292249],[-123.07666859654614,45.528054991656099],[-123.07671507088735,45.528027724312309],[-123.07688027735634,45.527968796269775],[-123.07707412121823,45.527945790043411],[-123.07729026665537,45.527970233017996],[-123.0774600500407,45.528012393348199],[-123.07761014594824,45.528050871473681],[-123.07781436265672,45.52807733201363],[-123.07805630770885,45.528082351497183],[-123.0782744006935,45.528072512025133],[-123.07849465502478,45.528099114781909],[-123.07867248551844,45.528146403995542],[-123.07887082814325,45.528215524350443],[-123.0790381788908,45.528289805053419],[-123.0792320829398,45.528347194071216],[-123.07935407864697,45.528368466356305],[-123.07952577634218,45.528374200092273],[-123.07975210597968,45.528364500380334],[-123.07986674178973,45.528309791028455],[-123.08012412079674,45.528217404764241],[-123.08029304269772,45.528154615397227],[-123.08038373750709,45.528088604454076],[-123.08053957005608,45.527995409774121],[-123.0806051695297,45.5279524873188],[-123.08066468920546,45.527913536502695],[-123.08077073891801,45.527841868894143],[-123.08088120564683,45.527781418315499],[-123.08100337922041,45.527720704613046],[-123.08104153695874,45.527698762478288],[-123.08112132262731,45.527652883212845],[-123.08126752523644,45.52760569238886],[-123.08139914998512,45.52758129960224],[-123.08160412577003,45.527546561889515],[-123.08181876473243,45.527536715401091],[-123.08204951048792,45.527545763899838],[-123.08226118590819,45.527564675874288],[-123.08259424618124,45.52758006737605],[-123.08272259387577,45.527637779963399],[-123.08282441162501,45.527683446528407],[-123.08292058076775,45.527726581272326],[-123.08292078019375,45.527744319490836],[-123.08296104448141,45.52776827293664],[-123.08307288563262,45.527835495079209],[-123.08314346806112,45.527924877572453],[-123.08315574084455,45.52794041560832],[-123.08316941410146,45.527957726447902],[-123.08324433718943,45.52802597667953],[-123.08327141600535,45.528045845064725],[-123.08330769536643,45.528068937467502],[-123.08343757828176,45.528150327822267],[-123.08349185359293,45.528213234877335],[-123.08353124651477,45.528262877656985],[-123.0836037639144,45.528348903934805],[-123.08362339210333,45.528367185060404],[-123.0836614393489,45.528402591862616],[-123.08371612069855,45.528451868840712],[-123.08373806654095,45.528473922700435],[-123.08375805405599,45.528488967198676],[-123.08381916734312,45.528509987702762],[-123.08384419889849,45.528522583513251],[-123.08395491985053,45.528580321564938],[-123.08408885416782,45.528649683673713],[-123.08416425336286,45.52867940945643],[-123.08419351508495,45.528690945459878],[-123.08421843075764,45.528708853289714],[-123.08446802855768,45.528816459994985],[-123.08479285487282,45.528936922118802],[-123.08484243019841,45.52895404700412],[-123.08512300550267,45.529039826163618],[-123.08517710833729,45.52905637079148],[-123.08522200703352,45.52908479997626],[-123.08536664567572,45.529159123583085],[-123.08539507106624,45.529173806673455],[-123.08553416710316,45.529245756403981],[-123.08562388724049,45.529290484621086],[-123.08567699474176,45.529316955905422],[-123.08573072836879,45.529332995745719],[-123.08583544318485,45.529364256052119],[-123.08586129580041,45.529364061595615],[-123.08603582318874,45.529437855585208],[-123.08609024223034,45.52946247852276],[-123.08614102219671,45.52948705676873],[-123.08618706893988,45.529502491795945],[-123.08623257759217,45.529514543662643],[-123.0866529936367,45.529616049590871],[-123.08679403811948,45.529642854254163],[-123.08706312936114,45.529693928071154],[-123.08717787296901,45.529702176375906],[-123.08737983580444,45.529716308682517],[-123.08740461223829,45.529717237536872],[-123.08776355746626,45.529730715362575],[-123.08809230492763,45.529689505312867],[-123.08816962382245,45.529693256602307],[-123.08822616558309,45.52969724891544],[-123.08836038286968,45.529729381865408],[-123.08850712536626,45.529758229826818],[-123.08860490518833,45.529783553669233],[-123.08868794455486,45.529806549075083],[-123.08879635593831,45.529829494756491],[-123.0888961488849,45.529834790977411],[-123.08902914895431,45.529840202989689],[-123.08907820505367,45.529845777361828],[-123.08922041105809,45.529839323223094],[-123.08933609160877,45.529850607896527],[-123.08949472151156,45.529861608751808],[-123.08956826838049,45.529890480558969],[-123.08966798497029,45.529936767675387],[-123.08968043831507,45.529951747593536],[-123.08971135473388,45.529988951943636],[-123.08975305363106,45.530047188155443],[-123.08978360982546,45.530075137941246],[-123.08982747366245,45.530180824555856],[-123.08986900906625,45.530235454054811],[-123.09004156734748,45.530338068763982],[-123.09010406044685,45.530381251816003],[-123.09013027598179,45.530392671679678],[-123.09028928856686,45.530461973658234],[-123.09043527468201,45.530495387418753],[-123.09061404301681,45.530520166588111],[-123.09080607497677,45.530536075191669],[-123.09102335049455,45.530548839829059],[-123.09124595302195,45.53055033818233],[-123.09136295948602,45.530547700174338],[-123.09166007277467,45.530513558349206],[-123.09192139269084,45.53050766436079],[-123.09257208287529,45.530452887241445],[-123.09259509411959,45.530451889805896],[-123.09263895346506,45.530453601493377],[-123.09267582840914,45.530467839962391],[-123.09276266764935,45.530504142818806],[-123.0928873556074,45.530575990789586],[-123.09306264386882,45.530758691965147],[-123.09334087457017,45.530869747675261],[-123.09348349379962,45.530950229056394],[-123.09355896575822,45.530992820105062],[-123.09361896064279,45.531016016389486],[-123.09376752132954,45.531073441641716],[-123.09388913974426,45.53107611612387],[-123.09424604669486,45.531083967144049],[-123.09431334308606,45.531077172072322],[-123.0947898652083,45.531029023824047],[-123.09522854040931,45.530997789614517],[-123.09544225051371,45.531024959237087],[-123.09565864119095,45.531110739643282],[-123.09594777384659,45.531144630648853],[-123.09610452986365,45.531163002742005],[-123.09666797926101,45.531371148478549],[-123.09684039560844,45.531436710664238],[-123.09690629422106,45.53146177008022],[-123.09705216894511,45.531517244723261],[-123.09716412418233,45.531559809541918],[-123.09769583789733,45.531703523460941],[-123.09792954539826,45.531947259922859],[-123.0979737982058,45.532099984119853],[-123.09812393094427,45.532187672114354],[-123.09848089269211,45.532193209126447],[-123.09887610650136,45.532199337658668],[-123.09904718615563,45.532234190172694],[-123.09913841815758,45.532263042512938],[-123.09926057556147,45.532267634973508],[-123.09936226395334,45.532267747613993],[-123.09942039842693,45.532275678385979],[-123.09950972689879,45.532287855513744],[-123.0995328666022,45.532292907343951],[-123.09963934930271,45.532316154063523],[-123.0997323770369,45.532329102045438],[-123.09977103513684,45.532326842315733],[-123.09984064828315,45.53232277215907],[-123.09993114097161,45.532326235064517],[-123.10001996638691,45.532350360868392],[-123.10004424515407,45.532358850425403],[-123.1001230148281,45.532386876463306],[-123.10019362959594,45.532416140900281],[-123.10027969718332,45.532422835755582],[-123.10043509674432,45.532482519924244],[-123.10054351082272,45.532480957436476],[-123.10062759492992,45.532497213473967],[-123.1006540835527,45.532510586803319],[-123.10070098818693,45.53253426511462],[-123.10071774356365,45.532546591953476],[-123.10074481429471,45.532566507825138],[-123.10078956207397,45.532626683303171],[-123.1008043860728,45.532655264855023],[-123.10082308720037,45.532691312703015],[-123.10087348807768,45.532725310361577],[-123.10092588860486,45.532741139682521],[-123.10096795311634,45.532768743918368],[-123.1010836956508,45.532844694354601],[-123.1011898944837,45.532914385346594],[-123.10135437870719,45.533069391788004],[-123.10140578839257,45.533117834045051],[-123.10144924529276,45.533171345001833],[-123.10163084960891,45.533394917894029],[-123.10177678901165,45.533508858602275],[-123.10190562988127,45.533609429790339],[-123.10196070738797,45.533651979181805],[-123.10204398390977,45.533716312909547],[-123.10209357271007,45.533754631705833],[-123.10219091774751,45.533829843318969],[-123.10224508795577,45.533871687144774],[-123.10227677962068,45.533894025821212],[-123.10239667955828,45.533978080832505],[-123.10250636205784,45.534054975408132],[-123.1027221796099,45.534206270507056],[-123.10275963666231,45.534233088084825],[-123.10284183969733,45.534288430368015],[-123.10323154054568,45.53454862061264],[-123.10346733573135,45.534706050193506],[-123.10353172158104,45.534748544010618],[-123.10360322118943,45.534795017791176],[-123.10371540100549,45.534867929371963],[-123.1039153884456,45.534997919793199],[-123.1040780221396,45.535103629248873],[-123.10415113691889,45.535148994636742],[-123.10432368621699,45.535254415615064],[-123.10436883284821,45.535361967638245],[-123.10438056574414,45.535461049245541],[-123.10438744324595,45.535519088502234],[-123.10440936213888,45.535615966866679],[-123.10441960023816,45.535661253815647],[-123.10443989767201,45.535709121862702],[-123.10444871822979,45.535729925727473],[-123.1044642105752,45.535833323879388],[-123.10454501583162,45.536021697515636],[-123.10462631426314,45.536261844372433],[-123.10468139087153,45.53644085237508],[-123.10473823626273,45.536575238096113],[-123.1047733702718,45.536658294920528],[-123.10490905989714,45.536807341713399],[-123.10501205713433,45.536924548104295],[-123.10506706547079,45.537016959078201],[-123.10508853161281,45.537034825245186],[-123.10741208338399,45.537059055997055],[-123.1075262880027,45.537060247116088],[-123.10752928298585,45.537082881519062],[-123.10725575765994,45.53707973792244],[-123.10730440412752,45.53722552045781],[-123.10734391742359,45.537372661729236],[-123.10737421939476,45.537520877319615],[-123.10739525434545,45.537669884073203],[-123.10740697915655,45.537819395061931],[-123.1074093740651,45.537969123360718],[-123.1074078639971,45.537986637495393],[-123.10747335657121,45.537986931337656],[-123.10746760196349,45.538637236384758],[-123.10754255020429,45.538637564200727],[-123.10753914469103,45.539021931184074],[-123.10753677763027,45.539049726760034],[-123.10751724735766,45.539119114338519],[-123.10747537957724,45.539514457492203],[-123.10739382692249,45.539891517346348],[-123.1072871052701,45.540366424496341],[-123.10721992925316,45.540564480556512],[-123.10720872995651,45.54059749696281],[-123.10712101755385,45.541058199487061],[-123.1071029479419,45.541153109680074],[-123.10719316305092,45.541179587964542],[-123.10732091067088,45.541217082487542],[-123.10733301546934,45.541239770584745],[-123.10733368291757,45.54124102390368],[-123.10737850166372,45.541325028924312],[-123.10741402554164,45.541521236243319],[-123.10744664426791,45.541629029207364],[-123.10760494269233,45.541948926930118],[-123.10772019654328,45.542204098740207],[-123.10774074640373,45.542259927072998],[-123.10774077065824,45.542259993764461],[-123.1077506081089,45.542286719418414],[-123.10797068906533,45.542750604859307],[-123.10809146575863,45.542972496938681],[-123.10823890894116,45.54320058090768],[-123.10840247598473,45.543430757768029],[-123.10856047437184,45.54363503412926],[-123.10868277460789,45.543821250707659],[-123.10869816724028,45.543862137716182],[-123.10869819239309,45.543862207551484],[-123.10875248207731,45.54400642040077],[-123.10886072188252,45.544153167699612],[-123.10891766968166,45.544249447973399],[-123.10912521824152,45.544269476720956],[-123.10968710636689,45.544350053429369],[-123.10968805229291,45.544350188694757],[-123.10976975766123,45.544361905193085],[-123.1103852419714,45.544476880005924],[-123.11070831567346,45.544543595224035],[-123.11105249798803,45.544603333846275],[-123.11139763431346,45.544650981003301],[-123.11174741852219,45.544703902808102],[-123.11191699619327,45.544752195374272],[-123.1120693684318,45.544814969356942],[-123.11222535459268,45.544901233295064],[-123.11239091140459,45.54501225226899],[-123.11263011929003,45.54512065886459],[-123.1129379737345,45.545223958590313],[-123.11310279931779,45.545322322597805],[-123.11315246986481,45.545323246790502],[-123.11315340860428,45.545323264406129],[-123.11378297939642,45.545334970006444],[-123.11404543388477,45.545330804534309],[-123.11442037900626,45.545330847315192],[-123.11477501232086,45.545325595963604],[-123.11547428609086,45.545348510777096],[-123.1158442805968,45.54534679765559],[-123.11621238504742,45.545347722476983],[-123.11656948423749,45.545342750460797],[-123.117301844756,45.545304873032109],[-123.11754484982015,45.545299259298801],[-123.11754578945794,45.545299237908367],[-123.11770443283542,45.545295572592586],[-123.11809277722769,45.545273414602164],[-123.11846236749177,45.545267707125184],[-123.11886622489071,45.545233447152],[-123.11935403614112,45.545240943253027],[-123.1197368208601,45.545222746253749],[-123.12004751487919,45.545106323444216],[-123.12066666521406,45.544861997894209],[-123.12100399967123,45.544732308983747],[-123.12134573317836,45.544642629195813],[-123.12134667371446,45.544642382573684],[-123.12136929059837,45.54463644665546],[-123.12164359027206,45.544627634945797],[-123.12164453080815,45.544627604118013],[-123.12176597764469,45.544623702202415],[-123.12203445623533,45.544639971716435],[-123.12204459102837,45.544831796230099],[-123.12209156303626,45.545720818722906],[-123.12206693392612,45.546117555515657],[-123.12508386472238,45.548017929194828],[-123.12713517845343,45.549303331258685],[-123.12857942958014,45.550218750141326],[-123.1300524312875,45.551152344797089],[-123.13074353398166,45.552411342477427],[-123.13154353135288,45.55382819562891],[-123.13249373153117,45.555534713498446],[-123.13515178806639,45.560246634017247],[-123.13537957477131,45.560650390611627],[-123.13537998979297,45.560584568764732],[-123.13538248800775,45.560123217418663],[-123.13540377987663,45.557554415444315],[-123.13541042291817,45.556519910887836],[-123.13540928475268,45.555822764429188],[-123.13540674701201,45.554338428990022],[-123.13540067799396,45.551853257487878],[-123.13539818247409,45.551547347935887],[-123.13539878254871,45.551485510595228],[-123.13539919936699,45.551442880968246],[-123.1353985058676,45.551408946209541],[-123.13539765156978,45.551367624346156],[-123.13539732817627,45.551192352702436],[-123.13539334235135,45.549929287770738],[-123.13539206404869,45.549313268928174],[-123.13539867295422,45.548446317823434],[-123.13540291300238,45.547864986522633],[-123.13541129518228,45.547036239153556],[-123.13542005914621,45.545879395374818],[-123.13542650994826,45.545182354103474],[-123.13544345576778,45.543277277272004],[-123.13544714155537,45.542682995993658],[-123.13545427417874,45.541991056019178],[-123.13543986250664,45.53941036518399],[-123.13544149744047,45.539330164577059],[-123.13668026523412,45.539305874400867],[-123.13700483552944,45.539348745406485],[-123.13727392856772,45.539372218237162],[-123.13743889069492,45.539386608601419],[-123.13865815336879,45.539492964799862],[-123.13913500876603,45.539534557138069],[-123.13939261504679,45.539557018774815],[-123.14050293273796,45.539719165238225],[-123.14059661893725,45.539732848300787],[-123.14073029364144,45.539752365865226],[-123.14076869392488,45.539757973860482],[-123.14131599700329,45.539889715342568],[-123.14134783060202,45.539897375745845],[-123.14143521152633,45.539918414636936],[-123.14148350136276,45.539930034534279],[-123.14226307284103,45.540020574391889],[-123.14229398746323,45.540024158886148],[-123.14233630260469,45.540029074116418],[-123.14246112171678,45.540043570016401],[-123.14309159351917,45.540247135119579],[-123.14328575268972,45.540309823529718],[-123.14381649891915,45.540495160826069],[-123.14391843434768,45.540530755040344],[-123.14402806833823,45.540569042767537],[-123.14405640210062,45.540581058916068],[-123.14412265554778,45.540609162650178],[-123.14436987371057,45.540714015307714],[-123.14440250950486,45.540727857940318],[-123.14443042914388,45.540739702288271],[-123.14444851582381,45.540754781256425],[-123.14458069213808,45.540864980417311],[-123.14461815008882,45.540896212921837],[-123.1446391257507,45.540914849230759],[-123.14465303346793,45.540937110236989],[-123.14467953197217,45.540979519439738],[-123.14469452395593,45.541003510662115],[-123.14474556892534,45.541085208213175],[-123.14476903381886,45.541122751874994],[-123.14479165699099,45.541158962914714],[-123.14479488912937,45.541228311398022],[-123.14479712952769,45.541276389884182],[-123.14480367285623,45.541416804121191],[-123.14480482180147,45.541441455160466],[-123.14480840787608,45.541518393639528],[-123.14483087384303,45.541581258058912],[-123.14485144346641,45.541638827299145],[-123.14490944858262,45.5418011231639],[-123.14508440446734,45.542454994232628],[-123.1450877983025,45.542474741125538],[-123.14514979553184,45.542835110951096],[-123.14516677638562,45.542933888719759],[-123.14516988096327,45.542957612345667],[-123.14516652665399,45.543023654911316],[-123.14516263784711,45.543100216248611],[-123.14515381369608,45.543273718780448],[-123.1451686188303,45.543507533720529],[-123.14516979562332,45.543526156580789],[-123.14517568048673,45.543619036117015],[-123.14518627881044,45.543658518382664],[-123.1452332301571,45.543815631163909],[-123.14524308467577,45.543848624899134],[-123.14531416656757,45.543930119505724],[-123.14535260188531,45.543974182361978],[-123.14541662661223,45.544047587244037],[-123.14564534576843,45.544309811016952],[-123.14580665085411,45.544464146841179],[-123.14596709804869,45.54461765052077],[-123.14601804600001,45.544663528530009],[-123.14606373701032,45.544688149205363],[-123.14621708841247,45.544770754279476],[-123.14624527664776,45.544780181262304],[-123.14632898975078,45.544807741840295],[-123.14643563953794,45.544842847002307],[-123.14651294046645,45.544859919230049],[-123.14684048688029,45.544932252797196],[-123.14686181108851,45.544936964387887],[-123.14697462152191,45.544948394507628],[-123.14700881409655,45.544951859781229],[-123.14707239415741,45.544871713634961],[-123.14725670689414,45.544408438975644],[-123.14728475139901,45.544337956297994],[-123.14739212073673,45.544068092325858],[-123.14755267123753,45.543664541226676],[-123.14755572820445,45.543169276072156],[-123.14755716550893,45.542936153685666],[-123.14755861449147,45.542703022153439],[-123.1475600508976,45.542469899721056],[-123.14756172086572,45.542201119642087],[-123.14831590415744,45.542239240132176],[-123.14840264188803,45.542243623524435],[-123.14873342403351,45.542260344838382],[-123.14922004950776,45.54228493447885],[-123.14943381171445,45.542295735344275],[-123.14942906950807,45.542078078032318],[-123.1504593877316,45.54206836684213],[-123.15045524919309,45.541866748690587],[-123.15045317857637,45.541765880830823],[-123.1504460863772,45.541420344484251],[-123.15044101718404,45.541173534024637],[-123.15043597583869,45.5409278663302],[-123.15043099198549,45.540684808669255],[-123.15043045030137,45.540658396845188],[-123.15042648603601,45.540465426187872],[-123.15042199176465,45.5402460353002],[-123.1504174858152,45.540026644185666],[-123.15041298076403,45.53980725284427],[-123.15040847481458,45.539587861905233],[-123.15040369487895,45.5393546479063],[-123.15039562171947,45.538960958429406],[-123.15038986351851,45.538680186550756],[-123.15038539529829,45.538462666880875],[-123.15064490151589,45.53848915146596],[-123.15064889093406,45.538373365313248],[-123.15065082949846,45.538489757392291],[-123.1511187888794,45.538537510403621],[-123.15272702656286,45.538701609712113],[-123.15264000406636,45.536969901955615],[-123.15263889195205,45.536948023205433],[-123.15280610705398,45.536960225119671],[-123.15291452382729,45.536968129431727],[-123.15293827438509,45.536806677880229],[-123.15296137366431,45.536649653110238],[-123.15297809490502,45.536535972344723],[-123.15298824317277,45.536466954082428],[-123.15300182300494,45.53637460198162],[-123.153084803981,45.536203148963523],[-123.15318744638365,45.535991088392215],[-123.15323408242162,45.535894731681417],[-123.15341473721854,45.535521460737705],[-123.15344861717948,45.535254744709221],[-123.15346799114521,45.535102217223461],[-123.15347318789912,45.535061294899158],[-123.15349760860012,45.534869009789865],[-123.15350071677099,45.534844521990493],[-123.15351491284744,45.534732771887114],[-123.1535428998601,45.534512386438209],[-123.1533040863351,45.534496716816442],[-123.15325745478872,45.534493661170508],[-123.15292135551505,45.534471620368386],[-123.15295351340556,45.5339865921678],[-123.1530066990603,45.533184331172151],[-123.15301956113852,45.533114737421805],[-123.15276791068808,45.533096724648587],[-123.15217636198865,45.533057972467823],[-123.15142816956157,45.533003780534798],[-123.1511153618066,45.532982412466133],[-123.15068520353279,45.532916107027425],[-123.15051325520763,45.532862903540781],[-123.15042389709137,45.532836379808046],[-123.15024798899242,45.532772166523003],[-123.14974453627627,45.532513791694932],[-123.1494713415304,45.532324760041739],[-123.14844443780325,45.531671930934579],[-123.14842425176049,45.531659727243571],[-123.14818634373728,45.53151589616558],[-123.147829919182,45.531285905881042],[-123.14755181783802,45.531105438508213],[-123.14733362783529,45.530963848177166],[-123.1469931896988,45.530785894426444],[-123.1462904879577,45.53050790349333],[-123.14542054416521,45.530202770756766],[-123.14484044179912,45.529993217352832],[-123.14460252479275,45.529893491774516],[-123.144068808733,45.529705059852574],[-123.14382356866045,45.529598758770206],[-123.14373065321567,45.529573797325291],[-123.14327139401821,45.529452827455238],[-123.14295083020907,45.529410180490522],[-123.14298170261046,45.52931338960795],[-123.14293811365792,45.528242116341126],[-123.14200385677927,45.528272134344284],[-123.14164077930103,45.528283797554174],[-123.14100134500704,45.528291356329845],[-123.14114608515887,45.528103258875021],[-123.14103124273632,45.52804507099647],[-123.14090472760498,45.527980968666093],[-123.14068830189346,45.528144478268104],[-123.14051636255145,45.52829669674805],[-123.1405165422145,45.528297085039107],[-123.140075785617,45.528302292040728],[-123.13991218803071,45.528300634409355],[-123.13986747798072,45.528300181298285],[-123.13985042256671,45.528006669015234],[-123.13985047646563,45.528006673420478],[-123.1401619735786,45.527892562345883],[-123.14039250373838,45.527811972750648],[-123.14016338123866,45.527489491125152],[-123.14047802335344,45.527383281513963],[-123.14038047170345,45.52725741827723],[-123.1403063472178,45.527161981162934],[-123.1400991786453,45.526991099185523],[-123.13984665593073,45.526853620655572],[-123.13955946004282,45.526755361532956],[-123.13924974159411,45.526700476918442],[-123.138938466365,45.526690966348923],[-123.13894086307019,45.526545242094976],[-123.1389446081466,45.526317486421547],[-123.13895520647033,45.525675351367063],[-123.13835173622876,45.525677993379688],[-123.1359884897018,45.525688329827908],[-123.13564167352679,45.525689864183605],[-123.13561823917598,45.525689968655762],[-123.13568105027896,45.523323009070722],[-123.13568141589329,45.523300506963295],[-123.13568352962915,45.523257473302039],[-123.13573227940299,45.520397645790908],[-123.13573443535969,45.520318018526559],[-123.13573861701732,45.52018602726497],[-123.13518784554357,45.520178233888416],[-123.13514476413918,45.520153158115974],[-123.13511239783949,45.52011281089775],[-123.13505690620946,45.520046893741664],[-123.13502474652228,45.52002147739794],[-123.13492946042348,45.519967915536327],[-123.13490791612803,45.519955031426797],[-123.13469888804285,45.519830027716793],[-123.13455707819547,45.519749497065732],[-123.1344144751357,45.519667841530307],[-123.13433052487747,45.519604070798529],[-123.13426864712406,45.519508976951514],[-123.13428292045562,45.519424651066416],[-123.13437024927762,45.519312000464772],[-123.13448396072124,45.519210683652247],[-123.13467166908974,45.519059051127641],[-123.1348063885346,45.518964582008358],[-123.13480890022412,45.518909146598276],[-123.13475381103932,45.518855175809371],[-123.13468482042551,45.518818455677874],[-123.13459303865461,45.518794544998819],[-123.1345168480438,45.518788131763735],[-123.13447469010752,45.518784582422676],[-123.134336088144,45.518774220158335],[-123.13411755588314,45.518736169363379],[-123.13386862822637,45.518687246425287],[-123.13375932840908,45.518677156685577],[-123.13360104166279,45.518681397775381],[-123.13336378312151,45.518705679865214],[-123.13308867316745,45.518744423680879],[-123.13283141094141,45.518817329632931],[-123.13259829453192,45.51888510755478],[-123.1323960020148,45.518928816787223],[-123.13230355459227,45.518931123632704],[-123.1322715835513,45.518925220877549],[-123.13220375266249,45.518889448707689],[-123.13207628621525,45.518806560764638],[-123.13194462283901,45.518768496144133],[-123.13184087910183,45.518740937909286],[-123.13181261181474,45.518737841123958],[-123.13175325832731,45.518731340391938],[-123.13162832602748,45.51873570547496],[-123.13148659972343,45.518775351239555],[-123.13137554100483,45.518822613672668],[-123.13129892638921,45.518905431725805],[-123.1312515770889,45.518935766906402],[-123.13118388723562,45.51894917430203],[-123.13105295059643,45.518954694363956],[-123.13084033553835,45.518931545977409],[-123.13067293448516,45.518902725193712],[-123.13053648758003,45.518875284097916],[-123.13041646097997,45.518848979103979],[-123.13026920734195,45.518806651402137],[-123.1302108402047,45.518784390447358],[-123.13017565319502,45.518767108885733],[-123.13011876468471,45.518739169216893],[-123.12988311951769,45.51867166617955],[-123.12979283883165,45.51864720972322],[-123.12974441963783,45.518641650606483],[-123.12924618793009,45.518307459318301],[-123.12903298806876,45.517429226356057],[-123.12877185051063,45.51656966686614],[-123.12868237022349,45.516451776643038],[-123.12843990594516,45.51629920509],[-123.12784748228665,45.516022471350624],[-123.12766299078517,45.515905300082949],[-123.12744253253636,45.515622345314547],[-123.1272548151847,45.515524871659565],[-123.12706579617418,45.515514094607596],[-123.12695938803384,45.515580700041532],[-123.12695882029857,45.515582819444241],[-123.12694505271854,45.515634185508191],[-123.12694080009396,45.515650048594189],[-123.12694359834607,45.515673229803788],[-123.1269614317011,45.51582090585115],[-123.12707852889501,45.516001366239166],[-123.12710401769289,45.516104203304891],[-123.1267752648416,45.516373751421071],[-123.12612219052839,45.516743474711554],[-123.12587789997508,45.516830499287238],[-123.1258331737554,45.516846432534265],[-123.12567356289235,45.516858796801351],[-123.12555686185544,45.516840856873941],[-123.12542040686549,45.516770804804928],[-123.12529023020102,45.51670917406917],[-123.12524395079421,45.516596775476827],[-123.12525556241758,45.516530508632123],[-123.12538785012296,45.516418053032083],[-123.12542171571084,45.516389268098784],[-123.1255245737092,45.516301841248328],[-123.12560543376287,45.516224079560558],[-123.12570046923173,45.516126348870486],[-123.12567451869978,45.516009362250401],[-123.12555940588435,45.515867593550958],[-123.12537641187444,45.515781016291882],[-123.12516564824415,45.515728077966884],[-123.12498196073489,45.515713702950549],[-123.12485914217092,45.515704093586493],[-123.12471231343604,45.515657670125265],[-123.12455855958864,45.515589141143067],[-123.12452800339425,45.515572748661235],[-123.12442058554751,45.51551511874549],[-123.12435307356067,45.515474498161268],[-123.12429106285661,45.515437185385615],[-123.1242064756928,45.515382245666508],[-123.12409344876545,45.515343692781855],[-123.12393611782659,45.515323518396229],[-123.12378611803877,45.515328700161135],[-123.12369638712165,45.515328993492311],[-123.12360583694101,45.51532041135134],[-123.12352833209492,45.515310072368749],[-123.12345210914476,45.515295306976455],[-123.12342260757252,45.51528959205033],[-123.12339240621266,45.515279784331888],[-123.12331373714997,45.515254238682573],[-123.12318581256194,45.515203260023775],[-123.12301430171631,45.515125156905022],[-123.12291678510064,45.515078372909962],[-123.12284566278467,45.515044252539745],[-123.12273738435189,45.514989734811323],[-123.12270434162079,45.514973096032101],[-123.12258849039019,45.514912087132998],[-123.12256093726378,45.514897575313036],[-123.12243780608611,45.51483650967959],[-123.12233347574899,45.51480209645829],[-123.12225579662974,45.514886697425553],[-123.12222546860745,45.514961205341741],[-123.12221717446245,45.515050578705342],[-123.12222512994259,45.515174585255409],[-123.12224358223686,45.515275232029161],[-123.12228196365567,45.515363720494754],[-123.12234161538379,45.515442941211909],[-123.12237804117025,45.515472840781378],[-123.12246786461382,45.515567176651551],[-123.12250361666382,45.515646973669895],[-123.12250581304468,45.515742769598702],[-123.12247749814695,45.515824830537589],[-123.12240348235741,45.515930802633505],[-123.12235239786216,45.515981073121566],[-123.12222172442934,45.516081336372167],[-123.12215253977942,45.516126674929268],[-123.12202821384243,45.51617816512919],[-123.12196246435013,45.516182816813],[-123.12182988199736,45.516159368294119],[-123.12174105388713,45.516155521683665],[-123.12162328565169,45.516178187160165],[-123.12148187106304,45.516239285957752],[-123.12142466634573,45.516281726375027],[-123.12135994991604,45.516357009820553],[-123.12133355381974,45.516424360789046],[-123.12132123701889,45.516513744417935],[-123.12131961196653,45.516553510085167],[-123.12131272098999,45.516685861101607],[-123.12131322314822,45.516807102023662],[-123.12131435233053,45.516868332952136],[-123.12127453450557,45.516978952183159],[-123.12122076135265,45.517032020885765],[-123.12112024795719,45.517084161734353],[-123.12097111863687,45.51709138148442],[-123.12086032132804,45.517065369608062],[-123.12078643579426,45.517030277946951],[-123.12068381854439,45.516972830175376],[-123.12061321006475,45.516912473034942],[-123.12059819831806,45.516898778754985],[-123.12049160422644,45.516801538948457],[-123.12041963030757,45.516669116446678],[-123.12039884508852,45.516560329571647],[-123.12033095311428,45.516453346500079],[-123.1202931457189,45.516426633117263],[-123.12012754309291,45.516372077701895],[-123.11997102782435,45.516320514662617],[-123.11984026366167,45.516312728933528],[-123.11980001195043,45.516311864691723],[-123.11964944173242,45.516308626774773],[-123.11951881680864,45.516298298045015],[-123.11948383102158,45.516295531589279],[-123.11941979461655,45.51628401822208],[-123.1193738889089,45.51623498110883],[-123.11936725485053,45.516185850163843],[-123.11940377496009,45.516077232937619],[-123.11944087807626,45.516030687669264],[-123.11951850509323,45.515954003240736],[-123.11963427008558,45.515854050087185],[-123.11976405418625,45.51575319159069],[-123.11979505414838,45.515715374800976],[-123.11982338611413,45.51568083118898],[-123.11986959096076,45.515624472269224],[-123.11989342685851,45.515561843837339],[-123.1199124091588,45.515506131887534],[-123.11989250159375,45.515429943392029],[-123.11982061301484,45.515386162200485],[-123.11971599342024,45.515371001523739],[-123.11954947990255,45.515344395265814],[-123.11927907801885,45.515286279168038],[-123.11921054195258,45.515258537311844],[-123.11914378275391,45.515222678462358],[-123.11910238479237,45.515165282979666],[-123.11908603814915,45.51506308940381],[-123.11908804947707,45.515045947700393],[-123.11909345913169,45.514999830877457],[-123.11910881133991,45.514960362481155],[-123.11918961120645,45.514863925677695],[-123.11924993217947,45.514802617031592],[-123.11932321224876,45.514728138490639],[-123.11942141338069,45.514620582261813],[-123.11952213249032,45.514509583227479],[-123.1196103802889,45.51434728980184],[-123.11962857027508,45.51423889249164],[-123.11960024100429,45.514158610036624],[-123.11953922653188,45.514092641212123],[-123.11948041652519,45.514060580533162],[-123.11939103056115,45.514042749243302],[-123.11928225625832,45.514042123539696],[-123.11918975763186,45.514047320530132],[-123.11903325224475,45.514066031831845],[-123.11891512468317,45.51412081672499],[-123.11867121321893,45.514249583549308],[-123.11823192626521,45.514456456752121],[-123.11805470572764,45.514533600220233],[-123.1179961589273,45.51454557598003],[-123.11796271824255,45.51455157109794],[-123.11785709882301,45.514570505695488],[-123.1177571459763,45.514573746859824],[-123.1176848881898,45.514560250295268],[-123.11760001356511,45.514517502025299],[-123.11757323478651,45.514492732802594],[-123.11754994416613,45.514449742762636],[-123.11755499898624,45.514358004129527],[-123.11758748835511,45.514253305653419],[-123.11771969521209,45.513853751197814],[-123.11777818721519,45.513710786713261],[-123.11780645719718,45.5136391992108],[-123.11782541883623,45.513591185224747],[-123.11783523832058,45.513544885288162],[-123.11785982610822,45.513428950210788],[-123.11785754259077,45.513339980291811],[-123.11785699641509,45.513318691622636],[-123.11782827278387,45.513173965094893],[-123.11780502707926,45.513109429725922],[-123.11778241468693,45.513038083183339],[-123.11775618567725,45.513002201516251],[-123.11772525668202,45.512950994200047],[-123.11770172351652,45.512927717445081],[-123.11761675816201,45.512822409475689],[-123.11749073351079,45.512728633661567],[-123.11740450422668,45.512679227083666],[-123.1173384663752,45.51266059211936],[-123.11725671609109,45.512676121151792],[-123.1171640773274,45.51276629067825],[-123.11705492573221,45.51292829280159],[-123.1169814453386,45.513083801257515],[-123.11692078749734,45.51319637053394],[-123.11684167376855,45.51329032874996],[-123.11677931900975,45.513343540677582],[-123.11673114685264,45.513384649394084],[-123.11662870207932,45.513460204876829],[-123.116593447696,45.513478527350948],[-123.11654080911528,45.513499461558759],[-123.11646075574875,45.513520451783073],[-123.11640871993761,45.513500011729967],[-123.11636439795977,45.513425809698511],[-123.11633498981234,45.513366979038992],[-123.11631066073952,45.513318331555183],[-123.11619637976401,45.51312087009218],[-123.11614135795286,45.513026222299722],[-123.11600442326251,45.512793146805393],[-123.11594640197664,45.512680003251866],[-123.11590890539837,45.512586334844393],[-123.11587179150239,45.512493620599678],[-123.11584603141331,45.512410055966718],[-123.11581560996621,45.512290603423416],[-123.1157894321605,45.512173763686775],[-123.11578386440239,45.512146969584755],[-123.115769682699,45.512076395480499],[-123.11576322650706,45.512037154802506],[-123.11575792375194,45.512004882698484],[-123.11575460268031,45.511953901725711],[-123.11575047761653,45.511896880611864],[-123.11575058900762,45.511868509468549],[-123.11575078484037,45.511818502217004],[-123.11575642805697,45.511782254029548],[-123.11577912578926,45.511636491158626],[-123.11581163761602,45.511550329790239],[-123.11593073984965,45.511362470342505],[-123.11611790114415,45.511099158733842],[-123.11623924557273,45.510930753582137],[-123.11626991585317,45.510888299057129],[-123.11627803572502,45.510849968460633],[-123.11624911805771,45.51080790795217],[-123.11623163235072,45.510795738764841],[-123.11615468805334,45.510742184488883],[-123.11609563639983,45.510710029362116],[-123.11602551211213,45.510694916528003],[-123.11589617986404,45.510724015985218],[-123.11584719922317,45.510737409599436],[-123.11570527528974,45.51077486650302],[-123.11547028858786,45.510821277624764],[-123.11510882717876,45.510780008397639],[-123.11495512004375,45.510683862192693],[-123.11471114120586,45.510656410793757],[-123.11452065883975,45.510623933304402],[-123.11429775178345,45.510458975873867],[-123.1141261735642,45.510236040807413],[-123.11411859627476,45.510116778802498],[-123.11412384692761,45.510038351343809],[-123.11413948210513,45.509804735931375],[-123.11403016971148,45.509719075381845],[-123.11395166414215,45.509683184044384],[-123.11374781304799,45.509597459727324],[-123.11365709308576,45.509441404018034],[-123.11359692662298,45.509273683245674],[-123.11359337288771,45.509263774382923],[-123.11358629685822,45.509243741981059],[-123.11350614377868,45.509083081495028],[-123.1135059569291,45.509082696219046],[-123.11346266801385,45.508995912106407],[-123.11322544091364,45.508718177998283],[-123.11314734407777,45.508642549418113],[-123.11313103157056,45.508626752347325],[-123.11298587549874,45.508486180696785],[-123.1129079924619,45.508410755777],[-123.11284867760202,45.508353315574425],[-123.11280398372169,45.50831002873602],[-123.11264465492964,45.508290442971493],[-123.11255318397585,45.50831109644357],[-123.11255530579655,45.508381478851575],[-123.11255644126706,45.508419184733519],[-123.11255959165875,45.508523287184467],[-123.11257352632543,45.508752970145387],[-123.11268497670946,45.509104488230527],[-123.11269204106087,45.509126771900675],[-123.11272795031604,45.509240059206299],[-123.11272264306933,45.509323989268452],[-123.1127143776704,45.509454621668596],[-123.11270887189603,45.509541725505187],[-123.11270502800492,45.509602619356372],[-123.11261122053308,45.509716146813744],[-123.11235532015303,45.509749822819579],[-123.11226154502052,45.509739648379586],[-123.1121769201275,45.509730471740738],[-123.11206547603169,45.509718394231676],[-123.11198016931733,45.509709143304953],[-123.11193070897612,45.509703777829685],[-123.111900885807,45.509697243948004],[-123.11173989962323,45.509662002271007],[-123.11145057293149,45.509598656464163],[-123.11128049130546,45.509532125789271],[-123.11117033898702,45.50948903375307],[-123.11100397099639,45.509423947724841],[-123.11086501419837,45.509369595155221],[-123.11063410584782,45.50927926721014],[-123.1105259477893,45.509236953714172],[-123.11046015248297,45.509211214572879],[-123.11040036690586,45.509187827991234],[-123.11034423657364,45.509165871703409],[-123.11016661987904,45.50909638988287],[-123.11008327688191,45.509012305874364],[-123.10998664420849,45.508914819511503],[-123.10996721185226,45.508830798815168],[-123.10991736793044,45.508615233633975],[-123.10986580373479,45.50838870538405],[-123.10978117614683,45.508025623703752],[-123.10978031735742,45.508022487926333],[-123.10967105886267,45.507549939820549],[-123.10960765217665,45.507275693243955],[-123.10960734046125,45.50727468154723],[-123.10956412430957,45.507134610795816],[-123.10948534295746,45.507055266321871],[-123.10947223024922,45.506886379418582],[-123.1094651039141,45.506787724684813],[-123.10949072476431,45.506624017026958],[-123.10950884827517,45.506470058969263],[-123.10946174421494,45.506358915428336],[-123.10929635987958,45.506232740738682],[-123.10916400929213,45.506094013413893],[-123.10908561870717,45.505999119604361],[-123.10905231276968,45.505935234539841],[-123.10902620682923,45.505880080934041],[-123.10900314977081,45.505831358355522],[-123.10895318547475,45.505766329795989],[-123.10890825893073,45.505723712723118],[-123.10883180152027,45.505598164925445],[-123.1088041962916,45.505535149479378],[-123.10881015391854,45.505487297935723],[-123.1088438039108,45.505441644833056],[-123.10886422441382,45.505420951903965],[-123.1089206583766,45.505363760481451],[-123.1089424344374,45.505341685600506],[-123.10904103172636,45.505242681891197],[-123.10919624174282,45.505084772585114],[-123.109220919362,45.505053588188204],[-123.10926687447699,45.504995514348593],[-123.10933120822438,45.504915996872271],[-123.10946738114335,45.504795521719487],[-123.10958301228672,45.504711705155721],[-123.10964251938609,45.504688511876026],[-123.10974443145842,45.504672844649328],[-123.1098803258997,45.504642712061724],[-123.10998102165314,45.504535952503304],[-123.10998328989922,45.504418987750114],[-123.10986855617281,45.504386339191242],[-123.10979078183216,45.504320151777577],[-123.1097484325547,45.504304926420062],[-123.1097240585661,45.504288411659097],[-123.1096893225107,45.504264873819366],[-123.10957993555687,45.504219849945279],[-123.10952470892984,45.504221104718752],[-123.10923062386202,45.504231171237137],[-123.10875713175722,45.504275931304086],[-123.10849554863469,45.504349877193832],[-123.10835004581315,45.504391007589405],[-123.10781232865715,45.504535976427626],[-123.10765814721167,45.504546778246954],[-123.10754845483066,45.504554463610731],[-123.10731431434171,45.504512269962092],[-123.1072188054607,45.50442953964545],[-123.10713819064713,45.50418931480678],[-123.10703531647911,45.50392714131484],[-123.10696200407044,45.50375338895644],[-123.10693508245971,45.50368958507967],[-123.10680491477839,45.5034804378557],[-123.1066940779437,45.503165804528685],[-123.10666929252669,45.503085213513181],[-123.10667520972947,45.503023327911201],[-123.10670095095395,45.502837443409454],[-123.10681825026877,45.502759569935847],[-123.10723723978867,45.502705989755285],[-123.10741947741711,45.502647420510996],[-123.10753272173675,45.502611021607336],[-123.10761218580846,45.502585479651799],[-123.10818377933219,45.50232827576977],[-123.10854941611071,45.502147497657205],[-123.10903630748626,45.501906765054386],[-123.10924140993363,45.50173570311491],[-123.10921098579158,45.501604887211379],[-123.10919168728434,45.501507516462617],[-123.1091754816766,45.501429693408035],[-123.10448305363659,45.503585808005546],[-123.10420591348998,45.50370591743345],[-123.10418894161931,45.503702786452159],[-123.10410378402531,45.503743254356316],[-123.1039907660811,45.503758139254529],[-123.10375991342612,45.503688177302443],[-123.10357800637773,45.503417469147806],[-123.10344690265188,45.503222363545866],[-123.10328364822206,45.502945871492948],[-123.1032404913592,45.50285258731509],[-123.10315208545713,45.50266385579318],[-123.10317272065751,45.502525504994274],[-123.10315198394751,45.502287116164204],[-123.10323381597829,45.502002562963789],[-123.10321627367743,45.501821444441752],[-123.10180583603636,45.501968677068355],[-123.10117414522014,45.502185542039435],[-123.10091625956332,45.502274075010831],[-123.10003742873769,45.50265547067702],[-123.09927008063549,45.503060967496346],[-123.09883817963005,45.503242417608277],[-123.09765203963732,45.504504191100544],[-123.09650956405561,45.504678667682953],[-123.09581297535,45.505654732201748],[-123.09491368090222,45.506914773219158],[-123.0953294607416,45.507718466518355],[-123.09511812937606,45.507815962507806],[-123.09485924299601,45.507937803612734],[-123.09450039029453,45.508106690509202],[-123.09290256408516,45.508867832049205],[-123.09143700941152,45.50956592592275],[-123.09133986469837,45.509602049631589],[-123.09139441040243,45.507718897760896],[-123.09139552700832,45.507680519678317],[-123.09143559995485,45.506296016044629],[-123.09143608324848,45.506279385397825],[-123.09143518672981,45.506259752338742],[-123.09142980402463,45.506141786375274],[-123.09142617662751,45.506062305144468],[-123.09142352659742,45.506004223531484],[-123.091401549314,45.505948001611344],[-123.09127551298469,45.505625621939281],[-123.09116118978837,45.505386543628155],[-123.09055198380372,45.504094272980382],[-123.09018105864313,45.503319705515246],[-123.08989255660478,45.502726803937314],[-123.0898736021523,45.502670243163081],[-123.08970814325673,45.502333296921002],[-123.08968939901004,45.502219381842636],[-123.08967698878436,45.502095796292124],[-123.08966154045645,45.501905582005577],[-123.08954713820837,45.501922453828236],[-123.08902744664684,45.501982759676231],[-123.08869232384188,45.502022950526985],[-123.08796733579689,45.502109899015856],[-123.08535593775753,45.502423063066843],[-123.08499142926301,45.502462928094907],[-123.08498929845916,45.502543511186673],[-123.08498990122872,45.502695309726604],[-123.0849909765121,45.502966096276644],[-123.08499310641767,45.503502144521875],[-123.08498426789356,45.504302608272006],[-123.0850004860777,45.505359764552793],[-123.0850020850789,45.505762022886834],[-123.08500504323113,45.506506527777773],[-123.08500678236953,45.506944346171025],[-123.08141635362115,45.50684601198536],[-123.08120443116414,45.51091550420248],[-123.07866708305029,45.510915124604679],[-123.0775629646329,45.51095712837671],[-123.07754711655468,45.51060058885799],[-123.07486058701819,45.510629794123112],[-123.07462532722843,45.510632348709628],[-123.07463572612616,45.509973833153666],[-123.07075593205847,45.509967329520585],[-123.07075742505846,45.510670075746397],[-123.07075742505846,45.5106701588428],[-123.07075742595677,45.510670252011465],[-123.07075742326182,45.510675694195804],[-123.07075740349887,45.510756176769654],[-123.07075731276905,45.511118346927745],[-123.07075794158975,45.511372055267501],[-123.07075784816497,45.511728603748288],[-123.07075708369865,45.511960814936174],[-123.07075701632499,45.51222136970658],[-123.07075307361923,45.512385944901887],[-123.07075691122211,45.512623342945574],[-123.07075685911984,45.512829043713637],[-123.07075684474678,45.512880551409168],[-123.0707568043226,45.513034744988829],[-123.07075674772872,45.513252147719321],[-123.07075671898264,45.513365359995795],[-123.07075668035509,45.513512630415356],[-123.07075665520227,45.513613122160663],[-123.07075661298143,45.513776096916231],[-123.07075659142187,45.513858768173613],[-123.07075658603199,45.513873676835345],[-123.07046380531794,45.513873770628201],[-123.07033739439119,45.513873810915101],[-123.07017102370561,45.513873863791616],[-123.06993696855666,45.513873939329471],[-123.06963268311877,45.513874033751826],[-123.06933362407922,45.513874124397312],[-123.06918571377274,45.513874169720005],[-123.0690345264121,45.513874215672246],[-123.06873542874499,45.513874305058707],[-123.06843633017957,45.51387439444521],[-123.06813723251246,45.513874483202223],[-123.06783813484537,45.513874570700288],[-123.06753903627994,45.51387465756882],[-123.0672399781387,45.513874743178413],[-123.06705703802773,45.513872703655622],[-123.06693237342583,45.513868171382519],[-123.06669819161442,45.513855011421882],[-123.06655795112385,45.513849833298195],[-123.06640173499424,45.513847697463675],[-123.06626274495855,45.513847727049345],[-123.06611301286868,45.513847769854181],[-123.06596446565669,45.513847812029532],[-123.06581929790677,45.513847852316403],[-123.06557704113925,45.513845878888304],[-123.0653899597948,45.51384632896842],[-123.06524198480963,45.51384668399664],[-123.0648479406069,45.513847629479528],[-123.06480455467361,45.513847687391966],[-123.06476945659715,45.513847086865503],[-123.06473566556943,45.513845691931976],[-123.06470045071197,45.513843441531435],[-123.06466756069447,45.513840491775547],[-123.06463096243147,45.513836401396723],[-123.06459650575212,45.513831664538785],[-123.06457366878098,45.513828059490599],[-123.064539640598,45.513821984351289],[-123.06451338463889,45.513816710543125],[-123.06448733169901,45.513810959586365],[-123.06446204951364,45.513805326342329],[-123.06443585104672,45.513799910898925],[-123.06440193874644,45.51379352290337],[-123.06432960280648,45.513782187168118],[-123.06427577305971,45.513775717337715],[-123.06419053012577,45.513768808127111],[-123.06412042200773,45.51376613534002],[-123.06408530955822,45.513759200948883],[-123.06408838269481,45.512719149686859],[-123.0640857138001,45.512574398325938],[-123.06408409773091,45.512476019209593],[-123.06408200106306,45.512425388664752],[-123.06408402766232,45.512401596762388],[-123.06408396118697,45.512331679545554],[-123.06408387674536,45.512242979206675],[-123.06408380847337,45.512170250439596],[-123.06408372403173,45.512079989309839],[-123.0640833449427,45.51167885447024],[-123.06408321019539,45.511534564381471],[-123.06408310060094,45.511418300335777],[-123.0640829451924,45.511253739307669],[-123.06408265413823,45.511018334824222],[-123.06408262359554,45.510993154876999],[-123.06408243315268,45.510840119049931],[-123.06408233433801,45.510760522326805],[-123.06408212952212,45.510595961264038],[-123.06408200375797,45.510494772918129],[-123.06408182139998,45.510346904110122],[-123.06408165161838,45.510210035834675],[-123.06408148992163,45.510080336884435],[-123.06408137493727,45.509987463648081],[-123.06408128690238,45.509915775721517],[-123.06367930967735,45.509912668378107],[-123.06338676522024,45.50991040585928],[-123.06309422166146,45.509908142710863],[-123.06280167900096,45.509905878303286],[-123.06248963211905,45.50990346280922],[-123.06225559763132,45.509901649772146],[-123.06194355164772,45.509899232389323],[-123.06163676979166,45.509896855296105],[-123.06132998973224,45.509894476314166],[-123.06075293984152,45.509890001637153],[-123.0606146612715,45.509891511872169],[-123.06063434605434,45.509755319232376],[-123.06077381489209,45.508790851419938],[-123.06082239218938,45.508302445241632],[-123.06082284044872,45.508297906853997],[-123.0608234926256,45.508291355811451],[-123.0607617325515,45.508278724623572],[-123.0607233053186,45.508129332786396],[-123.06068145370783,45.507975804420511],[-123.0606813755544,45.50797549971913],[-123.06067186419219,45.507940618954592],[-123.06062041318427,45.507751400849429],[-123.06060605091952,45.507700638885062],[-123.06035474003225,45.507690843694213],[-123.05941342059884,45.507566051969967],[-123.05877039214545,45.507679226579263],[-123.05858735681304,45.508031438206487],[-123.05779552063615,45.509535898567862],[-123.05768316744526,45.509749358857114],[-123.0576796182016,45.509749380261077],[-123.05706602574338,45.510195164603346],[-123.05694666479498,45.510281882026135],[-123.05694175460364,45.510617237113721],[-123.05694149409219,45.510650139531833],[-123.0569408248473,45.510737076584711],[-123.05694057781059,45.51076825909216],[-123.05702500417594,45.510796207754801],[-123.0565200225272,45.510799903018111],[-123.0564005879169,45.510800776787278],[-123.05628438364839,45.510801627264343],[-123.05609055146458,45.510904556298591],[-123.05604068508485,45.510931036234489],[-123.05596752898305,45.510969882977932],[-123.05574457251943,45.51096736365956],[-123.05539716794792,45.510963435486786],[-123.05506380763757,45.510959665951461],[-123.05484310414866,45.510957169924694],[-123.05484274931415,45.510958103495369],[-123.05484088081835,45.510962706508522],[-123.05483896830509,45.510967111853617],[-123.05483888925335,45.510967283081648],[-123.05483680246694,45.510971840139447],[-123.05483459350965,45.510976367609693],[-123.05483429886223,45.51097693606151],[-123.05483227226296,45.510980868010449],[-123.05482984052347,45.510985338823687],[-123.05482914882072,45.510986548121281],[-123.05482910390495,45.510986628699158],[-123.05482729829123,45.510989779419816],[-123.05482464466787,45.51099418791037],[-123.0548234948243,45.510996009725424],[-123.05482339331468,45.510996176546783],[-123.05481728926233,45.511005397045281],[-123.0548171751763,45.511005567014188],[-123.05481045667629,45.511014785622621],[-123.05480976317688,45.511015705972547],[-123.05480646995306,45.511019895390113],[-123.05480325128937,45.511023820411367],[-123.05480306354148,45.511024039482322],[-123.05479957358662,45.511028150209967],[-123.05479597224064,45.511032212464755],[-123.05479555991394,45.511032655642701],[-123.05478739961789,45.511041278726431],[-123.05477878387602,45.511049680849467],[-123.05446201904219,45.511232473770768],[-123.05429595737709,45.511328300506072],[-123.05380483942811,45.511611700523645],[-123.05380487985229,45.511713330663532],[-123.05380487985229,45.511716179180404],[-123.05365624280874,45.511789751442336],[-123.05339456446478,45.511962996166538],[-123.05317107709685,45.512158813027604],[-123.05308712683858,45.512193437489152],[-123.05289625550198,45.512324607117257],[-123.05281546192363,45.512344167557011],[-123.0527204282514,45.512367175127658],[-123.05254628444372,45.512445529466952],[-123.05253353465487,45.512451266084824],[-123.05227433476279,45.512537060965492],[-123.05226059413221,45.512539388216936],[-123.05188600833682,45.512602830804035],[-123.05181330588424,45.512615144384817],[-123.05190553411782,45.512460830680396],[-123.05190014153118,45.512460793540036],[-123.05189526547582,45.512460760806135],[-123.05188497168098,45.51246056377321],[-123.05188301425198,45.512460527262306],[-123.0518707720113,45.512460143268463],[-123.05186442631214,45.512459871325248],[-123.05186367442221,45.512459832925863],[-123.05185853965206,45.512459608824486],[-123.05184632436082,45.512458924559986],[-123.05184392136745,45.512458761519966],[-123.05184382345109,45.512458753336489],[-123.05183412613759,45.512458091104421],[-123.05182347032168,45.512457227432932],[-123.05182195037223,45.512457107828261],[-123.05180980245467,45.512455974731523],[-123.05180309203946,45.512455269693554],[-123.05180252969411,45.512455205484727],[-123.05179768238483,45.512454693073195],[-123.05178559824762,45.512453262223723],[-123.05178280358876,45.512452897744261],[-123.0517826113493,45.512452871305307],[-123.05177355004304,45.512451684701119],[-123.05176262293593,45.512450109696509],[-123.05176154316095,45.512449958616905],[-123.05174958119464,45.512448085859532],[-123.05174256984382,45.512446900514256],[-123.0517420964317,45.51244681679097],[-123.05172265419397,45.512443285305416],[-123.05171902589855,45.512442546903834],[-123.05170289844425,45.512439263440392],[-123.05168332235758,45.512434829883091],[-123.05168297381125,45.512434744900766],[-123.0516789502571,45.512433794987629],[-123.05166740061748,45.51243091125518],[-123.05166393761206,45.512429999111873],[-123.0516637399827,45.512429945604531],[-123.05165592643635,45.512427885885415],[-123.05164452861204,45.512424720766788],[-123.05163320983945,45.512421415899325],[-123.0516258122131,45.512419150333898],[-123.05162562087192,45.512419089902032],[-123.05162197550851,45.512417972541975],[-123.05161082921246,45.512414391953676],[-123.05160710569562,45.512413141769308],[-123.05160688560836,45.512413066229506],[-123.05159977274793,45.512410674763963],[-123.05158881060655,45.512406822861244],[-123.05157794548316,45.512402837504524],[-123.05157048138149,45.512399982727452],[-123.05157042119434,45.512399958806462],[-123.05156718097113,45.512398719323294],[-123.05155652066364,45.512394468946972],[-123.05155259772081,45.512392841692311],[-123.05155234170094,45.512392734048014],[-123.05154596725569,45.512390088264056],[-123.05153552344223,45.512385579792486],[-123.05153501319911,45.512385341841878],[-123.05152519371477,45.512380942902787],[-123.0515177547659,45.512377474992455],[-123.05150083320086,45.512369258140438],[-123.05150054573998,45.512369111467137],[-123.05149491779473,45.512366283756812],[-123.05148507315751,45.51236115207908],[-123.051484253894,45.512360701357579],[-123.05147535787775,45.51235590016649],[-123.05146804469301,45.51235180086681],[-123.05146577375199,45.512350529907557],[-123.05145632437349,45.512345042561229],[-123.05145221188613,45.512342571146384],[-123.05145196484942,45.512342418807521],[-123.05144701333556,45.512339440645448],[-123.05143784333316,45.512333725419204],[-123.05143676535482,45.512333023527169],[-123.05142881526453,45.512327898141415],[-123.05142172845527,45.512323157379491],[-123.05141993451966,45.512321961330052],[-123.05141120109846,45.512315916244141],[-123.05140710927233,45.512312986552189],[-123.05140682809966,45.512312781335254],[-123.05140261949253,45.512309764142636],[-123.05139419239686,45.512303508802404],[-123.05139291499252,45.512302521746591],[-123.05138592160807,45.512297151482549],[-123.05137916717541,45.512291767368993],[-123.05137780982103,45.51229069218293],[-123.05136985973077,45.512284135310082],[-123.05136587570249,45.512280733491288],[-123.05136568885288,45.512280571080268],[-123.05136207313387,45.512277481493385],[-123.05135445362362,45.512270733250915],[-123.05135304326866,45.512269433962352],[-123.05134700209837,45.512263892471069],[-123.05134068694191,45.512257871929435],[-123.05133972215131,45.512256961042297],[-123.05133261557908,45.512249941482651],[-123.05132882468858,45.512246059982424],[-123.05132863783901,45.512245865466738],[-123.05132568328004,45.512242835680546],[-123.05131892884741,45.512235646783417],[-123.05131745201709,45.512234011340652],[-123.05131235407787,45.512228375420825],[-123.05130658689373,45.512221734187577],[-123.05130596076799,45.512221024110644],[-123.05129975161273,45.51221359662992],[-123.05129624548817,45.512209234817938],[-123.05129609277458,45.512209040302132],[-123.05129372661212,45.512206092978566],[-123.05128788846109,45.512198516933587],[-123.05128641342741,45.512196520785665],[-123.05128224165122,45.512190870383485],[-123.05127712933896,45.512183630490142],[-123.05127678258923,45.512183155846188],[-123.05127151756336,45.512175375210198],[-123.05126838873122,45.512170541269235],[-123.05126826566202,45.512170344864813],[-123.05126644657359,45.512167531623],[-123.05126157051821,45.512159626343589],[-123.05126019070593,45.512157280820887],[-123.05126009368789,45.512157113373505],[-123.05125689209221,45.512151662519379],[-123.05125254244962,45.512143856698962],[-123.05125241129558,45.512143642668377],[-123.05124812992494,45.512135569308612],[-123.05124546821675,45.512130278975413],[-123.05124535682566,45.512130047318706],[-123.05124405067522,45.512127444958018],[-123.05124017174982,45.512119271505107],[-123.05123895812588,45.512116563387615],[-123.05123883415838,45.512116277593705],[-123.05123649943695,45.512111051467869],[-123.0512330355332,45.51210278610526],[-123.05123301397364,45.512102719378028],[-123.05122976566557,45.512094481712339],[-123.05122766360779,45.512088757648165],[-123.05122758635268,45.51208853543384],[-123.05122670780035,45.512086138289],[-123.0512238592426,45.512077757723809],[-123.05122289175702,45.512074692046873],[-123.05122276868784,45.512074284758775],[-123.05122121729732,45.512069343793684],[-123.0512187864562,45.512060899646229],[-123.05121869931961,45.512060535164231],[-123.0512177713599,45.512057026316491],[-123.05121656402417,45.512052425910845],[-123.05121510965171,45.512046297701623],[-123.05121506743092,45.512046103814761],[-123.05121455269622,45.512043926994117],[-123.05121275337072,45.512035403525459],[-123.05121211377026,45.512031992249113],[-123.05121202034546,45.512031460319122],[-123.05121116604761,45.51202685991143],[-123.05120978982859,45.512018298040509],[-123.05120970359032,45.512017631396695],[-123.05120862651032,45.512009721060174],[-123.05120790426481,45.512003225845923],[-123.0512078862985,45.512003021257328],[-123.05120767699105,45.512001130229507],[-123.05120694037252,45.511992529954959],[-123.05120670501393,45.51198879070477],[-123.05120667536953,45.51198815868333],[-123.05120641665471,45.511983920866051],[-123.05120610853257,45.511975307998824],[-123.05120609954942,45.511974337304281],[-123.05120601331117,45.511966691353237],[-123.051206104041,45.511959876975567],[-123.05120610943089,45.51195972148814],[-123.05120613188879,45.511958075965325],[-123.05120646426543,45.51194946309414],[-123.05120671220043,45.511945422938197],[-123.05120676609936,45.511944712857769],[-123.05120701133943,45.511940854628151],[-123.05120777041586,45.511932255603377],[-123.05120791324798,45.511930988411727],[-123.05120793211259,45.511930828517663],[-123.0512087432913,45.511923666019875],[-123.05120971976001,45.511916583468249],[-123.05120975030272,45.511916398393971],[-123.0512099308641,45.511915090284148],[-123.05121132864268,45.511906530284755],[-123.05121212993991,45.511902223845368],[-123.05121228534846,45.51190145962704],[-123.05121293932199,45.51189798853968],[-123.05121476290201,45.511889468196443],[-123.05121513031297,45.511887918356237],[-123.05121525697544,45.511887406569052],[-123.05121679758615,45.511880971143604],[-123.05121872626904,45.511873680220496],[-123.05121876938817,45.5118735316574],[-123.0512190415777,45.511872501158187],[-123.05122149667341,45.511864059499153],[-123.05122292409636,45.511859525805299],[-123.05122318820106,45.511858716891545],[-123.05122416107653,45.511855649314178],[-123.05122703299047,45.511847272491664],[-123.05122769594716,45.511845460146716],[-123.05122798161143,45.511844703481664],[-123.05123011331358,45.511838933438234],[-123.05123305439783,45.511831498982509],[-123.0512330822456,45.511831432254958],[-123.05123339845258,45.511830632783393],[-123.05123689110242,45.511822373674654],[-123.05123856825705,45.511818643855712],[-123.05123899226186,45.511817655532312],[-123.05123939291047,45.511816811995182],[-123.05124058677147,45.511814158000583],[-123.05124448635814,45.51180598953821],[-123.05124551133585,45.511803940497856],[-123.05124598115478,45.511803030862438],[-123.05124858806573,45.511797870805594],[-123.05125259006032,45.511790363951285],[-123.05125290177571,45.511789804950283],[-123.05125739335213,45.511781788824763],[-123.05125962836055,45.511778006124686],[-123.0512602347234,45.511776939741885],[-123.05126074586478,45.511776113200767],[-123.05126209423602,45.511773831242159],[-123.05126699185097,45.511765933461511],[-123.05126803928657,45.511764321296845],[-123.05126843634193,45.511763679830267],[-123.05126916038405,45.511762594562029],[-123.05127208440031,45.511758096741794],[-123.05127718683111,45.51175059302976],[-123.05127737637564,45.51175032548965],[-123.05128284981066,45.51174261592805],[-123.05128563368974,45.511738866589127],[-123.05128647810609,45.511737693189495],[-123.05128709614701,45.511736894346114],[-123.05128851907841,45.511734976240547],[-123.05129437609408,45.511727408315735],[-123.05129572356699,45.511725738235384],[-123.05129630208205,45.511724989752295],[-123.05129724980468,45.511723845939223],[-123.05130042175593,45.511719913412662],[-123.05130665157243,45.511712493419871],[-123.05162226207109,45.511383975673702],[-123.05198314137188,45.51090090384924],[-123.05203153092128,45.510836129175665],[-123.05203983404945,45.510818959115518],[-123.05204012690021,45.510818323303873],[-123.05204631719084,45.510804638242682],[-123.05204724335391,45.510802455708316],[-123.05204759818845,45.510801665035373],[-123.05204842284188,45.510799676392047],[-123.0520521571385,45.510790878265659],[-123.05205412444899,45.510785929004179],[-123.05205481884671,45.510784255118764],[-123.05205547910843,45.510782520170167],[-123.05205765482806,45.510777047149872],[-123.05206148883771,45.510766736919877],[-123.05206169634852,45.5107661489509],[-123.05206280936116,45.510763151819923],[-123.05206761714456,45.510749194793846],[-123.05207207727995,45.510735181107762],[-123.05207318310605,45.510731413445683],[-123.05207336726069,45.510730770708328],[-123.05207619066562,45.510721114538647],[-123.05207819570536,45.510713623278704],[-123.05207840680943,45.510712795462943],[-123.05207995191171,45.510707000122721],[-123.05208265853567,45.510695761341061],[-123.05208336461148,45.510692841636988],[-123.05208642427336,45.510678642858558],[-123.05208912999898,45.510664408823509],[-123.05208988368551,45.510659851740819],[-123.05208992051644,45.510659616930461],[-123.05209148268671,45.510650144567968],[-123.05209265139489,45.510641820445585],[-123.05209269271738,45.510641498132145],[-123.05209348233652,45.510635851980517],[-123.05209486394543,45.510623751373522],[-123.05209512535517,45.510621537985763],[-123.05209641264099,45.51060720699035],[-123.05209734509225,45.510592860882824],[-123.05209756338287,45.510587533892497],[-123.05209757595927,45.510587088822511],[-123.05209792091236,45.510578506587926],[-123.05209806464279,45.510569401851036],[-123.0520980655411,45.510569106606511],[-123.05209814099962,45.510564146623693],[-123.05209800625231,45.510551266656137],[-123.05209800355733,45.510549786655751],[-123.05209750948394,45.510535430461339],[-123.05209736934677,45.510533137750592],[-123.0520966596777,45.510521082446964],[-123.05209615931606,45.510515022059124],[-123.05209605780645,45.51051392984207],[-123.05209545324026,45.510506747019349],[-123.05209439143159,45.510496929654089],[-123.05209430968492,45.510496256067562],[-123.0520938919683,45.510492428585096],[-123.05209206569334,45.510478868719218],[-123.05209197496349,45.510478131550926],[-123.05208970402244,45.510463860323476],[-123.05208915784678,45.51046084869742],[-123.05208884523303,45.510459205019323],[-123.05208707914518,45.510449618679871],[-123.05208607842195,45.510444845024665],[-123.05208569933291,45.510442877142935],[-123.05208520615781,45.510440684522216],[-123.05208410123001,45.51043541165626],[-123.05208229651461,45.510427737167703],[-123.05208167398212,45.510424964128156],[-123.05208133531724,45.510423647170363],[-123.05208077027694,45.510421243029903],[-123.05207708808258,45.510407117836913],[-123.05207681948632,45.510406375631518],[-123.05206868524144,45.510383964675071],[-123.05199585792303,45.510183309415801],[-123.05199563154758,45.510182847975003],[-123.051995544411,45.510182447597956],[-123.05196448695669,45.51009687449767],[-123.05196121080085,45.510082459641922],[-123.05196117666485,45.510082323035036],[-123.05195773252403,45.510069337826607],[-123.05195759867507,45.510068843649549],[-123.05195754567448,45.510068663605431],[-123.05195739026593,45.510068110882543],[-123.05195720700961,45.510067500243409],[-123.05195310620034,45.510054094508774],[-123.05195302625027,45.510053838292059],[-123.05194812504207,45.510039652572452],[-123.0519480423971,45.510039436015767],[-123.05194293816963,45.510026199616782],[-123.05194268933631,45.510025563796177],[-123.05194240277373,45.510024882020176],[-123.05193679459141,45.510011748859981],[-123.05193672182787,45.510011581406161],[-123.05193022611006,45.509997715474981],[-123.05193007878634,45.509997422115966],[-123.05192348694879,45.509984516208185],[-123.05192320936935,45.509983976704547],[-123.05192280153425,45.509983231975475],[-123.05191572011485,45.509970455117255],[-123.05191567430076,45.509970373278897],[-123.05190816797827,45.50995781171568],[-123.05190762809076,45.509956916529489],[-123.05190739632542,45.509956551404343],[-123.05189936269184,45.509944056567832],[-123.05189907523093,45.509943614640392],[-123.0518985308519,45.509942816401036],[-123.05189002111119,45.509930477684051],[-123.05154725094825,45.509705628015368],[-123.05152886063773,45.509693574423054],[-123.05144486187048,45.509638515781468],[-123.05144313710512,45.509637478946026],[-123.0514428469493,45.509637316527325],[-123.05143110776514,45.509630796487635],[-123.05143069992999,45.509630584965606],[-123.05141871730244,45.509624448938283],[-123.05141847835056,45.50962433436387],[-123.0514169997236,45.509623602850169],[-123.05141136549014,45.509620916646092],[-123.05140598278497,45.509618447629727],[-123.05140565939149,45.509618305356],[-123.0513929185858,45.509612806411702],[-123.05139281438122,45.509612765492264],[-123.05137954985774,45.509607529691039],[-123.05137928036315,45.509607430854786],[-123.05136589905869,45.509602625651688],[-123.05136580832884,45.509602594804697],[-123.05135198505323,45.509598099329963],[-123.05135168501593,45.509598009307183],[-123.05133782580771,45.509593966464315],[-123.05132344916993,45.509590226425175],[-123.05132325513384,45.509590181099028],[-123.05131994843525,45.509589374041227],[-123.05131347966692,45.50958788331355],[-123.05130887400442,45.509586884249011],[-123.05130883358026,45.509586876065121],[-123.0513069731693,45.509586472536178],[-123.05130043433235,45.509585142338651],[-123.05129412276916,45.509583946231068],[-123.05129385866448,45.509583899645833],[-123.05127921792196,45.509581421814417],[-123.05126418461569,45.509579310999129],[-123.0512640956825,45.509579300926653],[-123.05126170796046,45.509579000011108],[-123.05126059315118,45.509578859625854],[-123.0512538710579,45.509578099782665],[-123.05124904530823,45.509577614414731],[-123.05124713099835,45.509577422407993],[-123.05124037566739,45.509576826872191],[-123.05123382245742,45.50957633583851],[-123.05123360686173,45.509576322618337],[-123.05122682637797,45.509575886353787],[-123.05122003601272,45.509575540741608],[-123.05121853941947,45.50957548408384],[-123.05121323846099,45.509575278856921],[-123.05120643462102,45.509575099440774],[-123.05120322134725,45.509575054114563],[-123.0512030785151,45.509575052225983],[-123.05119962808612,45.5095750050112],[-123.05119282065289,45.509574993050109],[-123.0511878906986,45.509575045301126],[-123.05118601321966,45.509575064816573],[-123.05117920848137,45.509575220940135],[-123.05117257082975,45.50957545827309],[-123.05117241003131,45.50957546645698],[-123.05116561607281,45.509575781851758],[-123.05115883289409,45.509576187269303],[-123.05115728689348,45.509576299325744],[-123.05115205959689,45.509576675155373],[-123.05114530067267,45.50957724802803],[-123.05114227335017,45.509577542018732],[-123.05114206224607,45.50957756027514],[-123.05113855612151,45.50957790273965],[-123.05113182953667,45.509578639919731],[-123.05112704331283,45.509579225383],[-123.05112691844703,45.509579239862205],[-123.05112512271475,45.509579459568272],[-123.05111843565578,45.509580361685316],[-123.05111188064915,45.509581333680174],[-123.05111177464795,45.5095813506775],[-123.05110566879897,45.50958238058913],[-123.05110086281219,45.509583189535604],[-123.05109707551496,45.509583827879375],[-123.0510969713104,45.50958384613574],[-123.05108258568943,45.509586691612718],[-123.05108221468521,45.509586767785912],[-123.05106794135368,45.509590020568815],[-123.05106763143488,45.509590092335259],[-123.05105324581392,45.509593816636119],[-123.05105319550829,45.509593829856243],[-123.05103932911356,45.509597865144762],[-123.05103908028022,45.509597940058853],[-123.05102570706057,45.509602267449033],[-123.05102515549498,45.509602449383223],[-123.05101209758401,45.509607119237437],[-123.05101149301784,45.509607337684351],[-123.05099811351,45.509612599925887],[-123.05087461492137,45.509643057838119],[-123.05064208511176,45.509700404813337],[-123.05055709101116,45.509721366237173],[-123.050482361061,45.509739796318819],[-123.05025577989518,45.509795675765801],[-123.0502085195281,45.512577701295946],[-123.05018539419774,45.513938947191932],[-123.04980917706179,45.513935284867806],[-123.04967853507003,45.513933337251544],[-123.04923349979681,45.513808898029353],[-123.04911162266727,45.513746307234406],[-123.04845526590996,45.51333765496193],[-123.04800150440209,45.513111894812177],[-123.04765420852672,45.512883197170062],[-123.04721036082631,45.512556108920798],[-123.04698603802512,45.512441517044543],[-123.04680698402606,45.512376295940697],[-123.04653095150219,45.512217952146536],[-123.04628720353134,45.512039223348921],[-123.04529336499314,45.511310470239025],[-123.04485029433545,45.510851984800901],[-123.04459993656073,45.510674845605372],[-123.04435903175769,45.510440274074739],[-123.04402921440283,45.510168894582179],[-123.04361873192869,45.50987626976525],[-123.04351461718727,45.509708456488902],[-123.04350764536234,45.509548095097379],[-123.04360328539738,45.509432136048424],[-123.04349543007112,45.509466648871722],[-123.04325203873141,45.50939765216242],[-123.04305132185927,45.509187363394602],[-123.04234395516688,45.508798069086303],[-123.04191029436178,45.508621390546139],[-123.04171811867135,45.508583431723999],[-123.04151247723485,45.508593879593931],[-123.04145940746281,45.508655252291973],[-123.0415200733889,45.508742584629438],[-123.0416619739661,45.509045303031627],[-123.04182027867876,45.509119853305826],[-123.0418999915838,45.509202829172828],[-123.04189864321256,45.509240477846518],[-123.04175603116964,45.509344269048228],[-123.04172845648365,45.509480242976174],[-123.04178021381706,45.509873355684469],[-123.04175394168828,45.510059376223822],[-123.04158839655446,45.510688048487353],[-123.04142701960356,45.510901599463963],[-123.04119613999913,45.511057737997653],[-123.0409171430348,45.510990483846655],[-123.04039902981323,45.510946786074449],[-123.04037402700393,45.510849339573994],[-123.04073088185223,45.510704970557448],[-123.04091748080137,45.510579408688962],[-123.04093603550355,45.51033829476949],[-123.04082733126931,45.510090784476525],[-123.04091065809678,45.509787581924328],[-123.04090131112626,45.509055038810359],[-123.04084183546792,45.508977642942639],[-123.0405968271607,45.509098591999006],[-123.04027763328236,45.509365888466455],[-123.04026759999896,45.509374290210054],[-123.0401130727021,45.509463336276184],[-123.03988199187505,45.509526366840319],[-123.03964533969659,45.509549191739879],[-123.03932512173884,45.50954053065572],[-123.03917019469165,45.509519044765163],[-123.03897332710052,45.509431556878958],[-123.03862370818185,45.509168473571499],[-123.03848818204989,45.509014815837176],[-123.03847313167562,45.508882990700613],[-123.03861739033044,45.508388791001991],[-123.03863661068426,45.508252834582834],[-123.03856690411315,45.508113878674557],[-123.03846795019305,45.508011645223775],[-123.0377228587503,45.50751931394398],[-123.03734024021965,45.507393116043588],[-123.03722704620566,45.507192581699528],[-123.03709282532579,45.507025420829279],[-123.03693993386106,45.506932185591751],[-123.03633375699556,45.50679727450386],[-123.03542711343044,45.506729716849591],[-123.03542453975713,45.506541692105358],[-123.03539082598452,45.506508599045752],[-123.03531309835626,45.506432307712089],[-123.03527452020637,45.50639444058946],[-123.0351908268663,45.506258103501438],[-123.03510656668929,45.506168522267998],[-123.03510420950997,45.505800774984465],[-123.03510268776388,45.505563324869321],[-123.0329873564924,45.505559191077836],[-123.03298756400324,45.505504333004289],[-123.03283033547231,45.505504030807835],[-123.03283104514139,45.505559724957749],[-123.03283111790492,45.505613758234404],[-123.03283615745369,45.50593276913925],[-123.03281907688687,45.506599945034637],[-123.03279595065818,45.507219063381768],[-123.03279419894338,45.507267294334895],[-123.03276936861063,45.508110773749863],[-123.03276218568161,45.508299755826776],[-123.03274336956964,45.508928038544774],[-123.03274064587774,45.508954510597071],[-123.03273933793068,45.509012678560119],[-123.03271670128382,45.509555295039775],[-123.03272143271045,45.509573883817531],[-123.03269512554733,45.510121726863751],[-123.03269666166646,45.51015616435086],[-123.03269879247033,45.510203966600017],[-123.03268043180424,45.510667426104334],[-123.03266608750575,45.511221007210672],[-123.03262722279331,45.51262509105684],[-123.03262625530776,45.51265955596908],[-123.03259405968798,45.513806954815081],[-123.03259172586486,45.513842163681581],[-123.03256839302369,45.514806860301825],[-123.03256333101706,45.515043472627362],[-123.03255617324088,45.51558317383207],[-123.03253192052482,45.516089637658965],[-123.03252546792615,45.516295067051267],[-123.03252381502602,45.51634552542091],[-123.03251816192792,45.516656410975358],[-123.03251063314755,45.5168376825618],[-123.03250495938822,45.517060588331198],[-123.03250166077449,45.517161674861455],[-123.03249981383826,45.517295314807875],[-123.03249024139059,45.517518306256825],[-123.03249306838879,45.517581699170236],[-123.03248086477565,45.517833218141725],[-123.03245800983819,45.518546139709073],[-123.032441959639,45.519236613970826],[-123.03244052502951,45.519325876689628],[-123.03231235789636,45.519310113459056],[-123.03165195243206,45.519228960194525],[-123.03144057794739,45.519202982036283],[-123.03133322208443,45.519189789334362],[-123.03123359442783,45.51917754579928],[-123.02902135829341,45.518905660207494],[-123.02893508768679,45.518896585141889],[-123.02632793059388,45.518598464836352],[-123.02261076213532,45.518173311934014],[-123.02233381961804,45.518139052447005],[-123.02042014036493,45.517902319696738],[-123.02014988580497,45.517868887755291],[-123.01828839777151,45.517701160624966],[-123.01667590656517,45.517690878729333],[-123.01491727473348,45.517697061085187],[-123.0147385450262,45.517697688006962],[-123.01371977913723,45.517527497361904],[-123.01290300572806,45.517284685384872],[-123.01231624864236,45.51699105016484],[-123.01188139936616,45.516682360725099],[-123.01161963388562,45.516509435183856],[-123.0103083998963,45.515972377777487],[-123.0092618212678,45.515673686163929],[-123.00915226363408,45.515644163749236],[-123.00899608164046,45.515602076609355],[-123.0081388346362,45.515370684273094],[-123.00794173797465,45.515311877048546],[-123.00769249950073,45.515237511226701],[-123.0074867745209,45.515186183827716],[-123.00734135075113,45.515149901300077],[-123.00677184491215,45.514994013947224],[-123.00653541731251,45.514929296859997],[-123.00598702817092,45.51478643330541],[-123.00501003124769,45.51452785877882],[-123.00401505634068,45.514245856409126],[-123.00375714283609,45.514159174049929],[-123.00357302413543,45.514111664720716],[-123.00379248255936,45.514105981777881],[-123.00394830073527,45.514147940363955],[-123.00416816968928,45.514149541759203],[-123.00549740591688,45.514159213077633],[-123.00571353698099,45.514160784887054],[-123.00727443434732,45.514172118028135],[-123.00672500765153,45.513418578776857],[-123.00653677826017,45.513187446884181],[-123.00387810458236,45.509922529912096],[-122.99756391472225,45.509930514826131],[-122.9975606313799,45.509456734377146],[-122.99294596061252,45.509469372855037],[-122.99100274205792,45.509494126032195],[-122.99100183386116,45.509494137993293],[-122.99100029774202,45.508671352163717],[-122.99100025821615,45.508653519166351],[-122.99099791361327,45.507405333812756],[-122.99099786240929,45.507376427172282],[-122.99099466979676,45.505673718269684],[-122.99099438053923,45.505517997948608],[-122.99099410924802,45.505375483213641],[-122.99099471381422,45.505345176609104],[-122.99099561572274,45.505300062939767],[-122.99099494737619,45.505148775087086],[-122.99099663620892,45.505148788308247],[-122.99099864753684,45.505148807825236],[-122.99100872304106,45.503519766347054],[-122.99101697945686,45.502186094210103],[-122.99101674679319,45.501780333575866],[-122.99102188515661,45.50132629246027],[-122.99102634978358,45.500931548511893],[-122.99102842489188,45.5003094136976],[-122.99102849226551,45.500288616251645],[-122.99102861982632,45.500221664050933],[-122.99102742686358,45.500103937289218],[-122.99102713131788,45.500074581746375],[-122.99102065805793,45.50003594911589],[-122.99095328351331,45.500006791243727],[-122.99079070012499,45.499933944035014],[-122.99064468795869,45.499847001630279],[-122.99050381235922,45.499734672622857],[-122.99035777414178,45.499611466329426],[-122.99024860458026,45.499509438442018],[-122.99023116289071,45.499494444121822],[-122.99021926829803,45.499484219345668],[-122.99021831338888,45.499483398920468],[-122.9902176324659,45.499482812722547],[-122.99010895518113,45.499389390581442],[-122.98996150211715,45.499269511209945],[-122.98977141590808,45.499139566674799],[-122.98974153345014,45.49912483733759],[-122.98958135844508,45.499045885178717],[-122.98942286149301,45.498959212151867],[-122.9892628248285,45.49883740702294],[-122.98914659630547,45.498716850230146],[-122.98898711210485,45.498571955818413],[-122.98883968419372,45.498416909103781],[-122.98871322475787,45.498276793645026],[-122.98859534153812,45.498154074035547],[-122.98846201358364,45.49799982143071],[-122.98841702056433,45.497954018693676],[-122.98832674796309,45.497862120944916],[-122.98831591607738,45.497851094942874],[-122.98830663917546,45.497841650648681],[-122.98812465217701,45.497646693214655],[-122.98795201214908,45.497486698558838],[-122.98790771262915,45.497479563187667],[-122.98778362923727,45.497459576965475],[-122.9875530703314,45.497475559773093],[-122.98740032708868,45.497555791094129],[-122.98734211356334,45.497653754264341],[-122.98739313158326,45.497819681749746],[-122.98750452986502,45.498008476104978],[-122.98761809039165,45.49817524565708],[-122.98769096532077,45.498340698734147],[-122.98775447441473,45.498506354703345],[-122.98773349066801,45.498669446870338],[-122.98770851840143,45.498805295467648],[-122.98768806106746,45.498916582999748],[-122.98760420333568,45.499142573869356],[-122.98751025303169,45.499280871276049],[-122.98736240111569,45.499411115825282],[-122.98734268040029,45.4994215805091],[-122.98717243168763,45.499488186098105],[-122.98694114424805,45.49955912795599],[-122.98673479583739,45.499605753588611],[-122.98671523502209,45.499610173045063],[-122.98658528383477,45.499611661518422],[-122.98649970133765,45.499612642500409],[-122.98645434270404,45.499606945500751],[-122.98629754985599,45.499587254076538],[-122.98629193179222,45.499586548247684],[-122.98626086984632,45.499582647614588],[-122.98610998881121,45.499491409241713],[-122.98605426092423,45.499408210647417],[-122.98603308314142,45.499376591799617],[-122.98591942918998,45.499207624561954],[-122.98583000100514,45.49904045131472],[-122.98582412512486,45.499029468989136],[-122.98574265781005,45.498881782884126],[-122.9856284783442,45.498772167007303],[-122.98559797425209,45.498751660522117],[-122.98543528216761,45.498642283659969],[-122.98523915658487,45.498516857964198],[-122.9850276392681,45.498387470196512],[-122.98502401187098,45.498385251290372],[-122.98486117336111,45.498313893639626],[-122.98483611844952,45.498302914320568],[-122.98482327703255,45.498297287080334],[-122.9845895425821,45.498240805600538],[-122.98434077572377,45.498197836519076],[-122.98403287726181,45.498160540624312],[-122.98378497368444,45.49813733142291],[-122.98344566383193,45.498096317982721],[-122.983151983006,45.498098272443585],[-122.98292247423069,45.498138399323452],[-122.98269253156907,45.498240072679607],[-122.98247651638766,45.498374411139146],[-122.98230999658175,45.498501023420879],[-122.98229503603905,45.498512398753753],[-122.9821598000629,45.498648464960041],[-122.98216011537157,45.498884546417955],[-122.98216618349132,45.503402999065543],[-122.98216636944257,45.503542120854291],[-122.98216871494377,45.505291234363519],[-122.98216911918564,45.505593225280585],[-122.98217019626566,45.506399589179914],[-122.98217135149915,45.507262910105112],[-122.98202818609398,45.507260323258322],[-122.98081477235091,45.507238391400847],[-122.98003117372521,45.507224784793401],[-122.97958571085388,45.507217269774486],[-122.97727747176506,45.507178319082357],[-122.97721200883538,45.50717721232072],[-122.97647271422116,45.507164718755931],[-122.97645362142809,45.507118673539971],[-122.97645409933183,45.507118678576418],[-122.97645421431619,45.507118676058191],[-122.97645439397925,45.507118681094695],[-122.97643408307067,45.507062214130201],[-122.97626394574912,45.50658285048906],[-122.97614759685183,45.506255019250126],[-122.9760148231579,45.505880896229456],[-122.97598025868071,45.505808999720749],[-122.97586286594108,45.505564828295114],[-122.97576857427728,45.505368714626741],[-122.97555921381546,45.504933272614174],[-122.97555915093338,45.50493330157498],[-122.97555652156457,45.504934366828252],[-122.97518960468676,45.505083901245484],[-122.97447111325792,45.50537666933743],[-122.9729954866733,45.505385512380577],[-122.97261790409812,45.505305866391588],[-122.97204670673145,45.505185365001296],[-122.97206418974352,45.505144369286604],[-122.97206546714784,45.505141361782968],[-122.97206781444567,45.505135873733792],[-122.97210572245237,45.505047003400236],[-122.97205219723448,45.505037083090549],[-122.97205162860088,45.505036977320898],[-122.97204904774108,45.505036501987078],[-122.97181243688513,45.504992647233749],[-122.97016319560052,45.504686969392587],[-122.96996212030059,45.504649699831681],[-122.9694493727162,45.504554656893838],[-122.96929129168407,45.504525358445584],[-122.96929089013713,45.504525258970858],[-122.97017084565348,45.503807013471025],[-122.97027059278599,45.50372554571684],[-122.97071602870783,45.503361733843334],[-122.97172760627794,45.50253550255885],[-122.97182551635566,45.502455529547767],[-122.97209316041142,45.502236915923604],[-122.97265705088158,45.501775765700003],[-122.97283482208641,45.501629806288719],[-122.97285346392519,45.501614559426208],[-122.97414506703058,45.500558102225597],[-122.97417221322016,45.499898485946176],[-122.97418324722682,45.499630458213339],[-122.97418471327734,45.499594740520827],[-122.9741880496203,45.499513816349555],[-122.9741968647882,45.499283200964506],[-122.97416729404566,45.49928038644898],[-122.97252106660881,45.499123391037756],[-122.97222316549767,45.499094352326118],[-122.97162387691375,45.499036725056364],[-122.97150701418012,45.499025583428988],[-122.97152866447676,45.498633785236976],[-122.97153763684985,45.498471339621936],[-122.9715458214004,45.498323197441238],[-122.97155571185168,45.498144229959216],[-122.97156560320127,45.49796527135323],[-122.97157599760742,45.497767423566934],[-122.97130465608596,45.497750630466321],[-122.97101713500791,45.49773284312306],[-122.97078393056353,45.497717712952252],[-122.97037167661166,45.497692011990601],[-122.97023181610845,45.497683291782714],[-122.97013838233575,45.497677467395832],[-122.96990558931975,45.497662947354229],[-122.96979702252776,45.497656180988322],[-122.96981641356149,45.497562821301628],[-122.9700291013831,45.496538312787763],[-122.96899731710903,45.4963695826074],[-122.96844126803298,45.496278645681898],[-122.96833171489084,45.496254109600017],[-122.9685267669868,45.49599239912385],[-122.96898244999106,45.49532925158146],[-122.96909772629989,45.495161487503395],[-122.96928573290909,45.494594461206717],[-122.96929669684714,45.494556343058044],[-122.96932281805897,45.494465539849195],[-122.96935884050184,45.494302160956337],[-122.96923028799144,45.494261875176718],[-122.96830465314291,45.493887191991277],[-122.968042724169,45.493778570774332],[-122.96783289927818,45.493686599462301],[-122.96780603695625,45.493675189780014],[-122.96767723022261,45.493620480702468],[-122.96735344595315,45.493488358816585],[-122.96724284807034,45.493443227459984],[-122.96706554398943,45.493369508425054],[-122.96659435426672,45.493173596604393],[-122.9661523813503,45.492992516431677],[-122.96606222103848,45.492955577287006],[-122.96602689838323,45.492940700867763],[-122.96587191204722,45.492875426942348],[-122.96565192900721,45.492782814991394],[-122.96545522850271,45.492703143617149],[-122.9652122728459,45.492600544650379],[-122.96496028193398,45.492495907088532],[-122.96491224362585,45.492478343525754],[-122.96488414342544,45.492468075913948],[-122.96485830518293,45.492458197468352],[-122.96458982928723,45.492355577904199],[-122.96439221070449,45.492280038173483],[-122.96430517293662,45.492243510401188],[-122.96339479597316,45.491861376694068],[-122.96298336847138,45.491685973730789],[-122.96265284863395,45.491545065693856],[-122.96249442803864,45.491477519334495],[-122.96183088026751,45.491194626276041],[-122.9614610483566,45.491036943318193],[-122.96135365296774,45.490993953625996],[-122.96117304039169,45.490921655224987],[-122.96108113285666,45.490884868378501],[-122.96096740703997,45.490839341348106],[-122.9608913251253,45.490808885856943],[-122.96078998797474,45.490757996522035],[-122.96051101167168,45.490630106716303],[-122.96046140760002,45.49064889570375],[-122.96038362158124,45.490680432547919],[-122.96021588904971,45.490772782205475],[-122.96004203539783,45.490881620812189],[-122.95992047717021,45.490959638550763],[-122.9598050014354,45.490925409099155],[-122.95973762419582,45.490904715242877],[-122.95969778660792,45.490892478778967],[-122.95962581718061,45.490870369885776],[-122.95941600576452,45.490805914112528],[-122.95919154552112,45.490736825890238],[-122.95908397675743,45.490703716613289],[-122.95893384940882,45.490657562213407],[-122.95877344892666,45.490608250246815],[-122.95865270367436,45.490571125653432],[-122.95862927022183,45.490563213562631],[-122.95863807640659,45.489603253452429],[-122.9586484393717,45.488473634545407],[-122.95864970060636,45.488336352232849],[-122.95865037434282,45.488262799699783],[-122.95841561221972,45.488273078784324],[-122.95813142299308,45.48828311414654],[-122.95804365040331,45.488296960865277],[-122.95785847528389,45.488326175182308],[-122.95783199205098,45.488330352433543],[-122.95749436294641,45.488446897807052],[-122.95719023561205,45.488558772599134],[-122.95696593257379,45.488697915321929],[-122.9566032494559,45.488875730132534],[-122.95656986356839,45.488892098901296],[-122.95655069082527,45.488897675440946],[-122.95653728796124,45.48890157366543],[-122.95636459313607,45.488951806577347],[-122.95607071917233,45.489041069466531],[-122.95580246695715,45.489116612281975],[-122.95552349963724,45.489204238168369],[-122.95529804765376,45.489273595287713],[-122.95507587991096,45.489332345958807],[-122.95489532662369,45.489400743801994],[-122.95475804787858,45.489474944756502],[-122.95464833663293,45.489522061760823],[-122.9543549441662,45.48964113564729],[-122.95421691353121,45.489697004816463],[-122.95415397217251,45.489722480826856],[-122.9541252709992,45.489734098498388],[-122.95375282948241,45.489836404184942],[-122.95370984509607,45.489842714291107],[-122.95362324929928,45.489855430853247],[-122.95326103689864,45.48990860069997],[-122.95304665844766,45.489907993620626],[-122.95267628305601,45.489904331622206],[-122.95263541599878,45.489907178723662],[-122.95177461256429,45.489963911645567],[-122.95147648777265,45.489949616324957],[-122.95048013485003,45.490084311477787],[-122.94969660629289,45.490190228758216],[-122.94952350812417,45.490213628899667],[-122.94866754391411,45.490344235113653],[-122.94762704957502,45.490528939788028],[-122.94751464518015,45.490549745876692],[-122.94736452052652,45.490558950202185],[-122.94716174920731,45.490571392034703],[-122.94687067708895,45.490589234538433],[-122.94675557056172,45.490596638423284],[-122.94609860564499,45.490664847697822],[-122.94590143532159,45.490688109098919],[-122.94547556829988,45.490738353642101],[-122.94505613052068,45.490782115591365],[-122.94439084271283,45.490851528074053],[-122.94377115428713,45.49085779461447],[-122.94336050382806,45.490823483234728],[-122.94315839816049,45.490793393614247],[-122.94296204350736,45.490755052483529],[-122.94274901342763,45.490703678828773],[-122.94257135451221,45.49065718814667],[-122.94245244272142,45.490585024078356],[-122.94225923935832,45.490457111838765],[-122.94206492388089,45.490322966715745],[-122.94198271276105,45.490222294216828],[-122.9418487236465,45.490098901486341],[-122.94170991507049,45.489942266513573],[-122.94161744788504,45.489839425730885],[-122.94146635305088,45.489554424214106],[-122.94136846812594,45.489308505880821],[-122.94131962762228,45.488991054531375],[-122.94129525453199,45.488779492356912],[-122.94143638165973,45.488457580538359],[-122.94146685790408,45.488388062453318],[-122.94161458854748,45.488051055305235],[-122.94172056908974,45.487924918937544],[-122.94188049346485,45.48775765488562],[-122.94201528477493,45.487611334172534],[-122.94234925863462,45.487213046029261],[-122.94243090471414,45.487115783907136],[-122.94254741530821,45.486717708906404],[-122.94265880011521,45.486337137375486],[-122.94260782521441,45.486058856297525],[-122.94254468892132,45.485743564471285],[-122.94237371706485,45.485353639479243],[-122.94222383585465,45.485011816321688],[-122.94197914285608,45.484636251586551],[-122.94187589858215,45.484480777910029],[-122.94174517843697,45.484345295947563],[-122.94159249358475,45.484187049025522],[-122.94139330654356,45.484051538014974],[-122.94114095001731,45.483879853107709],[-122.9408177370764,45.483890253287242],[-122.94065115169349,45.48390407526324],[-122.94004806682918,45.484154207978449],[-122.93928812443815,45.484510765724387],[-122.93879160222443,45.484852523273283],[-122.938530660499,45.485024260009325],[-122.93842185206022,45.48547650034736],[-122.93832828174359,45.485804912955047],[-122.93827318267735,45.486055658206631],[-122.93823087741734,45.486175974443292],[-122.93809874512053,45.486398710047659],[-122.93803819507713,45.486442993685074],[-122.9379415749801,45.486315608620622],[-122.93784511208825,45.486158506527545],[-122.93778919645339,45.486037243673749],[-122.93771010967409,45.485921447179102],[-122.9376356788629,45.485823216089976],[-122.93754586350418,45.485730112637469],[-122.9374992804668,45.485644494810849],[-122.93745991808768,45.48554534814064],[-122.9373396255863,45.485378289895571],[-122.93719560318837,45.485203675409636],[-122.93707695819724,45.485074997703286],[-122.9369217526723,45.484912453144254],[-122.93690950234678,45.484899679413388],[-122.93677507754936,45.48476687766091],[-122.93676676813298,45.484755049238792],[-122.93657423401478,45.484540647084863],[-122.93623207021461,45.484202682274251],[-122.93620352534815,45.484173790173038],[-122.93601134786113,45.483967610584664],[-122.93573041143408,45.483692829047008],[-122.93561642690266,45.48358171486192],[-122.93536800859061,45.483337455231556],[-122.93493231849128,45.482910233413534],[-122.93454552998108,45.482531707680302],[-122.93446819491659,45.482456516298654],[-122.93433987237489,45.482286039593923],[-122.9339843937456,45.482271778855278],[-122.93243244270118,45.482284082064986],[-122.92921812598584,45.482280777317563],[-122.92835505700022,45.482257014244283],[-122.92788642298449,45.48224411457393],[-122.92698429435198,45.482219108818143],[-122.92539093636286,45.482175083242652],[-122.92541378680873,45.483075986418712],[-122.9269668221197,45.4834539107935],[-122.92922151982098,45.484002533913539],[-122.92970164149258,45.484101277698038],[-122.93034002385933,45.484252063459927],[-122.93036276650739,45.484916027924129],[-122.9304693767687,45.488028199017599],[-122.93047832309061,45.488289319255394],[-122.93042139954598,45.488341658027359],[-122.93020800025866,45.488368815500436],[-122.93004626937154,45.488478224282701],[-122.92985975576238,45.488561536639573],[-122.92974264509373,45.48874317202548],[-122.92945108339353,45.488901761334375],[-122.92923329044615,45.488957313837382],[-122.92905999824134,45.488912900556471],[-122.92891105127902,45.488874726921829],[-122.92861438265643,45.489000752214061],[-122.92844324910324,45.489125670107804],[-122.92828255756689,45.489225097646006],[-122.9281151205811,45.489328709113245],[-122.92791906955853,45.489396816643257],[-122.92774155437357,45.489485678932731],[-122.92760722569587,45.489585375999908],[-122.92743691949103,45.489708159625145],[-122.92727383304614,45.489725839926194],[-122.92700700915225,45.489826833226125],[-122.92682619535354,45.490004212464875],[-122.92674984663924,45.490062595230469],[-122.92631764918974,45.490206935319115],[-122.92620914527983,45.490373449628358],[-122.92615800419071,45.490425650438922],[-122.92596868334627,45.490618894783665],[-122.92577479546692,45.490771395516454],[-122.92555147249065,45.490864939641],[-122.92532966407396,45.490993983853421],[-122.92506432509522,45.491045418957647],[-122.92478264216822,45.491134045643577],[-122.92456558404274,45.491175943896025],[-122.92436133679156,45.491223782413975],[-122.92423725699294,45.491252842187322],[-122.92406375727727,45.491287050658698],[-122.92377753606144,45.491155958585274],[-122.92375075638451,45.490414237577014],[-122.92373957056259,45.490104398558273],[-122.92372592425509,45.489726405443832],[-122.92372685850302,45.489726085529604],[-122.92368559618707,45.488561837667426],[-122.92364151585605,45.487546108231399],[-122.91807344960296,45.486884239828662],[-122.91391594046684,45.486389856464953],[-122.91388366399867,45.485165987358869],[-122.91386888491562,45.484575678385781],[-122.91384156265626,45.484574812397092],[-122.91381968328919,45.483876083648369],[-122.91384700285363,45.483876904300949],[-122.91384026009909,45.483609467921021],[-122.91379469664956,45.481818904364367],[-122.9138103147591,45.481819017105849],[-122.91384046042342,45.480966153319315],[-122.91387029976221,45.480122370538396],[-122.91389535377549,45.479413543958437],[-122.91378781645281,45.479378777771373],[-122.9137453917169,45.47844757879691],[-122.91370570235101,45.478324216332553],[-122.91367765964279,45.478237023256604],[-122.91375171046658,45.476811240357151],[-122.9137677804287,45.476501822877431],[-122.91373706792747,45.47568723757648],[-122.91371509154236,45.475155441043107],[-122.91371478431854,45.475096994953816],[-122.91371300924754,45.474753364688112],[-122.91371349343946,45.474508417333375],[-122.91371397942804,45.474255051852246],[-122.9137142830586,45.474102256324628],[-122.91371436570363,45.474059925211044],[-122.91371420041358,45.474044876870494],[-122.9137132661657,45.474012649760702],[-122.91369989384437,45.473555032261395],[-122.91369685933533,45.473376064815355],[-122.91369639490634,45.473259988432716],[-122.91369713242321,45.473002035790117],[-122.91369536633533,45.472593228239376],[-122.91369123857662,45.471339898677087],[-122.91368993601945,45.471179701409142],[-122.9136649538714,45.469397692333175],[-122.91365099674685,45.469252551768726],[-122.91114003035625,45.469264154132276],[-122.91098436758885,45.469271880220283],[-122.91057029454852,45.469276291347342],[-122.90865091009505,45.469296678158479],[-122.90854447051366,45.469303889547774],[-122.90825665029661,45.469414194647257],[-122.90797090608622,45.469562957797855],[-122.9078636481396,45.469618799631085],[-122.90769294038786,45.469716878170104],[-122.90744105457883,45.469861581596618],[-122.90731148517548,45.469932897178886],[-122.907206444271,45.47003113770424],[-122.90688418983251,45.470156915993869],[-122.90664311884116,45.470173970570166],[-122.90655742944453,45.470176622117876],[-122.90626777217274,45.470179975453036],[-122.90598694803515,45.470182548884011],[-122.90554059223848,45.470178598336616],[-122.90484829478497,45.470171876546665],[-122.90442676752441,45.470170812525673],[-122.90430935142857,45.470170526518835],[-122.90430254130041,45.470308946095741],[-122.9036537465612,45.470308615361766],[-122.90362078647509,45.472018948911717],[-122.90094381591156,45.471981155658696],[-122.90087818948849,45.470612276198537],[-122.90086734502637,45.470355602243679],[-122.89969762084716,45.470349354211542],[-122.89969456657518,45.470288543901511],[-122.89891210162337,45.47028310096325],[-122.89848218409806,45.470280107976983],[-122.89849697036763,45.470217859999622],[-122.90186042089488,45.470226699744508],[-122.90352408193645,45.470230497835765],[-122.90352733653272,45.470162542895885],[-122.90354965697257,45.469599434759758],[-122.90359627055267,45.468603046172476],[-122.90360495995643,45.468417361161926],[-122.90375481331884,45.465727843863178],[-122.90375831495182,45.465665726313063],[-122.90534406421048,45.465632506537908],[-122.90553685973845,45.465628466208507],[-122.90604606975725,45.464650772323331],[-122.90546966755183,45.464378269297178],[-122.90391369744482,45.463642629106822],[-122.90232272897438,45.462899734976702],[-122.9020307226081,45.462763392133816],[-122.90195676520911,45.462728867066303],[-122.90134187109207,45.462227768900746],[-122.90125157872789,45.462154181652544],[-122.89890212223887,45.462139340573415],[-122.89897716031119,45.462069515937387],[-122.9012271688067,45.462084203299895],[-122.90784900919374,45.462127773286895],[-122.90842528204173,45.462131499466821],[-122.90839260851824,45.460405213444908],[-122.90839357600382,45.460267140665991],[-122.90837840615362,45.458551460758009],[-122.90867809670881,45.458550491662926],[-122.90867790806259,45.458481455880204],[-122.90867319639892,45.456697919967517],[-122.90888490505688,45.456725542599607],[-122.9097552899222,45.456839326629925],[-122.90934073987646,45.454443986180983],[-122.90932794337522,45.454410508994968],[-122.90913708192005,45.453943048799751],[-122.9089843710167,45.452859974140274],[-122.90891109813393,45.452340333732714],[-122.90890321631564,45.452284431932028],[-122.90888227478972,45.452175383907161],[-122.90887909026203,45.452158499073526],[-122.9090991038448,45.452054105896593],[-122.90913323353739,45.452037914217634],[-122.9091224375843,45.451934081673087],[-122.90910085645793,45.451777946199684],[-122.90907682113418,45.451602551412229],[-122.90902404690789,45.451104824786988],[-122.90900104374838,45.450887988118907],[-122.90897837476219,45.450674169852121],[-122.90895529973749,45.450456524883506],[-122.90893097066466,45.450227076805568],[-122.90890357743838,45.449968795039801],[-122.90886967951113,45.449649046166535],[-122.90881678940215,45.449137034438905],[-122.90779454972792,45.449092879035156],[-122.90625183785625,45.449026375190698],[-122.90461055295009,45.448955479978139],[-122.90452807503058,45.448943177685003],[-122.90446335141435,45.447945708081527],[-122.90444653764717,45.447644172523184],[-122.90334690182306,45.447644659055136],[-122.89942201592136,45.44767272727735],[-122.89836786898658,45.44766441275258],[-122.89499839615368,45.447666031163898],[-122.89499852730771,45.447642513146768],[-122.89286155202778,45.447636615522029],[-122.8925568084491,45.447635770393205],[-122.89157332838448,45.447633035856349],[-122.89021305446552,45.447629240024028],[-122.88983509369959,45.447628183140232],[-122.88822583463164,45.44762366570226],[-122.88812693550874,45.447655933738417],[-122.88498330901976,45.447644936353143],[-122.88499709905767,45.443801758371286],[-122.8849231506418,45.440368811840202],[-122.88606237072892,45.440356556207831],[-122.88627777415765,45.432402846389422],[-122.88013454178093,45.432345491945448],[-122.87935346472621,45.431942185463882],[-122.87892230572919,45.431712533478262],[-122.87830685106344,45.431244274940177],[-122.87783716691712,45.430844573471425],[-122.87777510500908,45.430835953239061],[-122.87752684480054,45.430627190528106],[-122.87714163552862,45.430311150457364],[-122.87665244805918,45.429909787525695],[-122.87599828498782,45.429369511763333],[-122.87557996291621,45.42902278852921],[-122.87525459132367,45.428749146880939],[-122.87496916062528,45.428504205166938],[-122.87480151163707,45.428300972236684],[-122.87455535258796,45.428002561436109],[-122.87417252564818,45.42753847278901],[-122.87382979051951,45.427122921365481],[-122.87366927235801,45.426940245092453],[-122.873189536962,45.426346507501307],[-122.87278066247222,45.425851111428841],[-122.87241094554571,45.42540273345989],[-122.8722397185677,45.425195106311449],[-122.87204880680687,45.42496363253818],[-122.87186583076331,45.424736631692234],[-122.87174600718251,45.424592325041125],[-122.87117063444637,45.424750456195063],[-122.86978117516215,45.425136170879625],[-122.86844152925703,45.425508038439787],[-122.86814770559894,45.425587600544937],[-122.86804377321552,45.425611378682376],[-122.86792507791871,45.425634903991856],[-122.86783894744929,45.425649609669534],[-122.86775977892327,45.425661425276878],[-122.86767638382388,45.425672140084352],[-122.86753523244161,45.425686289679582],[-122.86753789774308,45.425594904529085],[-122.86754099154091,45.424681205659745],[-122.86754259772863,45.424400720515038],[-122.86754316546387,45.424301671648813],[-122.8675538464326,45.422437675763724],[-122.86755426684417,45.422364457775423],[-122.86756426599159,45.420621018669998],[-122.86748659226222,45.420617902617465],[-122.86738713887883,45.42062114288332],[-122.86485570437446,45.420638366920485],[-122.86482756105492,45.420574483415081],[-122.86445133852911,45.419720465394661],[-122.86391669720462,45.419724094751871],[-122.86332662084394,45.419728096754781],[-122.86103123035859,45.419743635646014],[-122.86103736495369,45.419331149271613],[-122.85998128214946,45.419322273173734],[-122.85961340766755,45.419319178487847],[-122.8595080622342,45.419318291949821],[-122.85951032239547,45.419166565747375],[-122.85951184414157,45.419064445786461],[-122.85951417706634,45.418907846060293],[-122.85951505921196,45.418848582487314],[-122.85951600693456,45.418784966199652],[-122.85951672468848,45.418736818387472],[-122.85951822756995,45.418635939826345],[-122.85951867942252,45.418605556292832],[-122.8595215630146,45.418412017100884],[-122.85953255210549,45.418411943326596],[-122.85958755145873,45.418411572563656],[-122.86210380982467,45.418394564125649],[-122.86210374424766,45.418371957662679],[-122.86210064146668,45.417310257117428],[-122.86209537913574,45.415508727283104],[-122.86209471348411,45.415281017479408],[-122.86209350075848,45.414865642567868],[-122.86209332738362,45.414806145217852],[-122.8620932384504,45.41477522677517],[-122.86209320790769,45.414765699822823],[-122.86208878729819,45.413251776809041],[-122.86208749102921,45.412807696032878],[-122.86208615523439,45.41235052709559],[-122.86208268863571,45.411163556087743],[-122.85695088291212,45.411190270206603],[-122.85691305575385,45.411190519305393],[-122.85626961138044,45.411194757768669],[-122.85563638983497,45.411198924339836],[-122.85494129143444,45.411203493883107],[-122.85438641196488,45.411207139553468],[-122.85434689238059,45.411207399372927],[-122.85358882926516,45.411212373779691],[-122.85348548348162,45.411213051706554],[-122.85190817838662,45.411223386464002],[-122.8519105697019,45.410560062481579],[-122.85186446995816,45.410182833134918],[-122.85186342072592,45.410144247974671],[-122.85184825087569,45.409835094021247],[-122.85184432164466,45.40980722202724],[-122.85184428750865,45.409802966432409],[-122.85183707673187,45.40895093981684],[-122.85182905208146,45.408002897378708],[-122.85182799925592,45.407878492801267],[-122.85181507249901,45.407615766466471],[-122.85181905652729,45.407286180623551],[-122.85181982907842,45.40714846659575],[-122.85182158708146,45.407010756646962],[-122.85182432784137,45.406873054561274],[-122.85185271909592,45.404440637633272],[-122.85185655669882,45.404353729537299],[-122.85189388619044,45.404352275759472],[-122.8519106271941,45.404138076795455],[-122.85191421865861,45.403730187227126],[-122.85191841199433,45.403454679687336],[-122.85190361314835,45.403190879476277],[-122.85190390689745,45.403103754382109],[-122.851903199025,45.403086618973965],[-122.85190494714655,45.403012665701837],[-122.8519060323114,45.402966686108599],[-122.85197341404255,45.402967274571935],[-122.85200349862143,45.402967536952183],[-122.85204638868466,45.400546094666105],[-122.85204544635192,45.40054608772784],[-122.85204654678815,45.400484005619958],[-122.85213318480572,45.399789853423755],[-122.85215193174741,45.399644619507548],[-122.85216708003803,45.39949917706705],[-122.85217862249111,45.399353571515576],[-122.85218655461509,45.39920784448227],[-122.85219087730822,45.399062043273567],[-122.852190606017,45.398844363860363],[-122.85211166835803,45.394843794965034],[-122.85210391050724,45.394602246296195],[-122.85207583366305,45.39417868077296],[-122.85201849689341,45.393635363158396],[-122.85192134229881,45.392415320145453],[-122.85190541157554,45.392178308206965],[-122.85189535583424,45.39194113504],[-122.85189117507494,45.391703876344167],[-122.85189635925241,45.391334669789124],[-122.85192951337464,45.390523104988738],[-122.85195246083856,45.389577040841523],[-122.85196058250705,45.389203817489225],[-122.85173333838455,45.389103317066926],[-122.85170406678105,45.389148849294855],[-122.85165996039888,45.389212349446602],[-122.85160408788317,45.389273862272191],[-122.85151336073443,45.389340034034113],[-122.85140319224631,45.389406947625304],[-122.85133795299708,45.389430237561456],[-122.85131509626299,45.389442540210652],[-122.85126172106376,45.389470215956926],[-122.85113877493903,45.389510638457942],[-122.85097255427212,45.38954045724163],[-122.85074728374835,45.389554851836515],[-122.85040128773518,45.389569148642714],[-122.84923771252407,45.389588538467386],[-122.84833141930191,45.389614308912527],[-122.84788135705635,45.389654738880914],[-122.84757915570994,45.389692311610837],[-122.84727674325943,45.389724742098572],[-122.84698584721089,45.389753164024917],[-122.84677659724186,45.389778369767299],[-122.84673022351194,45.389787036012976],[-122.84657569531677,45.38981712340086],[-122.84636865610165,45.389895961718864],[-122.84619330855146,45.389987870853105],[-122.84606557799954,45.390101270268914],[-122.84594776215339,45.390266258972154],[-122.84594049568105,45.390278927340155],[-122.84587538758589,45.39039996275681],[-122.84587235038191,45.390420776782314],[-122.84584766288127,45.390577685760313],[-122.8458232026544,45.390834571367378],[-122.84582686149257,45.391017825603676],[-122.84582821705033,45.391050724686771],[-122.84581841014237,45.391285188295477],[-122.84581624969411,45.391516237404893],[-122.84582094608639,45.391724679795956],[-122.84581629910143,45.391895412022784],[-122.84578448526567,45.392068416662568],[-122.84571935471261,45.392188937895881],[-122.84558419599159,45.392311235319482],[-122.84547033542765,45.392383363069733],[-122.84528966176612,45.392440737293413],[-122.8450813694012,45.392489415348663],[-122.8449576713866,45.39251183976598],[-122.84494260124937,45.39252415246871],[-122.84484229266981,45.392547125701348],[-122.84475340257579,45.392563692766842],[-122.84467639180312,45.39258498921712],[-122.84456386703401,45.392595007548039],[-122.84444826104348,45.392624811456926],[-122.84435147655476,45.392638794591413],[-122.84423998754315,45.392674001592923],[-122.84414791292151,45.39270778225184],[-122.84404839396105,45.392749946698295],[-122.84397595022328,45.392787613888402],[-122.84386246964671,45.392868992849031],[-122.84375339261163,45.392962801003897],[-122.84367538201406,45.393054431369755],[-122.84363756833046,45.393176450616522],[-122.84360317183824,45.393286910907356],[-122.8435865592937,45.393356362697624],[-122.84357866040742,45.393448274405507],[-122.84358312683102,45.393556739490947],[-122.84357572291644,45.39366064539184],[-122.84359164285989,45.393763560076565],[-122.84358485608793,45.393977038863348],[-122.84357504917996,45.394117179593671],[-122.84355952180029,45.39421302006933],[-122.843569672763,45.394364928120304],[-122.84358275043689,45.394587948870701],[-122.8415047226059,45.394628517845504],[-122.84150066222084,45.39443515385976],[-122.84060955771348,45.394453349140655],[-122.84048667536914,45.394685146060041],[-122.83849334609303,45.396123672292688],[-122.83845167504361,45.396152133895427],[-122.83836028314157,45.396218205507992],[-122.8380991563632,45.396406984452476],[-122.83808478870856,45.396417371751639],[-122.83701845343199,45.396626726485046],[-122.83638796456164,45.396448015755304],[-122.83537652802707,45.396097163627488],[-122.83459271560228,45.395978158340021],[-122.83326121741682,45.395989655925284],[-122.83277871071816,45.396000159368242],[-122.83275147110379,45.396000713840955],[-122.83128560561306,45.39605968094407],[-122.83120006533676,45.396063135198226],[-122.831161065877,45.396061870446708],[-122.83079542730188,45.396053050617475],[-122.83079070755338,45.396052936442871],[-122.82873886201966,45.395973209716018],[-122.82823633366992,45.395911781770131],[-122.82733366155668,45.395801435107742],[-122.82609773603259,45.395582230465031],[-122.82609777016857,45.395618018495519],[-122.82605522954998,45.395607345295289],[-122.82553615423272,45.395477113166159],[-122.82500135749969,45.395378512533121],[-122.82454603292319,45.395323900441838],[-122.82393921555888,45.395363566204061],[-122.82328698117044,45.395559200432167],[-122.82289195241414,45.395713135418383],[-122.82257378800513,45.395847271663008],[-122.82237790406923,45.395805636877597],[-122.82216387955445,45.395636679559367],[-122.8220293245013,45.395511714719149],[-122.82176542192872,45.395389370602793],[-122.82152701893379,45.395257388110615],[-122.82124126304527,45.394916589405],[-122.82120957766857,45.394880004845604],[-122.82102389949262,45.394665611634927],[-122.82071042159443,45.394279768294282],[-122.82049157671985,45.393992336926885],[-122.82036290383519,45.393693959912021],[-122.82030633602345,45.393576535461541],[-122.82014740788,45.393488545186187],[-122.81997145756024,45.393300571524087],[-122.81992411095487,45.393091754553531],[-122.81978882377477,45.392948561831155],[-122.81926618843407,45.392512223315734],[-122.81900521167434,45.392143555734144],[-122.81864522440063,45.391886337943419],[-122.81861696609676,45.391860372972069],[-122.81811583193233,45.391267692871473],[-122.81811561903163,45.391251661650692],[-122.8180943999263,45.389635728863048],[-122.81855523746367,45.389623212390688],[-122.82223631430908,45.389569149904432],[-122.82596137267078,45.389514329058485],[-122.82598576642232,45.388299654873208],[-122.8259927768748,45.387899755377028],[-122.82603186526777,45.385997778375334],[-122.82605780681652,45.384631643091019],[-122.82607848333943,45.383708411732755],[-122.82609245124378,45.38300208444911],[-122.82610351579312,45.382411022601538],[-122.8261034430296,45.382365782755372],[-122.82610471504404,45.382207163180944],[-122.82610504562405,45.382166816850145],[-122.82610964948991,45.381953286514332],[-122.82573259332747,45.382054310722637],[-122.82543736200935,45.382133418559043],[-122.82465984138484,45.382341742230516],[-122.82429937710575,45.382460826077256],[-122.82258521547384,45.383027073002445],[-122.82207060388524,45.38316652981139],[-122.81824337743133,45.384203579385272],[-122.81798877152362,45.384272564092122],[-122.81786135538204,45.384302705520632],[-122.81772184252684,45.384335711984733],[-122.81755478373177,45.384375234036042],[-122.81726958569703,45.38444269925764],[-122.81717446758317,45.384095193513744],[-122.81710672652594,45.383763175115959],[-122.81704272785014,45.38345387932106],[-122.81699745545477,45.38323507980283],[-122.81693910089392,45.382953060036456],[-122.81690971340768,45.382811033486099],[-122.8168709394251,45.382623641380398],[-122.81684162829569,45.382481977429876],[-122.81682726423429,45.382415441152183],[-122.81681669555499,45.382387307035842],[-122.81679466257602,45.382334327283083],[-122.81675018608799,45.382226841983751],[-122.8167062656571,45.382114787108137],[-122.8165584119445,45.381741702510325],[-122.81630214235685,45.381109960501469],[-122.81611296524287,45.380650397315655],[-122.8158854165915,45.380098644106099],[-122.81579850728271,45.379890008037485],[-122.81555790611029,45.379307236988758],[-122.81502972726594,45.378001432168659],[-122.814767667138,45.377354717468819],[-122.81451277197276,45.376725666307792],[-122.81687423624219,45.375162870821065],[-122.81790138071783,45.374493122271723],[-122.82130105850386,45.372276322237738],[-122.82257867394193,45.37144316679062],[-122.82317117755053,45.371056774921271],[-122.82360734375695,45.370766419044685],[-122.82452129601522,45.370157784129958],[-122.82457548868138,45.37007774572205],[-122.82466298548836,45.369945060414345],[-122.8246636987507,45.370005973843739],[-122.82473935216898,45.370005533343239],[-122.82480373352708,45.370005159107137],[-122.82484381366011,45.370004925603986],[-122.82487570475101,45.370004740694711],[-122.82508679446974,45.370003511963304],[-122.82518507824666,45.370002940196123],[-122.82533215401821,45.370002083807513],[-122.82533691688585,45.369946383179503],[-122.82533913841955,45.369881945043005],[-122.82627115220494,45.369876590867094],[-122.82872022916402,45.369862284663022],[-122.8288376299885,45.369861597404757],[-122.82898612509824,45.369860728392155],[-122.82927840545064,45.369859017503906],[-122.82973403814928,45.369856347988012],[-122.82973664056867,45.370129402838735],[-122.82973922502173,45.370400465928675],[-122.82974535692185,45.371043652286964],[-122.82974717241704,45.371234178198961],[-122.82974929693269,45.37145702516375],[-122.83107111487269,45.371455462626052],[-122.83133925749343,45.37145514330291],[-122.83170954574845,45.371454702182618],[-122.83182129437317,45.371454569026128],[-122.83247918994455,45.371453782077566],[-122.83288489068642,45.371453294257826],[-122.83337701115526,45.371452701048781],[-122.83385937861505,45.371452117305843],[-122.83390895843222,45.373261604349906],[-122.83390885782092,45.373389801409353],[-122.83390753729746,45.375071848794654],[-122.83589547668186,45.375068290399234],[-122.83630278900134,45.375067859403629],[-122.84330128400389,45.375031419123992],[-122.843542730491,45.375030136232894],[-122.84482033964089,45.375023339370522],[-122.84587360173511,45.375017726326483],[-122.84680770590013,45.375012779653481],[-122.84955069095894,45.374992421871468],[-122.85181690057061,45.374975545497456],[-122.85208590287905,45.374973733167408],[-122.85654050643919,45.374943568465376],[-122.85662055800911,45.374943020727436],[-122.856690657144,45.374942573955025],[-122.85676730769225,45.374942100048138],[-122.85694902070456,45.374940955982595],[-122.86009708936264,45.37494282321363],[-122.86761652458495,45.374946924937682],[-122.86774739744372,45.374939503972136],[-122.86781160452865,45.367796079658874],[-122.86781243097873,45.367704486607693],[-122.86781148954429,45.365402681671185],[-122.86780997857801,45.361702229325033],[-122.86780999384938,45.361642722696679],[-122.86781050319411,45.361642684825718],[-122.86781893208645,45.361642096563237],[-122.86782853328019,45.361641430034105],[-122.86797818991157,45.36163935407356],[-122.86795194024067,45.360492868747158],[-122.8679532877136,45.359140090974527],[-122.86795368656558,45.358742536604474],[-122.86989744949926,45.358751680387599],[-122.87073819714671,45.358755605914368],[-122.87504556144188,45.358775725891768],[-122.8750443738691,45.358666003599083],[-122.87498297851097,45.358665719551823],[-122.87466782705144,45.358664260180191],[-122.8746706342867,45.357622835543971],[-122.8746749713529,45.355998393122881],[-122.87465628998822,45.353350743442441],[-122.87504588932697,45.35335228122927],[-122.87504632860315,45.353242569252316],[-122.87486560104269,45.353241856541018],[-122.87378889920777,45.353237601105349],[-122.87271216054194,45.353233336200198],[-122.87169076079253,45.353229280247312],[-122.87040781564983,45.353224173218294],[-122.86989466292523,45.35322212661886],[-122.86886844371433,45.353218027107104],[-122.86867395037051,45.353217248742716],[-122.8681518108998,45.353215157953663],[-122.86794791758483,45.353216409144473],[-122.86794525138507,45.353006097598694],[-122.86794062416303,45.352641950581315],[-122.86794040317749,45.352624193210943],[-122.86794049929721,45.35262405622241],[-122.86794481210889,45.35261785449309],[-122.86796956159328,45.352582340994196],[-122.86799144365527,45.352550955441252],[-122.86799181645613,45.352550416955751],[-122.86799391941221,45.352546952467364],[-122.86857228623315,45.351571003072216],[-122.86902864207558,45.350726498618648],[-122.86907819135001,45.350633143734797],[-122.86936823759233,45.350086658898121],[-122.8694412275058,45.349949129351614],[-122.86964673599167,45.349547226287143],[-122.86977810202555,45.349314394538645],[-122.87016095052491,45.348593012314169],[-122.8703392777869,45.348264032416438],[-122.87037884318528,45.348191040275132],[-122.87042660211736,45.348102925069092],[-122.87045672981536,45.3480473323025],[-122.87027466556181,45.347999047185297],[-122.87046626273715,45.347609529781629],[-122.87051028647429,45.34752003356023],[-122.87057244809533,45.347393656113852],[-122.87075862214131,45.34744748239838],[-122.87111382678444,45.34677595737066],[-122.87140990162062,45.346239982073811],[-122.87151753146978,45.346045143785901],[-122.87152091452514,45.346039005734113],[-122.87017948007428,45.346039179357291],[-122.87017843353696,45.346039183145415],[-122.86965054035689,45.34604182348005],[-122.86964965461803,45.346840737499946],[-122.86964956209154,45.346923194013236],[-122.86944066605875,45.346890245262557],[-122.8691587585529,45.346846265582727],[-122.86796478794587,45.346671404664065],[-122.8678762410083,45.34665827321632],[-122.86787621855042,45.346654708613954],[-122.86787069930132,45.345799067492699],[-122.86787016390539,45.345715282853483],[-122.86787014324416,45.345712085643562],[-122.86781713096428,45.34570232607085],[-122.86696045079697,45.345699705292553],[-122.86671595273282,45.345698950816512],[-122.86660975839152,45.345698404689458],[-122.86651838625237,45.345712368493096],[-122.86541727539455,45.345856736481565],[-122.86527071345934,45.345875951888502],[-122.86494967444142,45.345914890926281],[-122.86494936991252,45.345910101441845],[-122.86494661657618,45.345866755516177],[-122.86494648721877,45.34586472696013],[-122.86493616737279,45.345731157780811],[-122.86493541907616,45.34573084904558],[-122.86492045494016,45.345724669921303],[-122.86491627507914,45.345624013299393],[-122.86491619962065,45.345622188664414],[-122.86414685636019,45.34563729967055],[-122.86156414062954,45.345687991655957],[-122.86144042285198,45.345690365572665],[-122.8614401901883,45.345684339233301],[-122.86143736678336,45.345611211179516],[-122.86143724730746,45.345608112456176],[-122.8614173900481,45.345139446276143],[-122.86141294877733,45.345034647470186],[-122.86140975077494,45.344959178723734],[-122.86135426812804,45.343629313149272],[-122.86102407707396,45.343623130638676],[-122.86102352550839,45.343573820798987],[-122.86101741516784,45.343028269191393],[-122.86101114941873,45.34246872120773],[-122.86101053047949,45.342413470176396],[-122.86101046939406,45.342407971967802],[-122.86101312032247,45.342407988384132],[-122.86101375004148,45.342359001393255],[-122.860573654604,45.342360107602502],[-122.8593755966624,45.342363109899715],[-122.85881244820068,45.342361285791085],[-122.85801068474163,45.342358694533814],[-122.85696418246992,45.342355307714961],[-122.85680766809965,45.34235480827914],[-122.85661205006504,45.342355929641997],[-122.85660105288935,45.342355992781776],[-122.85370166574971,45.342372575816725],[-122.85369439388747,45.342372617488984],[-122.85367814785555,45.342372710304488],[-122.85206968469492,45.342381946391093],[-122.85206880883752,45.342381952073673],[-122.85164129789885,45.342384384849062],[-122.85164129700054,45.342384315395314],[-122.85152471723623,45.342385061076001],[-122.85145802181798,45.342385488532223],[-122.84974098557716,45.3423964817962],[-122.84938900408928,45.342398731465636],[-122.84905256165919,45.342400882005641],[-122.84902429616878,45.342401063216684],[-122.84902430694854,45.342510889655635],[-122.84901251835706,45.34380309054287],[-122.84901112327344,45.343956104470109],[-122.84900783184625,45.344316864476689],[-122.84900669637571,45.344441372346431],[-122.84934660001461,45.344440294589724],[-122.84934660091291,45.344440252918986],[-122.84942197765011,45.344440006682802],[-122.8494219767518,45.344440055298683],[-122.84941641977345,45.345049779468312],[-122.84941568944311,45.345129904426315],[-122.84941146017474,45.345593793801406],[-122.84940835469881,45.345934527429357],[-122.84933297436837,45.345934773658989],[-122.84930752509636,45.345934858260996],[-122.84858865996836,45.345937244794548],[-122.84839967599216,45.345937871733085],[-122.84652609304173,45.345944066618081],[-122.84652529443943,45.34611745998658],[-122.84660547087519,45.346117029401753],[-122.84706030407321,45.346115981350714],[-122.84708033470743,45.346115870863365],[-122.84728671006754,45.346114729371571],[-122.84728673522035,45.346114802608902],[-122.8470593572489,45.346116053325304],[-122.84660456267841,45.346118565491075],[-122.84484121289485,45.346131650343644],[-122.84330237096536,45.346135010419665],[-122.84323435682025,45.346135159419632],[-122.84074609445015,45.346148443145438],[-122.83925751146418,45.34615636665913],[-122.8383368505874,45.346161247669237],[-122.83717879732033,45.346167410330622],[-122.83710607510483,45.346167615521153],[-122.83658488695004,45.346170533646209],[-122.83618598196328,45.34617263921669],[-122.83615831025925,45.34617278947929],[-122.8361148488675,45.346173009822301],[-122.83592672368067,45.346173974533421],[-122.83489674681695,45.346179248245072],[-122.83366404175318,45.346185555484915],[-122.83360685949376,45.346185847171057],[-122.83255871779664,45.346191154974804],[-122.83231926287452,45.346192232066805],[-122.83179177483461,45.346194059208777],[-122.83153896825243,45.346196756989549],[-122.83128616077191,45.346198185114929],[-122.83101387601938,45.34619812703027],[-122.83072914960022,45.346189535548554],[-122.82599327813472,45.346218126464159],[-122.82577203924991,45.346219468093373],[-122.82574403606758,45.346219631614289],[-122.82557796541928,45.346220465002773],[-122.82537393556041,45.346221492217197],[-122.82489827851578,45.346223891997141],[-122.82393159065876,45.346228637891521],[-122.82215627531558,45.346237244519784],[-122.82186247950528,45.346238149882446],[-122.82147357546258,45.346239347562324],[-122.82112351277615,45.346240424022099],[-122.82072880292176,45.346241636854415],[-122.81976440846366,45.346248825458289],[-122.81783363516901,45.346250491603065],[-122.81581006231222,45.346256637839524],[-122.815604356197,45.346257219948356],[-122.81446320293537,45.346263139527863],[-122.81157889222111,45.346276532447952],[-122.81148954757958,45.346276714277955],[-122.81129825852638,45.346277100035415],[-122.81066067925346,45.34627838673542],[-122.80942039600194,45.346280885635558],[-122.80748298236068,45.346284760256395],[-122.80710706795701,45.346285509042438],[-122.80570463879667,45.346288280687268],[-122.80570348535984,45.346310251807587],[-122.80560047374959,45.346311533456024],[-122.80365015850421,45.346314163044951],[-122.80231110369058,45.346319196829072],[-122.80119809913839,45.346322025294072],[-122.80076471950598,45.346323755834788],[-122.80073009484168,45.346325120821554],[-122.8004694845946,45.346326094369047],[-122.80045714623417,45.34632614045789],[-122.80019964685293,45.346327103272301],[-122.79789522829898,45.346335687156859],[-122.79532093517243,45.346345221227168],[-122.79440116542438,45.346432399085437],[-122.79420138190181,45.346435258481051],[-122.79401587889733,45.346438973990495],[-122.79359932740513,45.346447315418757],[-122.79263791265883,45.346466563455571],[-122.79023379188811,45.346446156887133],[-122.79001385286553,45.346444882818005],[-122.78963050939447,45.346442778520377],[-122.78878206318504,45.346438472065287],[-122.78748212461211,45.346431681237569],[-122.78512745969105,45.34641950939038],[-122.78507424169698,45.346419643868472],[-122.78506680454474,45.345959010228448],[-122.78505744409949,45.344877068497112],[-122.78505465303391,45.344564699905526],[-122.78700647655063,45.344563788833682],[-122.78754878769102,45.344561175579202],[-122.78859731925695,45.344556116383757],[-122.79013236760099,45.344548691431214],[-122.7901337680745,45.344548685117516],[-122.79100464880985,45.344544463122375],[-122.79100607533452,45.34454445680862],[-122.79111964214937,45.344545743548018],[-122.7927007399315,45.344563652457083],[-122.79328779435954,45.344559184227386],[-122.79330868108822,45.344559025121306],[-122.79331709470917,45.344559390055132],[-122.79332534393842,45.344560605448997],[-122.79333326079103,45.344562647310596],[-122.79334067728202,45.344565471443765],[-122.79334743890115,45.344569019761984],[-122.79337100081274,45.344581099195238],[-122.79339707890546,45.344590254105853],[-122.79342494823881,45.344596233840093],[-122.79345383895665,45.344598869822448],[-122.79348294796513,45.344598090708153],[-122.79351147127203,45.34459391796377],[-122.79353861835992,45.344586466498541],[-122.79356363554227,45.34457594466425],[-122.79358583381126,45.344562640996855],[-122.79360459332933,45.344546925479378],[-122.79361939846353,45.344529233757605],[-122.79363051511515,45.344510627169448],[-122.79363718241122,45.344490992066568],[-122.79363921889197,45.344470853120121],[-122.79375357712256,45.344470209118214],[-122.79481213029381,45.344464250837376],[-122.79481361341236,45.344459411983003],[-122.79481533278779,45.344453763074611],[-122.79481907337264,45.344453723298038],[-122.79490061704423,45.344185233762744],[-122.7949842555871,45.343917755057234],[-122.79501422697822,45.343791800802499],[-122.7950279658122,45.343742865519573],[-122.7950931888917,45.343480658687021],[-122.79511124323228,45.343391332094619],[-122.79512708502232,45.343301798266197],[-122.79514070707528,45.34321208182493],[-122.79515210759453,45.343122211813835],[-122.79516072513307,45.343037677540678],[-122.79516548710239,45.343007778671378],[-122.79516488433285,45.342985501307417],[-122.79516822786233,45.34294211904723],[-122.79517294401757,45.342851951853092],[-122.79517542696102,45.342761740317862],[-122.79517538024862,45.342651604350742],[-122.79517537935033,45.342649965881449],[-122.79516506669084,45.342497248337246],[-122.79515413060057,45.342384400633989],[-122.79514040254641,45.342271704872928],[-122.79512388791822,45.3421591951506],[-122.79510459300424,45.342046905563812],[-122.7950825213977,45.341934870840987],[-122.79505767938683,45.341823125079493],[-122.79502109549689,45.341677734029894],[-122.79498990060034,45.341566783333469],[-122.79495596494385,45.34145623210086],[-122.79491929840889,45.341346116956238],[-122.79487991357189,45.341236469472648],[-122.7948378203143,45.34112732311759],[-122.79477978196044,45.340981871559734],[-122.79475242376846,45.340913306975516],[-122.79472506288153,45.340844735994047],[-122.79427568605055,45.339717925175123],[-122.79405917320246,45.339175002955081],[-122.79405699478789,45.33916954358093],[-122.79405291733481,45.339159314987953],[-122.79404694263984,45.339144334222347],[-122.79397449441049,45.3389408119994],[-122.79279264477158,45.338942891318432],[-122.79147929524976,45.33894820106412],[-122.79023718931656,45.33895614958012],[-122.78906341912528,45.338959469038713],[-122.78773714643978,45.338970017805678],[-122.78706640945146,45.33897534396619],[-122.78725585067014,45.338670240353544],[-122.78736164795608,45.338499846251921],[-122.78777781586766,45.33782957269846],[-122.78780121428585,45.337791885314239],[-122.78782461450068,45.337754197904921],[-122.78797384083906,45.337513851361962],[-122.78779665713242,45.337507987698253],[-122.78621563480878,45.337369238563568],[-122.78511222246718,45.337272390544129],[-122.78503358574385,45.337265488743839],[-122.78497973982741,45.337257927703767],[-122.78492919432132,45.333711226394158],[-122.78491783422626,45.332914014656218],[-122.78500289480216,45.332932241101616],[-122.78649271386996,45.333223298869846],[-122.7869222738658,45.333307215034459],[-122.78696892607341,45.333202670291833],[-122.78697943546395,45.333176262846614],[-122.78718963225727,45.33264814230008],[-122.78751955651168,45.331819183214776],[-122.78751966430951,45.33181891166312],[-122.78750827187507,45.33181894008132],[-122.78660717361021,45.331821204695906],[-122.78587055777217,45.331823050615661],[-122.78504776744727,45.331825107461498],[-122.78499522318967,45.33182523881672],[-122.78490271019011,45.331828881397669],[-122.78490273534295,45.331808300938462],[-122.78490307041454,45.331770817315629],[-122.78478672511052,45.33177152777116],[-122.78478622205398,45.331714741820079],[-122.78478574594688,45.331661818171774],[-122.784774805365,45.330692396769074],[-122.78491868043925,45.330685060938457],[-122.7849182618243,45.330252355137702],[-122.78491710209929,45.32906892448608],[-122.78491692333453,45.328877349681413],[-122.78491680655357,45.32875733263888],[-122.78491277221963,45.32458888714465],[-122.78492943686645,45.322784208257872],[-122.78494610061497,45.320979528729417],[-122.78496276166854,45.319174821403422],[-122.78497826209876,45.317496142894235],[-122.78497900231056,45.31741533199655],[-122.78497853877987,45.317370094494464],[-122.78497765663427,45.317370057225567],[-122.78497940745078,45.317370050908792],[-122.79040884209597,45.317349975591043],[-122.79057227529053,45.317349775349484],[-122.79098802189225,45.317349261164537],[-122.79523754097133,45.317343929811756],[-122.79708404061425,45.317338078588371],[-122.79745743524356,45.317340983670647],[-122.79804172106394,45.317336187979187],[-122.79845423193397,45.317334838717123],[-122.79971622027941,45.31732340346727],[-122.80057760133062,45.315585072732965],[-122.80066518168091,45.315442515076796],[-122.80074098421956,45.315297106201292],[-122.80082632147658,45.315099031356169],[-122.80085902823778,45.314995485209323],[-122.80090045674204,45.314864306860088],[-122.80091318856456,45.314833289527016],[-122.80091322359885,45.314833199193238],[-122.80107926011114,45.314428714584821],[-122.8016985398034,45.312911045292644],[-122.8019902371492,45.312189695168925],[-122.80235587931759,45.311277365502455],[-122.80331727699594,45.308893089418007],[-122.80343026260078,45.308615324256778],[-122.80357966411063,45.308250897409145],[-122.80372510854166,45.307889610703619],[-122.8038787357266,45.307487180387788],[-122.80417918895147,45.306742042386027],[-122.80435774258891,45.30647885363809],[-122.8045488825218,45.306267337379865],[-122.80529359128222,45.305581461496672],[-122.80540513149778,45.30547873889865],[-122.80591072489928,45.304986455710001],[-122.80653814332797,45.304419245702647],[-122.80712803643235,45.303901311263033],[-122.80706626018858,45.303867725871235],[-122.80636369049984,45.303389263297483],[-122.80548675422115,45.303117799630606],[-122.80534804895137,45.303074861339773],[-122.80521894128212,45.30303488948833],[-122.80513370014482,45.303052540466965],[-122.80498358627096,45.303083624271814],[-122.80419760351649,45.303246370420027],[-122.80160296354875,45.303783564542549],[-122.80060641030178,45.303984558164998],[-122.80055150706823,45.306027967934369],[-122.80052826765184,45.306028075340919],[-122.79827556600711,45.306038626450558],[-122.79608170221688,45.306048852811543],[-122.79607696450206,45.306717241264998],[-122.79607433692986,45.307087139808267],[-122.79607222229566,45.307385845490408],[-122.79607175247678,45.307451464206999],[-122.79479196311567,45.307453525096648],[-122.7939104535139,45.307454936509139],[-122.79388190325753,45.307454987052111],[-122.79388304321965,45.307263320835801],[-122.79388517132855,45.306905694132034],[-122.79388646220761,45.30668736049612],[-122.79388751593143,45.306511000143324],[-122.79388980214384,45.306126876612637],[-122.79389103463241,45.30591913091255],[-122.79389198864324,45.305754556408694],[-122.79389409519257,45.305397983522482],[-122.79389556932794,45.305150910503919],[-122.79389768845371,45.304794345825243],[-122.79389898562098,45.304574913537259],[-122.79390021092303,45.304369202301331],[-122.79390143532677,45.304163482105224],[-122.79390273339236,45.303944058748201],[-122.79390519028466,45.303532797754862],[-122.79390686654096,45.303251142030476],[-122.79390780707708,45.303092962804854],[-122.79391105897838,45.302546053257615],[-122.79391290771126,45.30254413435393],[-122.79398753255855,45.302466784852591],[-122.79398782720595,45.302466481568075],[-122.79474282526964,45.301683900410254],[-122.79576163427777,45.301489991820205],[-122.79763286993035,45.300658274921084],[-122.79612360592995,45.299037009127787],[-122.79928324848214,45.297959539516185],[-122.79832539825088,45.296582099150477],[-122.79774788752438,45.2967829356826],[-122.79772727568019,45.296746556838869],[-122.79750387904208,45.296352513761654],[-122.79735430056411,45.296087946601482],[-122.79722720332445,45.295885476632527],[-122.79697683836319,45.295420341531397],[-122.79682980571076,45.295160278169163],[-122.79672828979544,45.29498078172734],[-122.79660761371343,45.294767334367592],[-122.79647070687088,45.294525188951013],[-122.7962961785842,45.294220942952052],[-122.79627757986457,45.294182885309169],[-122.79616043955151,45.293975578009494],[-122.79613121196543,45.293923806518755],[-122.79604971590456,45.29375990496618],[-122.79594448186226,45.293592491872431],[-122.7958468053465,45.293419192362535],[-122.79575344164238,45.293253530015647],[-122.7956579228799,45.293084049591471],[-122.79558454579256,45.292953860718697],[-122.79558838968364,45.292761717013228],[-122.79559224076127,45.292569735068717],[-122.79559599841411,45.292381472794155],[-122.79560699918308,45.291850469395222],[-122.79560741689968,45.291829467430546],[-122.79561580896106,45.291411379278181],[-122.79562025382508,45.291199948998049],[-122.79562215555855,45.291109706384397],[-122.7956264027932,45.290907633846835],[-122.79563104618491,45.290686260738674],[-122.79563195078839,45.290643472290967],[-122.7956435579202,45.290091732506809],[-122.79567952466753,45.289951770745311],[-122.79593206804337,45.288966676394359],[-122.79567659256644,45.2890899724378],[-122.79508987770156,45.289375398169788],[-122.79367793358576,45.290062227851735],[-122.79361678975594,45.29009197329141],[-122.79198195655016,45.29084527591754],[-122.79171664182594,45.290967557987884],[-122.79148272950913,45.291075337988588],[-122.79137480141931,45.291125058812071],[-122.79065886030752,45.291454936880513],[-122.79014605073938,45.291601443341982],[-122.78986430582862,45.291681928298743],[-122.7892445006219,45.291858983173526],[-122.78837171186493,45.292099556286956],[-122.78813557531944,45.292148687227986],[-122.78718427200997,45.292346592021119],[-122.78592779842209,45.29252876364427],[-122.78582460355551,45.292543725772632],[-122.78481456300285,45.292690164962472],[-122.78415529121249,45.29277780268847],[-122.78322381461963,45.292901602958139],[-122.78168420193566,45.293106237888082],[-122.78072929458527,45.293233140293907],[-122.78050321288276,45.29326318614045],[-122.78025401573139,45.293296302591472],[-122.78011870878835,45.2933142845812],[-122.78005866090318,45.29332225972297],[-122.77972536077996,45.293328900196741],[-122.77913999069304,45.293340560204484],[-122.7785241389719,45.293254284558458],[-122.77768385665176,45.293136562490368],[-122.7773859950665,45.293094832506888],[-122.77689838324207,45.293026512026216],[-122.7768666646277,45.293022065640436],[-122.77670247325501,45.292999270640586],[-122.77633302851802,45.292947456549918],[-122.77498409852446,45.292641402286726],[-122.77380502467973,45.292373862790207],[-122.77265345365578,45.292112561986265],[-122.77255129993659,45.292089374806679],[-122.77237333828893,45.292048986333192],[-122.77208835944315,45.291984300887876],[-122.77196463807232,45.291976458901487],[-122.77174335517006,45.291962379471308],[-122.77154759520168,45.291949953244782],[-122.77146477682066,45.291944692178191],[-122.7711159753689,45.291922511010647],[-122.76957358419573,45.291824711921834],[-122.76939082913771,45.291813123014101],[-122.76877161232753,45.291771660008642],[-122.76875272075709,45.291504036781703],[-122.76869255878589,45.290651947068042],[-122.76869248692067,45.290618090294402],[-122.76869149158733,45.290128994704126],[-122.76869023125099,45.289509847266309],[-122.7686886978268,45.288752095983064],[-122.76868835556868,45.288585496655401],[-122.76868661553198,45.287723529067136],[-122.76868549084125,45.28716739493197],[-122.76853079825437,45.286958772044805],[-122.76837067714824,45.286742838471383],[-122.76832156714997,45.286742866912149],[-122.76832056013855,45.286675251696927],[-122.76794631031308,45.286170518061233],[-122.76767218940412,45.285800814234072],[-122.76771530943608,45.285595039307658],[-122.76734029334769,45.28549629769347],[-122.76738349243136,45.284603974239062],[-122.76747104852717,45.284430429209138],[-122.76760764724759,45.284159695171958],[-122.76760811976142,45.284158767959397],[-122.76760905221271,45.28415691922271],[-122.76761138334086,45.284152293272328],[-122.76768715264183,45.284002108641154],[-122.76768731972845,45.284001774919567],[-122.76766505498415,45.283929872407192],[-122.76766604313094,45.283930184007488],[-122.76771178534524,45.283849372657897],[-122.76773836739279,45.283803068011146],[-122.76781892830746,45.283662727934242],[-122.76794158786963,45.283448147052205],[-122.76794832433595,45.283436364288313],[-122.7680573313024,45.283245657872449],[-122.7681142844914,45.283146016542787],[-122.76811747351069,45.283128722800889],[-122.76812073259855,45.283110968283168],[-122.7681851480926,45.282761002787424],[-122.76825589311618,45.282376586250443],[-122.76828843997721,45.282214474845667],[-122.76832936632326,45.282083498114964],[-122.76839169323431,45.281929861320918],[-122.76822131426596,45.281821151229138],[-122.76822081749759,45.28182083645688],[-122.76754925405916,45.281392357761462],[-122.76612671341627,45.283038077365291],[-122.76587861310784,45.283054864855544],[-122.76498296851508,45.283115450209117],[-122.76472190821202,45.283133104228185],[-122.7646414784514,45.283138544352489],[-122.76451079064553,45.283147383684224],[-122.76451612035012,45.283152106421348],[-122.76446322574957,45.283150602755505],[-122.76443232550042,45.283150548398538],[-122.76440951098712,45.283150513635334],[-122.76435038836671,45.283150423251072],[-122.76428895797432,45.283150324650002],[-122.76422982277748,45.283150226048946],[-122.76415349652105,45.283150106589993],[-122.76410104389163,45.283150019366026],[-122.76405698242526,45.283149955528167],[-122.76401071559485,45.283149880313267],[-122.76390166550927,45.283149706497305],[-122.76381604258795,45.283149564284258],[-122.76376014671604,45.283149473267919],[-122.76371727102584,45.283149403109476],[-122.76366615778448,45.283149325366345],[-122.76361276102567,45.283149238142371],[-122.76354214805447,45.283149123107812],[-122.76328937291329,45.283148712902161],[-122.76293228001144,45.283148142785862],[-122.76265378251043,45.283147690864432],[-122.76226558184858,45.283146995600632],[-122.76207602834049,45.283144900960387],[-122.76171786195188,45.28313945009171],[-122.76148232907425,45.283135868850479],[-122.76115725751905,45.283131464037268],[-122.7609983060194,45.283131202365176],[-122.76085233607395,45.2831309539663],[-122.76062431401043,45.283130580419908],[-122.7603876330859,45.283130188543836],[-122.76025306455801,45.283129966059363],[-122.75958239045174,45.283128854901079],[-122.75924126330743,45.283128290473059],[-122.7588057133453,45.283127563606143],[-122.75860664039014,45.283127226719117],[-122.75826288657193,45.283126657234625],[-122.75789627961291,45.283126042242003],[-122.75735389930223,45.283125132078133],[-122.75701717120786,45.283124564489825],[-122.75638452638083,45.283123493783151],[-122.75609441096822,45.283123003305924],[-122.7559409427851,45.283122744162021],[-122.75580495851233,45.283122517253119],[-122.75549413244089,45.283121983795908],[-122.75518331894583,45.283121457923414],[-122.75487249287437,45.283120931418892],[-122.7546615468861,45.283120569249483],[-122.75456166680293,45.28312040365018],[-122.75418393870069,45.283119753262199],[-122.75382261114058,45.283119138901533],[-122.75357176198736,45.283118714790383],[-122.75323981742191,45.28311814088147],[-122.75294841382519,45.283117640291273],[-122.7526570228049,45.283117139701083],[-122.75235783530628,45.283119410686588],[-122.75205867296047,45.283122959061842],[-122.7514683387833,45.28313315542492],[-122.75098777873386,45.283127990877482],[-122.75069075168349,45.283127470061501],[-122.75015387085899,45.283117567604563],[-122.74986916599934,45.28311230951109],[-122.74950014796208,45.283111652802418],[-122.749157069677,45.283111051714876],[-122.74882898876557,45.283110460740247],[-122.74857323840415,45.283112183731461],[-122.74828505257283,45.28310950190766],[-122.74793580196341,45.283108874273658],[-122.7475156069044,45.283108127180569],[-122.7472417761513,45.283107636071186],[-122.74705305358484,45.283111693886198],[-122.7467755307559,45.283106800489911],[-122.74650232523022,45.283106304956078],[-122.74650137481267,45.28338059617181],[-122.74649994828799,45.283792019763972],[-122.74649897451421,45.283983508715629],[-122.7464983915076,45.284215671097748],[-122.74649693623684,45.284589807653134],[-122.74649608912554,45.284806833370027],[-122.74649447575129,45.285289585619928],[-122.74649410205211,45.285399213729789],[-122.74649338070496,45.285616200956476],[-122.74649253359364,45.28586788568375],[-122.74649184009425,45.286073601474094],[-122.74649114659483,45.286281919189477],[-122.74649031475488,45.286527850842404],[-122.74648918557257,45.286864918292764],[-122.74649017551602,45.287262601321594],[-122.74649215360628,45.287559421889391],[-122.74648523747689,45.288043529746176],[-122.74648340581204,45.288581271752534],[-122.74648265571878,45.288801751851722],[-122.74648174213213,45.289076024377408],[-122.74648096239444,45.28930642605139],[-122.74648018175847,45.289542309906793],[-122.74647948736076,45.289748025643327],[-122.74647879296306,45.289953732417978],[-122.74647811204007,45.29015944792625],[-122.74647741764235,45.290365163320395],[-122.74647667653223,45.290584581718868],[-122.74647588331986,45.290820465314404],[-122.74647509010745,45.291056349824913],[-122.74647429599675,45.291292233986262],[-122.74647348930961,45.291533600723362],[-122.74647268352081,45.29177661522175],[-122.7464720016995,45.291979422792025],[-122.74647016284813,45.292524744420071],[-122.74646917649794,45.292821766849251],[-122.74646886118927,45.292914099754441],[-122.7464681344522,45.293130646205086],[-122.74646768349791,45.293267759528263],[-122.74646631985533,45.293668818993268],[-122.74646585722296,45.293805960084526],[-122.7464648717711,45.294093943542705],[-122.74646440913872,45.294231084237808],[-122.74646343626328,45.294519076911925],[-122.7464620447729,45.294928473384594],[-122.74646050416219,45.295379418296633],[-122.74646013405628,45.295489136228205],[-122.74653678999442,45.295488981407658],[-122.74682694403457,45.295488389298171],[-122.74703041693797,45.295487977286008],[-122.74728690751118,45.29548745089626],[-122.74760036834135,45.295486808865],[-122.7476755133132,45.295486651516811],[-122.7477840477658,45.295486428448861],[-122.74806413258995,45.295485859720422],[-122.74841387817108,45.295485137435229],[-122.74872477610778,45.29548450235513],[-122.74903566056973,45.295483857164264],[-122.74936595672665,45.295483172162385],[-122.74973126202681,45.295482418913103],[-122.75015872894802,45.295481539911592],[-122.75043718153329,45.295480961704278],[-122.75071306853008,45.29538958275635],[-122.75088896495092,45.295331317028115],[-122.75111474212454,45.29525653214138],[-122.75150806767506,45.295126246515999],[-122.75207159342918,45.294939576968055],[-122.75231053720994,45.294860425577838],[-122.75262125458524,45.294757490184175],[-122.75308645973153,45.294603385962375],[-122.75337971924763,45.294506243017878],[-122.75352459504508,45.294458248437145],[-122.75389655596318,45.294335018409761],[-122.75402012372209,45.294294081753122],[-122.75419791379153,45.294235188652266],[-122.75433520331643,45.294189705151666],[-122.754333780385,45.294625273497807],[-122.75433342644878,45.29473243484022],[-122.75433278145842,45.294928688239693],[-122.75433231792773,45.295072103828794],[-122.75437765859506,45.295625517774283],[-122.75437696060408,45.295641717646475],[-122.75437157430567,45.295767905367335],[-122.75433464007271,45.295791719168591],[-122.75380040838003,45.296093177583728],[-122.75252134216271,45.296814903801327],[-122.75166101393701,45.297287376466308],[-122.75080898524621,45.297755277224184],[-122.75031510497774,45.298048120096631],[-122.75027876093799,45.298069665712831],[-122.74979847307809,45.298354452278829],[-122.74803915583179,45.298993535070302],[-122.74799845765784,45.299004002817064],[-122.74795227886234,45.299015883448241],[-122.74790434475879,45.299028213344371],[-122.74753088634907,45.29912425602204],[-122.74687621033971,45.299292625245592],[-122.74676709467708,45.299320685049203],[-122.74653889205217,45.299412801381337],[-122.74380731110591,45.300519582745707],[-122.743799393355,45.300774552735795],[-122.74383133924313,45.301367354589125],[-122.74382937822087,45.301583581899294],[-122.74382391736228,45.302184346029833],[-122.74381594032253,45.303061446829275],[-122.74381224645006,45.303467295181946],[-122.74380813306441,45.303919855374644],[-122.74380628253492,45.304123607058642],[-122.74380438349642,45.304332717124169],[-122.74373782282544,45.309427383929808],[-122.74372299613164,45.310318635174369],[-122.7380937258616,45.310299919423251],[-122.73808894233272,45.311122988410396],[-122.73475090155164,45.311108178381346],[-122.73475041196977,45.311160351766112],[-122.73474529247099,45.311964564814154],[-122.73474058799384,45.312654018015756],[-122.73473677015389,45.313303336498485],[-122.73472777532294,45.31473203030211],[-122.73472025013579,45.315838735581693],[-122.73470953233617,45.317416218238108],[-122.73299810787093,45.317409955169282],[-122.7323294423976,45.317407501739048],[-122.73233399416115,45.321041416426915],[-122.73168083360967,45.321039661742965],[-122.73074576645062,45.324147622686162],[-122.73074969298675,45.324746345103733],[-122.73363645610172,45.324758845618149],[-122.73363627823528,45.324849359946988],[-122.73471872569478,45.324854028052322],[-122.73534947507657,45.324856744534451],[-122.741167721238,45.324881630561954],[-122.74357801343471,45.324891852891547],[-122.74386135195677,45.324895488339287],[-122.74386151455184,45.324801440317231],[-122.74571808700404,45.324792260101198],[-122.74583718025453,45.324791669560916],[-122.74682507014887,45.324786772813475],[-122.74781295375504,45.324781867854853],[-122.74899392484163,45.324775946661006],[-122.74972912583307,45.324772254362159],[-122.74972882040591,45.324689368315148],[-122.75001047279018,45.324555958239337],[-122.75086460713199,45.324045373331877],[-122.7508619445255,45.323328801591465],[-122.74979279392885,45.323336930413852],[-122.74979253072249,45.322321565784101],[-122.7511723573719,45.322318334408884],[-122.751176964831,45.323294003649693],[-122.75340132283188,45.323048249762145],[-122.75340609917426,45.323031858762903],[-122.7533824627025,45.322458840319285],[-122.75337930153104,45.32231313174286],[-122.75392445853423,45.322311838813626],[-122.75413245265848,45.3223113455172],[-122.75444801734305,45.322310596414098],[-122.75436362960525,45.322361834160894],[-122.75421614779519,45.322451384677791],[-122.75405950676245,45.322546498352615],[-122.75405979961324,45.322695839391336],[-122.75406019038039,45.322902811137929],[-122.75405968193394,45.323358982444077],[-122.75405925882745,45.323613763174869],[-122.75405901807895,45.323751880298737],[-122.75405890938281,45.323818795699623],[-122.75405874948268,45.323916698135285],[-122.75405857251457,45.32402384643045],[-122.75405839285152,45.324133155230697],[-122.75405811347544,45.324297721213043],[-122.7540579751349,45.324381949348151],[-122.75405783499772,45.324462296822929],[-122.75405750980761,45.32456859269427],[-122.75405728253382,45.324640578842953],[-122.75405660161083,45.32475014035419],[-122.7540583865633,45.32481863482306],[-122.75406147317463,45.324969735171628],[-122.75406135998688,45.325106868129772],[-122.75406097011805,45.325614106808274],[-122.75405864348146,45.328183991279673],[-122.75405891117944,45.328249774119051],[-122.7540588680603,45.328363860050246],[-122.75405884919567,45.328441774818508],[-122.754058815958,45.328555122710348],[-122.7540586928888,45.329015552493409],[-122.75405868300733,45.329069485299073],[-122.75405841530942,45.330060472988897],[-122.7540581808491,45.330851943902907],[-122.75405813144175,45.331043287206292],[-122.75405788350675,45.331929911141884],[-122.7540578745236,45.33197420237839],[-122.7540578691337,45.332001155380247],[-122.75195035410351,45.332016198660931],[-122.75016372447932,45.33202892238981],[-122.74917090103742,45.332035886716632],[-122.74890662925725,45.33203743139763],[-122.74874845030877,45.332038539071583],[-122.74414269442229,45.332070774015371],[-122.74392007033532,45.332071895581898],[-122.74384831919863,45.332073076510618],[-122.74377957202826,45.332072596560991],[-122.74378099406135,45.332307345759318],[-122.74379238200422,45.334224551352882],[-122.7438030081757,45.335851468922669],[-122.74380562766305,45.336252698836105],[-122.74382563763604,45.339316169206448],[-122.74382564841579,45.339711454306418],[-122.74383586585384,45.342933912851649],[-122.74384145247662,45.345199206390873],[-122.74384395518298,45.346201817301058],[-122.74383701569741,45.346517398015116],[-122.74379644059266,45.346517431476762],[-122.74379644059266,45.346517463675717],[-122.74379585309447,45.346554077637158],[-122.74374480183685,45.346555114947115],[-122.74046997190904,45.346537614521097],[-122.73644610513776,45.346515980630755],[-122.73617532326671,45.346514565771763],[-122.73295040643103,45.346497665748785],[-122.7328949794797,45.346497374064256],[-122.73289554362167,45.346599931392817],[-122.7311632225463,45.346589354373933],[-122.73126149554345,45.346487401229979],[-122.73098096515494,45.346485686478097],[-122.72955046184536,45.346476930257175],[-122.72776087406896,45.346465952306673],[-122.72776149839808,45.346404981331723],[-122.72519276494482,45.346389173516741],[-122.72519187651102,45.346450142614671],[-122.72432144942488,45.346419879994379],[-122.72397664637442,45.346424981955217],[-122.72275716091836,45.346435106325103],[-122.7225237875907,45.346434389108637],[-122.72021652856382,45.346434480023397],[-122.71805390458589,45.34643452106129],[-122.71758880813574,45.346434524849428],[-122.71734049672322,45.346434525480795],[-122.7156057025859,45.346435684644021],[-122.71474073905331,45.346431059355311],[-122.7140723017521,45.34643182013513],[-122.7124892070151,45.346427059105359],[-122.71234152308409,45.346427441705011],[-122.7088916896608,45.346412534836723],[-122.70873350083086,45.346411535405295],[-122.70724149795861,45.346402103625316],[-122.70668896219365,45.346398606561607],[-122.70616852592875,45.346405850073232],[-122.70485255691958,45.346401220993997],[-122.70414451020252,45.346398716416992],[-122.7021152806544,45.346371349786551],[-122.70212644581505,45.345591748188802],[-122.70213001302506,45.3453428521441],[-122.70213768553592,45.344807624079834],[-122.70213871859848,45.344735535393681],[-122.70213970135539,45.344666969041576],[-122.7021494292116,45.343988277068711],[-122.70216627531813,45.342812994292295],[-122.70216763446915,45.342718130584387],[-122.70217979855643,45.341869359615131],[-122.7021822356858,45.341699392499827],[-122.70219949861061,45.340494848993657],[-122.70220031877247,45.340437689149454],[-122.70221838658776,45.339178370389796],[-122.70222288355407,45.335218995855634],[-122.70222307848849,45.33504756900318],[-122.70222378097107,45.334428994815916],[-122.70222414029716,45.334112328123517],[-122.70222483559317,45.333501160650528],[-122.70222622888019,45.332274389765253],[-122.70222647861185,45.33205503861106],[-122.70222653969728,45.332000108962426],[-122.70029105833221,45.331981565828627],[-122.69979137225205,45.331976766955833],[-122.69961821120127,45.331975103548565],[-122.69911832030522,45.331970302149124],[-122.69709938185697,45.331950890042265],[-122.69200246490239,45.331901734230833],[-122.688396542012,45.331863098154948],[-122.68700491060139,45.331848146403296],[-122.68686866312225,45.331846681288035],[-122.68425338256424,45.331818533385317],[-122.6830467834409,45.331805526690218],[-122.68166157408625,45.331790579343959],[-122.68167280931551,45.330175470997119],[-122.68167280212901,45.330158943122584],[-122.68167288387568,45.329297549424943],[-122.68167407863503,45.328922485158301],[-122.68167234039494,45.32872478950749],[-122.6816734426278,45.32809300734813],[-122.68167379027581,45.327571856696665],[-122.68167600192804,45.326708722198354],[-122.68167769974393,45.326110381784297],[-122.68167804020541,45.325990653827141],[-122.68167413972044,45.32588521452255],[-122.68167377949604,45.324851360834273],[-122.68168156878787,45.324747375865719],[-122.6816861151615,45.323145698768585],[-122.68171317780775,45.323145765719488],[-122.68171381740825,45.323090965122212],[-122.68171476063931,45.322927934247652],[-122.68172125725543,45.321751103301814],[-122.68172905373379,45.320985842566195],[-122.68164030287865,45.320984139043098],[-122.68163603498274,45.319844058762108],[-122.68162879276491,45.317908630983773],[-122.68162665746949,45.317338031212593],[-122.6814711644837,45.317336621309593],[-122.67813774104314,45.317305902218116],[-122.67798225344724,45.317302427361071],[-122.67302745446219,45.317259929987387],[-122.67161197817067,45.317246784138455],[-122.66663261744914,45.317245064710995],[-122.6663298735203,45.317277261329437],[-122.66629432538785,45.317277065509401],[-122.66591048964,45.317274092202638],[-122.66580790023792,45.31727329692044],[-122.66573309572759,45.317272722093755],[-122.6656473919579,45.317272056937135],[-122.66532956621374,45.317269588972323],[-122.66526343044592,45.317269129742606],[-122.66461351550751,45.317264198866049],[-122.66303048724586,45.317252169824663],[-122.66212637782816,45.317245082397953],[-122.66099585073802,45.317234177739643],[-122.6607335327936,45.317234497368766],[-122.66049652488229,45.317234870058854],[-122.65996354903436,45.317235488471702],[-122.65939185220437,45.317236163735579],[-122.65923225571437,45.317236243958696],[-122.65916265783942,45.317236328603585],[-122.65895369443295,45.31723658316983],[-122.65868781826171,45.317236905957344],[-122.65792138554276,45.317237802308561],[-122.65741908267017,45.317238398612645],[-122.65712890257889,45.31723874287723],[-122.654417244469,45.317234481576783],[-122.65324156535773,45.317232613704569],[-122.65098669607823,45.317228998610446],[-122.65084243652507,45.317228716250327],[-122.6500422361346,45.317227145266664],[-122.64691774465948,45.317221015461108],[-122.64659822199773,45.317220384414512],[-122.64659604268485,45.31722138436119],[-122.64648709321058,45.317220738154347],[-122.64617414621672,45.317218882915228],[-122.64617363058375,45.317218880388516],[-122.64584732294669,45.317216960086455],[-122.64584668334621,45.317218895548777],[-122.64296907316564,45.317213148539388],[-122.64142007847684,45.317210024258173],[-122.64037128370452,45.31720789739699],[-122.63938176157133,45.317205881711139],[-122.63934513995213,45.317205807173096],[-122.63934539507365,45.317179872977256],[-122.63934569421265,45.317149434266305],[-122.63932218530168,45.317149868229826],[-122.63932218619998,45.317149485432282],[-122.63925656606511,45.317150712153023],[-122.63891516942623,45.317157090847729],[-122.63756074443803,45.317182387058537],[-122.63654459623982,45.317959062278867],[-122.63544522991025,45.318809313461792],[-122.63529130717959,45.318928362402751],[-122.63417822447397,45.319787092834403],[-122.63244822644195,45.321121696001377],[-122.63217461487773,45.321332498033186],[-122.63164429175484,45.320970848150139],[-122.63152042306029,45.320892366633458],[-122.6305951259783,45.321605195205173],[-122.63028342854102,45.3218453041885],[-122.63039890517416,45.321909391525303],[-122.63125216904845,45.322471381762107],[-122.63128799835357,45.322494538200147],[-122.63132601775135,45.32251892818104],[-122.6308569255948,45.322882737780432],[-122.63079248404959,45.322924678905679],[-122.6306639216577,45.322860143007205],[-122.63039509452071,45.322691778092391],[-122.6273264153742,45.320713965439225],[-122.62667691186421,45.320294815610346],[-122.62663375679794,45.320259902740723],[-122.62666171686115,45.320237756020781],[-122.62667951608022,45.320223900262334],[-122.62755328939078,45.319550013376158],[-122.62762065495224,45.319479141311668],[-122.6276724904391,45.31940924190549],[-122.62770911565154,45.319348545620635],[-122.62773594024424,45.319285790074701],[-122.62775493062934,45.319221649869348],[-122.62776611106136,45.319156449039852],[-122.62777144435921,45.319090843242932],[-122.62771357848185,45.319020750070344],[-122.62767165320922,45.318945643333443],[-122.62758716396182,45.318856897695198],[-122.62751097604593,45.318775865761886],[-122.62744252801456,45.318701540065987],[-122.62730018097461,45.31855586098964],[-122.62643448351848,45.317759912788738],[-122.62630505155738,45.317678464277314],[-122.62618460634242,45.317577296675779],[-122.62609540722798,45.317479833669879],[-122.62603374417191,45.317390609451898],[-122.62598554416704,45.317297353728307],[-122.62595084045098,45.317200940090501],[-122.62590917748641,45.317183376899052],[-122.62523289699443,45.316899475150421],[-122.62503420043338,45.316269216762976],[-122.6249681868364,45.31620218063626],[-122.62475135957796,45.316369444853486],[-122.62422596101945,45.31677471847906],[-122.62401901972068,45.316934342714561],[-122.62397445160448,45.316968720704388],[-122.62397423241556,45.316968584892969],[-122.62394644662551,45.316989828955428],[-122.6238606656007,45.316934080566739],[-122.62273616351121,45.316203258298735],[-122.62040256049032,45.314686534816794],[-122.62016995612052,45.314866248088059],[-122.61910368103111,45.31569005175092],[-122.61899199349183,45.315776340004433],[-122.61829811949504,45.316312405946768],[-122.61749968878567,45.316929231779596],[-122.6171631601173,45.317189209188058],[-122.61650472196349,45.317202524971812],[-122.6158206647561,45.317216354938637],[-122.61519307025759,45.317229040932901],[-122.6138526149704,45.317237613436824],[-122.61356777266852,45.317239433933011],[-122.61016911536868,45.317136997767491],[-122.60984968343679,45.317135692718225],[-122.60849570850459,45.317130156681323],[-122.6083331323028,45.31701840492628],[-122.60814590812622,45.316904262035294],[-122.60749761195198,45.316467142861619],[-122.60721573498887,45.316674277596064],[-122.60715440161454,45.316722224945586],[-122.60650067242945,45.316287982341336],[-122.60619439183331,45.316514287513371],[-122.60589411827152,45.316736133358418],[-122.60535715659864,45.31713287100709],[-122.60482018684093,45.317529596402942],[-122.60441744874288,45.317827146049204],[-122.60344612468063,45.318518609260828],[-122.60339257161499,45.318558467232734],[-122.60316080357674,45.318661802842165],[-122.60284016700408,45.318902603333314],[-122.60253378040674,45.319132699374954],[-122.60224051370415,45.319352921091522],[-122.60194551954125,45.319574451998555],[-122.60162870979167,45.319812370184898],[-122.60123207484766,45.320110227456709],[-122.60111300585169,45.320199631200978],[-122.60094902917633,45.32032276900874],[-122.60092257468955,45.320342058772063],[-122.60043161574239,45.320711309395769],[-122.60015462291948,45.320527721855768],[-122.59958799618097,45.32014975964313],[-122.5994398918384,45.32005097144566],[-122.59926474910408,45.319934135631513],[-122.59840640974841,45.320576672780163],[-122.59672198145411,45.319459968742045],[-122.59649556018842,45.319309822025239],[-122.59598442867323,45.318970875579879],[-122.59578613455741,45.318839378601567],[-122.59558784133993,45.318707880686397],[-122.59538954722409,45.318576383097728],[-122.59519125580323,45.318444884572209],[-122.59499296438237,45.318313385741519],[-122.59469703148,45.318117132432498],[-122.59462686946304,45.318069281645251],[-122.59513738114069,45.317682837982169],[-122.59608411022873,45.316966167449394],[-122.5936120319068,45.316955365069767],[-122.59298993509783,45.316952643155282],[-122.59287319004348,45.316873001989535],[-122.59248535050442,45.316608421304579],[-122.59244974218487,45.316584128585653],[-122.59236762808307,45.316645004703453],[-122.59196351735923,45.316944635331382],[-122.59191526345542,45.316980413751644],[-122.59188554179595,45.3169802362493],[-122.59171008375293,45.316979265355712],[-122.59126728438648,45.316976804958266],[-122.58944444007994,45.316966563513468],[-122.58919057977391,45.316965264777103],[-122.58863863420208,45.317374437270963],[-122.5876226836332,45.31813708746153],[-122.58801537946469,45.318398790090832],[-122.58819987905102,45.318521751156489],[-122.5873843534018,45.318766810901622],[-122.58730175331142,45.31879163138494],[-122.58699294395775,45.318884424800999],[-122.58692516157801,45.318891952921128],[-122.58450215462679,45.319376788151864],[-122.58434524769272,45.318980539326425],[-122.58420104653007,45.318616367361514],[-122.58270572258621,45.318917690518958],[-122.58267585180639,45.318923709600618],[-122.57983689703084,45.319489627383703],[-122.5797529297046,45.319507405253987],[-122.57923957935066,45.319616089221853],[-122.57910569354239,45.319643064527263],[-122.57857403821789,45.319750183006107],[-122.57797035148234,45.319340517922413],[-122.57770888334416,45.319439758990889],[-122.57746842590217,45.319531024009756],[-122.5771197762657,45.319663351899031],[-122.57705036344369,45.319582443659471],[-122.57701418379561,45.319540261295408],[-122.57799615379226,45.319167729795609],[-122.57862922352241,45.319597340536937],[-122.57925609487714,45.319464443373924],[-122.57977881376119,45.319353616543133],[-122.57969400740848,45.319134678356157],[-122.57933535143803,45.318242181768461],[-122.57930277942415,45.318161118635956],[-122.57915569556774,45.317795060917398],[-122.57923308632779,45.317777092376588],[-122.58035516206772,45.317559885834527],[-122.58040097524889,45.317551024072394],[-122.58043673358708,45.317501963149205],[-122.58077423423258,45.317037911217554],[-122.5807879533036,45.317018434615242],[-122.58141914285987,45.316324548259828],[-122.58166625681811,45.31605288438687],[-122.58173894938925,45.316025124074699],[-122.58195658692807,45.315942014245202],[-122.58194957018738,45.315918962516889],[-122.58160195002021,45.314842816267593],[-122.58173256685915,45.314815479236728],[-122.58199527916398,45.31476042674371],[-122.58204543839453,45.314749997281695],[-122.5820458839589,45.314709583256239],[-122.58204006467248,45.314603729402222],[-122.58202142373203,45.31426459498315],[-122.58200814214055,45.31402291438787],[-122.58200233004065,45.314002478438951],[-122.58190637469696,45.31374224572609],[-122.581837141538,45.313554513638515],[-122.58183140669323,45.313538963869746],[-122.58182520113125,45.313522150657761],[-122.58182463878587,45.31352062442344],[-122.58211916402819,45.313504339955415],[-122.58263712902775,45.313475699040509],[-122.58261750892363,45.312593840094188],[-122.58258341785859,45.31106108545756],[-122.58220280167274,45.31113701633398],[-122.58219332803974,45.311138908413497],[-122.58219291032312,45.311138988013475],[-122.58169430311962,45.311238451290052],[-122.58088298697582,45.311400290849903],[-122.57919836823868,45.311736311509037],[-122.57919838530665,45.311737499179117],[-122.57919873564964,45.311757575853441],[-122.5791991928921,45.311783393763925],[-122.57900073618123,45.31181982739696],[-122.57874722801479,45.31186636123396],[-122.57871456976261,45.311872355163359],[-122.57871165562784,45.311872894035766],[-122.57851431372623,45.311909117874414],[-122.5772158438988,45.312147449813608],[-122.57721486832841,45.312147629226281],[-122.57721450091745,45.312147698717112],[-122.57720641518159,45.312149177608298],[-122.5773076086017,45.312283555654346],[-122.57735608798265,45.312347947561932],[-122.5779864169529,45.313185019909646],[-122.57808011932187,45.313309442090691],[-122.57811255748678,45.313352664484611],[-122.57811338393684,45.313353639862413],[-122.57811388968834,45.313354224836424],[-122.57828703187451,45.313583784968955],[-122.57828707140038,45.313583838665068],[-122.57828839911038,45.313585605582531],[-122.57803196153779,45.313633199256373],[-122.57774974770646,45.313685567412662],[-122.57756215791554,45.313720374414295],[-122.57746802794853,45.313737844553266],[-122.5768851848225,45.313845998207086],[-122.57669717641669,45.313880888496627],[-122.57619243102484,45.313974542769117],[-122.57584838435587,45.314038383796152],[-122.57556797883316,45.314090407294366],[-122.57553874316227,45.314095838763869],[-122.57523890977492,45.314151468024313],[-122.57477965506911,45.314236684710991],[-122.57449988106205,45.314288590528911],[-122.57436766252694,45.314310608810011],[-122.57419016530829,45.314075191217285],[-122.57417123061872,45.314050049020992],[-122.57450001670767,45.313805794530147],[-122.57447269444829,45.313785948526224],[-122.57444773026656,45.313764613558831],[-122.57442528406254,45.313741926708992],[-122.57440550495662,45.313718036428561],[-122.57421580771808,45.313466105107764],[-122.57421233842445,45.313461947757474],[-122.57420836427764,45.313458022248192],[-122.57420391582032,45.313454358270853],[-122.57419902988352,45.313450984252839],[-122.57419374239976,45.313447926094824],[-122.57418809379324,45.313445207170474],[-122.57418212897977,45.313442849590061],[-122.57417589377337,45.313440871041806],[-122.57416943488649,45.313439285423556],[-122.57416280531967,45.313438107896637],[-122.57415605358202,45.313437344146649],[-122.57414923357238,45.313437003017626],[-122.57414239739306,45.313437085772989],[-122.57413559804468,45.313437591781067],[-122.5741288876295,45.313438517883228],[-122.57412231824981,45.313439855867095],[-122.57411594200792,45.313441594993357],[-122.57410980561623,45.31344372452277],[-122.57408899434604,45.313451509844121],[-122.57406789022508,45.313458898444132],[-122.57396723848908,45.31334064787908],[-122.57357076614011,45.312814062586327],[-122.57345355036857,45.312596914723315],[-122.57339645704238,45.312491536406952],[-122.57335986686421,45.312426926083312],[-122.57323388263723,45.31219209828636],[-122.57315477968824,45.312044668991611],[-122.5730860235347,45.311916523732428],[-122.57261896606229,45.311917635590227],[-122.57260938103821,45.310586505067107],[-122.57121725196093,45.31110117673547],[-122.57073803579114,45.311278335230277],[-122.57039086747656,45.311406671455359],[-122.57022517412072,45.311391327045584],[-122.5700462108515,45.311385975548255],[-122.56892989510918,45.311386806922449],[-122.56814695854183,45.311387379913626],[-122.56814670252197,45.311140909153224],[-122.56763390014035,45.311141566800877],[-122.56749279187721,45.311140217391312],[-122.56634227996697,45.311129250910568],[-122.56459319543008,45.31111254248534],[-122.56458467131635,45.31192352401407],[-122.56457517612381,45.31282747415726],[-122.56371912477717,45.312824172118887],[-122.56368024389504,45.312823964280618],[-122.56355993881726,45.312823306020753],[-122.56324870760558,45.312821647104883],[-122.56254652688736,45.312817908542577],[-122.56228557528047,45.312817501078406],[-122.56199490920062,45.312817048129894],[-122.56191158955971,45.312816914835423],[-122.5617042565955,45.312816593917901],[-122.56143168168713,45.312816164343317],[-122.56135278894395,45.312815505451667],[-122.56118492346174,45.312814101121695],[-122.56102099709209,45.312812739117426],[-122.56035550895993,45.312807250669458],[-122.55971636033021,45.31280195931992],[-122.5596756289186,45.31280174705946],[-122.55945163579914,45.3128005783635],[-122.55913974971563,45.312798951665059],[-122.55897028074067,45.312798070405101],[-122.55887513388073,45.31279757134034],[-122.55862035369984,45.312796228919233],[-122.5586100320572,45.312568142581632],[-122.55860816625638,45.312376019855996],[-122.55804436651606,45.312373183378007],[-122.55792888898461,45.312372648932467],[-122.55773474867868,45.312370535156099],[-122.55735038921301,45.312368216698381],[-122.55729461910522,45.312367881880206],[-122.55702950111205,45.312366289282899],[-122.55680479473025,45.312364945588094],[-122.55659487821127,45.312363675805976],[-122.5562007378888,45.312361304282447],[-122.55610688999273,45.312360730669376],[-122.55603318591864,45.312360285298041],[-122.55578813269567,45.312358808307543],[-122.55561108104135,45.312357738784435],[-122.55510774959778,45.3123547089954],[-122.55491339369615,45.312353535236369],[-122.5545846579129,45.31235155033275],[-122.55446234150716,45.312350801729664],[-122.55428867111161,45.312349746104566],[-122.55401804644573,45.312348111812405],[-122.55399246152814,45.312347958933117],[-122.55356862829227,45.312345402311252],[-122.55312543726032,45.312342718079329],[-122.55313507259007,45.311862779279622],[-122.55313710907079,45.311784392543096],[-122.55239186850773,45.311768977480838],[-122.5520638882076,45.311766990029781],[-122.55168120499823,45.311764676601285],[-122.55144020048225,45.311763216652224],[-122.55105926539444,45.311760905750525],[-122.55098151620659,45.311760435104851],[-122.55069776356117,45.311758713615667],[-122.55055343124447,45.311757832971296],[-122.55041399923765,45.311756990862989],[-122.5501302465922,45.311755268110204],[-122.5499741876678,45.311754317974469],[-122.54967665396761,45.311752507409864],[-122.54961285202286,45.311752119521998],[-122.54906826544985,45.311748807313109],[-122.54894428626255,45.311748055543362],[-122.54868645360634,45.311745522900559],[-122.54871619772373,45.311785426067857],[-122.54878856690132,45.311882536881996],[-122.54886149842427,45.311980402455056],[-122.54903281792876,45.312210272016529],[-122.54931776892676,45.312592620223853],[-122.54945323487161,45.312774378089337],[-122.54968299248026,45.313082342676957],[-122.54969756225584,45.3131018673797],[-122.5497583449629,45.313172216141218],[-122.54982279189804,45.313238745420314],[-122.54831463282541,45.313239914107243],[-122.54766990475947,45.313240403060561],[-122.54728105461569,45.313240696811619],[-122.54683387775883,45.313241041100447],[-122.54642558447905,45.313241346222462],[-122.54603674780999,45.313241635551428],[-122.54539533632408,45.31324211502892],[-122.54489027742022,45.313242487113541],[-122.54452332011823,45.313242758754242],[-122.54313956603437,45.313245003896398],[-122.54313738312821,45.313398349925308],[-122.54313449953615,45.313601559006706],[-122.54312943393627,45.313958113768869],[-122.54312405662097,45.314336611280318],[-122.543118680204,45.314715099315059],[-122.5431152180969,45.316484754914988],[-122.5431097994591,45.316846788437722],[-122.54666266335727,45.316843640764034],[-122.54844129617879,45.316842031237073],[-122.55047439297419,45.316840148191517],[-122.55050709883706,45.315276912652898],[-122.55223856471629,45.315218504383047],[-122.55228650061647,45.31525790985215],[-122.55234136432415,45.315302987957004],[-122.5523194112952,45.316851313810517],[-122.55230017297509,45.318208611821952],[-122.55229934652503,45.318266453563282],[-122.55528378885074,45.318283768174162],[-122.55543288403508,45.318284629767142],[-122.55540031022457,45.32059035727773],[-122.55539931219626,45.320660687268486],[-122.55768337312925,45.320673877803472],[-122.55864652791227,45.320679428021876],[-122.55863443209698,45.322637902376115],[-122.55863367302055,45.322761697450353],[-122.55824079752598,45.322992578074924],[-122.5586302486427,45.323314676891286],[-122.55862687636713,45.323859544294677],[-122.55863016150612,45.323895726364739],[-122.55935027259741,45.323900496236853],[-122.55937739902409,45.323903298662856],[-122.56076204962659,45.323907227869803],[-122.56107348655246,45.323908859302207],[-122.56107667467337,45.323981481681763],[-122.56107035772031,45.324404780995373],[-122.5610501743725,45.325758156568199],[-122.56103372442303,45.326861272012977],[-122.5610309908496,45.327044288933145],[-122.56106278851573,45.328151567814608],[-122.56107008732741,45.328405895008387],[-122.56107342995858,45.328522298422023],[-122.56228654096941,45.328528695414647],[-122.56228768721969,45.33058232952834],[-122.56228804564749,45.331215922283107],[-122.56229586817697,45.331269143163233],[-122.56238843417712,45.331270311478285],[-122.56251222381989,45.331271853654073],[-122.56252021523268,45.331329203365911],[-122.56251859018033,45.332083480681078],[-122.56349074338755,45.332086851063522],[-122.5634854343442,45.332849008300258],[-122.56392127176721,45.332850516331888],[-122.56420200697163,45.332851253297079],[-122.56421815508718,45.333145496139743],[-122.56424719941694,45.333674818834936],[-122.56427625722142,45.334204141003227],[-122.56428423066789,45.334349508934132],[-122.56430530244951,45.334733463275938],[-122.56431328847238,45.334878831111084],[-122.56432381852417,45.335070799235254],[-122.56445422066575,45.336930168844745],[-122.56445775553638,45.336986158349646],[-122.5632939638313,45.337018751671003],[-122.56329362606473,45.337012843753989],[-122.56175919755826,45.337052647669708],[-122.56177212251858,45.337496501583828],[-122.56108407679133,45.33751104645205],[-122.56109243202179,45.337798065935829],[-122.56110237996526,45.338139345957032],[-122.56110900953203,45.338367030687323],[-122.56111844453746,45.338690946501245],[-122.56112337539005,45.338860025375958],[-122.56113407163015,45.339227187120059],[-122.56116628162299,45.340335894147174],[-122.56116971767894,45.340732063056308],[-122.56117103460915,45.340787697734882],[-122.5595779398264,45.340831097431341],[-122.55958113872713,45.340940751382703],[-122.55960287705871,45.341687782848737],[-122.55961380147086,45.342063350412367],[-122.5596153025557,45.342112039006594],[-122.55962873775908,45.342547607863196],[-122.56013609185852,45.34253343554964],[-122.56036037333718,45.342527168312273],[-122.56122962183366,45.342502880393205],[-122.56124234018145,45.342945711664598],[-122.56125477555992,45.343378951867457],[-122.56128436157383,45.344400778092087],[-122.56181874957338,45.344386236256476],[-122.56183534325334,45.344604136735711],[-122.56131679345053,45.344620428049318],[-122.56133881564969,45.345443391832312],[-122.56134125637234,45.346122132652624],[-122.5610043593947,45.346599942125813],[-122.56023378813724,45.347667532798312],[-122.56023342791283,45.34766745830035],[-122.55956639916997,45.347534779145072],[-122.55905539791048,45.347122520035022],[-122.55891145995416,45.346994475578363],[-122.55822005452778,45.347128008946896],[-122.55745865776431,45.347275054639454],[-122.55746960193942,45.348774119954072],[-122.55688616143374,45.348774441299213],[-122.55688690164551,45.348807241854168],[-122.55692458956496,45.350474759646751],[-122.55755520689443,45.350445321772185],[-122.55857177819917,45.35041406887148],[-122.56060724025873,45.350351467690601],[-122.56060814576054,45.350351442438253],[-122.56080246123796,45.350345462680629],[-122.56389465468536,45.35027817205598],[-122.56455935409669,45.350263701174256],[-122.56551997113904,45.35024277451263],[-122.56588159604149,45.350234894500062],[-122.56755612310474,45.350198391504918],[-122.56755434713544,45.350445239070879],[-122.56754976213422,45.35108170043565],[-122.56754547537369,45.351676794165904],[-122.56754508101328,45.351731683894641],[-122.56754468575456,45.351786564731988],[-122.56754093618655,45.352307844177837],[-122.567538923062,45.352588596386553],[-122.56753476026898,45.353166007975972],[-122.56752226290673,45.354900854262688],[-122.56877542979606,45.354942098126251],[-122.56840645577627,45.355970695310816],[-122.56819833588787,45.356550880147246],[-122.56897273576509,45.357584451835407],[-122.56898702616461,45.357603519972294],[-122.56935345166394,45.358092585061861],[-122.56995744472502,45.358336042001092],[-122.57029470102879,45.358471975646459],[-122.57068331222069,45.358628602139788],[-122.57070300868158,45.358683930133139],[-122.57023694654251,45.358496081235231],[-122.56993746170151,45.358375370766403],[-122.56977739988419,45.358690447436857],[-122.5699756517792,45.359084214904478],[-122.57038125011313,45.35947443351062],[-122.57031785510522,45.359634223354881],[-122.57028042679889,45.359728579629824],[-122.57014853525057,45.360061015618996],[-122.57011943342863,45.360128138074352],[-122.56983675516828,45.360120054929446],[-122.56928049408984,45.36012770822731],[-122.56882665802178,45.360089959942904],[-122.56880618451814,45.360174143682634],[-122.5687481838935,45.360670945187479],[-122.56873292960169,45.360810943781857],[-122.56835373455056,45.360729961138532],[-122.56823357320322,45.361947850195754],[-122.56820656984577,45.362221446270915],[-122.56675933271909,45.362212508812036],[-122.56676541251692,45.361959607174647],[-122.56522237186182,45.362014596754904],[-122.56471941681234,45.36203251907218],[-122.56438040160727,45.362111036364773],[-122.56437418616382,45.362997984870972],[-122.56436765900497,45.363930576782707],[-122.56436727542436,45.3639851605069],[-122.5634195536979,45.363982832800765],[-122.56256579754682,45.36398073167981],[-122.56179503674485,45.363978832528993],[-122.56168965627717,45.364539717984918],[-122.56154093838525,45.365206871751283],[-122.5612006897933,45.367019392337887],[-122.56114405730285,45.367019628377847],[-122.56083046531865,45.367020713909199],[-122.56066251629311,45.367021312844841],[-122.56055300806671,45.367021688362911],[-122.56007046633374,45.367023379141088],[-122.55996391356466,45.367023755921409],[-122.55980072111855,45.367024322038588],[-122.55943124224557,45.367025607004699],[-122.55909866436782,45.367026767639558],[-122.55890926447164,45.367027430318494],[-122.5585732190969,45.367028584642114],[-122.55857254266549,45.366978088484927],[-122.55660332866316,45.366982113789547],[-122.55487141003304,45.366986945669439],[-122.55485880397467,45.368432022123976],[-122.55481565609493,45.36842065020339],[-122.55438720551849,45.368323854675552],[-122.55403528062448,45.368244122915975],[-122.55368331081469,45.3681643803152],[-122.55357030365026,45.368412474839381],[-122.55350606781923,45.368553496863598],[-122.55342874802611,45.368723240081351],[-122.55330537789656,45.368994077033953],[-122.55328592038751,45.369036793710833],[-122.55307287952796,45.369062127336875],[-122.55307114128792,45.369152923004805],[-122.55306546124037,45.369449993819664],[-122.55306205213385,45.369628259162567],[-122.55305864302736,45.369806554236042],[-122.55305208712242,45.370149383718577],[-122.55305067047921,45.370223429221916],[-122.55304925293768,45.370297467055252],[-122.5530427239822,45.370638960084882],[-122.55303931577403,45.370817204641305],[-122.55303564346114,45.371009182796442],[-122.55303197294489,45.371201159037717],[-122.55302856383838,45.371379455463703],[-122.55302515563019,45.371557689482522],[-122.55302148331731,45.371749667017397],[-122.55301781280106,45.371941643269558],[-122.55301440369455,45.372119908963199],[-122.55301073317831,45.372311885851786],[-122.55300650390994,45.372533041112128],[-122.55300366523365,45.372681469708127],[-122.55299929852306,45.37290980937172],[-122.55299536480042,45.373115502082634],[-122.5529914310778,45.373321190890202],[-122.55298705179079,45.373550217077522],[-122.55298422030101,45.373698297189456],[-122.55297897413976,45.373972571602899],[-122.55297329858379,45.374269364686519],[-122.55338496593579,45.3742684881692],[-122.55346678269524,45.374268227548853],[-122.55450163202107,45.374267417290923],[-122.55474748294802,45.374266177293308],[-122.55495769770766,45.374265116511637],[-122.55554161791369,45.374263875251927],[-122.55593311629093,45.374263034072854],[-122.55627201381671,45.374262303957181],[-122.55657944335809,45.374261641362963],[-122.55690632951018,45.37426093522685],[-122.55723320757745,45.374259351942214],[-122.55755749580175,45.374259527371926],[-122.55788761229563,45.374258811770183],[-122.55849065044754,45.374258530325385],[-122.5585685173147,45.374257333238468],[-122.55857203601565,45.374636697459465],[-122.55902939527627,45.374981472800648],[-122.55901637509453,45.375024688520298],[-122.55928930843068,45.375237253041739],[-122.56018926673345,45.375855804110273],[-122.5611083375922,45.37654858945389],[-122.5611115760188,45.376105255037388],[-122.56272847076667,45.376108856277042],[-122.5635389011716,45.376114980340112],[-122.56365555639441,45.376115762175651],[-122.56366513423197,45.375714752335043],[-122.56518976122038,45.375704293711294],[-122.56626585669248,45.375696910075696],[-122.56626367198972,45.375914688112005],[-122.56626356419187,45.376028542330836],[-122.56626256346865,45.376092822019096],[-122.56626107585855,45.376331588750219],[-122.56625785988982,45.376881484419179],[-122.56633548511016,45.376881890160448],[-122.56641366548934,45.376882289591578],[-122.56664702624057,45.376883505553302],[-122.56686232366809,45.376884623077032],[-122.56735279393176,45.37688717299973],[-122.56750204632127,45.376887951038498],[-122.56763159416502,45.376888629377234],[-122.56779990700822,45.376889503960932],[-122.56783785364246,45.376889697050864],[-122.56790221883089,45.376890034011645],[-122.56793415573587,45.37689019618194],[-122.56797957455665,45.376897963948416],[-122.56802371507474,45.376905516538557],[-122.56817373193057,45.376931186755662],[-122.56826837034407,45.376948130064306],[-122.56840015139962,45.376980552088213],[-122.56883662393156,45.37708731601996],[-122.56951554277549,45.377087078128945],[-122.5707630359055,45.37709089258766],[-122.57109197111478,45.37709239754772],[-122.57121170396574,45.377092658155043],[-122.57127328168183,45.377092779940064],[-122.5712957242926,45.377092842410121],[-122.57140309991848,45.377093156653359],[-122.57173389643701,45.377093330181218],[-122.57252929263737,45.377096889711297],[-122.57252899080342,45.377306939448296],[-122.57252895666744,45.377331782231963],[-122.57252868986781,45.377391245223286],[-122.57252844372941,45.377446472205328],[-122.57255000599119,45.377449067535217],[-122.57262880261464,45.377417085591759],[-122.57263568909961,45.377414291493245],[-122.57271676924051,45.377374408687622],[-122.57279263735614,45.377329720098331],[-122.57286271852476,45.377280561410352],[-122.57292648543519,45.377227305538398],[-122.57297909167654,45.377147565506682],[-122.57309871942459,45.376966234429851],[-122.57311518734041,45.376943962860224],[-122.57313432774416,45.376922779778184],[-122.57315599690544,45.376902841676142],[-122.57318003222919,45.376884299998459],[-122.57319197173763,45.376876556208572],[-122.57320625225569,45.376867293569333],[-122.57323446294886,45.376851948592858],[-122.57326444961139,45.376838381807822],[-122.57330125808014,45.376824523491308],[-122.5733394113269,45.376812606800293],[-122.57337870363743,45.376802697361526],[-122.57347569294201,45.376800467358962],[-122.57405605042965,45.376789484563488],[-122.57476423369062,45.376770837469266],[-122.57521055714794,45.376760570869116],[-122.57576205895204,45.376941943621283],[-122.57610719437912,45.377132087463139],[-122.57658908213857,45.377122588867962],[-122.57715360053109,45.377236028606042],[-122.57772285663842,45.377004062949972],[-122.57774665301029,45.376989846259441],[-122.57830530001414,45.377158162054677],[-122.57817389355606,45.377964301571588],[-122.57816012956927,45.378063811567301],[-122.57785629508565,45.378062537578991],[-122.57760420266413,45.378061481916525],[-122.57759997968397,45.378535973389518],[-122.5775997757664,45.378559804780593],[-122.57759944877962,45.378610771415005],[-122.57764563027007,45.378617195560018],[-122.57764534280918,45.3786513259872],[-122.57764478136211,45.378717137898519],[-122.57764454780016,45.378744335556007],[-122.57764344197405,45.378875013861538],[-122.57764232626646,45.379007739424779],[-122.57764410043914,45.379127386194092],[-122.57764552696382,45.379223653395279],[-122.57764522692651,45.379272900625018],[-122.57764909417384,45.379473818251988],[-122.57761325229229,45.37945759312904],[-122.5775768247092,45.379441053140297],[-122.5773645078918,45.379344624146],[-122.57734311092004,45.379333363580066],[-122.57700783180823,45.379146985933438],[-122.5769093881312,45.379092267295761],[-122.57686809078096,45.379073977469389],[-122.57682157421893,45.379053378218785],[-122.57675457157681,45.37902369903049],[-122.57669347176446,45.378996818263978],[-122.5766604380165,45.378992233495886],[-122.57661080609707,45.378990216223094],[-122.57657818737079,45.378988899348364],[-122.57647865583391,45.378984860385472],[-122.57639339942527,45.378981408873457],[-122.57637755763524,45.37899497325138],[-122.57622296655798,45.379127261889515],[-122.57614223316676,45.37919636195128],[-122.57608571476236,45.379244725192727],[-122.57601878218887,45.37928702083164],[-122.57561003346324,45.379545369890707],[-122.57558966416414,45.379558773232674],[-122.57546340595097,45.37964184018746],[-122.57520588680678,45.379811276912115],[-122.57509760298412,45.379891668143927],[-122.57482487536218,45.380106135694916],[-122.57451667416798,45.380325825638892],[-122.57437470352218,45.380549150389548],[-122.57429662016104,45.380734528374823],[-122.57420700961818,45.380961504812092],[-122.57403930134117,45.381373859382002],[-122.57389680518092,45.38163790656818],[-122.57380567828184,45.381919405415282],[-122.5737221214857,45.38217693987314],[-122.57370286879255,45.382576219881749],[-122.57366000837369,45.382791349839074],[-122.57366219217816,45.383083060445422],[-122.57369315800432,45.38346952220207],[-122.57375739293703,45.383974626629843],[-122.5737830703811,45.384193125486291],[-122.57386136394798,45.384550439024366],[-122.57403199534295,45.385651124462228],[-122.57400462277793,45.385988449091926],[-122.57393189696914,45.38631129174987],[-122.57388168024646,45.386556323118612],[-122.57390160937106,45.386871530520104],[-122.57393085672007,45.387210387257404],[-122.57402484565159,45.387470667871476],[-122.57408287412402,45.387672062972953],[-122.57407942728827,45.388041279573713],[-122.57408658326781,45.388237636278539],[-122.57402823140193,45.388444557713299],[-122.57396852307993,45.388620943087055],[-122.57389185546369,45.388740700735845],[-122.57385641602741,45.388796044700683],[-122.57361403259745,45.38915233172996],[-122.57346349831204,45.38937361732976],[-122.57340736887814,45.38945613236065],[-122.57306962478918,45.389780301487924],[-122.5725389692896,45.390078810828392],[-122.57228035779404,45.390253822128273],[-122.57161663035984,45.390693527308571],[-122.57129919717948,45.390856304391328],[-122.57106951772427,45.390968193688984],[-122.57095089339435,45.391025983821045],[-122.57033839867744,45.39136552283739],[-122.56987483115992,45.391594647530063],[-122.56982238032711,45.391626433460985],[-122.5694384367814,45.391859099925455],[-122.56933700081616,45.39192022127002],[-122.56926210288104,45.391965356320092],[-122.56921350402415,45.391993787213217],[-122.56841019815775,45.392463797615747],[-122.56711348633334,45.393222467825986],[-122.56546643424306,45.394186053163523],[-122.56525954774153,45.394307088413633],[-122.56513992179009,45.39437706946773],[-122.56482153998878,45.394563320576985],[-122.56451504020373,45.394742623923634],[-122.564009842061,45.395038166848877],[-122.56371596180907,45.395210084447562],[-122.56324492210497,45.395485619575105],[-122.56320303545994,45.395510137076009],[-122.56184697014804,45.396184954924827],[-122.56160836054059,45.39628524720802],[-122.561473197328,45.39634205543156],[-122.56133408332479,45.396400528266],[-122.56119870631315,45.396457430361998],[-122.56106850359755,45.396503383712883],[-122.5609822653303,45.396533819508058],[-122.56033380745927,45.396762689854882],[-122.55991480895626,45.396910570401232],[-122.55955488725959,45.397037593562899],[-122.55936860541576,45.397099458682071],[-122.55923854283732,45.39714265244978],[-122.55906979610783,45.397198702237276],[-122.5584750961184,45.397395617542067],[-122.55788452388767,45.3974905952238],[-122.5575222225538,45.397520915054073],[-122.55714959688238,45.397563265774863],[-122.5568740332791,45.397592090613507],[-122.55624554226192,45.397740303933539],[-122.55600792439452,45.397947008914656],[-122.55578761526606,45.398165303006159],[-122.55537406953681,45.398649048821284],[-122.55521109627965,45.399050898280585],[-122.55501542165119,45.3994831008742],[-122.55493783056683,45.399675017026773],[-122.55476851520379,45.399827088899237],[-122.55455104295496,45.400016723074735],[-122.55368529968472,45.400096386697925],[-122.55316814586386,45.400052062353502],[-122.55254582537437,45.399811938120067],[-122.55195593586326,45.39928614364451],[-122.55165488256381,45.399060481498701],[-122.55148311030842,45.398935473137911],[-122.55111034988971,45.398751463683389],[-122.55037029709739,45.398470847843377],[-122.55020781072712,45.398419384403013],[-122.54924679662943,45.398181184664466],[-122.54866580313458,45.397874157823658],[-122.54824239031025,45.397579183556907],[-122.54798902587424,45.397531941761763],[-122.54789913865029,45.397515184394813],[-122.54780124653885,45.397502855117594],[-122.54759559162758,45.397476940035375],[-122.5474195568662,45.397426633177588],[-122.54716079984355,45.397352680066199],[-122.54699485316279,45.397227606110135],[-122.54678821010475,45.397071870566414],[-122.54667230138193,45.39698451021389],[-122.54657066778734,45.396907903424001],[-122.54618071002081,45.396613998983817],[-122.54613004503877,45.396575809524229],[-122.545967964707,45.396453644964915],[-122.54563772963553,45.396109938555],[-122.54484126444001,45.395280953191225],[-122.54390644970756,45.394895671689603],[-122.54350728151447,45.394744037576693],[-122.54334389413394,45.394681968018283],[-122.54320467772277,45.394629090625294],[-122.54301703133804,45.394557803464281],[-122.542908797821,45.394516686890427],[-122.54265553399632,45.3944204823175],[-122.54230063118715,45.39428566266367],[-122.54210945083007,45.394213032685705],[-122.54183050506971,45.394107066909491],[-122.54160447007963,45.394021195128168],[-122.54076734174443,45.393703171851854],[-122.54064805086463,45.393657848941992],[-122.5401578716551,45.393471619450835],[-122.5398194241853,45.393258046653642],[-122.53963377026382,45.39313019428441],[-122.53950876879372,45.393062008927465],[-122.53918346187989,45.392996098902906],[-122.53898394695361,45.393064665362061],[-122.53885946650638,45.393123696088715],[-122.53829892136234,45.393445923940462],[-122.5379688596657,45.3935044773634],[-122.53745678491944,45.393550701216981],[-122.53681066087157,45.393552892709295],[-122.53615870226592,45.393529125674249],[-122.53561967895946,45.393499901341777],[-122.53524945807804,45.393479821471892],[-122.53470957777883,45.393440193498797],[-122.53331221511671,45.393473573124169],[-122.53013730479792,45.393549363233298],[-122.52972624830032,45.393579235398974],[-122.52912135063576,45.393661648404517],[-122.52865783252557,45.393718333100544],[-122.52796107134347,45.393803554331697],[-122.52729504062886,45.393979672545342],[-122.52665318178194,45.394120371545242],[-122.52583138140048,45.394348616433263],[-122.52517932667509,45.394529723332958],[-122.52483618640623,45.394574922534623],[-122.52440940939114,45.394597023147128],[-122.52429075631517,45.394667358359882],[-122.52418248776387,45.394731532328649],[-122.52360188683279,45.395378127110412],[-122.52361986391826,45.395883670771589],[-122.52381032472479,45.396100420439467],[-122.52387884462141,45.396178404724203],[-122.52390169416897,45.39620440240558],[-122.52393116070695,45.39623793494345],[-122.52395875066425,45.396269339785022],[-122.52397221102045,45.396291461812723],[-122.52399293695069,45.396666571108547],[-122.5240989776801,45.398241240101257],[-122.52365645050314,45.399383749686358],[-122.52346279798243,45.400252174457961],[-122.52330952473368,45.400517468128044],[-122.52324652498449,45.400575099007902],[-122.52286492424506,45.40076008711857],[-122.52247869089371,45.400959664998076],[-122.52209672364167,45.401121171841531],[-122.52140941992282,45.401409948267265],[-122.52087862698102,45.401630107944619],[-122.52016628541858,45.402174930565209],[-122.51960097111869,45.402555754920137],[-122.51920934248572,45.403039301681972],[-122.51879534131065,45.4035738470902],[-122.51833633094655,45.404594104409085],[-122.51809688500757,45.405131082843099],[-122.51801198433176,45.405702462278008],[-122.51789638912101,45.40648036905354],[-122.51782177235856,45.406940814574327],[-122.51780351859196,45.407105320840323],[-122.51778749264733,45.407603269743106],[-122.51769943259666,45.407912432128249],[-122.5176640003469,45.408189288990251],[-122.51747750111075,45.408536305410088],[-122.51736999073754,45.408736343317358],[-122.51706742916672,45.409042706965614],[-122.51686489769769,45.409183854691605],[-122.51659472129116,45.409372134987343],[-122.51585862917094,45.409505497163174],[-122.51543959204035,45.409503644947911],[-122.51494670530859,45.409501459750054],[-122.51460613242482,45.409385898295312],[-122.51441006882585,45.40931937476828],[-122.51382196875879,45.409119819483379],[-122.5134045135614,45.408807232935501],[-122.51262555922571,45.408250545922868],[-122.51234217309292,45.407996622256917],[-122.51209904226465,45.407778771669115],[-122.5116605826593,45.407385877398426],[-122.51131843682548,45.406985936365928],[-122.51105399256875,45.406676796659788],[-122.51072293194551,45.406289792886952],[-122.51072276216394,45.406289654136351],[-122.51025380565302,45.40574143204045],[-122.50998418889691,45.405433202552935],[-122.509574906572,45.40510879020357],[-122.50957443765142,45.405108390341169],[-122.5092703372665,45.404867352899409],[-122.5090649383751,45.404783359931258],[-122.50871354887698,45.404526721895756],[-122.50829241507854,45.404103078132493],[-122.50812713854097,45.403945433456194],[-122.50798198336747,45.403736984422636],[-122.50773929001873,45.403374465137482],[-122.50756997824892,45.403145096181937],[-122.50753085931328,45.403047982292911],[-122.5073786640429,45.40267015026182],[-122.50728595521061,45.402255596528448],[-122.50725919709323,45.40201360460059],[-122.50742804892563,45.401624824263685],[-122.50756093221402,45.401398239856547],[-122.50758516516713,45.401356920746558],[-122.50768626246752,45.401230238433797],[-122.50769726503312,45.401125954760204],[-122.5077092234062,45.401012571158176],[-122.50772142162943,45.400896942507906],[-122.50732883000249,45.400493597425509],[-122.5072949823809,45.40045882420538],[-122.50674666779946,45.39972178711556],[-122.50584254580535,45.398815933259733],[-122.50554575770683,45.398596055294014],[-122.50531781379676,45.398383485869097],[-122.50517349854803,45.398248903379582],[-122.50484505561555,45.397993859911658],[-122.50448875412945,45.397667859429681],[-122.50373182289125,45.396870519050772],[-122.50276908582487,45.39592358530706],[-122.50227831372727,45.395541624957438],[-122.50199125617991,45.395318192899659],[-122.50165827855186,45.395059034046717],[-122.501141523583,45.394690916747606],[-122.50057905514595,45.394290218435465],[-122.50038703486409,45.394176110182208],[-122.49957450689294,45.393738768670779],[-122.49871033297953,45.393273607337072],[-122.49831190948976,45.393129438548293],[-122.49792648821543,45.392933814833704],[-122.49765514220239,45.392869602235102],[-122.49735437097389,45.392802714822508],[-122.4968901288216,45.392689347321927],[-122.49689447666756,45.392879874741766],[-122.49689897363388,45.393077222707213],[-122.49689179609476,45.393449057893783],[-122.49689145293833,45.393466931770028],[-122.49688010631799,45.394053818055781],[-122.49687652653157,45.394239091829881],[-122.49687544406166,45.394295251736551],[-122.49687001823733,45.394575728716696],[-122.49686676992927,45.394744218620176],[-122.49686233225175,45.394973496780139],[-122.49686052484144,45.39506761873907],[-122.49685831678244,45.395181299396384],[-122.49685502535525,45.39535219276037],[-122.49685078261214,45.395492696578351],[-122.49684912432215,45.395657359818415],[-122.4968459182349,45.395823409080265],[-122.49684482139193,45.395934522122047],[-122.49684398775535,45.396147405435109],[-122.49673141986709,45.39620673509355],[-122.49660146328988,45.396267183091872],[-122.49650913175005,45.396310130223725],[-122.49639851859584,45.396361581076832],[-122.49636802797845,45.396375763248834],[-122.49622558122554,45.39644202005357],[-122.49618086039575,45.39646282113042],[-122.49605578346717,45.396520998628453],[-122.49597912213916,45.396475328518527],[-122.4956391798727,45.396272810427064],[-122.49572591221336,45.39599739394329],[-122.49542626028575,45.395952298068941],[-122.49536609472128,45.396143348143326],[-122.49473616550132,45.396070076507435],[-122.49423267415763,45.39601150997278],[-122.493978743783,45.395693966583458],[-122.49335957188858,45.394919668396156],[-122.49323070766276,45.394758514744488],[-122.49308739673054,45.39457929471584],[-122.49332513587048,45.394195156522159],[-122.49322557019767,45.394182542020864],[-122.49319508676678,45.394178846047765],[-122.49316452877579,45.394175463591885],[-122.49313390520773,45.394172396545763],[-122.49310854666558,45.394170100992213],[-122.49308314949587,45.394168021178963],[-122.4930577190885,45.394166157736876],[-122.49305733730451,45.394166133765687],[-122.49298126527131,45.394161865007],[-122.49290463987589,45.394159533496286],[-122.49290428593967,45.394159528449727],[-122.49282794351355,45.394159155635087],[-122.49275163252847,45.394160732054281],[-122.4927512803889,45.3941607415166],[-122.49267474662163,45.394164281047523],[-122.49259879945426,45.394169750256324],[-122.49259844641632,45.394169778012404],[-122.49252248038435,45.394177216009375],[-122.49177416309139,45.394260298072574],[-122.49171598549869,45.39426773731924],[-122.49171573127542,45.394267772645129],[-122.49165808997691,45.394277108762694],[-122.49165785551664,45.394277149135071],[-122.49160121404302,45.394288296331325],[-122.49160066157911,45.394288411140266],[-122.4915445581964,45.394301466560051],[-122.49154427343043,45.394301536580905],[-122.49148898122638,45.394316444710952],[-122.49148880874984,45.394316492653104],[-122.49143450738754,45.394333211227114],[-122.49143439240318,45.394333247814565],[-122.49138141425931,45.394351670853489],[-122.49138114206978,45.394351769261092],[-122.49132928502337,45.394371966153209],[-122.49132916914067,45.394372012202929],[-122.49127874221223,45.394393868137612],[-122.49127858860032,45.394393937527532],[-122.49122975079158,45.394417377435623],[-122.49122950914476,45.394417494767623],[-122.49118211403037,45.394442591191023],[-122.49118203587695,45.394442632824934],[-122.4911815876176,45.394442887674934],[-122.49116634320724,45.394451498955121],[-122.49115128834141,45.394460274246377],[-122.49113642571503,45.394469210394433],[-122.49113627479804,45.394469301232064],[-122.49112147954533,45.394478482135497],[-122.49110688641355,45.394487822003171],[-122.49109249989425,45.394497320835008],[-122.49109232112951,45.39449743753601],[-122.49107808822215,45.394507131288378],[-122.49106406821551,45.394516980219862],[-122.49105026919446,45.39452698117627],[-122.49103729842007,45.394536671769522],[-122.49102453156324,45.394546497986497],[-122.49101197401387,45.394556455411362],[-122.49101188867391,45.394556522908644],[-122.49099957097475,45.394566587570409],[-122.49098746617629,45.394576778393464],[-122.49097557607519,45.394587095377709],[-122.49097541168349,45.39458723794192],[-122.49096374795784,45.394597672255891],[-122.49095230431945,45.394608227684436],[-122.4909410825649,45.394618900442545],[-122.49094090829175,45.394619065085195],[-122.49092989045481,45.394629879143757],[-122.49091910258653,45.394640806116108],[-122.49090854378869,45.394651844740473],[-122.49090844856728,45.394651942516738],[-122.49089809458529,45.394663123703005],[-122.49088797686025,45.394674411494641],[-122.49087809718877,45.394685804630015],[-122.49034057496715,45.395316183779038],[-122.49032935051767,45.395329107122748],[-122.49031783770901,45.395341904932891],[-122.49030603833772,45.395354570901567],[-122.49030596467587,45.395354651644837],[-122.49029389940331,45.395367163063071],[-122.49028155475466,45.395379538224354],[-122.49026893342491,45.395391773974723],[-122.49026879238943,45.395391912121283],[-122.49025590426004,45.39540399773712],[-122.49024274394112,45.395415937634169],[-122.49022931861921,45.395427729289338],[-122.49022914434605,45.395427884467622],[-122.4902154414447,45.395439532927384],[-122.49020147803193,45.395451026837378],[-122.49018725859931,45.395462363043677],[-122.49018710858064,45.395462484789128],[-122.49017261067027,45.395473678431145],[-122.49015786302827,45.395484708061552],[-122.49014286834954,45.395495571788061],[-122.49014278121297,45.39549563423779],[-122.49012751614131,45.395506346568993],[-122.49011201211783,45.395516886057656],[-122.49009627273573,45.39552725081144],[-122.49009589903659,45.395527486732419],[-122.49008008689097,45.395537566991401],[-122.49006405286144,45.395547471254055],[-122.49004779964302,45.395557196997352],[-122.49004765411593,45.395557284679199],[-122.49003106313097,45.395566893722012],[-122.49001425834693,45.395576316045151],[-122.48999724425545,45.395585549756269],[-122.48999707267723,45.395585644376887],[-122.48997986095638,45.395594681275711],[-122.48996244891124,45.395603523885434],[-122.48994483923673,45.395612171575387],[-122.48994462992928,45.395612274396413],[-122.48992680196415,45.395620734736355],[-122.48990878625111,45.395628995110279],[-122.48989058638345,45.395637052995028],[-122.48989044804291,45.395637114813788],[-122.48987216014035,45.395644927945682],[-122.48985369886294,45.39565253669619],[-122.48983506960059,45.395659939803842],[-122.4898346473924,45.395660108859119],[-122.48981574683881,45.395667338494889],[-122.48979668818176,45.395674354918285],[-122.48977747321783,45.395681158760169],[-122.48977735284357,45.395681201654789],[-122.48975801211549,45.395687778406796],[-122.48973852496205,45.395694139423462],[-122.48971889856973,45.395700282181657],[-122.48971869734712,45.395700345892749],[-122.4896989442923,45.395706264715251],[-122.48967905918521,45.395711961494598],[-122.48965905011055,45.395717436230854],[-122.48965881475193,45.395717501203542],[-122.48963866823507,45.395722753896756],[-122.48961840583553,45.395727780762165],[-122.48959803204488,45.395732581169064],[-122.48959783980541,45.395732626586863],[-122.48957734653882,45.395737200535308],[-122.48955675355927,45.395741544240479],[-122.48953606445995,45.395745657702484],[-122.48953591174636,45.395745689242609],[-122.48951508071322,45.395749579400331],[-122.48949416613678,45.395753236160964],[-122.48947317071196,45.395756658262918],[-122.48900032180092,45.395830887861713],[-122.48894064491995,45.395841328254015],[-122.48894039878158,45.395841373040916],[-122.48892066189644,45.3958453060865],[-122.4889010166395,45.395849461804687],[-122.48888146840063,45.395853839564509],[-122.48888126538135,45.395853884982202],[-122.48886175307508,45.395858500553651],[-122.48884234856662,45.395863336905109],[-122.48882305814422,45.395868392774879],[-122.48880397523263,45.395873644192491],[-122.4887850135936,45.39587911071267],[-122.48876617951535,45.395884790442963],[-122.48876591630899,45.39588486992384],[-122.48874719721509,45.395890769803017],[-122.48872861466513,45.395896880999786],[-122.4887101749473,45.395903200990887],[-122.48870997013141,45.395903270378952],[-122.48869160946532,45.395909824396284],[-122.48867340151283,45.395916585946225],[-122.48865534986719,45.395923552505458],[-122.48864872299535,45.395926177896328],[-122.48864211678473,45.39592883104234],[-122.48863553572697,45.395931512574208],[-122.48801706002689,45.396185141010065],[-122.4870188763377,45.396594473425758],[-122.48695043639115,45.396621482706969],[-122.48695026840619,45.396621547678571],[-122.48692722033094,45.396630178812138],[-122.48690404020337,45.396638632060991],[-122.48688072802341,45.396646906163561],[-122.48688043157938,45.396647012136619],[-122.48685700531338,45.396655098892708],[-122.48683345418159,45.396663003979455],[-122.48680978267554,45.396670726766288],[-122.48680944041743,45.396670839678038],[-122.48678562158766,45.396678386472828],[-122.48676168777355,45.396685747183042],[-122.4867376398734,45.396692923701075],[-122.48673737127713,45.396693005073224],[-122.48671312215433,45.39670001947686],[-122.48668876613203,45.396706845273009],[-122.48666430321022,45.396713481830815],[-122.48663981962714,45.396719906441959],[-122.48661523722939,45.396726141814945],[-122.48659055961024,45.396732187319103],[-122.48659031526847,45.396732247875057],[-122.48656556937732,45.396738093417731],[-122.48654073455299,45.39674374846085],[-122.48651581169374,45.396749211112095],[-122.48651548830026,45.396749282391468],[-122.48649049627073,45.39675454697381],[-122.48646542518948,45.396759619164406],[-122.48644027505647,45.396764497701746],[-122.48643990584887,45.396764570242709],[-122.48641462276521,45.396769262065497],[-122.48638926781631,45.396773758342768],[-122.48636384459546,45.396778057812917],[-122.48636364786442,45.396778091875625],[-122.4863380925912,45.396782204000623],[-122.48631247533423,45.396786118687821],[-122.48628679789016,45.396789834044867],[-122.48586849468317,45.396848664704734],[-122.48586730711034,45.396988675940889],[-122.48585904440637,45.3979623677197],[-122.4849145700897,45.397978790011209],[-122.48372193078589,45.397999516090671],[-122.48312447476513,45.398009893635404],[-122.48138473989374,45.39803999367674],[-122.48070968200888,45.398042541383802],[-122.48065230750998,45.398003693727574],[-122.48065717188724,45.399152674080817],[-122.48065882478738,45.399543542844633],[-122.48130617862887,45.399751787846753],[-122.48158950187961,45.399842925937463],[-122.48324198698073,45.400374475877676],[-122.48372429515172,45.400529611938062],[-122.48528959516125,45.4010330759954],[-122.48531096608185,45.401039949204566],[-122.48582306418429,45.40120465430811],[-122.48581342705793,45.402072938822123],[-122.48581133667827,45.402261278771469],[-122.48580133573421,45.403162340686841],[-122.48580129261508,45.403166277637929],[-122.48579823834312,45.403166318634682],[-122.48443874326347,45.403165583215774],[-122.48423623604899,45.403165460225459],[-122.48387339033604,45.40316524830375],[-122.48358652323154,45.403165080532347],[-122.48330573772149,45.403164924113945],[-122.48311106381628,45.403164807430841],[-122.48248759707647,45.403164435937022],[-122.48186893452683,45.403164068227575],[-122.48071257099082,45.403163364344593],[-122.47930184768551,45.403162493951697],[-122.47801896811981,45.403161687261452],[-122.4759906557516,45.403160383564149],[-122.47589449469369,45.403160316707869],[-122.47583478906667,45.403160278864718],[-122.47552235231589,45.403160072619421],[-122.47533180347445,45.403160231560747],[-122.47412367721516,45.403162405650974],[-122.47287890598044,45.403164620737854],[-122.47146466127923,45.403167125955584],[-122.47033227647307,45.403169118398367],[-122.46578560278286,45.403177018158786],[-122.46562063975732,45.403177298828901],[-122.46520948893665,45.403178000188795],[-122.4646059800675,45.403178998617534],[-122.46047742363301,45.403185734068813],[-122.46009068902174,45.403186359742328],[-122.45754117771892,45.40319043418851],[-122.45497147857674,45.403194489082146],[-122.45376479052018,45.403198197079924],[-122.45237561869683,45.4032024519109],[-122.45061849962806,45.40320780166978],[-122.44988380887969,45.403210035676452],[-122.44472046600141,45.403226091256634],[-122.44467958187622,45.403226217400366],[-122.44456249995365,45.403226582586576],[-122.44270000311217,45.403244939023466],[-122.44010358448014,45.403270473659958],[-122.43846845123706,45.403286525438638],[-122.43454824555796,45.403324917868815],[-122.43326427992913,45.403313529628846],[-122.4311455952467,45.403294710897896],[-122.4307707390584,45.403291365569324],[-122.43070131006674,45.403290751880633],[-122.43066134222312,45.403290398678543],[-122.42830161260049,45.403269375579391],[-122.42750750009269,45.403262294504337],[-122.42679901050622,45.403255965875566],[-122.42540540909019,45.403243514230184],[-122.42435440176735,45.403234108953505],[-122.42412075625013,45.403236526498276],[-122.41694906965411,45.403448825378739],[-122.41491725385627,45.403508886569561],[-122.41391432616405,45.40353852073644],[-122.41389925153527,45.404443507342094],[-122.41389248542457,45.404850154325416],[-122.41388418948293,45.405348493325718],[-122.41383910932701,45.408056077588988],[-122.41379389622044,45.410771213832682],[-122.41373261854167,45.414389954608161],[-122.41368529439416,45.417184348969634],[-122.41367504641342,45.417789273775831],[-122.41366274039234,45.417993344092643],[-122.41365847608968,45.418064153992219],[-122.40378587074295,45.418016682149421],[-122.40354251533586,45.418016814565725],[-122.40337763226039,45.41801690473487],[-122.401762969826,45.418017756612848],[-122.40070603991047,45.418018309608406],[-122.40043463101539,45.418018450221851],[-122.4003922377205,45.418018468507938],[-122.39840841800998,45.418020573926476],[-122.39834118450086,45.418020645179062],[-122.39673536687874,45.418022330018253],[-122.39575773843987,45.418023340165099],[-122.39452406948379,45.418024610100034],[-122.39336449447065,45.418025782929639],[-122.39300927545446,45.418029954041259],[-122.3920902207654,45.418020708234415],[-122.3915877894337,45.418028995599947],[-122.38302460886932,45.418035605692104],[-122.37769069298658,45.418056974513803],[-122.37277201076752,45.418063071332483],[-122.37271206978185,45.417822770172201],[-122.3699141500485,45.417880273681263],[-122.36780679851168,45.417933674743793],[-122.36001499589187,45.418010530467612],[-122.35234913707488,45.418085624322103],[-122.34327421414089,45.418168763920349],[-122.34223288616522,45.41817825687928],[-122.34210856741473,45.418179389980963],[-122.34204845574916,45.42546588520004],[-122.34191639082601,45.432623189741918],[-122.34191565869904,45.432662940263384],[-122.34189303552692,45.434118090015438],[-122.34190381620866,45.439843008529614],[-122.34192221370569,45.44327198735045],[-122.34189731150769,45.443883586962102],[-122.34190811105401,45.444317243990504],[-122.34191626416356,45.447157190390158],[-122.34191995444273,45.448058966578728],[-122.34193919994939,45.453387765902661],[-122.34206661609097,45.454316204248755],[-122.34251469036479,45.454913441662953],[-122.34719870837712,45.460244061399564],[-122.34831016423377,45.461508160449455],[-122.3481767958551,45.461509655600345],[-122.34783397718311,45.4615105345449],[-122.34730133101688,45.461513185239987],[-122.34707340417479,45.461514323772377],[-122.34530471390683,45.461523113216664],[-122.34438291666117,45.461527676796372],[-122.34414653757058,45.461528855022749],[-122.34361281612095,45.461531496896058],[-122.34303789074583,45.461534339130679],[-122.34201125561495,45.461539405503338],[-122.33984823547998,45.461536274067974],[-122.33897647888723,45.4615349962911],[-122.336963446862,45.46153202741295],[-122.33669266139769,45.461531626059887],[-122.33599889160546,45.461530600940002],[-122.33384973786522,45.461527368693318],[-122.333367773749,45.461526642855461],[-122.33163010679937,45.461523997201539],[-122.33163189714172,45.462014221080054],[-122.33163312244376,45.462350361386122],[-122.33167284684394,45.462438384255556],[-122.33172907239758,45.462562957809155],[-122.33172569652875,45.463405651436737],[-122.33169640426395,45.463405596622692],[-122.33163694836855,45.463405474393646],[-122.33165141393958,45.46544093991988],[-122.33165658823563,45.466320381469465],[-122.33165919694322,45.466762933085171],[-122.33166156580063,45.467386609644109],[-122.33166304802084,45.467775939523477],[-122.33166388884392,45.468006452082037],[-122.33166518690953,45.468358720347389],[-122.33166660894263,45.468746601472432],[-122.33167034683252,45.469388905376569],[-122.33167194493541,45.469663968975432],[-122.33167353764841,45.469938051623068],[-122.33167449076093,45.470102587885968],[-122.33167601610027,45.470363449136073],[-122.33168303463759,45.471562052901369],[-122.33168834278261,45.472417009342735],[-122.33169137729163,45.472896581955084],[-122.33169895278444,45.474163662209754],[-122.33170423667491,45.475068653139303],[-122.33170570003051,45.47531965971627],[-122.33170903727181,45.475889999356319],[-122.3317103245576,45.476054556667613],[-122.33173582413527,45.478660789737916],[-122.3317448665769,45.479560120904821],[-122.33175207825201,45.480274436113703],[-122.3317662123447,45.481710730994756],[-122.33177093927972,45.482194748633802],[-122.33177743948912,45.48285838275126],[-122.33177884265758,45.483001534551242],[-122.33177937086698,45.483056025316458],[-122.33176996999752,45.485351476111816],[-122.33176928817623,45.48549901757859],[-122.33176865486394,45.485634172420369],[-122.33176784638019,45.485813884401537],[-122.33176360184048,45.486755873296488],[-122.33176000318944,45.487566288794262],[-122.33177090783867,45.490377259586346],[-122.33165755841615,45.493947453550383],[-122.33161063851053,45.493947752030621],[-122.3316068278571,45.494671456841303],[-122.33160388138297,45.495215989804677],[-122.3315959079365,45.496763672194746],[-122.33159123490037,45.49755038542127],[-122.33170823327963,45.497550202818459],[-122.33163107428491,45.499991896538759],[-122.33162408898528,45.500213469350477],[-122.33161551366757,45.500485362137972],[-122.33160599781377,45.500787665946007],[-122.33159894873374,45.50101122839304],[-122.33157701546774,45.501643729058117],[-122.33155679439072,45.50222651031698],[-122.33154988993942,45.50242521003829],[-122.3315329971205,45.502911190344612],[-122.33147950244538,45.504550536879144],[-122.33150619678234,45.508125387417785],[-122.33152220835397,45.510334821067637],[-122.33152771053508,45.511095726626841],[-122.33153404186119,45.511847798757849],[-122.33154987376976,45.512239477924304],[-122.33166520038425,45.518956197432075],[-122.3316882547477,45.519074349913538],[-122.33170270684398,45.52242268299225],[-122.33171338062621,45.52489812415493],[-122.33171424121225,45.525097464459137],[-122.33171908762321,45.526215367852778],[-122.33172141425977,45.527413154600033],[-122.33172174483981,45.527582162412259],[-122.33172378221889,45.528627672676436],[-122.33172612053356,45.529847239863521],[-122.33172644392707,45.530013268799294],[-122.33173090496078,45.531241856364666],[-122.33172917480552,45.531428348713092],[-122.33173000754381,45.53185386397341],[-122.3317330222899,45.533396837149041],[-122.33173318039339,45.533479117752528],[-122.33173333759855,45.533561398235634],[-122.33173386041805,45.533824880981577],[-122.33174023935489,45.53709944328692],[-122.33172834925377,45.537887973102272],[-122.33172618880552,45.538030981233902],[-122.33172186790901,45.538318185610784],[-122.33171820457927,45.538560701059446],[-122.3317106227983,45.539063610700403],[-122.3317040579102,45.539498396646188],[-122.33170087428083,45.53970934793611],[-122.33168502710089,45.540759082341658],[-122.33168427161773,45.541094490473931],[-122.33167231504129,45.541601960341985],[-122.33165897146607,45.542486800278958],[-122.33164810274947,45.543207025334006],[-122.33152489341833,45.547725913911748],[-122.33151547188763,45.54846645642553],[-122.33149596946282,45.549884223055201],[-122.33341848724004,45.551791779675938],[-122.33760016375223,45.555963258700132],[-122.34104487408345,45.55939898932678],[-122.34360671925509,45.561947609687302],[-122.34531581169387,45.563656369640938],[-122.34693497468781,45.565272529606048],[-122.34976123806501,45.568090305183993],[-122.35112528760315,45.56945013541435],[-122.35524558492693,45.570414807158627],[-122.35910941593204,45.57131926041999],[-122.36228733201375,45.572063044936662],[-122.36602206972263,45.572937002753726],[-122.37276615375187,45.574514804053031],[-122.37890307815866,45.575950133891858],[-122.38103433925505,45.575751380689702],[-122.38262088981095,45.575603393546658],[-122.38548059477127,45.575336594791352],[-122.38878649113654,45.575028079070705],[-122.39051419217641,45.574866800969197],[-122.39437089774468,45.573437996330227],[-122.39914278087328,45.57166986500058],[-122.4013499028988,45.570856868450534],[-122.40401131104835,45.569865601191474],[-122.40665942323336,45.568884086512249],[-122.41015308456103,45.567589023671587],[-122.41326502926657,45.567141236435496],[-122.41424708909476,45.56699990161971],[-122.41567188271239,45.566794839789992],[-122.41774489075758,45.566496452014029],[-122.42010038841687,45.566157361065763],[-122.42325415508881,45.565703256413542],[-122.42723444817892,45.56513001465801],[-122.43286008296704,45.56431955232307],[-122.4377364123154,45.563616795133726],[-122.44589150890748,45.565751144162427],[-122.4525975295215,45.567505688670479],[-122.45848956509698,45.570800078090343],[-122.46265428141659,45.573128263475084],[-122.46461137534909,45.574222209613964],[-122.46937826294641,45.576886420407604],[-122.4723753176187,45.578561242053986],[-122.47690384444185,45.57974750419227],[-122.48029265800284,45.580635055137357],[-122.48570228030447,45.582051617194729],[-122.48868085034316,45.582831443759687],[-122.48928254102215,45.582988968856853],[-122.49168087394746,45.583616790811242],[-122.4925796249145,45.583794006471656],[-122.49375463927245,45.584025680607112],[-122.49556998534131,45.584383580430888],[-122.49813618464715,45.584889456121161],[-122.50217780662001,45.585686049106314],[-122.51573810041263,45.588357542028945],[-122.52340310583011,45.589866795312496],[-122.52711855940477,45.590949044255268],[-122.52939307034796,45.591611495451197],[-122.53155770475551,45.592241882487919],[-122.53351554428968,45.59281200499678],[-122.53587557394962,45.59349918246906],[-122.53850331863218,45.594264234841347],[-122.54316830942849,45.595622217517473],[-122.54668088568279,45.596644567906033],[-122.54933573433412,45.597205769941027],[-122.5503045413169,45.597410545361129],[-122.5525869798925,45.597892944524276],[-122.55661666056031,45.598744490994967],[-122.57377403602428,45.602368314173766],[-122.57773239584841,45.60320393611601],[-122.5798686327132,45.603654830189789],[-122.58223122257168,45.604153454345976],[-122.58536728524599,45.60481521987699],[-122.58890311708636,45.605561231614971],[-122.59045613712595,45.605809623889257],[-122.59311127862809,45.606234241707924],[-122.59529263158136,45.60658305024284],[-122.59687301699947,45.606835719566014],[-122.59829516597686,45.607063079255404],[-122.60095826924737,45.607488767864801],[-122.60369744994095,45.607926551769239],[-122.60593089799418,45.608283452071277],[-122.60916779476251,45.608392053943163],[-122.61133903538065,45.608464853075745],[-122.61346836959076,45.608536202971258],[-122.61614771440159,45.608625925314058],[-122.62020905080169,45.608761810017221],[-122.62476184920553,45.608913969802011],[-122.62904486017334,45.609056944234652],[-122.63262844735253,45.60917644887521],[-122.634516296448,45.609239355113829],[-122.63672265849878,45.609312843773637],[-122.63937078236191,45.609400986929252],[-122.64084756597661,45.609450115604126],[-122.64194481767197,45.609740375400783],[-122.64657400431601,45.610964837378198],[-122.65138251355536,45.612236458415808],[-122.6552143088408,45.61324961401511],[-122.65732233501238,45.613806919992996],[-122.65992346620637,45.61449451771734],[-122.6625843147055,45.615197821368596],[-122.66589991107922,45.616074082260816],[-122.67206424398363,45.617702885865043],[-122.67386423874262,45.618233446134184],[-122.67416396972202,45.618321776330433],[-122.67596424385704,45.618852893706752],[-122.67668396867278,45.619152925856483],[-122.68227164694518,45.621482019358844],[-122.68537510526625,45.622775433228739],[-122.68840730832066,45.62403900308616],[-122.68894655351099,45.624321058505302],[-122.68997397107448,45.624858446056095],[-122.69310869166576,45.626497333755509],[-122.69403528232176,45.627030594428611],[-122.69622050342065,45.628288158260318],[-122.69954053657358,45.630198592066932],[-122.70218154847458,45.631718133629555],[-122.70450626086912,45.63305557253652],[-122.70866066183434,45.635445377412687],[-122.71106580129458,45.636828770671038],[-122.71220391914886,45.637483351485564],[-122.71320869647225,45.63806121836987],[-122.71705656531307,45.639096751877041],[-122.72090977463827,45.640133550646873],[-122.72528085463989,45.641309494912072],[-122.72982572091978,45.642531958682952],[-122.73358236494518,45.643542234974106],[-122.73695870450011,45.644450106386316],[-122.73923435810035,45.645594522013731],[-122.73992422201773,45.645941440351713],[-122.74216881816366,45.647070119465759],[-122.74327876844387,45.647628220888507],[-122.74482352218625,45.648404906768938],[-122.74639619916088,45.649195592452472],[-122.74675027462168,45.649373601334858],[-122.75030985791815,45.651163048076768],[-122.75242886240085,45.652228186970767],[-122.75633078646557,45.654189327913144],[-122.76279204580906,45.657436217283077],[-122.76509194044725,45.652881342069186],[-122.76544874948146,45.652373496119779],[-122.76626198891829,45.651221826828156],[-122.76778124218465,45.649070191706599],[-122.77133434593301,45.64490132009594],[-122.77289701387878,45.643912132943875],[-122.77326555491059,45.643678829521413],[-122.7848640817346,45.636334962557832],[-122.78515177798411,45.636152776745391],[-122.78518109360509,45.636135641187494],[-122.78598712316342,45.635677672443919],[-122.78645115960157,45.635414019714425],[-122.78770163873158,45.63470351060927],[-122.78779452004035,45.634582313536313],[-122.78792420891962,45.634404142075681],[-122.78809319280434,45.634133958908343],[-122.78833736388172,45.633739841883219],[-122.78844722694267,45.63355503393386],[-122.78848673934043,45.633488455837274],[-122.78853876886336,45.633400772026711],[-122.78863347824375,45.633203437724866],[-122.78866492017704,45.633137668263906],[-122.78867432553804,45.633117975225026],[-122.7887260909563,45.63300961533411],[-122.78879661858757,45.632861654155597],[-122.78885512226876,45.632745270392327],[-122.78887865543426,45.632698462417871],[-122.78897579116423,45.63250501328865],[-122.78906484115838,45.632337424677416],[-122.78916087465549,45.63214928098138],[-122.78920291940405,45.632058726273272],[-122.78923463532348,45.631990403255649],[-122.78928079794932,45.631886498615138],[-122.78929519435003,45.631854449832488],[-122.78937551810949,45.631682245416847],[-122.78942136003676,45.631575659827327],[-122.7894426860416,45.631525834427599],[-122.78948750658438,45.631420489168882],[-122.78954803776317,45.631277843120159],[-122.78957813042686,45.631200155040901],[-122.78960292392871,45.63113613770615],[-122.78966350720981,45.630990024686078],[-122.78969488176941,45.630905344025969],[-122.78972168659918,45.630832996155711],[-122.7897636064819,45.630713043919783],[-122.78980230590435,45.630602292940807],[-122.78989403377631,45.630347586091155],[-122.78997675513925,45.63012879495443],[-122.79003859067184,45.629970221823207],[-122.79005648331565,45.629924349408256],[-122.79006684717911,45.629893024427176],[-122.79008752639695,45.629830555957632],[-122.79011224713524,45.629755872993286],[-122.79015190146683,45.629623390533169],[-122.79016028364674,45.629595399798816],[-122.79022640504155,45.629387488473029],[-122.79027960956088,45.629211740390836],[-122.79034261200501,45.629021295810119],[-122.79035554145689,45.628982800123843],[-122.79042638170191,45.628771842288501],[-122.79045399232047,45.6286852190334],[-122.79048364211472,45.628592191795292],[-122.79052491790542,45.628439576559707],[-122.79053297669182,45.6284097829285],[-122.79057153777372,45.628251253305514],[-122.79061163677136,45.628078398936047],[-122.79063147696272,45.627992840044328],[-122.79065561828769,45.627889430557474],[-122.79068814897906,45.62775009999541],[-122.79070287416322,45.627690990050539],[-122.79073188166203,45.627574490010936],[-122.7907741321248,45.627384755400286],[-122.79080468113264,45.627247056937541],[-122.79086123187642,45.627049921472313],[-122.79089460698417,45.626929121842885],[-122.79093117111118,45.626796799807494],[-122.79099799049696,45.626563624265017],[-122.79106223081953,45.62631490048139],[-122.79109331791827,45.626188628058109],[-122.79113109477092,45.626035217854074],[-122.79123607728494,45.625778823557845],[-122.79132817616113,45.625542065999348],[-122.79139227904146,45.625386239723284],[-122.7914486043081,45.625194803353502],[-122.79145456732495,45.625172995393619],[-122.7915017890645,45.625000331311455],[-122.7915742875995,45.624762415130178],[-122.79157992183296,45.624743750720285],[-122.79161393743949,45.62463095872404],[-122.79166170176147,45.624361633115697],[-122.79168404735417,45.624237208992177],[-122.79168858474468,45.624213012064764],[-122.79172425325135,45.624022745886116],[-122.79173848076883,45.623939638518337],[-122.79175127188014,45.623890802107816],[-122.79178759975024,45.623752084204725],[-122.79181729356195,45.623645372962486],[-122.79186783367815,45.623463776038754],[-122.79191816269025,45.623272533518097],[-122.79192239016199,45.623248918569317],[-122.79194415723964,45.6231273505554],[-122.79199989860133,45.622765104582548],[-122.79202592549005,45.622577252939642],[-122.79203318477587,45.622524881346735],[-122.79203798177947,45.622498203913629],[-122.79219277677431,45.622120266593249],[-122.79230816537255,45.621831248253784],[-122.79243265570126,45.621477066646399],[-122.79254429922308,45.621153245758855],[-122.79254258164426,45.621004847410603],[-122.79254179292344,45.620840412331169],[-122.79253581733016,45.620740901358189],[-122.79252891377719,45.6206184275703],[-122.79252077593904,45.620513981626146],[-122.79249418670496,45.620339942317663],[-122.79246477676085,45.620144697598519],[-122.7924582954161,45.620129398043964],[-122.79241025890458,45.620005168723097],[-122.79238198443103,45.619934402653065],[-122.79232035820591,45.619781501218398],[-122.7923496280128,45.619762701951338],[-122.79293613357022,45.619618128145376],[-122.79358361587082,45.61957933007276],[-122.79441403379082,45.619471719330306],[-122.79503449476768,45.619441687833294],[-122.79510393004755,45.619444030137338],[-122.80157247832125,45.619661960743045],[-122.80170653391112,45.619666472550712],[-122.80172955952845,45.61966725415332],[-122.80172898909827,45.619651143963935],[-122.80172927476254,45.619624700147014],[-122.80174002939312,45.618621136517568],[-122.80174038782089,45.618579262177185],[-122.80173905741596,45.618332647400941],[-122.80173892266868,45.618307220829536],[-122.80173814562596,45.618057817647284],[-122.80173020990874,45.615493029794997],[-122.80172589080885,45.614289329612362],[-122.80172567251823,45.614231197024743],[-122.80177910071806,45.614242060091257],[-122.80184076467241,45.614254518558099],[-122.80201540884175,45.614289795225794],[-122.80215918420301,45.614382661461072],[-122.80225700175428,45.614510563410953],[-122.80235095744816,45.614633401790165],[-122.80242735916306,45.614733313809786],[-122.80244083748559,45.614750930317619],[-122.80246028421485,45.614720025394519],[-122.80252019196284,45.614624813442553],[-122.80268677375253,45.614570522337104],[-122.80271537341619,45.61454485339975],[-122.80285769260837,45.614417124954478],[-122.80290176754946,45.614303208786254],[-122.80284367709329,45.614265691400803],[-122.80257903790215,45.614467501549484],[-122.80243526254095,45.614374645508441],[-122.80247651767037,45.614343177997924],[-122.80269990173207,45.614172835025606],[-122.80255612637085,45.614079978496669],[-122.80267732347571,45.613971630814014],[-122.80269780865744,45.613980492598969],[-122.80272551898902,45.613985924156815],[-122.8027601831792,45.613985098489657],[-122.80278203110521,45.613979766212921],[-122.80280075109745,45.613971227405727],[-122.80282053469496,45.613955190983262],[-122.80283721191822,45.613932901724468],[-122.80284963921184,45.613916441146429],[-122.80286415239355,45.613903004244015],[-122.80289058621909,45.613886231360944],[-122.80292829569809,45.613872269768322],[-122.80296196635159,45.613866340536084],[-122.8029914831952,45.61386562420234],[-122.80302419444793,45.613869501829875],[-122.80310453347876,45.613885569066625],[-122.80312813491622,45.613890317603413],[-122.80318435148669,45.613901633156999],[-122.80324632446151,45.613914111178708],[-122.80335544820896,45.61393607872354],[-122.80346318765257,45.613957767895464],[-122.80355499547461,45.613976247387527],[-122.80361276523222,45.613987882759801],[-122.80374107340087,45.614017639442089],[-122.80396658467318,45.614059105612668],[-122.80382079439076,45.61396342880753],[-122.80375265088824,45.613920945247642],[-122.80358126490846,45.613810243407912],[-122.80333821582688,45.6136532754592],[-122.80341343535886,45.613590396792262],[-122.80347675580663,45.613547361243988],[-122.8038143651483,45.613289897534031],[-122.80384597955808,45.613310319535266],[-122.80395815398424,45.613382761026472],[-122.80409631936649,45.613472001199156],[-122.80424570650331,45.613568479381335],[-122.8043843731455,45.613658033441112],[-122.80449948685929,45.613732386596162],[-122.80453326171731,45.613754196492764],[-122.80413631056632,45.614056910120119],[-122.80416943234917,45.614078305800923],[-122.80429734705572,45.614160920071676],[-122.80436492641624,45.614204567170887],[-122.80428689964897,45.61426599175617],[-122.80402226405111,45.614467803788827],[-122.80416604031066,45.614560659047292],[-122.80422238174694,45.614597047081908],[-122.8044895550855,45.614396878039521],[-122.80456901466563,45.614336383567],[-122.80458489598155,45.614346640876455],[-122.80472867134277,45.614439498220605],[-122.80489813672449,45.614548942107646],[-122.80506760210621,45.614658395834802],[-122.80523989897772,45.614769669686439],[-122.80536247499653,45.614848840198675],[-122.80539863488166,45.614872195406178],[-122.80532209392788,45.61493457058355],[-122.80472832010149,45.615382099827258],[-122.80487566985923,45.615477204303183],[-122.80529680814927,45.615757013118284],[-122.80523560682727,45.615810538383883],[-122.80497094338163,45.6160123461149],[-122.8051115656562,45.616103156717898],[-122.80526621871721,45.616203047268847],[-122.80540228473667,45.616290923863453],[-122.80553093965504,45.616373808828648],[-122.80556034151427,45.616392789563967],[-122.80582491692503,45.616191018388932],[-122.80589909171634,45.616136674134459],[-122.80607007794583,45.616246696548693],[-122.80618412086778,45.616320079891686],[-122.8062448011669,45.616275818041466],[-122.80650938645913,45.616074035763802],[-122.80677399420921,45.615872234538209],[-122.80684895861968,45.615808962504289],[-122.80699714201398,45.615904560759965],[-122.80714091647688,45.615997412382775],[-122.80750859422776,45.61623486497578],[-122.80743539231186,45.616299358013684],[-122.80730308214862,45.616400263603701],[-122.80717077198537,45.61650116964055],[-122.8070384618221,45.616602075495777],[-122.80690613728582,45.616702981169418],[-122.80677382622424,45.616803886661486],[-122.80727396236037,45.617126875002995],[-122.80729551833393,45.617119776799271],[-122.80744708298698,45.61705256530481],[-122.80754186872417,45.61701107558622],[-122.80761994310214,45.616976905859467],[-122.80779485946101,45.616899472539473],[-122.80783691588768,45.616880468099161],[-122.80798382726755,45.616839823356592],[-122.80818485226183,45.616783636209973],[-122.80838353444986,45.616728512771182],[-122.80845934686995,45.616707476878581],[-122.80876587719771,45.61660221058721],[-122.80882805858165,45.61650856952253],[-122.80894699732193,45.616336744601504],[-122.80928813255107,45.616225795567637],[-122.80961298132411,45.616092029481621],[-122.80984549406573,45.615824648410751],[-122.80992113041603,45.615736713906351],[-122.8099980872898,45.615552128724453],[-122.81002894621642,45.615478109119806],[-122.81008139974418,45.615352292972894],[-122.81011555548791,45.615214394044777],[-122.81017368277499,45.614979488861955],[-122.8100917797773,45.614912702080979],[-122.80992905176021,45.614780024311329],[-122.80986939913377,45.614707137865643],[-122.80997359831683,45.614529791720649],[-122.81005952397038,45.614384021854249],[-122.81019541930993,45.614176847100801],[-122.8102730229707,45.614058555168626],[-122.81047334997399,45.61384172441312],[-122.81056072730506,45.61374800899037],[-122.81060873956204,45.613694582922861],[-122.81071489347917,45.613495431127411],[-122.81079517950937,45.613344822646582],[-122.81081761403529,45.613319041298439],[-122.81112617096234,45.613320964736111],[-122.8114821706145,45.61332347004339],[-122.81426023219018,45.613322771297064],[-122.81580349383084,45.613322351546572],[-122.81584733700662,45.613322239068488],[-122.81584712230928,45.613209456141334],[-122.81584347514921,45.611375245961725],[-122.81584015677255,45.609702285623868],[-122.81600884241661,45.606127924471927],[-122.81604720227585,45.603765982580327],[-122.82629770640473,45.603801859126158],[-122.82629572292458,45.603915564716914],[-122.82628704519892,45.604397309022879],[-122.82628593757619,45.604477825272603],[-122.82628468442637,45.604569020949086],[-122.82628214848231,45.604754608230337],[-122.82627961792815,45.604869679427139],[-122.8262774152591,45.6049706451753],[-122.82626674057856,45.605632710894916],[-122.82626635699793,45.60565587134861],[-122.82625856860443,45.606138047537563],[-122.8262580727344,45.606168465114088],[-122.8274304406555,45.606173227501735],[-122.8275939807496,45.606173893657783],[-122.82797221639998,45.606175478606417],[-122.82821098141598,45.606176472184437],[-122.82899628863737,45.606179520162392],[-122.82951049508577,45.606181633636496],[-122.82977486298566,45.606182717711043],[-122.8304527092412,45.606185338971791],[-122.83055630026482,45.606185748092066],[-122.83133704045127,45.6061888098954],[-122.83147947822107,45.606189349104582],[-122.83181294632924,45.6061907027836],[-122.83250969134168,45.606193505665686],[-122.83265585622158,45.6061940894947],[-122.83287719931099,45.606195233271684],[-122.83287168275679,45.607153082981078],[-122.83286615182961,45.608109483520295],[-122.83318906293657,45.608110377144087],[-122.83369101995778,45.608111774766606],[-122.83376724919616,45.608111957638982],[-122.8339642820773,45.608112462266199],[-122.83427746173481,45.608113266653248],[-122.8343948167452,45.608113622343126],[-122.83471925139492,45.608114593263416],[-122.834721220502,45.608209900476993],[-122.83473103729143,45.608827729363405],[-122.83473306748397,45.608914996637694],[-122.83473358581189,45.608937157179774],[-122.83474374396114,45.609516076245029],[-122.83653975469183,45.609536431751984],[-122.83652557478507,45.608647539243755],[-122.83651092146616,45.607765528425574],[-122.83650645594088,45.607467663777527],[-122.8364997455257,45.607067732218674],[-122.83649736768515,45.60694440153901],[-122.83649460267071,45.60680054253109],[-122.83649319321403,45.606704938811511],[-122.83648587643604,45.606209384053109],[-122.83648927296615,45.606031804276419],[-122.83649578126035,45.605691213756415],[-122.83650140381572,45.605333029988586],[-122.83650187453291,45.605305950332429],[-122.83651233541441,45.604764945850341],[-122.83652100595354,45.604216361189934],[-122.83652317897821,45.604078809450307],[-122.8365296728994,45.603667870464413],[-122.83653591169903,45.603345491538121],[-122.83654029727428,45.603119416484716],[-122.83654368751614,45.602896876381656],[-122.83654662500713,45.602704123220093],[-122.83654896152517,45.602571001766051],[-122.83655280451796,45.60237221333638],[-122.83655957512023,45.60202246227233],[-122.83656673738801,45.601569403721278],[-122.83657258003063,45.601199754849603],[-122.83658451414918,45.60054075423465],[-122.83658582299452,45.600469653745272],[-122.83658752889527,45.600377093814735],[-122.83660248943802,45.599554020348329],[-122.8366123331769,45.599081968476021],[-122.83913496059817,45.599085684965267],[-122.84171708793235,45.59908930528939],[-122.84509669016838,45.599100840671269],[-122.84681310567333,45.599106531995155],[-122.84857564607485,45.599106261099472],[-122.84876515376887,45.599106326466398],[-122.85187396964228,45.599102922357133],[-122.85190988428737,45.597039643414554],[-122.85428037303214,45.596992538493275],[-122.85449691821958,45.596983642596648],[-122.85467255772224,45.596977824718472],[-122.85478840266462,45.596943901749981],[-122.85521660171281,45.596789540356198],[-122.85599714516823,45.596492204501892],[-122.85634064835648,45.596332740478154],[-122.85716063144613,45.595915628827939],[-122.8571634440713,45.595476808967518],[-122.85719152810202,45.594227658869698],[-122.85724265391978,45.591952968520999],[-122.85724331328322,45.591923797940225],[-122.8548053386027,45.59190271062765],[-122.85254754081537,45.591886880365664],[-122.84857118324449,45.591849750925427],[-122.84789677663821,45.591844414658588],[-122.84686172608977,45.591836206273477],[-122.84686214111142,45.59178707411656],[-122.84686208900912,45.591759790538575],[-122.84685919463726,45.590050056891208],[-122.84685854605364,45.590011452098089],[-122.8468573494977,45.588408121192771],[-122.84685706293511,45.58823357991669],[-122.84685645297903,45.587877450410758],[-122.84685340858854,45.586640866721901],[-122.8468557981072,45.586358437584622],[-122.84685101727327,45.584671892097226],[-122.84691947698275,45.581123767593446],[-122.8469215790405,45.581019041249078],[-122.84692226715001,45.580984882919758],[-122.84699114816937,45.577563325726182],[-122.84699198899246,45.577521364145277],[-122.84680184618954,45.577520563092278],[-122.84699212373977,45.5775213496836],[-122.84735558479868,45.577520416588868],[-122.84801992937545,45.577518718280935],[-122.84807110370227,45.577518556687053],[-122.84855998304954,45.577517356993745],[-122.84861200897922,45.577517175279212],[-122.84904068952437,45.577516100711129],[-122.84915317117438,45.577515837885237],[-122.8518053742872,45.577509005669036],[-122.85279779797881,45.577506432741473],[-122.85300146402002,45.577505903945735],[-122.85530020342472,45.577499909250314],[-122.85730573900892,45.577494641412748],[-122.85732771898729,45.576639104209058],[-122.85734785472438,45.575855261706657],[-122.85735001607098,45.575771119657119],[-122.85735454627493,45.575594742632489],[-122.85739795915767,45.573923807216325],[-122.85737735988988,45.570273510135621],[-122.86235263058197,45.570273359840172],[-122.86235751921375,45.569415107879159],[-122.86744727569719,45.569449192752572],[-122.86768134072761,45.569439756072484],[-122.86769700195629,45.566680006850788],[-122.86771054405919,45.564380780585971],[-122.86771224995992,45.564085100697049],[-122.86758917088453,45.564080253606825],[-122.86758839114685,45.564080262411714],[-122.8675932186932,45.562935363205057],[-122.86759236978527,45.562722249369102],[-122.86759542046399,45.562506871176403],[-122.86759832381897,45.562322279418112],[-122.86759992821005,45.56232195236921],[-122.86759991743027,45.562302030684783],[-122.86759990665051,45.562254491573675],[-122.86759983298866,45.561994450930392],[-122.86771774046295,45.561992797436915],[-122.8687423750457,45.561917167512497],[-122.86929770546948,45.561798331424121],[-122.8724987846108,45.561147487977735],[-122.87249966495979,45.561113064092424],[-122.8725595286903,45.558781996208126],[-122.87256087616323,45.558729639273736],[-122.87296154454289,45.558789030718103],[-122.87298422610552,45.558792397017626],[-122.87383419136607,45.558918379626085],[-122.87470540986797,45.559047509352304],[-122.87516401329525,45.559115460826064],[-122.87531724432316,45.559137900801801],[-122.87587685521929,45.55921986950321],[-122.87617948506208,45.559264197122786],[-122.87723022199204,45.55941808934427],[-122.87838821686859,45.559587676484099],[-122.88038408658032,45.559877947021555],[-122.88246863348535,45.56018107712022],[-122.88259468418771,45.560201612796568],[-122.88263564017812,45.560208316922783],[-122.88272735816864,45.560223330917182],[-122.88299128858901,45.560266535674721],[-122.88317377325416,45.560324238617028],[-122.8832334627115,45.560343111893545],[-122.883264477945,45.560352920560618],[-122.88340583863476,45.560398668110885],[-122.88356227305495,45.560482021831625],[-122.8838405262142,45.56063029599968],[-122.88392562631601,45.560675639532612],[-122.88404141376623,45.560737333421997],[-122.8853567054457,45.561482271930039],[-122.88624877115038,45.561987476571375],[-122.8868791288667,45.562344469052881],[-122.88730274920188,45.562584366363851],[-122.88747904896626,45.562684203147633],[-122.8875293438424,45.562712685771665],[-122.88775595195767,45.562841014320441],[-122.88809886674936,45.563035205654401],[-122.88819460739572,45.56308899442763],[-122.8913615002506,45.564868021346527],[-122.89168401969212,45.565036555593061],[-122.8916834025495,45.565037443613747],[-122.89168226618069,45.565039060540784],[-122.89167768567103,45.565045628245315],[-122.89244320570164,45.565467332006655],[-122.89277448371719,45.565649816668802],[-122.89389367676334,45.566266301688813],[-122.89391330585063,45.566277118699787],[-122.89391516895653,45.56627814254233],[-122.89391528753416,45.566278211720885],[-122.89392686412323,45.56628454973351],[-122.8938217917777,45.566400798493831],[-122.8939658474133,45.566475984672401],[-122.89413012502423,45.566561722313644],[-122.89403877264803,45.566691713034338],[-122.89401300447413,45.566715500213206],[-122.89375754157361,45.567103635314027],[-122.89375622554174,45.567105630771394],[-122.89375491220478,45.567107625599839],[-122.89375359617291,45.567109621057064],[-122.89375228103933,45.567111616514218],[-122.89375096680408,45.5671136113424],[-122.89374965167049,45.56711560617056],[-122.8937483365369,45.567117600998614],[-122.89374702230164,45.567119596455477],[-122.89374570716805,45.567121591912276],[-122.89374439113618,45.567123586740117],[-122.89374307600259,45.567125580939013],[-122.89374176176734,45.567127576395606],[-122.89374044663376,45.567129571852128],[-122.8937391315002,45.56713156667967],[-122.8937378154683,45.567133562136092],[-122.89373650033474,45.567135556334598],[-122.89373518609946,45.567137551790836],[-122.89373387096589,45.567139547246995],[-122.89373255583233,45.567141542074239],[-122.89373123980042,45.567143536272461],[-122.89372992466686,45.567145531728414],[-122.89372860953327,45.567147527184289],[-122.8937272943997,45.567149521382348],[-122.89372597836781,45.567151516838088],[-122.89372466323422,45.567153511664856],[-122.89372334810066,45.567155506491602],[-122.89372203206877,45.567157501318228],[-122.89372071693518,45.567159496773684],[-122.89371940180162,45.567161490971316],[-122.89371808487141,45.56716348642663],[-122.89371676973782,45.567165480624077],[-122.89371545460426,45.567167476079248],[-122.89371413857236,45.567169470276596],[-122.89371282254045,45.567171465731626],[-122.89371150650858,45.567173459928838],[-122.89371019047668,45.567175455383719],[-122.8937088744448,45.567177449580747],[-122.89370755931121,45.567179445035485],[-122.893706242381,45.567181439232421],[-122.89370492634912,45.567183434687017],[-122.89370361031722,45.567185428883754],[-122.89370229428535,45.567187423080476],[-122.89370097735512,45.567189418534866],[-122.89369966042494,45.567191412731432],[-122.89369834529136,45.567193406927892],[-122.89369702836116,45.567195401753217],[-122.89369571143094,45.567197395949528],[-122.89369439539907,45.56719939140357],[-122.8936930775705,45.567201385599795],[-122.89369176064031,45.567203379795892],[-122.8936904437101,45.567205373991968],[-122.8936891267799,45.567207368816824],[-122.89368781074801,45.567209363012765],[-122.89368649202117,45.567211357208585],[-122.89368517598928,45.567213352033271],[-122.89368385816077,45.567215346228942],[-122.89368254123056,45.567217340424598],[-122.89368122340203,45.567219334620134],[-122.89367990467522,45.56722132818674],[-122.89367858684666,45.567223323011042],[-122.89367726901816,45.567225317206407],[-122.89367595208795,45.567227311401659],[-122.89367463336112,45.567229304967995],[-122.89367331553261,45.567231299792049],[-122.89367199680576,45.567233292729334],[-122.89367067897723,45.567235287553203],[-122.89366936114872,45.567237281119255],[-122.89366804152355,45.56723927531408],[-122.89366672369505,45.567241268879982],[-122.8936654049682,45.567243263074673],[-122.89366408534303,45.567245256640447],[-122.89366276751453,45.567247250206137],[-122.89366144788939,45.567249244400664],[-122.89366012916254,45.567251237966161],[-122.89365880953737,45.567253231531645],[-122.89365748991223,45.567255225097057],[-122.89365617118541,45.567257218662405],[-122.89365485066193,45.567259212227626],[-122.89365353103676,45.567261205792825],[-122.89365221051328,45.567263199357953],[-122.89365089088817,45.56726519292301],[-122.89364957036469,45.567267186488003],[-122.89364824984123,45.567269180052868],[-122.89364693111438,45.567271172359973],[-122.89364561059092,45.567273165924703],[-122.89364428827082,45.567275159489398],[-122.89364296774735,45.567277152425142],[-122.89364164722387,45.567279145989701],[-122.89364032670039,45.56728113892531],[-122.8936390043803,45.567283132489727],[-122.89363768295854,45.567285124796285],[-122.89363636243506,45.567287117731674],[-122.89363504011497,45.567289111295878],[-122.89363371869318,45.56729110360223],[-122.89363239637309,45.567293096537405],[-122.89363107495129,45.567295088843608],[-122.89362975173289,45.567297081778648],[-122.8936284294128,45.567299074713603],[-122.89362710799101,45.567301067019599],[-122.8936257847726,45.567303059954412],[-122.8936244615542,45.567305052889168],[-122.89362313833577,45.5673070445661],[-122.89362181511734,45.567309036871812],[-122.89362049189894,45.567311029806348],[-122.89361916868052,45.567313021483066],[-122.89361784366548,45.567315014417467],[-122.89361652044707,45.567317006094001],[-122.89361519633033,45.567318997770471],[-122.89361387311193,45.567320990704651],[-122.89361254899518,45.567322982381029],[-122.89361122398014,45.567324974057271],[-122.8936098980668,45.567326966362394],[-122.89360857395005,45.567328958038509],[-122.89360724983334,45.567330949714602],[-122.89360592391998,45.567332942019455],[-122.8936045980066,45.567334933695356],[-122.89360327299157,45.567336925371237],[-122.89360194797653,45.567338916418095],[-122.89360062026653,45.567340908093833],[-122.89359929435318,45.567342899140598],[-122.89359796933815,45.567344890816152],[-122.89359664162814,45.567346881862775],[-122.89359531481647,45.567348872909285],[-122.89359398890312,45.567350864584668],[-122.89359266209144,45.567352855631036],[-122.89359133348313,45.567354846677382],[-122.89359000667145,45.567356837723651],[-122.89358867896148,45.567358828769862],[-122.89358735125147,45.567360819815946],[-122.89358602264318,45.567362810233114],[-122.89358469403486,45.567364801279112],[-122.89358336542658,45.567366791696131],[-122.89358203771657,45.567368782113093],[-122.89358070910825,45.567370773158821],[-122.89357937960166,45.567372762946746],[-122.89357804919671,45.567374753363495],[-122.89357671969006,45.56737674440906],[-122.89357539018347,45.567378734825667],[-122.89357406067684,45.567380724613308],[-122.89357273117022,45.567382715029773],[-122.89357139986699,45.567384704188377],[-122.89357006856373,45.567386693975848],[-122.89356873815881,45.56738868439205],[-122.89356740685554,45.567390674808237],[-122.89356607555229,45.567392663966601],[-122.89356474514736,45.567394653124857],[-122.89356341294577,45.567396643540832],[-122.8935620807442,45.567398632698939],[-122.89356074764433,45.567400621857026],[-122.89355941544277,45.567402611014998],[-122.8935580832412,45.567404600801787],[-122.89355675014133,45.567406589959667],[-122.89355541793977,45.567408579117433],[-122.89355408394155,45.567410568275115],[-122.89355274994335,45.567412556803887],[-122.89355141684348,45.567414545961434],[-122.89355008194697,45.567416534490064],[-122.89354874794877,45.567418523018574],[-122.89354741305226,45.567420512175964],[-122.89354607815577,45.567422500704332],[-122.89354474325923,45.567424489232678],[-122.89354340746442,45.567426477760961],[-122.8935420725679,45.567428466289122],[-122.89354073677306,45.567430453559474],[-122.89353940007993,45.567432442087544],[-122.8935380642851,45.567434429986648],[-122.89353672669364,45.567436418514518],[-122.89353539000048,45.567438405784593],[-122.89353405240904,45.567440393683484],[-122.89353271571591,45.567442382211205],[-122.89353137812445,45.567444369481059],[-122.89353003873633,45.567446356121955],[-122.8935287011449,45.567448344020562],[-122.89352736265513,45.56745033129021],[-122.89352602416535,45.567452319188675],[-122.89352468477726,45.567454305829294],[-122.89352334538918,45.567456292469835],[-122.89352200600109,45.567458280368101],[-122.893520666613,45.567460267008506],[-122.8935193263266,45.56746225364887],[-122.89351798604019,45.567464240289141],[-122.89351664485545,45.567466227558228],[-122.89351530367075,45.567468212940604],[-122.89351396158771,45.567470200209549],[-122.893512620403,45.567472185591789],[-122.89351127921827,45.567474172860592],[-122.89350993623692,45.567476158242648],[-122.89350859325558,45.56747814425357],[-122.89350725117254,45.567480130264371],[-122.89350590819119,45.567482116275166],[-122.89350456520984,45.567484102285825],[-122.89350322133016,45.567486088296469],[-122.8935018774505,45.567488073049255],[-122.89350053357086,45.567490059059715],[-122.89349918789456,45.567492043812358],[-122.89349784401489,45.567494029193831],[-122.8934964992369,45.567496013946332],[-122.89349515266228,45.567497999327664],[-122.89349380698599,45.56749998408003],[-122.89349246041139,45.567501969461162],[-122.89349111563341,45.567503953584506],[-122.8934897690588,45.567505938965553],[-122.89348842068755,45.567507923088741],[-122.89348707411294,45.567509907211914],[-122.89348572664001,45.567511891334959],[-122.89348437826878,45.567513875457941],[-122.89348302899923,45.567515859580858],[-122.8934816815263,45.567517843703698],[-122.89348033225673,45.56751982845536],[-122.89347898298716,45.567521811320326],[-122.89347763371762,45.567523794814058],[-122.89347628354975,45.56752577893667],[-122.89347493248356,45.567527762430274],[-122.89347358231571,45.5675297459238],[-122.89347223214783,45.567531728159523],[-122.89347088018332,45.567533711652956],[-122.8934695282188,45.567535695146276],[-122.89346817625432,45.567537677381786],[-122.8934668242898,45.567539660246119],[-122.89346547142701,45.567541642481444],[-122.89346411856418,45.567543625345643],[-122.89346276570136,45.567545607580868],[-122.89346141194021,45.567547590444924],[-122.89346005817909,45.567549572051121],[-122.89345870351963,45.56755155428614],[-122.89345734886018,45.567553535892202],[-122.89345599330242,45.567555517498192],[-122.89345463774468,45.567557499733006],[-122.89345328218691,45.567559481338847],[-122.89345192662913,45.567561462944624],[-122.89345056927475,45.567563444550345],[-122.89344921192034,45.567565425527093],[-122.89344785546427,45.567567405874911],[-122.89344649810988,45.567569388109312],[-122.89344513985715,45.56757136845696],[-122.89344378160446,45.567573348804579],[-122.89344242335173,45.567575329152085],[-122.8934410633024,45.567577310128456],[-122.89343970415139,45.567579290475827],[-122.89343834410204,45.567581270194275],[-122.89343698495101,45.567583251170397],[-122.89343562400336,45.567585230888703],[-122.8934342630557,45.567587209978058],[-122.89343290210802,45.56758919032508],[-122.89343154026206,45.56759117004318],[-122.89343017751779,45.567593149132314],[-122.89342881567183,45.567595128221384],[-122.89342745382584,45.567597107310384],[-122.89342609018325,45.567599086399319],[-122.89342472654066,45.567601065488184],[-122.89342336199972,45.56760304457697],[-122.89342199835714,45.567605023036855],[-122.89342063291788,45.567607001496619],[-122.89341926837697,45.56760897932741],[-122.89341790203945,45.567610957787032],[-122.8934165366002,45.56761293624664],[-122.89341517026266,45.567614914706112],[-122.89341380302677,45.567616891907797],[-122.89341243668923,45.567618870367141],[-122.89341106945338,45.567620847568634],[-122.89340970042089,45.567622824770091],[-122.89340833228673,45.567624802600385],[-122.89340696325421,45.567626779172819],[-122.89340559422172,45.567628756374027],[-122.89340422429092,45.567630732946334],[-122.89340285436009,45.567632709518556],[-122.89340148442929,45.567634687348452],[-122.89340011360018,45.567636662662807],[-122.89339874187274,45.567638639234829],[-122.89339737104359,45.567640615806781],[-122.89339599931616,45.56764259174976],[-122.89339462669041,45.567644567692682],[-122.89339325316635,45.567646543006639],[-122.89339188054059,45.567648518949419],[-122.89339050611821,45.567650494892177],[-122.89338913259415,45.567652469577041],[-122.89338775727343,45.567654444261876],[-122.89338638195275,45.567656420204379],[-122.89338500663203,45.56765839488903],[-122.89338363041304,45.567660368944772],[-122.89338225509232,45.56766234362933],[-122.89338087707668,45.56766431768493],[-122.89337950085766,45.56766629299819],[-122.89337812284204,45.567668267053648],[-122.8933767448264,45.567670241109049],[-122.89337536591241,45.567672213906576],[-122.89337398699847,45.567674187961828],[-122.89337260808449,45.567676161388121],[-122.89337122737392,45.567678134185456],[-122.8933698466633,45.567680107611608],[-122.89336846685103,45.567682081037688],[-122.89336708524215,45.56768405383486],[-122.8933657027349,45.567686026631918],[-122.89336432112599,45.567687999428898],[-122.89336293861878,45.567689972225814],[-122.89336155521325,45.567691944393822],[-122.89336017270602,45.567693915932857],[-122.89335878840217,45.56769588810068],[-122.89335740409831,45.56769785963958],[-122.89335601979445,45.567699831178416],[-122.89335463369396,45.567701802717131],[-122.89335324849182,45.567703774255833],[-122.89335186149302,45.567705745794456],[-122.89335047449421,45.567707716075233],[-122.89334908749541,45.567709686984834],[-122.89334769959831,45.567711657265477],[-122.89334631080285,45.567713628174928],[-122.89334492290575,45.567715598455436],[-122.893343533212,45.567717568735866],[-122.89334214351825,45.567719538387387],[-122.8933407538245,45.56772150803878],[-122.89333936323246,45.567723477690159],[-122.8933379726404,45.567725447970318],[-122.89333658025171,45.56772741636378],[-122.89333518876133,45.567729385386016],[-122.89333379637263,45.567731354408231],[-122.89333240308562,45.567733323430375],[-122.89333100979863,45.567735292452404],[-122.8933296156133,45.567737260216624],[-122.89332822142799,45.567739228609675],[-122.89332682634435,45.56774119637376],[-122.89332543036241,45.567743164766675],[-122.89332403438044,45.567745132530625],[-122.89332263839852,45.567747100294504],[-122.89332124151824,45.567749067429475],[-122.89331984373963,45.567751034564338],[-122.89331844685938,45.567753001699117],[-122.89331704818248,45.567754968833881],[-122.89331564770896,45.567756935339638],[-122.89331424903204,45.567758901845373],[-122.89331284945685,45.567760868350994],[-122.89331144808499,45.567762834227693],[-122.89331004671315,45.567764800104342],[-122.89330864534132,45.567766766609751],[-122.89330724307115,45.567768731857363],[-122.89330584080101,45.567770697733792],[-122.89330443853086,45.567772662352375],[-122.89330303446405,45.567774627599775],[-122.89330163039725,45.567776592218223],[-122.89330022543216,45.56777855683665],[-122.89329882046705,45.567780522083851],[-122.89329741550193,45.567782485444319],[-122.89329600874021,45.567784450062533],[-122.89329460108016,45.567786414051746],[-122.89329319431843,45.567788378040937],[-122.89329178665837,45.567790340772234],[-122.89329037810001,45.567792304761291],[-122.89328896864333,45.567794268121375],[-122.89328756008497,45.567796230852466],[-122.89328614972999,45.567798193583549],[-122.89328473937496,45.567800156943434],[-122.89328332722337,45.567802119045474],[-122.89328191597004,45.567804081147443],[-122.89328050381842,45.567806043249348],[-122.89327909076847,45.567808005351239],[-122.89327767861685,45.567809966824115],[-122.89327626377029,45.567811927668082],[-122.89327484982201,45.567813889140822],[-122.89327343587375,45.567815850613499],[-122.89327202012886,45.567817810828373],[-122.89327060348566,45.567819772300908],[-122.89326918774077,45.56782173251564],[-122.89326776930095,45.567823693359195],[-122.89326635265775,45.567825652944911],[-122.89326493421791,45.567827613159437],[-122.89326351487976,45.567829572745019],[-122.8932620955416,45.567831531701636],[-122.89326067620345,45.567833491287068],[-122.89325925506867,45.56783545087243],[-122.89325783483224,45.56783740920001],[-122.89325641279912,45.567839368156349],[-122.89325499076602,45.567841325854893],[-122.89325356693629,45.567843284811097],[-122.89325214400488,45.567845242509506],[-122.89325072017517,45.567847200207794],[-122.89324929544713,45.567849158534955],[-122.89324787071908,45.567851115604263],[-122.89324644509273,45.567853072673508],[-122.89324501946636,45.567855029742681],[-122.89324359204338,45.56785698681179],[-122.8932421646204,45.567858942623054],[-122.89324073629912,45.567860899692029],[-122.89323930797779,45.567862856132045],[-122.89323787875816,45.567864811314266],[-122.89323644953856,45.56786676775414],[-122.89323501762399,45.567868722936218],[-122.89323358660774,45.567870678118176],[-122.89323215559151,45.567872633300126],[-122.89323072367694,45.567874587853119],[-122.89322929086404,45.567876542406033],[-122.89322785715287,45.567878496958883],[-122.89322642344169,45.567880451511613],[-122.89322498973048,45.567882406064342],[-122.89322355422266,45.567884359359255],[-122.89322211781653,45.567886313282948],[-122.89322068141038,45.567888265948795],[-122.89321924500425,45.567890219243502],[-122.89321780769978,45.567892172538102],[-122.89321636859871,45.567894125203736],[-122.89321492949762,45.567896077869364],[-122.89321349039655,45.567898029906026],[-122.89321205039712,45.567899981942574],[-122.89321061039773,45.567901933350221],[-122.89320916860171,45.56790388475779],[-122.89320772680567,45.567905836794182],[-122.89320628411133,45.567907787572729],[-122.89320484141697,45.567909738980099],[-122.89320339692598,45.567911689129666],[-122.89320195333333,45.567913639279126],[-122.89320050704572,45.567915589428566],[-122.89319906165645,45.567917539577884],[-122.89319761626713,45.567919489727188],[-122.89319616997953,45.567921439247485],[-122.8931947218953,45.56792338876776],[-122.89319327381106,45.567925337030196],[-122.89319182393018,45.567927286550336],[-122.89319037494764,45.567929234812631],[-122.8931889250668,45.567931183703756],[-122.89318747428759,45.567933131337028],[-122.8931860226101,45.567935078970287],[-122.89318457093258,45.567937026603417],[-122.89318311835679,45.56793897423649],[-122.89318166578097,45.567940921240655],[-122.89318021051022,45.567942868873594],[-122.89317875613776,45.56794481461985],[-122.89317730176531,45.567946761623816],[-122.89317584559623,45.567948707369936],[-122.89317438852885,45.567950653115979],[-122.89317293146145,45.567952599490852],[-122.89317147439407,45.567954544607879],[-122.89317001553005,45.56795649035373],[-122.8931685557677,45.567958434841785],[-122.89316709600537,45.567960379958613],[-122.89316563534472,45.567962323817639],[-122.89316417378576,45.567964268305438],[-122.89316271312509,45.567966212793223],[-122.8931612506678,45.56796815602317],[-122.8931597864139,45.567970100510763],[-122.89315832305829,45.567972042482843],[-122.89315685880439,45.567973986341428],[-122.89315539275384,45.567975928942211],[-122.89315392760163,45.567977871542979],[-122.89315246155105,45.567979814143627],[-122.8931509937039,45.567981755486429],[-122.89314952675504,45.567983697458111],[-122.89314805711123,45.567985638800778],[-122.89314658836574,45.567987580772318],[-122.89314511872195,45.56798952148602],[-122.89314364817982,45.56799146219965],[-122.8931421767394,45.567993402284337],[-122.89314070350233,45.567995342997826],[-122.89313923206188,45.56799728308237],[-122.89313775792651,45.567999222537956],[-122.89313628379112,45.568001162622373],[-122.89313480965573,45.56800310144898],[-122.89313333462205,45.568005039646593],[-122.8931318577917,45.568006979101966],[-122.8931303809614,45.568008917299444],[-122.89312890413107,45.568010855496901],[-122.89312742460579,45.568012793065407],[-122.89312594687713,45.568014731262735],[-122.89312446645356,45.568016668831106],[-122.89312298692829,45.568018605141638],[-122.89312150470806,45.568020542709881],[-122.89312002428449,45.568022479020314],[-122.89311854116593,45.56802441470181],[-122.89311705804741,45.56802635164096],[-122.89311557492888,45.568028287322271],[-122.8931140900137,45.568030222374674],[-122.89311260420023,45.5680321580559],[-122.89311111838676,45.568034092479287],[-122.89310963077662,45.568036027531491],[-122.89310814406484,45.568037961954737],[-122.89310665555642,45.568039895749081],[-122.89310516704801,45.568041829543318],[-122.89310367764126,45.568043763966365],[-122.89310218733621,45.568045697131623],[-122.89310069613282,45.568047630296761],[-122.89309920403113,45.568049562204116],[-122.89309771192946,45.568051494740288],[-122.89309621803113,45.568053427276389],[-122.89309472413282,45.568055359183532],[-122.89309322933619,45.568057291090625],[-122.89309173453955,45.568059222368753],[-122.8930902379463,45.568061153017979],[-122.89308874225135,45.568063084295979],[-122.89308724475974,45.56806501494507],[-122.89308574547155,45.568066944965167],[-122.89308424618335,45.568068874356356],[-122.89308274599682,45.568070804376362],[-122.89308124581029,45.568072733767416],[-122.89307974472545,45.568074662529511],[-122.89307824184398,45.568076591920438],[-122.89307673896251,45.568078520682405],[-122.89307523608106,45.568080448815465],[-122.89307373140295,45.568082376948425],[-122.89307222672484,45.568084303823575],[-122.89307072025011,45.568086231327513],[-122.89306371698416,45.568096019776469],[-122.89294948182275,45.568237897696946],[-122.89296226664587,45.568237546785276],[-122.89520800275388,45.568238068750702],[-122.89563774151445,45.568237742993958],[-122.89524100326413,45.567174313326952],[-122.89721039423459,45.567175203829379],[-122.89730801235987,45.567175235902539],[-122.89740563228179,45.567175268604593],[-122.89876983453351,45.567175715742472],[-122.8987603429342,45.567484033108762],[-122.89873943374768,45.568163208172273],[-122.89872171088544,45.568738846407172],[-122.89870692641246,45.569219058927409],[-122.89870362869706,45.569326149789923],[-122.89869933744495,45.569554914778685],[-122.89869889367719,45.569698029750292],[-122.89870008394495,45.569881348366081],[-122.89871582063208,45.570266813498968],[-122.89872989184272,45.570473842270268],[-122.89874567883551,45.57070611154726],[-122.89837869458407,45.57054534800865],[-122.89852476244587,45.570380869393176],[-122.89850809600244,45.569954456551827],[-122.89850268634778,45.569650481805219],[-122.8973192996914,45.56964994916234],[-122.89731900773894,45.570081119704589],[-122.89731874273592,45.570323662252612],[-122.89749986735174,45.570403080370085],[-122.89773273762285,45.570505184721455],[-122.89796082167011,45.57060519042323],[-122.89852681060472,45.570853290953181],[-122.89877176860632,45.570960598795075],[-122.89917676147574,45.571138009726347],[-122.8991725447838,45.57101334301791],[-122.89917258161472,45.571013515949687],[-122.89994264801899,45.57135165130304],[-122.9003682689023,45.571531065731797],[-122.9023330039046,45.572416087867836],[-122.9027878020683,45.572620944930307],[-122.90355062805142,45.572921060243523],[-122.90388571402542,45.573023820278799],[-122.90415878031224,45.57307401395731],[-122.90477755784623,45.573155220948493],[-122.90586597371247,45.573301723617313],[-122.90651304548297,45.573404969659698],[-122.90716883630162,45.573575590480033],[-122.90865662068531,45.574052179323289],[-122.90867988166126,45.574059631336766],[-122.91027088426772,45.574568938365672],[-122.91188083414012,45.575071551628653],[-122.91199219738759,45.575106318458204],[-122.91202823510183,45.575049006720029],[-122.91211761298101,45.574622419929149],[-122.91220063977117,45.574226095640903],[-122.91232517501564,45.573631646094732],[-122.9125172887223,45.572714055584669],[-122.91251705785527,45.572715323922338],[-122.91251661229089,45.572717817837642],[-122.91417644111947,45.572708372274356],[-122.91422237916643,45.572708381706732],[-122.91442649256867,45.572708434527947],[-122.91442741963006,45.572708433899109],[-122.91410504661391,45.574367277709612],[-122.91388534384826,45.575499255516384],[-122.91340223348172,45.57544874709366],[-122.91312820240431,45.575382210040409],[-122.91294861300933,45.575347476078996],[-122.91261602704675,45.575239622021179],[-122.91252610928007,45.575210459732325],[-122.91203021049715,45.575049649351286],[-122.91202823510183,45.575049006720029],[-122.9119925674935,45.575106432270481],[-122.91200627398807,45.575110726954279],[-122.91201474420289,45.575113384879238],[-122.91201678427691,45.575114026252152],[-122.91212027468922,45.57514646902316],[-122.91217868494563,45.575164778948952],[-122.91245786696288,45.575252734293812],[-122.91276662601085,45.575347089999234],[-122.9131937596571,45.575468461644483],[-122.91325999873122,45.575482168072973],[-122.91354063062933,45.575540239578856],[-122.91364729029799,45.575553439812168],[-122.91389019834405,45.575583494807205],[-122.91442128772991,45.575613459868954],[-122.91452659543405,45.575618666261391],[-122.91542084404489,45.575653397539952],[-122.91719001760647,45.575727691655977],[-122.91724203185804,45.575729731451077],[-122.91892322531899,45.57579563112894],[-122.91892493301636,45.575795694007866],[-122.91892500128834,45.575795503484706],[-122.91895373300436,45.575712673002165],[-122.9189921961699,45.575606745634076],[-122.9195472274547,45.574311620863348],[-122.9196602498905,45.574047900907551],[-122.91988301411467,45.573527433980765],[-122.92022871009048,45.572719745182617],[-122.92023344600869,45.572719769706737],[-122.92024953663204,45.572719847680887],[-122.92061276862054,45.572721595182202],[-122.92106356209472,45.572723865864759],[-122.92117873240237,45.572724446269071],[-122.92142439108986,45.57272568253655],[-122.92169884527377,45.572727150211122],[-122.92177560182321,45.572727824310114],[-122.92202362038498,45.572729998782421],[-122.92230465023675,45.57273370381143],[-122.92230494757911,45.572733613260795],[-122.92243662622671,45.57273544313756],[-122.9225834962841,45.572737378656626],[-122.92274872341433,45.57273874509027],[-122.92297027760779,45.57273636436414],[-122.92293612545733,45.572821856641248],[-122.92285937878933,45.573004286598859],[-122.92309458917173,45.57304952519268],[-122.92322658941625,45.572749747615369],[-122.92323342379891,45.572733158621332],[-122.92331662396388,45.572531237956341],[-122.92340826200433,45.572311045960134],[-122.92350059264587,45.572084749668271],[-122.92350060612058,45.572084721370871],[-122.92356626757797,45.571934039450298],[-122.92364739443127,45.571752502734384],[-122.92372635185318,45.571575821308095],[-122.92380216337494,45.571406176029278],[-122.92387252841118,45.571248718421344],[-122.92390746658751,45.571170533399403],[-122.92395406579455,45.571066256978611],[-122.92404898627905,45.570853845594215],[-122.92410757889346,45.570722726293887],[-122.92413730773949,45.570656199362418],[-122.92420017633464,45.570667743732557],[-122.92423462403084,45.570588841015542],[-122.92435604481621,45.570310727422708],[-122.92460149150128,45.569748517561962],[-122.92461865830637,45.5697393959896],[-122.92468105977758,45.569684991014817],[-122.92474230242209,45.569662779125117],[-122.9247643740286,45.5696123516068],[-122.92495951775273,45.569442211772717],[-122.92545496198809,45.569106098670936],[-122.92601563918447,45.568879397681663],[-122.92655756315098,45.568625470759834],[-122.92730423742526,45.568272209679257],[-122.92773122644275,45.567980066952089],[-122.9281636978784,45.567633442164613],[-122.92852185348723,45.567330561064182],[-122.92889336794265,45.567066168749257],[-122.92908927523474,45.566806159811136],[-122.9291617926344,45.566720601147985],[-122.92934745014909,45.566859697191404],[-122.93183778942415,45.56873216782472],[-122.93185979096208,45.568688401708719],[-122.9318751557467,45.568657819804429],[-122.93190145662157,45.568605509805295],[-122.93273348342426,45.566959882957121],[-122.93273387329309,45.566959109424545],[-122.93157141199293,45.56652060403362],[-122.93015537515269,45.566020280161709],[-122.93011183740414,45.565827301604699],[-122.92984022369316,45.565767532083484],[-122.92967133053826,45.565745399144106],[-122.92918487035402,45.565738132182425],[-122.92854554116296,45.56572858167651],[-122.92803123949314,45.565720898379432],[-122.92751681655074,45.565713089300864],[-122.92721715653825,45.565707964376323],[-122.92688919420441,45.565701842012139],[-122.92650218201372,45.565689601684092],[-122.92614714086396,45.565729069704489],[-122.92613821250836,45.565731274635084],[-122.92614071790968,45.565677775171274],[-122.92614362845121,45.565615787348968],[-122.92615073053186,45.565464481180229],[-122.92615212741211,45.565464488098208],[-122.92616040898072,45.565464528977024],[-122.92616056438926,45.565459772568126],[-122.92616077010348,45.5654531967363],[-122.92616403188626,45.565453353333659],[-122.92617579622323,45.565453914945998],[-122.92618035517327,45.565454133804984],[-122.92618041895368,45.565445445479803],[-122.92641352368507,45.565441912918978],[-122.9264202071508,45.565344665212216],[-122.92647451480128,45.56527346353321],[-122.9264605109643,45.564502889750088],[-122.92645359573326,45.564121854168057],[-122.92644742790054,45.563782573416191],[-122.92644168766586,45.563466779171335],[-122.92643943109785,45.563246812016274],[-122.92644750425734,45.562961235000792],[-122.92645887513218,45.562344036342232],[-122.92646163745169,45.5621317410329],[-122.92646347450643,45.561991015638874],[-122.92646618202872,45.561782556825648],[-122.92740610727678,45.561787716071414],[-122.92906990396396,45.561796842079822],[-122.93070287226723,45.561805767452952],[-122.9308980842633,45.561806825969001],[-122.93175212697697,45.561811488345278],[-122.93257203370983,45.561815957005862],[-122.9325348704065,45.563971054031086],[-122.93402986736358,45.56399650019894],[-122.93399864282263,45.565809917521712],[-122.9325035425593,45.565787650014094],[-122.93250094103824,45.565897334714172],[-122.93240753421499,45.566083235411838],[-122.93255037083674,45.5665200506076],[-122.93273387329309,45.566959109424545]]],[[[-122.91385026014484,45.565509906342704],[-122.91389534209738,45.565510085580478],[-122.91389533850412,45.565509998162767],[-122.91385026014484,45.565509906342704]]],[[[-122.84794379985006,45.346111094023072],[-122.84793697445055,45.346111225976529],[-122.84834075998424,45.346109002971559],[-122.84834075908593,45.346108896903715],[-122.84814628640331,45.346109973365969],[-122.84794379985006,45.346111094023072]]],[[[-122.78490759522863,45.332195602468452],[-122.7849027092918,45.331829605114336],[-122.78490268324066,45.331850909913712],[-122.78490759522863,45.332195602468452]]],[[[-122.83641919988237,45.404013902745469],[-122.83641825395638,45.40401390085335],[-122.83641804375061,45.404799512822954],[-122.83642202328733,45.404798624795617],[-122.8364193301381,45.404068683036712],[-122.83641919988237,45.404013902745469]]],[[[-122.99263674072881,45.512750568415726],[-122.99255872563963,45.512750379567251],[-122.99255690475454,45.512817110394131],[-122.9927225388216,45.512816947355155],[-122.99290168265217,45.51281677739172],[-122.99306643547192,45.512799175473198],[-122.99306286556697,45.512751098450451],[-122.99294938409207,45.512750959332074],[-122.99284389313164,45.512750827138149],[-122.99263674072881,45.512750568415726]]],[[[-122.8548885405643,45.573938745860907],[-122.8548890220613,45.573979883863011],[-122.85578679566132,45.573974545897386],[-122.85654312772323,45.573970042990645],[-122.85723472718571,45.573965921771105],[-122.85723453584458,45.573924781872307],[-122.85673267224814,45.573927773122811],[-122.85647497613586,45.573929309306266],[-122.85614277644885,45.573931286914487],[-122.8548885405643,45.573938745860907]]],[[[-122.93687340983531,45.551192068994197],[-122.93687145869451,45.551192096044019],[-122.93686950755372,45.551192150143571],[-122.93686755910787,45.551192230663865],[-122.93686561335694,45.551192339492083],[-122.93686367119932,45.551192474111929],[-122.93686267676429,45.551192557777561],[-122.93686173532986,45.551192643959439],[-122.93686074269149,45.55119274146449],[-122.93685881670352,45.551192964153401],[-122.93685689700376,45.551193209488687],[-122.93685498269389,45.551193480615595],[-122.93685307826547,45.551193779421361],[-122.93685118192192,45.551194104018741],[-122.93684929545984,45.551194455036921],[-122.93684741977751,45.551194833733888],[-122.93684555487499,45.551195237593454],[-122.93684370075225,45.551195667873756],[-122.93684186010421,45.551196124574766],[-122.93684003293092,45.551196607067382],[-122.9368382201307,45.551197114722633],[-122.9368364226018,45.551197647540477],[-122.93683463944595,45.551198205520869],[-122.93683287245979,45.551198788663839],[-122.93683112343994,45.551199396340373],[-122.93682939148808,45.551200029179434],[-122.93682767750251,45.551200685922986],[-122.93682598327987,45.551201366570972],[-122.93682430792187,45.551202069865283],[-122.93682280863368,45.551202729125059],[-122.93681898899709,45.551534406266349],[-122.93681898809875,45.551534494963953],[-122.93686969709825,45.551534878062043],[-122.93689523350683,45.551535071183785],[-122.93726151886897,45.551537834019399],[-122.9372654400152,45.551195013646407],[-122.93687536007779,45.551192070881427],[-122.93687340983531,45.551192068994197]]],[[[-122.99661075998497,45.544137486294083],[-122.9964680096015,45.544135521478118],[-122.99646030744624,45.544382302577162],[-122.99677327420302,45.544386606530587],[-122.99706672865351,45.544390647502752],[-122.9970862526379,45.544390916775065],[-122.99709394850493,45.544144135084728],[-122.99685981160927,45.544140913239907],[-122.99678097635828,45.544139828596172],[-122.99661090910531,45.544137488810648],[-122.99661075998497,45.544137486294083]]],[[[-122.84796421136997,45.573704061477727],[-122.84851094222154,45.573703178624591],[-122.84850913840448,45.573370782174521],[-122.84796241114613,45.573371656858264],[-122.84796421136997,45.573704061477727]]],[[[-122.85839950344435,45.346064955129577],[-122.85848771980187,45.346037969677383],[-122.85851121883141,45.346030787991637],[-122.8586484580506,45.345988809678737],[-122.85865498790442,45.345986812063543],[-122.85865656354942,45.345986329075046],[-122.85865670278831,45.345986290562251],[-122.85865719416675,45.345986136511044],[-122.85961552769164,45.345693026758504],[-122.85976317748667,45.345647871185115],[-122.85988648473416,45.345610158068183],[-122.85995203749539,45.345590319416793],[-122.85995231237986,45.345590236708347],[-122.85938805360045,45.345583438202588],[-122.85781492117995,45.346064575052885],[-122.85834155043042,45.346065304269779],[-122.85837644369103,45.346065350990166],[-122.85838185963385,45.346065358566477],[-122.85839950344435,45.346064955129577]]],[[[-122.85275161648836,45.563632619531191],[-122.85272680052863,45.563043164162117],[-122.85272646276206,45.562946957589922],[-122.85238116833317,45.562944228019738],[-122.85218547933168,45.562989071570499],[-122.85218197500376,45.562989874717601],[-122.85219346445624,45.563108717719636],[-122.85218730919992,45.563473064042377],[-122.8521846933058,45.563627888753153],[-122.85275161648836,45.563632619531191]]],[[[-122.75234967590855,45.321428537031544],[-122.75176315238483,45.321429915882796],[-122.75176270232886,45.3216380974023],[-122.75176143031443,45.322226437204279],[-122.75234965524731,45.322225049529692],[-122.75234967590855,45.321428537031544]]],[[[-123.07595246319489,45.516905916700573],[-123.07595205356314,45.516905917330035],[-123.0759516223718,45.516957801480707],[-123.07595106900959,45.51704625771653],[-123.07594942149936,45.517349196453111],[-123.075949289447,45.51743237671603],[-123.07720728298436,45.517403910170223],[-123.07720731981529,45.517400605595157],[-123.07720749858001,45.517386475859396],[-123.07721360083576,45.516906162185435],[-123.07620854862789,45.516905972721496],[-123.07605897284488,45.51690594124905],[-123.07595246319489,45.516905916700573]]],[[[-122.91359333927865,45.491521766233014],[-122.91261862138128,45.491508903949175],[-122.91260562814902,45.491985636475945],[-122.91259815147092,45.492259852372513],[-122.91357288194467,45.492272994082263],[-122.91358035323287,45.491998768803754],[-122.91359333927865,45.491521766233014]]],[[[-122.78508616862902,45.339145755579899],[-122.78500617814454,45.339145693699379],[-122.7850159724761,45.340241206243824],[-122.78501598415417,45.340242453301492],[-122.78502865758622,45.340242398367778],[-122.78509747302856,45.340240161241077],[-122.78523732005705,45.340234624936137],[-122.78541343117523,45.340072832373551],[-122.78571090019675,45.339835077573852],[-122.78600873393425,45.339589951107257],[-122.78633786767118,45.339331550254322],[-122.78657376436648,45.339145377982483],[-122.78651530560106,45.339145577515559],[-122.78571293488085,45.339145679807835],[-122.78514825299496,45.339145748634103],[-122.78508616862902,45.339145755579899]]],[[[-122.95254393606183,45.552714058054754],[-122.95101648836344,45.552711204694056],[-122.95101752771421,45.553141798203768],[-122.95101809005958,45.553374842412445],[-122.95101903329063,45.553374843670504],[-122.951818227568,45.553376339528462],[-122.95269448382201,45.553377971888096],[-122.95269542705306,45.553377973775248],[-122.95269507311683,45.553144847174941],[-122.95269442004161,45.552714332319574],[-122.95269347681057,45.552714336093835],[-122.95265457706381,45.55271426375333],[-122.95254393606183,45.552714058054754]]],[[[-122.86615797407556,45.562615677996853],[-122.86616202817244,45.562921711576443],[-122.86616321125365,45.563156016485294],[-122.86608560759289,45.563156119629923],[-122.86580239932653,45.563156496359511],[-122.86580150190957,45.562978413046473],[-122.86569290367655,45.563000172861109],[-122.86561445200616,45.563017432027124],[-122.86561000444719,45.563902797113066],[-122.86560907289422,45.564069182717873],[-122.8661678384757,45.564072860016722],[-122.86616767677893,45.564040713359908],[-122.8661665996989,45.563827299318064],[-122.86675188264923,45.563825292423623],[-122.86674416432432,45.562878100053545],[-122.86674249525453,45.562724192151506],[-122.86673663644223,45.56249780754824],[-122.86615797407556,45.562615677996853]]],[[[-122.85323002237776,45.42486235150939],[-122.85181672000923,45.424861289785781],[-122.85181523150081,45.425013778691664],[-122.85181725360853,45.425734186313697],[-122.85181617922341,45.425790543772763],[-122.85181712155617,45.425790552599317],[-122.8527015848186,45.425798773886314],[-122.85270643661946,45.425798818019025],[-122.85300266506752,45.425801570636786],[-122.85307195841361,45.425802223169796],[-122.85317991794446,45.425727974317333],[-122.85318305126818,45.425586775891368],[-122.8531869023458,45.425413200541328],[-122.85322307840059,45.42512088250988],[-122.85323002237776,45.42486235150939]]],[[[-122.83733660706125,45.574336993178449],[-122.83734683168582,45.574309940693773],[-122.83738039543975,45.574215076427237],[-122.83740889269552,45.574134526815335],[-122.83740992126651,45.574131619207272],[-122.83741790459443,45.573852979235944],[-122.83522709327953,45.573857764488245],[-122.83522709148291,45.573857842460818],[-122.83521670875486,45.574219722053549],[-122.83521211926208,45.574379706045903],[-122.83674064224385,45.574471760537314],[-122.83672997924145,45.574965467109131],[-122.83673065477454,45.574964583647017],[-122.83673997120235,45.574952886104406],[-122.83674957778598,45.574941304258346],[-122.8367594691356,45.574929843139302],[-122.83676964435284,45.574918503376146],[-122.83678010074273,45.574907291885779],[-122.83679083291544,45.57489620929708],[-122.83680183997259,45.574885260011662],[-122.83681311652437,45.574874447173649],[-122.83682466077408,45.574863773927078],[-122.83683646823019,45.574853244044895],[-122.83684853529938,45.57484286067114],[-122.83686085838845,45.57483262632109],[-122.83687343390412,45.574822545396415],[-122.83688625825309,45.574812619154848],[-122.83689932784218,45.574802852626839],[-122.83691344396856,45.574792676119145],[-122.83702105854631,45.574716518885047],[-122.83703628678703,45.57470555321575],[-122.83705123924491,45.574694402047825],[-122.83706591142847,45.574683069153977],[-122.83708030243932,45.574671558306868],[-122.83709440419265,45.574659872650429],[-122.83710821219687,45.574648015957415],[-122.83712172465539,45.57463599200041],[-122.83713493617826,45.574623803923416],[-122.83714784317226,45.574611456756692],[-122.8371604402475,45.574598952386573],[-122.83717272560732,45.574586295843382],[-122.83718469386187,45.574573490271014],[-122.83719634231615,45.574560540070991],[-122.83720766737693,45.57454744901608],[-122.83721866545095,45.574534221507712],[-122.83722933204663,45.574520860689844],[-122.83723966626566,45.574507372221682],[-122.83724966361648,45.574493757989458],[-122.83725932140408,45.574480023652406],[-122.83726863423864,45.574466172983144],[-122.83727760301842,45.574452210383313],[-122.8372862241502,45.574438140254436],[-122.83729449314241,45.574423965740472],[-122.837302409995,45.57440969375812],[-122.83730997021644,45.574395324936219],[-122.83731717111175,45.574380866820277],[-122.83732401268097,45.574366322554283],[-122.8373304922291,45.574351696539821],[-122.83733660706125,45.574336993178449]]],[[[-122.93833071438138,45.555670422317164],[-122.93834167742112,45.554710523909648],[-122.93800677739836,45.554705967878441],[-122.93673841999755,45.554688609289293],[-122.93673747317327,45.554688597337787],[-122.93673747137663,45.554688691691645],[-122.93671795727369,45.554688430017002],[-122.93670697357271,45.55564832376978],[-122.93672230062809,45.555648530086692],[-122.93672250544401,45.555648533231782],[-122.93833071438138,45.555670422317164]]],[[[-123.07643438329367,45.515564899882357],[-123.0764359894814,45.515438310239297],[-123.07643706745975,45.515353974476902],[-123.07644101106382,45.515043808763906],[-123.07620981076087,45.515043760924286],[-123.07597287112151,45.515043711196206],[-123.07598367426115,45.515088195141303],[-123.07598375151623,45.515088490362118],[-123.0759968157154,45.515142178355873],[-123.07600188401025,45.51533998396868],[-123.07600347313,45.515443598373146],[-123.07600359530088,45.515532094127551],[-123.07599738524731,45.51565348357078],[-123.07598887999821,45.515810090458785],[-123.0759775064284,45.515989565778639],[-123.07597586161309,45.516054931876582],[-123.07597414942417,45.51608774550953],[-123.07596581485495,45.516334205306606],[-123.07596539264678,45.516402947395818],[-123.07596137448253,45.516580416649518],[-123.07595578067324,45.51674136920046],[-123.07595613910104,45.516741370459386],[-123.07622988361588,45.516741425851002],[-123.07680956467209,45.516741532857537],[-123.07680922151563,45.516768954222094],[-123.07691868841954,45.516768983806223],[-123.07740182483724,45.516769075076468],[-123.07740305642749,45.516672077384428],[-123.07740316512364,45.516663180093317],[-123.07740322531076,45.516658875276782],[-123.07740868706767,45.516228802369099],[-123.0774099518956,45.516128310888327],[-123.07741014233844,45.516113596067314],[-123.07738322432094,45.516113587884369],[-123.07738355669761,45.51608762528317],[-123.07739030753697,45.515985831200211],[-123.07738808151169,45.515810702923979],[-123.07738757576018,45.515770768665732],[-123.07697950256765,45.515770695648278],[-123.07698098029628,45.515654831249805],[-123.0769821148685,45.515565002484891],[-123.07697217770483,45.51556499996704],[-123.07643438329367,45.515564899882357]]],[[[-122.90445453624648,45.486045427841326],[-122.9044497473277,45.486176656508107],[-122.90445068876211,45.486176665955007],[-122.90505352209814,45.486182291257506],[-122.905346644172,45.4861850245547],[-122.90534787755887,45.486151208494228],[-122.90534916843795,45.486115828638042],[-122.90543518032976,45.483757154399854],[-122.90491042945655,45.483756653063786],[-122.90453804902519,45.483756295956354],[-122.90446228062252,45.485833135376446],[-122.90445453624648,45.486045427841326]]],[[[-122.75078037120949,45.321640403479847],[-122.75078036132801,45.321277746212623],[-122.75078035503982,45.320996289197936],[-122.75078033437853,45.320180961033138],[-122.75078032719203,45.319899949566988],[-122.7507803253954,45.319871489377746],[-122.74990958928882,45.31987402102574],[-122.74979232590657,45.319874362116025],[-122.74979233219477,45.319919233157755],[-122.74979184081633,45.320155059781285],[-122.74979055173391,45.320773558683562],[-122.74978902549624,45.32150619668586],[-122.74978860957626,45.321705245844193],[-122.7497875145299,45.322231063838657],[-122.75078038468422,45.32222874073139],[-122.75078037120949,45.321640403479847]]],[[[-122.8938715377832,45.480764439613921],[-122.89375212563078,45.480765653339809],[-122.89370627292374,45.481009007689011],[-122.893595370512,45.481570905268057],[-122.89359401854752,45.4815777233242],[-122.89371459042493,45.481578679426597],[-122.89374638000622,45.481578358836288],[-122.89399750943382,45.481575828125145],[-122.89407837577568,45.481575013107637],[-122.89457625714043,45.481569993884428],[-122.89471559123088,45.481568588703411],[-122.89513943434822,45.481564313324974],[-122.89528635021968,45.481562831302909],[-122.89571412077144,45.481558514354354],[-122.89587868404668,45.481556853456482],[-122.89599581807154,45.481555671239846],[-122.89622382306706,45.481553368531088],[-122.89629489777231,45.481552651139047],[-122.89633222187408,45.481552273862633],[-122.89634303938672,45.481552164899689],[-122.89709612583549,45.481544556386417],[-122.8971445216731,45.481544390107636],[-122.89711868882048,45.480731669634594],[-122.89626338756709,45.480740309956573],[-122.8959700220498,45.480743272784316],[-122.8952409358905,45.480750630724351],[-122.89392938569421,45.480763857000277],[-122.8938715377832,45.480764439613921]]],[[[-122.91963594776712,45.491244394287399],[-122.91944404785949,45.492109987293837],[-122.91943526233601,45.492150313026038],[-122.91943525425118,45.492150347031163],[-122.9206616836844,45.492528502718997],[-122.92068701348047,45.492574514528258],[-122.92123490854866,45.49274674975868],[-122.92123628207273,45.492806528914713],[-122.9214242761055,45.492806051588502],[-122.92144822519097,45.492788593285411],[-122.92147093729628,45.492646390154768],[-122.92151324614956,45.492526405118149],[-122.92165778867202,45.492461429830456],[-122.92174880687492,45.492411869443437],[-122.92190169923796,45.492383636464268],[-122.92203591113466,45.492274811465414],[-122.92225423318973,45.492192794907083],[-122.92234668330724,45.492101190024691],[-122.92248358745485,45.49197239457245],[-122.92252812682493,45.491944216159297],[-122.92270178374578,45.491834348739943],[-122.92288865129117,45.491703031237499],[-122.9232171130883,45.491543662650827],[-122.92386746909949,45.491370810380253],[-122.92401452061655,45.491308061131029],[-122.9238927548781,45.491308182040122],[-122.9232912106245,45.491308780288065],[-122.92268970679508,45.491309374757584],[-122.92189418393231,45.491310156258322],[-122.92192041923015,45.491354864883498],[-122.9213951778768,45.49181807024776],[-122.91972173418182,45.491272369016571],[-122.91963594776712,45.491244394287399]]],[[[-122.84254265854307,45.569191262547619],[-122.84291894395095,45.569191819091643],[-122.84291894395095,45.569191792050525],[-122.84431959085374,45.569193864155025],[-122.84431959085374,45.569193892453875],[-122.84432013702944,45.569243068911092],[-122.844469967934,45.569246111977719],[-122.84525740416258,45.569262100809169],[-122.84686075411261,45.569259609255859],[-122.84715256734108,45.569251593773444],[-122.84715223226949,45.569198795700594],[-122.84691991176734,45.569198388197222],[-122.84446707266383,45.569194111298302],[-122.8444671418341,45.569178348838328],[-122.84446713913916,45.569178285951949],[-122.84447385763919,45.567565099137589],[-122.84430287410464,45.567565407289543],[-122.84253624636855,45.567568588172087],[-122.84254265854307,45.569191262547619]]],[[[-122.92244511800111,45.567828919340201],[-122.92173348341281,45.569459053911842],[-122.92301614378957,45.569463711251011],[-122.92375824294406,45.569466398999637],[-122.92375870108486,45.569398306602864],[-122.92402138554196,45.569399178204172],[-122.92410126014374,45.569401494927931],[-122.9241807682329,45.569407915597793],[-122.92423201622157,45.569414750686221],[-122.92425939597308,45.569418402480721],[-122.92433672025781,45.569432902121299],[-122.92441297015745,45.569449320411238],[-122.92442573162437,45.569420080281191],[-122.92450038162447,45.5692490651168],[-122.92453022904812,45.569180687581422],[-122.92479903821879,45.56853061135547],[-122.92486632293189,45.568349376817594],[-122.92407024670689,45.568178891678926],[-122.9231260894955,45.567975570482396],[-122.92244511800111,45.567828919340201]]],[[[-122.91806276324434,45.495332280388986],[-122.91810110334066,45.49533987255721],[-122.91818090787388,45.4949636122344],[-122.91818614235702,45.494938907451193],[-122.9183414404084,45.494835017274397],[-122.91860204346895,45.494660672018199],[-122.9188317543652,45.494506997352786],[-122.91890111328827,45.494460596708727],[-122.91892305284247,45.494361991356215],[-122.9189470234875,45.494254294827506],[-122.91895326677874,45.494226255460809],[-122.91905153708093,45.493829129302917],[-122.91905155504725,45.493829056886661],[-122.91904170771508,45.493828926537418],[-122.91829851980242,45.49381911570913],[-122.91560775830267,45.493783553646182],[-122.91560172521723,45.493948291058274],[-122.9155974743893,45.494118204779291],[-122.91558242850661,45.494674908840672],[-122.91557811479663,45.494834507221235],[-122.9155780141853,45.49484031993795],[-122.91557918379179,45.494840551665767],[-122.91557937692959,45.494840592595942],[-122.91645030976721,45.495013039399652],[-122.91669634395051,45.495061749931217],[-122.91775990073785,45.495272318785013],[-122.91804125667812,45.495328024945813],[-122.91806276324434,45.495332280388986]]],[[[-122.89714018640353,45.482766297242975],[-122.89714280319596,45.482020753488897],[-122.89714387847937,45.481713694401272],[-122.89714413090594,45.481641984958515],[-122.89714428182293,45.481598926371277],[-122.89604017149034,45.481610079004547],[-122.89376353243827,45.48163304308008],[-122.8937059531235,45.481633623165372],[-122.89370448437799,45.481633637651726],[-122.89358296387964,45.481633473262768],[-122.89357852350717,45.481655869210748],[-122.89357212211247,45.481688145486061],[-122.8935700910216,45.481698382941047],[-122.89339497074518,45.482581426031253],[-122.89334603681671,45.482828182434602],[-122.89334483846412,45.482834248322234],[-122.89333901468613,45.482863722442652],[-122.89348524514304,45.482862273205861],[-122.89354443513709,45.482861834214944],[-122.89471137992882,45.482853165875987],[-122.89603582094944,45.482843314716227],[-122.89713994475672,45.482835090404187],[-122.89714018640353,45.482766297242975]]],[[[-122.82860535979202,45.57487943355477],[-122.82914809224228,45.573899104397867],[-122.82914718943542,45.573899107541934],[-122.82932145451569,45.573584337913793],[-122.82863137320601,45.573382695101905],[-122.82858788845806,45.573369938931549],[-122.8278011493221,45.573139135758325],[-122.82741401046896,45.573025558338315],[-122.82732140763788,45.572997603493064],[-122.82717296642709,45.572954055128726],[-122.82644080174128,45.572739254437373],[-122.82636467580916,45.572716920506089],[-122.8262862313253,45.572693906178237],[-122.82628536265442,45.572693617547976],[-122.82629539593781,45.573328752692582],[-122.82630456414361,45.573908918243831],[-122.82631752054496,45.574795556654536],[-122.82810546799766,45.574787987781811],[-122.8281072691198,45.574787981493792],[-122.82810837494591,45.574787978978605],[-122.82810922205721,45.574787977092164],[-122.82811117409634,45.574787976463405],[-122.82811312703379,45.574787978349789],[-122.8281150799712,45.574787982751374],[-122.82811703290861,45.574787990925785],[-122.82811898584603,45.574788001615424],[-122.82812093788516,45.574788015449045],[-122.82812288992429,45.574788032426625],[-122.8281248428617,45.574788052548257],[-122.8281267949008,45.574788075185083],[-122.82812874783825,45.574788101594692],[-122.82813069987736,45.574788129261918],[-122.82813265191648,45.574788161959589],[-122.82813460305725,45.574788195914792],[-122.8281365559947,45.574788234271665],[-122.82813850713551,45.574788274514894],[-122.82814045917458,45.574788317902119],[-122.8281424112137,45.574788365062162],[-122.82814436145618,45.574788414737412],[-122.82814631349531,45.574788466927856],[-122.8281482637378,45.574788522891126],[-122.82815021487859,45.574788581369589],[-122.82815216512108,45.574788642992061],[-122.82815411626186,45.574788706500925],[-122.82815606650436,45.574788774411367],[-122.82815801584852,45.574788844837066],[-122.82815996609101,45.574788918406718],[-122.82816191633347,45.574788995120421],[-122.82816386567765,45.574789074978092],[-122.82816581412349,45.574789156722154],[-122.82816776346768,45.574789241610269],[-122.8281697119135,45.57478932964235],[-122.82817166035937,45.574789422076009],[-122.8281736088052,45.574789515767343],[-122.82817555545444,45.574789613231395],[-122.82817750300195,45.574789713210706],[-122.8281794505495,45.574789816334018],[-122.82818139630042,45.57478992260134],[-122.82818334294963,45.574790031383813],[-122.82818528959886,45.574790143310338],[-122.82818723445146,45.574790259009646],[-122.82818918020234,45.574790377224147],[-122.82819112595327,45.574790497953892],[-122.82819306990754,45.574790622456412],[-122.82819501476011,45.574790748845317],[-122.8281969587144,45.574790878378231],[-122.82819890177036,45.57479101231278],[-122.82820084572462,45.574791147504904],[-122.82820278788228,45.574791286469846],[-122.82820472914159,45.574791427949982],[-122.82820667219755,45.574791573202894],[-122.82820861255858,45.574791720971049],[-122.82821055381791,45.574791871883171],[-122.82821249417891,45.574792025310536],[-122.82821443364161,45.574792181253052],[-122.82821637310431,45.574792340968429],[-122.82821831166871,45.574792503198964],[-122.82822025023309,45.574792669202317],[-122.82822218879745,45.574792837720878],[-122.82822412646352,45.574793009383434],[-122.82822606233297,45.574793183561191],[-122.82822799910072,45.574793360254141],[-122.82822993407184,45.574793540719917],[-122.82823186904298,45.574793723700886],[-122.82823380311578,45.574793909825871],[-122.8282357380869,45.574794099094817],[-122.82823767126141,45.574794291507814],[-122.82823960443586,45.574794486435948],[-122.82824153581373,45.574794683879347],[-122.82824346808994,45.574794885095507],[-122.82824539946779,45.574795089455733],[-122.82824732904902,45.574795295702295],[-122.82824925952855,45.574795506350483],[-122.82825118821145,45.57479571825624],[-122.82825311599608,45.57479593393483],[-122.82825504378066,45.574796152757422],[-122.82825697066696,45.574796374724023],[-122.82825889755324,45.574796598577009],[-122.82826082264289,45.574796825573998],[-122.82826274773254,45.574797056972628],[-122.82826467192388,45.574797289628826],[-122.8282665952169,45.5747975260578],[-122.82826851761162,45.574797765630827],[-122.82827044000631,45.574798007719004],[-122.82827236150271,45.574798252322424],[-122.82827428120247,45.574798500698613],[-122.82827620090222,45.574798751590002],[-122.82827812060201,45.574799004996642],[-122.82828003850513,45.574799261547227],[-122.82828195640828,45.574799521870652],[-122.82828387161645,45.574799784709249],[-122.82828578772295,45.574800050063054],[-122.82828770293115,45.574800317932059],[-122.82828961634269,45.574800590202692],[-122.82829152975424,45.574800864359709],[-122.82829344226748,45.574801141660735],[-122.82829535298411,45.574801421476955],[-122.82829726459902,45.574801704437135],[-122.82829917351901,45.574801990541367],[-122.82830108243897,45.574802279789608],[-122.82830299135897,45.574802571553008],[-122.82830489758398,45.574802865831636],[-122.8283068029107,45.574803163883047],[-122.82830870913575,45.574803463820885],[-122.82831061266582,45.574803767531499],[-122.82831251619592,45.574804073757292],[-122.82831441792938,45.574804383755918],[-122.82831632056113,45.574804695012169],[-122.82831822049796,45.574805010669998],[-122.8283201204348,45.574805328214204],[-122.82832201857499,45.574805649531228],[-122.82832391671519,45.574805972734652],[-122.82832581305877,45.574806299710879],[-122.82832770760568,45.574806629831116],[-122.82832960215261,45.574806961837744],[-122.82833149490291,45.574807297617184],[-122.82833338765322,45.574807635283001],[-122.8283352786069,45.574807976721594],[-122.82833716866224,45.574808320046614],[-122.8283390587176,45.57480866714446],[-122.82834094697633,45.574809017386265],[-122.82834283254012,45.574809369514497],[-122.8283447190022,45.574809726044315],[-122.8283466036677,45.574810083831743],[-122.82834848743484,45.574810445391947],[-122.82835036940536,45.574810809467394],[-122.82835225137586,45.574811176686801],[-122.82835413154977,45.574811546421401],[-122.82835600992702,45.574811919300053],[-122.8283578883043,45.574812294693857],[-122.82835976488492,45.574812673231655],[-122.82836164146553,45.57481305491347],[-122.82836351624955,45.574813439110478],[-122.82836538923691,45.574813826451482],[-122.82836726132595,45.574814215678934],[-122.82836913072006,45.574814609307957],[-122.8283710010125,45.574815004194548],[-122.82837286950827,45.574815402853964],[-122.82837473620745,45.574815804657376],[-122.82837660290659,45.574816208975989],[-122.82837846691081,45.574816615809794],[-122.82838033001671,45.574817025158787],[-122.82838219312259,45.574817438909371],[-122.82838405353355,45.574817853917565],[-122.82838591214788,45.574818272698579],[-122.82838777076221,45.574818693994786],[-122.82838962847822,45.574819118434952],[-122.82839148260098,45.574819545390348],[-122.828393337622,45.574819974860958],[-122.82839519084646,45.574820407475556],[-122.82839704317259,45.574820842605305],[-122.82839889280373,45.5748212808791],[-122.82840074063829,45.57482172229691],[-122.82840258847283,45.574822165601049],[-122.82840443451073,45.574822612678048],[-122.82840627965035,45.574823062270198],[-122.82840812299328,45.5748235150064],[-122.82840996453963,45.574823970257746],[-122.82841180518764,45.574824428024328],[-122.82841364403902,45.574824888306111],[-122.82841548199211,45.574825352360655],[-122.82841731904688,45.574825818301626],[-122.82841915250833,45.574826288015373],[-122.82842098596984,45.574826759615497],[-122.82842281763469,45.574827234988483],[-122.82842464840125,45.574827712876619],[-122.82842647826948,45.574828193279934],[-122.82842830544277,45.574828675569691],[-122.82843013171775,45.574829161632252],[-122.82843195529776,45.574829650838772],[-122.82843377887782,45.574830141931677],[-122.82843559976288,45.574830636168628],[-122.82843741974965,45.574831134178339],[-122.82843923793976,45.574831634074449],[-122.8284410543333,45.574832136485789],[-122.82844286893015,45.574832641412272],[-122.82844468352705,45.574833150111566],[-122.82844649453067,45.574833660697287],[-122.82844830553427,45.574834175055784],[-122.82845011474126,45.574834691300701],[-122.82845192125329,45.574835210689571],[-122.82860501034739,45.574879332318041],[-122.82860535979202,45.57487943355477]]],[[[-122.84918341744998,45.428140024132944],[-122.84919639002101,45.426946023833509],[-122.84919544768827,45.426946111466634],[-122.8491031152501,45.426954493981526],[-122.84910217201906,45.426954576570971],[-122.84900912182697,45.426964190991221],[-122.84891632495982,45.42697494779182],[-122.84882380926534,45.426986842558868],[-122.84873160169299,45.426999873400355],[-122.84863973009058,45.42701403464141],[-122.84854822500081,45.427029323128856],[-122.84845711157648,45.427045733818225],[-122.848366419462,45.427063261034455],[-122.84827617470857,45.427081900363298],[-122.84818640696054,45.427101645499143],[-122.84809714047245,45.427122491397242],[-122.84800840488869,45.427144430490905],[-122.84765942377385,45.42724317238347],[-122.84758729983632,45.427160599053401],[-122.8472076924585,45.426726025873243],[-122.84714868482244,45.426776953487284],[-122.84666804033134,45.42727249904722],[-122.8466675255967,45.427314695069384],[-122.84666674585901,45.42743518777106],[-122.84666656439934,45.427472839402206],[-122.84666613769959,45.427602451807623],[-122.84661688217423,45.427644485558467],[-122.84661659650997,45.427671642019249],[-122.84660959504065,45.428327414094788],[-122.84660848382464,45.428550513863492],[-122.84659949707854,45.429373840904475],[-122.84659573583244,45.429628151989185],[-122.84659540615074,45.429658753391273],[-122.84659514563931,45.429683582620811],[-122.84659455634448,45.429738785615392],[-122.84916521668401,45.429728241163573],[-122.84918341744998,45.428140024132944]]],[[[-122.91920978340308,45.567284825447196],[-122.92307434923008,45.567298933214587],[-122.923083344061,45.565954596674885],[-122.9234738111723,45.565955882774446],[-122.92347639382876,45.565548910358153],[-122.92347643335464,45.565543535114763],[-122.92341068925224,45.565543318771731],[-122.92323067315751,45.565542737664309],[-122.92308609829568,45.565542272904153],[-122.92251869092119,45.565540329590284],[-122.92242878393428,45.565540017653831],[-122.92242568205161,45.565540011364774],[-122.92189281939137,45.565538182511411],[-122.92188951269281,45.565538171191136],[-122.92135325260421,45.565536321583849],[-122.9212736906161,45.565536052412831],[-122.9208798665006,45.56553469460863],[-122.91952275914299,45.565530004240628],[-122.91922163577493,45.565528967177457],[-122.91922162679177,45.565529966506375],[-122.9192216214019,45.565530435040088],[-122.91920978340308,45.567284825447196]]],[[[-122.83660762959806,45.56935524973278],[-122.83660443698554,45.569352028704252],[-122.83654818178751,45.569380689059741],[-122.83653869737475,45.569373830699327],[-122.8365241949728,45.56936707295587],[-122.83650647121222,45.569363320540198],[-122.83648717180667,45.569361948993503],[-122.83646629675611,45.569362960831498],[-122.83643688142213,45.569366454156331],[-122.83630069682505,45.569394947856246],[-122.83616756200836,45.569423379284522],[-122.8360679756743,45.569451127756032],[-122.83579946384599,45.569523200770078],[-122.83493124302218,45.569521834258204],[-122.83492692841389,45.569783789514489],[-122.83335619988507,45.570266799664239],[-122.83326672139457,45.570303857856544],[-122.83322036203771,45.570330998423479],[-122.83316074264893,45.57036555186334],[-122.83310509920362,45.570414316027062],[-122.83306291072459,45.57046042577656],[-122.83302759615414,45.57050877670445],[-122.83299615871249,45.570568958107025],[-122.83297518125396,45.570636073742726],[-122.83297433863422,45.57069801577893],[-122.83297300553433,45.57074805998424],[-122.83299676058371,45.570830939293103],[-122.83303019138701,45.570901713859961],[-122.83308046739852,45.57096976481705],[-122.83314032034927,45.571023330299944],[-122.8332102407194,45.57107431119028],[-122.83328644839821,45.571113254746329],[-122.8333401496859,45.571130703216468],[-122.83360574109122,45.571215706813213],[-122.83393132558449,45.571315601202976],[-122.83400670411829,45.571337684155864],[-122.83489703787112,45.571598509728062],[-122.83793001347667,45.571591813878236],[-122.83790860572513,45.571410689203027],[-122.83788943388035,45.571238755075356],[-122.83787477427322,45.571163896609647],[-122.83786148459693,45.571102044382798],[-122.83784619976234,45.57104060209322],[-122.83780848489347,45.57091851908848],[-122.83777830060158,45.570837971665618],[-122.83774413767132,45.570758225276755],[-122.83772296348178,45.570713420627762],[-122.83770602484879,45.570679350984967],[-122.83768551002262,45.570640276327893],[-122.8376640313042,45.570601464501856],[-122.83764157611705,45.57056291550748],[-122.83758811737449,45.57047802537322],[-122.83750754118843,45.57035650773971],[-122.8374251126763,45.570233263645612],[-122.8373242031238,45.570096954858194],[-122.83725133538121,45.57000821857671],[-122.8371896992746,45.569938536462651],[-122.83713388604771,45.569878601524856],[-122.83699747956676,45.56974210510618],[-122.83690199763522,45.569647599119328],[-122.83681874267299,45.569565212976421],[-122.83674039071558,45.569487668934741],[-122.8366597408677,45.569407840763347],[-122.83660762959806,45.56935524973278]]],[[[-122.83821497435616,45.572418774846355],[-122.83820943624242,45.572459517172241],[-122.83820288752402,45.572500184009378],[-122.83819532820091,45.572540765296793],[-122.83818676186635,45.572581247200496],[-122.83817719211363,45.57262161840179],[-122.83816661894272,45.572661865695665],[-122.83815504864188,45.572701976505918],[-122.83814248210935,45.572741940771635],[-122.83812892383678,45.572781744658982],[-122.83793857172638,45.573319799595822],[-122.83793949160122,45.573319800853426],[-122.8408814651736,45.573322668888032],[-122.84088386637032,45.574206881813176],[-122.84178479934519,45.574204894782582],[-122.84294191117782,45.574202744262038],[-122.84294000674943,45.573585628869168],[-122.84293936355567,45.573377355193031],[-122.84576436300328,45.573375156850737],[-122.8457619249756,45.572550862980542],[-122.84516271544344,45.572551211978791],[-122.84435038599999,45.572551680453884],[-122.84354561318472,45.572549717260138],[-122.84293679527228,45.572548228200858],[-122.84293573885351,45.572393322432383],[-122.84215531217906,45.572389367736434],[-122.84177925943482,45.572387456729672],[-122.84087837676563,45.572382878865199],[-122.83822024207699,45.572369340834932],[-122.83821949917024,45.572377972123462],[-122.83821497435616,45.572418774846355]]],[[[-122.9136777252198,45.566290020498187],[-122.91350209559862,45.567262350363364],[-122.91342395384699,45.567706096080556],[-122.91339479004128,45.567856333407299],[-122.91325911119573,45.56860737880649],[-122.91304474891442,45.569793961270115],[-122.91293810092388,45.570389468915977],[-122.91254267601052,45.572572975631303],[-122.91253174980174,45.572633726423739],[-122.91252687823794,45.572660817445318],[-122.91252895334627,45.572660791663502],[-122.91415025882218,45.572642828032535],[-122.91422272950942,45.572642916696815],[-122.91452594325717,45.572199421267939],[-122.91475105657578,45.571040671265898],[-122.91477011972442,45.570942524572658],[-122.91504852380066,45.569509109911671],[-122.91504919933374,45.569509113684802],[-122.91504973832292,45.569506332238106],[-122.9150481339318,45.569506343557585],[-122.91572407845388,45.566021507143269],[-122.91602498173471,45.565563509106596],[-122.91602696701146,45.565560478418561],[-122.91602752127203,45.565559638831765],[-122.91581328026327,45.565558936974966],[-122.9157781462542,45.565558819998813],[-122.91483590514932,45.565555701263975],[-122.91450271372223,45.565554596279632],[-122.91384534007203,45.56555241020925],[-122.91384199474589,45.565552399517891],[-122.91384205133978,45.565552154874197],[-122.91381049262552,45.565555032110133],[-122.9136777252198,45.566290020498187]]],[[[-122.89714800354315,45.478580532758734],[-122.89708471992633,45.476555361851609],[-122.89780427585877,45.476563624874338],[-122.89822830313078,45.476567646152802],[-122.89832940941433,45.47656860485985],[-122.89832942738065,45.47650359226715],[-122.89832942738065,45.47650117345033],[-122.89847009187602,45.476501819098061],[-122.89847014397832,45.476483149482178],[-122.89847108810767,45.476483151371859],[-122.89847091203789,45.476501722093431],[-122.90010495113293,45.476509106413282],[-122.901817098742,45.476516818280253],[-122.9035332231928,45.476524523217243],[-122.90353398496411,45.476491045283566],[-122.90354544926376,45.476485518537629],[-122.90353411162657,45.476485500270542],[-122.90353386818315,45.476485499640631],[-122.90353312617472,45.476485488302423],[-122.90355477916633,45.475091287285302],[-122.90112632033963,45.475100955865067],[-122.90112967734385,45.473795631570518],[-122.89880279911117,45.473800045493185],[-122.89848611512575,45.4738006426672],[-122.89848648792659,45.473896473900453],[-122.89848776263598,45.474296206749464],[-122.89847365100118,45.475070803673319],[-122.89847940740552,45.47520718603959],[-122.89847132346628,45.476401652904997],[-122.89846301225327,45.476477149680207],[-122.89725726024126,45.476481124352219],[-122.89699846998094,45.476481972198215],[-122.89692064892787,45.476482229197629],[-122.89629458066703,45.476484315427847],[-122.89482322287665,45.476489081884139],[-122.89458338886547,45.476493479218448],[-122.89448213615651,45.477021186448212],[-122.8944265924242,45.477292460535594],[-122.8944057092888,45.477394496549145],[-122.89437813999272,45.477529178890975],[-122.89437496804146,45.477544702496893],[-122.89432364728927,45.477795362315781],[-122.89430247848959,45.477894578054986],[-122.89416825221984,45.478594770496429],[-122.89416527789793,45.478610284990502],[-122.89428145521701,45.478612242647124],[-122.89428274160448,45.478612248315969],[-122.89434041434404,45.478612488298992],[-122.89463933594136,45.47861373230532],[-122.89529567652897,45.478616459670995],[-122.89549060645406,45.478617269692279],[-122.89693470756207,45.478623255409097],[-122.89701011035041,45.478623567197992],[-122.89705171312782,45.478623739154273],[-122.89714921267552,45.478624293445598],[-122.89714782298176,45.478580550395307],[-122.89714800354315,45.478580532758734]]],[[[-122.89184206209666,45.495893537653579],[-122.89184616200762,45.495782975840285],[-122.89189324899986,45.49451158282023],[-122.89192734455648,45.493590748361946],[-122.89194848550837,45.493019769897913],[-122.89197771578942,45.49223026226111],[-122.89202741418418,45.490888199699981],[-122.89202836011017,45.490888204108181],[-122.89202836280512,45.490888120982582],[-122.89205825783947,45.490888268341557],[-122.89205919388398,45.490888272749764],[-122.89208685390992,45.490888408773472],[-122.89211066824808,45.490058030182517],[-122.89212337581611,45.489614910193325],[-122.89212479605254,45.489585097648636],[-122.89212682894005,45.489555301461827],[-122.89212947088531,45.48952552981968],[-122.89213272099001,45.489495788390023],[-122.8921365819491,45.489466082210953],[-122.89214104927099,45.489436418209849],[-122.89214612475234,45.489406802684357],[-122.89215180569821,45.489377241302307],[-122.89233026141929,45.488496443419891],[-122.89280862149461,45.486135275375219],[-122.89282235134542,45.486067505249444],[-122.89283148631354,45.486067590901328],[-122.89328958848087,45.486071920100215],[-122.89329345932144,45.48607195662823],[-122.89379669644192,45.48607670904785],[-122.89415268172102,45.486080068994404],[-122.89525312692723,45.486090450503681],[-122.89527978173832,45.486090701161324],[-122.89619859478061,45.486099333103937],[-122.89667230248106,45.48610379203771],[-122.89690829260115,45.486106020244925],[-122.89809236916365,45.486117143015498],[-122.89868461675238,45.486122702195665],[-122.89868499224818,45.486122705974452],[-122.89875869362736,45.486123397486814],[-122.89875906912314,45.486123401265544],[-122.89953493864412,45.486130679149134],[-122.90129167592895,45.48614713688653],[-122.90196930389382,45.486153478265827],[-122.90205719056965,45.486154300774587],[-122.902659560375,45.48615993426661],[-122.90326099054256,45.486165555162216],[-122.90327510038071,45.485779049737303],[-122.90267273327031,45.485773419985982],[-122.90274644812423,45.483754562694067],[-122.89832732622119,45.483750166556263],[-122.89832732622119,45.483749827083734],[-122.89830712131382,45.483755101189452],[-122.89722361204566,45.484038064993157],[-122.89693900689903,45.484043436063544],[-122.89603833982549,45.484060428494509],[-122.89528320342127,45.484074669885935],[-122.89326389666374,45.484112729627924],[-122.8932622069327,45.484112761118702],[-122.89326528815413,45.484095486546316],[-122.89321732171123,45.484096838129986],[-122.89309602309672,45.484099385732911],[-122.89307611822665,45.484198902759459],[-122.89304267215199,45.484373794957953],[-122.89299779681198,45.484608520446834],[-122.89291633129379,45.485001837059116],[-122.89274185600773,45.485844156173989],[-122.89271577701675,45.485970056619649],[-122.89243231452713,45.487344144130823],[-122.89232085785488,45.487893158870463],[-122.89201552767635,45.489397035168651],[-122.89200090669678,45.489496784032617],[-122.89197250466245,45.490163829749619],[-122.89193997936094,45.490938282221805],[-122.89186446248659,45.492480382564331],[-122.89183466177535,45.493376155660791],[-122.89182735847211,45.493595774700374],[-122.89181969045283,45.493826168422828],[-122.89178994633546,45.49585298728578],[-122.89177404076504,45.495936698028011],[-122.89176119485649,45.496004329713521],[-122.89173625313262,45.496181717202695],[-122.89173370820544,45.496199846322504],[-122.89172216844729,45.49628193575515],[-122.89176105741423,45.496198961622085],[-122.89180357108337,45.496096899845263],[-122.89182122567365,45.496026737579335],[-122.89183987919051,45.495952656080554],[-122.89184206209666,45.495893537653579]]],[[[-122.95277339363317,45.553430495472163],[-122.95283838854061,45.553429193988983],[-122.95285086344495,45.55342894426019],[-122.95278137875773,45.553430258953249],[-122.95277339363317,45.553430495472163],[-122.95269456736531,45.553432825435294],[-122.95101916534298,45.553429696591714],[-122.9510198058418,45.553695184703386],[-122.95102044723889,45.55396067218993],[-122.95102108773766,45.554226160309405],[-122.95102172823647,45.554491647803673],[-122.95102236963359,45.554757136559829],[-122.9506932403882,45.554756518857381],[-122.95001048573799,45.554755234388551],[-122.947602945081,45.554750675844907],[-122.94759959795826,45.555251618392894],[-122.94741788494596,45.555251832259444],[-122.94741515586414,45.555664730992248],[-122.94741453782321,45.555738684833663],[-122.9474135496764,45.555856688345642],[-122.94727777830435,45.555856848114828],[-122.94712558572893,45.555857026125395],[-122.9470231571253,45.555857146895782],[-122.94701714290446,45.556462604086285],[-122.94701210155908,45.557065976540585],[-122.94701162455367,45.557123033643443],[-122.94700734587795,45.557636086426207],[-122.9469986609658,45.558676544495782],[-122.94699862503319,45.558680884464614],[-122.94699790368603,45.558767347265999],[-122.94699956916256,45.558680802068068],[-122.94995078190757,45.558674252488942],[-122.95270156344475,45.558668077781789],[-122.95270156254641,45.558668157662382],[-122.95270250577748,45.558668156404401],[-122.95270250667581,45.558668075894815],[-122.95270106937133,45.557053200310655],[-122.95263471261792,45.557053350012467],[-122.95263419429,45.556724232146664],[-122.9526337648953,45.556449968616505],[-122.95268061203737,45.556449862314523],[-122.95267962658549,45.555822344877562],[-122.9526793678707,45.555657703639305],[-122.9526988873635,45.555657679107725],[-122.95269865380153,45.555503421821889],[-122.95269805732018,45.555110690205389],[-122.95269752551754,45.554760264071483],[-122.95269724793812,45.55457664072501],[-122.95269671883041,45.554229288479611],[-122.95269631548683,45.553963802262047],[-122.95269591393989,45.553698314161245],[-122.95269554113906,45.55345318493071],[-122.95269551059636,45.55343282669336],[-122.95277339363317,45.553430495472163]]],[[[-122.958376213908,45.557964816526045],[-122.95837532098261,45.557344487189745],[-122.95837523654097,45.557207627574549],[-122.95837512425157,45.557023692064313],[-122.95837498770766,45.556803107163475],[-122.95837490865591,45.556674023228624],[-122.95837483499405,45.556556006965856],[-122.95837447297298,45.555966338339736],[-122.95762935637744,45.555962204476998],[-122.95728117386486,45.555960270895973],[-122.9572811532036,45.555932844104497],[-122.95679235200977,45.555930128660833],[-122.955609813363,45.555923547939493],[-122.95560940283292,45.556335125224706],[-122.95466528155416,45.556329338358026],[-122.9546653785722,45.555834515018987],[-122.95386870047597,45.555829625702096],[-122.95320836597858,45.555825569197893],[-122.9528546749967,45.555823394071176],[-122.95285546371754,45.556318223169164],[-122.95285624704844,45.556810290365618],[-122.9528586186008,45.558299930790028],[-122.95287813989025,45.55830017357831],[-122.95287880105029,45.558712656170933],[-122.95285927526926,45.558712414013428],[-122.95285957261163,45.558899241699997],[-122.95286177168745,45.560279926299906],[-122.9528619800966,45.560417194804593],[-122.95286267269771,45.560908106564817],[-122.95286319461889,45.561277879290188],[-122.95501045201554,45.561259526470998],[-122.95501011874059,45.561936923921039],[-122.95560388987199,45.561935398101625],[-122.95837238438995,45.562009860681982],[-122.95838026710656,45.560728462598526],[-122.95837881632738,45.559739122387761],[-122.95837785513001,45.55908434411198],[-122.95837699544229,45.558498040659479],[-122.958376213908,45.557964816526045]]],[[[-122.84154946050369,45.409333880995518],[-122.84154637479071,45.408547424566933],[-122.84411879492986,45.408565792518772],[-122.84667509480128,45.408562726253685],[-122.84667408689153,45.408440619775142],[-122.84660895813511,45.408379197184708],[-122.84655110393588,45.408314262370929],[-122.84650090068789,45.408246241649735],[-122.84645868166618,45.408175582150442],[-122.84642471906024,45.408102746770716],[-122.84639924014384,45.408028213546444],[-122.84638241020699,45.407952473129029],[-122.84637434064079,45.407876020587132],[-122.84636350156858,45.407649527471854],[-122.84566531835334,45.407648802832682],[-122.84295552604428,45.407645952206813],[-122.84154435358128,45.40764444175344],[-122.84153512069682,45.405836491558034],[-122.83906653232975,45.405831293413641],[-122.83898546656188,45.405830399095606],[-122.83889130964535,45.405830174570063],[-122.83680174744615,45.405825215456481],[-122.83642424032945,45.405824316092833],[-122.83642224876445,45.40582438988357],[-122.83642238171512,45.405884954992139],[-122.83642425470248,45.406733344686607],[-122.83642625165737,45.40763845354644],[-122.83642939126929,45.408543370688193],[-122.83643033360201,45.408543366273591],[-122.83643059321513,45.409192326873743],[-122.83643152297145,45.409693420702119],[-122.83643271862911,45.410337966226038],[-122.83643351453642,45.410766517496896],[-122.83643442722476,45.411257378645836],[-122.83697110952158,45.411257607564238],[-122.83876376684131,45.411258335310258],[-122.83949235084241,45.411258624138391],[-122.8403574922414,45.41125896026368],[-122.84155697580935,45.41125932413668],[-122.84155564720103,45.410909917320105],[-122.84155349483761,45.410361367988074],[-122.84154946050369,45.409333880995518]]],[[[-122.95852963897201,45.55495804171602],[-122.9585302956405,45.555848776624934],[-122.95853036660739,45.555941564093366],[-122.95853069988235,45.556362063081437],[-122.95853080588356,45.556499197115393],[-122.9585314490773,45.557347115134647],[-122.95868700404687,45.557347254771756],[-122.95960389738934,45.557348074353399],[-122.96068108431453,45.557349025395133],[-122.96190367434825,45.557350308546724],[-122.96312689949085,45.557351151401129],[-122.96312636229828,45.556958304381965],[-122.96312596254801,45.556487924079789],[-122.96312573257927,45.556217457349938],[-122.96312551069541,45.555957403861832],[-122.96312465280431,45.5549474873443],[-122.96312420544329,45.554422137037655],[-122.96312363860633,45.553755462748548],[-122.96312298193787,45.552981670686073],[-122.96312257500104,45.552504904320756],[-122.96314100214248,45.552170458150378],[-122.96320031251081,45.552107530714743],[-122.96336942665125,45.55202038017314],[-122.96354048205102,45.551924703264071],[-122.96368356391285,45.551836933446346],[-122.96381956884686,45.551743057219817],[-122.96394937181216,45.551644942861387],[-122.96407270511075,45.55154279227731],[-122.9641893154178,45.551436815552329],[-122.96430209351185,45.551324120231776],[-122.96437521188439,45.551249335248798],[-122.96442192607579,45.55120370040089],[-122.96446976944951,45.551158644884985],[-122.9645187231409,45.551114183170974],[-122.96456877367527,45.55107032909963],[-122.96461990667956,45.551027093995707],[-122.96467210598408,45.550984492958129],[-122.96472535541919,45.550942538569714],[-122.96477963791685,45.550901244042421],[-122.96483493820575,45.550860620700853],[-122.96489123921788,45.550820682385975],[-122.96494852208859,45.550781439793475],[-122.96500677334318,45.550742905506226],[-122.96506597232042,45.550705091477944],[-122.96512610105395,45.550668009033409],[-122.96518714157752,45.550631669497342],[-122.96524907592477,45.550596083565353],[-122.96531188163789,45.550561262562219],[-122.96537555692015,45.550527215925456],[-122.96544010266994,45.550493948059923],[-122.9655054685816,45.550461474693854],[-122.96557163938375,45.550429805264748],[-122.9656385935168,45.550398951097286],[-122.96570632109933,45.550368917854442],[-122.96576358959703,45.550344402835357],[-122.96578602052965,45.550335022708047],[-122.96583033621927,45.550316844971903],[-122.96585773663207,45.550305838052843],[-122.96589753469408,45.550290162767133],[-122.965930471424,45.550277463002026],[-122.96596504218938,45.550264397112279],[-122.96600454560398,45.550249794388485],[-122.9660324185306,45.550239695841256],[-122.96608992687848,45.550219402492786],[-122.96616201218846,45.550194933960135],[-122.96627093291666,45.550159940970637],[-122.9663063346237,45.55010627507167],[-122.96636443226639,45.550020216651475],[-122.96627071372774,45.55002090549177],[-122.96585894576444,45.550023905564196],[-122.96559933444397,45.550025800975732],[-122.96536163033829,45.550027529681621],[-122.96516157732117,45.55002899606199],[-122.9645844205309,45.550033197672505],[-122.96410115655246,45.550036797255309],[-122.9640036821576,45.550037526985442],[-122.96382506294314,45.550038843645098],[-122.96371576222758,45.550050523100339],[-122.96303009254424,45.550123794232626],[-122.9629450723925,45.550141063644716],[-122.96281549580264,45.550167382314122],[-122.96249252181362,45.550232986751233],[-122.96225437573683,45.550281362637975],[-122.96223067728133,45.550286173174108],[-122.96217474996836,45.550305700285499],[-122.96185876217729,45.550416022895753],[-122.96138815546121,45.550580328468506],[-122.96109976571226,45.550673871342511],[-122.96038105239953,45.550906978626394],[-122.95978298372776,45.551074807421379],[-122.95915283352228,45.551178322668825],[-122.95884150978415,45.551220271219648],[-122.95872766269491,45.551235606551202],[-122.95840083762825,45.551264031443431],[-122.95834490851868,45.551265227294046],[-122.95794236984659,45.551273834775635],[-122.95639508195681,45.551271123510276],[-122.95643140623366,45.551279437847242],[-122.95653949422358,45.551304178921413],[-122.95668981291334,45.551342710936673],[-122.95683812386844,45.551384906586378],[-122.95691861651112,45.551409704858735],[-122.95704888929534,45.551452247700325],[-122.95719154805066,45.551503163316305],[-122.95733159270848,45.551557545010688],[-122.95740057972905,45.551586015032413],[-122.95753638074551,45.551645471271542],[-122.95760315341889,45.551676439872594],[-122.95773434068805,45.551740808335246],[-122.95777064699858,45.551759980152248],[-122.95786015064191,45.55180755015963],[-122.95796381981893,45.55186577258317],[-122.95797902560177,45.551874784456544],[-122.95804762994003,45.551915447953768],[-122.95810345574333,45.551948856515587],[-122.95816010440348,45.551981575612182],[-122.95821755436084,45.55201359329277],[-122.95827579393735,45.552044903267998],[-122.95833479977676,45.552075493586997],[-122.9583720933358,45.552093817324099],[-122.95844977155673,45.552131983317516],[-122.95844556025467,45.55292744134055],[-122.95844828214999,45.553080180895606],[-122.95844828214999,45.553170384424959],[-122.95844829023483,45.553260767715443],[-122.95844834952365,45.553352338489248],[-122.95845030874928,45.553442509500726],[-122.95845033030884,45.553454419106188],[-122.95845047942916,45.553536652746111],[-122.95845048661569,45.553627036076591],[-122.95845182241052,45.553702807370449],[-122.95845382026373,45.553794166068002],[-122.95845369988945,45.553881293100893],[-122.95845316718849,45.553973853591607],[-122.95852886911582,45.553975134304132],[-122.95852963897201,45.55495804171602]]]]},"properties":{"OBJECTID":1,"FID_1":1,"AREA":13241276034.920408,"Shape__Are":13241275997.499023,"Shape__Len":1112016.3659524811,"Shape_Length":483266.87904282869,"Shape_Area":2511472040.6957531}}]}