{"type":"FeatureCollection","features":[{"type":"Feature","id":1,"geometry":{"type":"MultiPolygon","coordinates":[[[[-123.13374479576596,45.548365313786995],[-123.13369192567529,45.548487839998614],[-123.13350985360603,45.548802750510433],[-123.13337196513775,45.549041247459549],[-123.13323981480774,45.549307369541033],[-123.133240717742,45.549356352006278],[-123.13324746188617,45.549724806711204],[-123.13327869133792,45.549881418347766],[-123.13330220718744,45.549999377706179],[-123.13331618721232,45.550069505216861],[-123.13364485785949,45.550460906526297],[-123.13402360501117,45.550753396372372],[-123.13444194444243,45.551014790763908],[-123.13477063318926,45.551208717299154],[-123.13498963223998,45.551316460046991],[-123.13520688802333,45.55138665424456],[-123.1352012016347,45.5512010442921],[-123.13517681096776,45.549969201812196],[-123.13539445533181,45.549935303061304],[-123.13644287313151,45.549804162081678],[-123.13714903454917,45.549535500618752],[-123.13756103821274,45.549333527806958],[-123.13780201850122,45.549215396722033],[-123.13817872557668,45.548970071342033],[-123.13859382577881,45.548699852156105],[-123.13882553631201,45.548548918090063],[-123.13885111687283,45.548532206948046],[-123.13976085212687,45.548138115735583],[-123.14061184018601,45.547908978911003],[-123.14175254249574,45.548017524971605],[-123.14176224592362,45.547635033140715],[-123.14178637261716,45.546683795498218],[-123.14178412558067,45.544791491539137],[-123.14250344553204,45.544787451495402],[-123.14251201547941,45.544787407949386],[-123.14329678237114,45.544783083247289],[-123.14600638546914,45.544779030483539],[-123.14620570579395,45.544771470619629],[-123.14620656283834,45.544771442201444],[-123.14621552906706,45.54477110044229],[-123.14621749870047,45.544771028814516],[-123.14621766791979,45.544771087094539],[-123.1462183965662,45.544771331644618],[-123.14624070095552,45.544778677868258],[-123.14624352343994,45.544779603242517],[-123.14625160502034,45.544782262079153],[-123.14632898912114,45.544807741702058],[-123.14643564013782,45.544842846552456],[-123.14652855053285,45.544871011539108],[-123.1466621768411,45.544901282159756],[-123.14682084097547,45.544930759325602],[-123.14692876455132,45.544947550067569],[-123.14704084510608,45.544952108229289],[-123.14707441933558,45.544871748211619],[-123.14739212246089,45.544068092445798],[-123.14755267043488,45.543664541750104],[-123.14755572804194,45.543169276300688],[-123.14755861467331,45.542703021725913],[-123.14756172110039,45.542201119520172],[-123.14840264205765,45.542243623245412],[-123.14922004962318,45.5422849339867],[-123.14943381081007,45.542295735325851],[-123.14942906915834,45.542078069007417],[-123.15045938764888,45.542068367264172],[-123.15045525023301,45.541866748552252],[-123.15043045047824,45.540658397248045],[-123.15040369553506,45.539354648221007],[-123.15038539492438,45.538462667257193],[-123.15272702652477,45.538701609113893],[-123.15263889191348,45.536948022819523],[-123.15291452464963,45.536968129915053],[-123.15296137336973,45.53664965350076],[-123.15300182241,45.536374602435046],[-123.15341473671512,45.535521460126787],[-123.15354290050927,45.53451238706262],[-123.15292135535601,45.534471620696721],[-123.15300669954699,45.533184331306799],[-123.15301384290068,45.533100365182605],[-123.15214673989178,45.533031529899496],[-123.15143512579085,45.532983776884372],[-123.1509874241267,45.532947218326925],[-123.1507644615704,45.532910398308218],[-123.15052563445668,45.532834464811565],[-123.15033038979449,45.532789604375893],[-123.15007602915547,45.532681932872755],[-123.14961808759213,45.532425938685741],[-123.14840121709396,45.53163457450389],[-123.14806112514128,45.531420279088742],[-123.14778727800953,45.531271105840858],[-123.14762017033792,45.531151542195808],[-123.1473199301635,45.530963479651099],[-123.14702332480734,45.530777799630499],[-123.14665091654696,45.530623485206782],[-123.14629048741945,45.530507903176854],[-123.1457362477902,45.530286667482969],[-123.14531519741662,45.53014334422695],[-123.14509788385671,45.530076772535537],[-123.14484044118716,45.529993216860795],[-123.14460252517991,45.529893491822975],[-123.1441944521941,45.529754494176949],[-123.14391941280529,45.529654694678399],[-123.14378065016039,45.529615924614014],[-123.14378854015131,45.529558978139285],[-123.14380684636444,45.529490538767021],[-123.14380679396838,45.529490233883479],[-123.14376595196914,45.528328669061231],[-123.14373458905514,45.527436878788272],[-123.14342630430357,45.527382346158987],[-123.14097115557865,45.526948000137054],[-123.14091484753317,45.526938040887146],[-123.13904033727975,45.526606465087006],[-123.13894047160889,45.526568785387241],[-123.1389516267726,45.525892335095826],[-123.13895520626471,45.525675351485418],[-123.13627076660114,45.525687099015649],[-123.13575141779857,45.525689362258838],[-123.13498345219018,45.525692869645958],[-123.13483324197749,45.525693550534406],[-123.13470183114849,45.525694150920643],[-123.13470006838811,45.525690661895624],[-123.13467405359302,45.525671055512163],[-123.13457683239712,45.525597767036757],[-123.13456996995917,45.525592595365907],[-123.13453673507796,45.5255675273836],[-123.13448656337172,45.52552970304685],[-123.134464918527,45.525498796783538],[-123.13425460901249,45.525195498071263],[-123.13406449618715,45.525022425108517],[-123.1339935256384,45.524957807077804],[-123.13393668592479,45.524889958086028],[-123.13348546569772,45.524561911929197],[-123.13328722910489,45.524458509523768],[-123.13317056908735,45.524397657124396],[-123.13316168183296,45.52435543902309],[-123.13319423109532,45.524324603962455],[-123.13301662153539,45.524231965086102],[-123.1329949465545,45.524220658481681],[-123.13290875190079,45.524175697894584],[-123.13285018410926,45.52413765170828],[-123.13260966728832,45.523981409845874],[-123.13260873522268,45.523977654504328],[-123.13254937695349,45.523788569927149],[-123.13247416985878,45.523667911580958],[-123.13245325052448,45.523637429695349],[-123.13231677165693,45.523438571873783],[-123.13213328654646,45.523234121049256],[-123.13193491624263,45.523067472882893],[-123.13165378432417,45.522978540099828],[-123.13142587142103,45.522940046589277],[-123.13136283240608,45.522921621378671],[-123.13124602321257,45.522840844460291],[-123.13103726217427,45.522623397299469],[-123.13092525321171,45.522506436214648],[-123.13080953160586,45.522259823922575],[-123.13076843776372,45.522172247143146],[-123.13071891862143,45.521835601645854],[-123.13073979650839,45.52167616769799],[-123.13077325514338,45.521544263888046],[-123.13076860156892,45.521321833608454],[-123.13074227937003,45.521119767164059],[-123.13083955641065,45.520947639981394],[-123.1308264702911,45.520947979857432],[-123.13079203576109,45.520716203059905],[-123.13089311620701,45.520510283686193],[-123.13087465083932,45.520153798029568],[-123.13060907080056,45.519757713453274],[-123.13060836913799,45.519756676022048],[-123.13034109557159,45.519464371393134],[-123.12998186411997,45.519184065125756],[-123.12998034922511,45.519182884872968],[-123.12988182500096,45.519106003126922],[-123.1298200006987,45.519057766482092],[-123.12984115071352,45.518994567346574],[-123.12985813611184,45.518897620576638],[-123.12983749194231,45.518915586489165],[-123.12979937872558,45.518935491536602],[-123.12974985122619,45.518961671544552],[-123.12963021798718,45.518985908951862],[-123.1296028886599,45.518991441415757],[-123.12928651792404,45.51898719429505],[-123.12906443046947,45.518911844106839],[-123.12891254972195,45.518835389784428],[-123.12872441615379,45.518734395439616],[-123.12844215062674,45.518708262944692],[-123.12804054784242,45.518675946356531],[-123.1277452962583,45.518622154931037],[-123.12764077374288,45.518546443399778],[-123.12725037561256,45.518513247208475],[-123.12659082626071,45.518347565488639],[-123.12643684168521,45.518351769608259],[-123.12609720322061,45.518224551770039],[-123.12543210770514,45.518160868139411],[-123.12536989924055,45.518154907865934],[-123.12489319829172,45.518186723663185],[-123.12484844614983,45.518189636446174],[-123.12470835271704,45.51819901363065],[-123.124538773282,45.518161726151028],[-123.12340507712842,45.517955909398459],[-123.12284323013812,45.51787663648156],[-123.1227519224081,45.51787252762221],[-123.1227519225499,45.517872389887806],[-123.12275192266513,45.517872026202888],[-123.12275193138996,45.517869682776343],[-123.12275194275449,45.517866383274047],[-123.12275211317417,45.517816044548162],[-123.12275254693103,45.517688057319113],[-123.12197826955443,45.517322906233993],[-123.12049536919234,45.517356741212765],[-123.12016658402626,45.517004173339394],[-123.11957515259972,45.516791848039631],[-123.11812832615412,45.515960652587282],[-123.11812858289446,45.51595304731449],[-123.11813222630501,45.515844973630735],[-123.11809712449347,45.515845582575182],[-123.11810173479266,45.515051687911175],[-123.11810249086085,45.514922252276854],[-123.11810269375022,45.514887271212416],[-123.11810274417782,45.514878618223676],[-123.1181048718442,45.514512641263032],[-123.11805470541083,45.514533600486985],[-123.11799615939573,45.514545576326185],[-123.11793995100409,45.514557147735047],[-123.11789257046109,45.5145668971901],[-123.11781452670709,45.514574825344091],[-123.11775714639229,45.514573746273122],[-123.11771533469475,45.514567893580988],[-123.11768488883872,45.51456025027553],[-123.11764112325325,45.514542853946175],[-123.11760001351593,45.51451750236496],[-123.11757323520646,45.514492733240772],[-123.11755793877902,45.514470114714733],[-123.11754994414861,45.51444974321538],[-123.11754560157893,45.514413316615702],[-123.11755499920122,45.5143580044343],[-123.11757171868769,45.514304027821012],[-123.11761711774705,45.51415796363856],[-123.11763849492409,45.514089188542307],[-123.11766838228687,45.514001655910171],[-123.11771734137947,45.513859507833352],[-123.11777599739457,45.513716328494063],[-123.1178205697063,45.513603485835247],[-123.11783325235434,45.513571371114317],[-123.11784892766832,45.5135144840755],[-123.1178598257338,45.513428949832232],[-123.11785967210548,45.513343658912163],[-123.11785356675729,45.513286808381338],[-123.11785235962112,45.513275609901534],[-123.11784358259604,45.513238555361966],[-123.11782827345884,45.513173965112195],[-123.11780960904301,45.513122145682523],[-123.11779179592723,45.513072692701421],[-123.11776852567783,45.513022644624328],[-123.11772525645671,45.512950993581597],[-123.1176748243692,45.512884215707679],[-123.1176475510091,45.512854811738883],[-123.11761675884102,45.512822408865574],[-123.11760032057366,45.512808621737754],[-123.11756945928209,45.51278276668998],[-123.11749073339618,45.512728633676865],[-123.11742528557731,45.512691133051639],[-123.11740450510754,45.512679226559342],[-123.1173692455374,45.512666039630275],[-123.11733846627759,45.512660592122273],[-123.11731503694857,45.512659559160298],[-123.11728245063617,45.512663813147292],[-123.11725671608882,45.512676121575893],[-123.1172415561815,45.512689754775252],[-123.11721273558453,45.512715692161599],[-123.11720083335254,45.512726397771701],[-123.11717729670985,45.51275193582218],[-123.1171640772786,45.512766290680339],[-123.11712889651223,45.512811755632654],[-123.11711555475806,45.512829003782926],[-123.11709391045083,45.51286227715606],[-123.11707298208967,45.512894426322362],[-123.11705694120779,45.512924519675344],[-123.117032825557,45.512969732933264],[-123.11700766355456,45.513025584849423],[-123.11698144488179,45.51308380187605],[-123.11695369492419,45.513140468860968],[-123.11692078734281,45.513196371053077],[-123.11689568693372,45.513231055053218],[-123.1168444496292,45.513287959536356],[-123.11680617197889,45.513321530973137],[-123.11675445473992,45.513366895650556],[-123.11670531651153,45.513404333811643],[-123.11665524984066,45.513442476014895],[-123.11662870170372,45.513460204648545],[-123.11656938648706,45.51349103200414],[-123.1165459377369,45.513499884455072],[-123.11654477939065,45.513499470217681],[-123.11652062534048,45.513509428618221],[-123.11648519096268,45.513518005066736],[-123.1164703925442,45.513519485398746],[-123.11646075521227,45.513520452165956],[-123.11644432572611,45.51351959251285],[-123.11642354315563,45.513513232952363],[-123.11640871962832,45.513500011710597],[-123.11639522002748,45.513477442785479],[-123.11636133968653,45.513419704160434],[-123.11632010959492,45.513337220702368],[-123.11628107529627,45.513262385662017],[-123.11624719118204,45.513198740848971],[-123.11621262767324,45.513140612397315],[-123.11620241640207,45.513125755619477],[-123.11619260108917,45.513110340842758],[-123.11616791266788,45.513069480234769],[-123.11614135887064,45.513026221871705],[-123.11609457476806,45.512949663708859],[-123.11605891810055,45.512889219177218],[-123.116024590557,45.5128286899375],[-123.11600442376665,45.512793146296289],[-123.11598051921207,45.512746523879784],[-123.11594640166976,45.512680003552994],[-123.11591362833012,45.512607347910283],[-123.11590691001081,45.51258909918387],[-123.11586250803704,45.512465850669308],[-123.1158508274024,45.512426314380406],[-123.11583756764217,45.512381430253313],[-123.11582111576386,45.512313381580512],[-123.11580203681082,45.512234463290078],[-123.11579247746647,45.512188450200775],[-123.11578242346275,45.512140054550578],[-123.11577527716932,45.512105555013513],[-123.11576765472525,45.512064053553061],[-123.11575792407807,45.512004882408455],[-123.11574978875917,45.511886929977052],[-123.11574973152993,45.511864567481275],[-123.11575055280851,45.511828735346036],[-123.11575402429595,45.511781516553853],[-123.11576164714559,45.511721850333281],[-123.11576647114093,45.511691193801099],[-123.11577912545215,45.511636491087572],[-123.11580581621972,45.511560995993115],[-123.11584537001612,45.511488422782847],[-123.11588263577634,45.511433447614856],[-123.11593073901294,45.51136247059317],[-123.11600760831769,45.511253259964121],[-123.11606564968884,45.511172009375748],[-123.11612265598781,45.511092501339178],[-123.11615215912369,45.511051379540937],[-123.11620745396709,45.510974737351447],[-123.11624662478995,45.510920565533993],[-123.11626991624402,45.510888299598371],[-123.1162788939104,45.510867765458642],[-123.1162780358423,45.510849968730419],[-123.11627146170139,45.510834587531782],[-123.11625685441821,45.510817139458588],[-123.11624911740168,45.510807907516096],[-123.11622518153847,45.510788087620696],[-123.11616765244327,45.51075009107349],[-123.11613340995676,45.510729200445709],[-123.11609563614346,45.510710029120787],[-123.11606741400249,45.51070057929266],[-123.11602551279809,45.510694917098476],[-123.11600483792519,45.510696134790614],[-123.11598441987556,45.510700165265916],[-123.11592018457395,45.510717527560061],[-123.11571064245348,45.510774174730088],[-123.1154702885306,45.510821277429805],[-123.11545323895633,45.510967091112377],[-123.11543143458671,45.511153680754902],[-123.11541294283541,45.511311861314503],[-123.11539543746821,45.511461664957764],[-123.11538548718133,45.511551741794548],[-123.11537855854185,45.511635123623464],[-123.11537743192072,45.511702672294788],[-123.11537888320491,45.511773114078082],[-123.11538480475966,45.511858850100552],[-123.11539366589432,45.511934751244219],[-123.11540304307771,45.511996838891676],[-123.11540580890644,45.512015178000375],[-123.11541784300837,45.512094896031201],[-123.11543360296824,45.512199359113339],[-123.11544947070735,45.512304503928881],[-123.11546688571991,45.512419886299824],[-123.11548210066036,45.512528620436207],[-123.11549288852737,45.51262549994393],[-123.11549925854639,45.512702339064788],[-123.11550168766088,45.512733389386611],[-123.11550371107465,45.512774811044231],[-123.11526120635308,45.512776254311738],[-123.1152581977415,45.512769876253159],[-123.11515103353292,45.512496913605645],[-123.11514643480429,45.512485197848051],[-123.11513138554618,45.512485432352157],[-123.11417731752539,45.512500135024425],[-123.1141768442632,45.51250014562234],[-123.114180798951,45.51208401714463],[-123.11392019679555,45.5120902991601],[-123.11390674821023,45.512938662148017],[-123.11379187079672,45.51293085045085],[-123.11248482518403,45.512754559003874],[-123.11241333838366,45.512744912532753],[-123.11241178739706,45.512510527214026],[-123.11240549066429,45.511557612235528],[-123.11240547395109,45.51155585721289],[-123.11105923458673,45.511547572747709],[-123.11023285969011,45.511542477938498],[-123.11023139322299,45.511535363119556],[-123.1102077492063,45.511420760374122],[-123.11005538993207,45.511169914636127],[-123.10989949978891,45.510913243203873],[-123.1097329674206,45.510813951591558],[-123.10954492442825,45.510729435827997],[-123.10954526686351,45.510665290521288],[-123.10954648478084,45.510439611231952],[-123.109547015259,45.510279508170342],[-123.10951683673667,45.510208530231026],[-123.10944328796246,45.510035497131632],[-123.10935476953738,45.509953033162937],[-123.10920531778638,45.509813784290948],[-123.1090759978666,45.509742032608749],[-123.10886375496058,45.509624268456371],[-123.1087695499879,45.509575460112274],[-123.10854841400786,45.509460868418387],[-123.10848076719672,45.509433532146971],[-123.10814053603359,45.509296039645527],[-123.10796879988727,45.509216534903864],[-123.10776536513998,45.509122354489833],[-123.10755312252037,45.508984961792642],[-123.10749887984629,45.508960336725046],[-123.10740881659424,45.50886865985283],[-123.10738663981506,45.508846088406472],[-123.10719245197113,45.508648432789577],[-123.10714752946113,45.50848909105332],[-123.10674206089382,45.508046244413578],[-123.1063906924979,45.507662470541796],[-123.10651376397672,45.507569269139537],[-123.10865276092159,45.505949477345411],[-123.10897921874657,45.50583942800251],[-123.10900315022991,45.505831358379936],[-123.10890309029949,45.505725509917227],[-123.10886791235104,45.505684676985361],[-123.10883619461487,45.505647859038952],[-123.10882358121354,45.505574324128993],[-123.108815729371,45.505528552246489],[-123.10881015316147,45.505487298043377],[-123.10879571781146,45.505411888209402],[-123.10887346738309,45.505339222401624],[-123.10897387935377,45.505245375878388],[-123.10913918430569,45.505090878500383],[-123.10923424854205,45.505002028573465],[-123.10931117647738,45.504930128870662],[-123.10938144932234,45.504864450674518],[-123.10945137550227,45.504799093451695],[-123.10955021355443,45.504742791326407],[-123.10963471439777,45.504699853640389],[-123.10972524456581,45.504653850913542],[-123.10980741624708,45.504612097629888],[-123.10989112204415,45.504569563711435],[-123.10995440658984,45.504537406628259],[-123.11004052991314,45.504493642870116],[-123.10999258768503,45.504428508339835],[-123.10998487376958,45.504418330257785],[-123.10993526530652,45.504342391779183],[-123.10986551569725,45.504372561728559],[-123.10845882335907,45.504944050448444],[-123.10827550836838,45.504944223813588],[-123.10799228336793,45.505060476405291],[-123.10716990918135,45.505398018358719],[-123.10665929186062,45.505607596156949],[-123.10649201173645,45.505450064565046],[-123.10607690877134,45.505059148238715],[-123.10598998422994,45.504977285325836],[-123.10512756929992,45.504165087981363],[-123.10508846722571,45.504145607972454],[-123.10505045216141,45.504126669018923],[-123.10494756399559,45.504075411208625],[-123.10489420914766,45.504048828836936],[-123.10481275739497,45.504008249645288],[-123.10476226164749,45.503983092348328],[-123.1047550141387,45.503979482226711],[-123.10470472278008,45.503954427468805],[-123.10465196537757,45.503928143128071],[-123.10457200693652,45.503888307326363],[-123.10426975344748,45.503737722818485],[-123.10419984299048,45.503702892767258],[-123.10411082571405,45.503743955802776],[-123.10410844070611,45.503744210659406],[-123.10400991342355,45.503698350500109],[-123.10376262720263,45.503647002110661],[-123.10358184709268,45.503443720376332],[-123.1035444910311,45.503389137955772],[-123.10354367012815,45.503387939190304],[-123.10339185393893,45.503107455905898],[-123.10328256630315,45.502859072183718],[-123.10315208553381,45.502663855394466],[-123.10315155400275,45.502627547591338],[-123.10314708935964,45.502322356224937],[-123.10323936723657,45.5018719447366],[-123.10322821618109,45.501739689554753],[-123.10270269907014,45.501813946627898],[-123.10174311377011,45.501979082670935],[-123.10114470448738,45.502149674231845],[-123.10046610375589,45.50247117888604],[-123.10037822780379,45.502512811394062],[-123.09983777860579,45.5027688563965],[-123.0997655226446,45.502807995306313],[-123.09965569922267,45.502859703253968],[-123.09924078552207,45.503070567668388],[-123.09865642758052,45.503588267186942],[-123.09818735256563,45.504235625297653],[-123.09755933694315,45.504784450655748],[-123.09696464541625,45.505363895599139],[-123.09644651039035,45.505991437766937],[-123.09627843131234,45.506344317356088],[-123.0959706166566,45.506682005064988],[-123.09580322196602,45.50703953514018],[-123.09588016862898,45.507191599720464],[-123.09594240931986,45.507423015332378],[-123.09581318061142,45.507482697188074],[-123.09537359584236,45.507695730554325],[-123.09430314564291,45.508200652725542],[-123.09294710171312,45.508846615265874],[-123.09171529499251,45.509433372235833],[-123.09143700929387,45.509565925486719],[-123.09133987257172,45.509602084985403],[-123.09133985655086,45.509602013325278],[-123.09134009261361,45.509570147409839],[-123.09134600836033,45.508545433974795],[-123.09139441166442,45.507718897844853],[-123.09143849422216,45.506966067332151],[-123.09144800492928,45.506803547702134],[-123.09145535126925,45.506750722993253],[-123.09146565549939,45.506591849531809],[-123.09146520834432,45.506538868365745],[-123.09146498278876,45.506537009962123],[-123.09143608277974,45.506279385458001],[-123.09143518711005,45.506259752202844],[-123.09142993388419,45.506144642480521],[-123.09142967358783,45.50613893109648],[-123.0914261765375,45.506062304589179],[-123.09142352629695,45.506004223180909],[-123.09140155001883,45.505948001240306],[-123.09127551238551,45.505625622224741],[-123.09116118931169,45.505386543982695],[-123.09055198426103,45.504094273045297],[-123.09018105811145,45.503319705651862],[-123.08989255675468,45.502726803943837],[-123.08987360197649,45.502670242768637],[-123.08974165747281,45.502356236055],[-123.08970550522002,45.502231994985465],[-123.08969274895412,45.502175113501551],[-123.08968344263654,45.502082424719909],[-123.08967839717897,45.50197177331917],[-123.08966990318403,45.50189693098023],[-123.08949813672355,45.501918668507514],[-123.08918964818032,45.501950635912749],[-123.08869232296166,45.50202294920107],[-123.08796733586874,45.502109898291955],[-123.08535593750501,45.50242306288645],[-123.08499323612762,45.50246642365061],[-123.08498926345632,45.502534784484929],[-123.08499477667604,45.503922334838663],[-123.08500210662174,45.505767682244162],[-123.0850050432861,45.506506528306083],[-123.08474542659903,45.506505471915787],[-123.08474399254298,45.506505467662819],[-123.0839877052114,45.506502461697664],[-123.08379263489439,45.506503762337644],[-123.08323244433106,45.506507107690595],[-123.08116763580485,45.506519433243078],[-123.08116727729085,45.506519432168894],[-123.08116695929667,45.506547645013711],[-123.08117268244592,45.510946337079275],[-123.08035807982772,45.510946209773444],[-123.07970270313797,45.510946102304544],[-123.07911363969068,45.510944780845605],[-123.07889613160037,45.510946584896146],[-123.07755234931987,45.510957209910387],[-123.07755159426638,45.510957217580085],[-123.07461965004023,45.510980629911202],[-123.07461985118917,45.51096812092716],[-123.07462533311302,45.51063235222081],[-123.07459190336392,45.510632714131368],[-123.07075742449697,45.510671701507498],[-123.07075740431752,45.510756176626202],[-123.07075737464048,45.510869207756294],[-123.07076272532444,45.511001561781718],[-123.07063027111073,45.510993020077763],[-123.07062991176792,45.510993000985032],[-123.0706297063147,45.510992987505503],[-123.07062953923374,45.510992973180954],[-123.0698415479997,45.510942236811353],[-123.06954471026938,45.510721807261667],[-123.06915217234032,45.510585668657519],[-123.06845194288432,45.510420388732356],[-123.06788660259305,45.510173889542557],[-123.06719215574088,45.509877445362683],[-123.06707286379103,45.509834250928243],[-123.06685489864873,45.509755322780357],[-123.06632253211846,45.50976327477521],[-123.06620214806804,45.509844928089954],[-123.06607071807539,45.509934057994144],[-123.0659134328815,45.510296874900938],[-123.06585844225093,45.51076425307452],[-123.06559605094778,45.511435379246059],[-123.06555648753054,45.511553057032984],[-123.06538671741946,45.512071360939991],[-123.0649752187886,45.512509310438297],[-123.06463970287811,45.512901141442839],[-123.0644523065104,45.513548289770107],[-123.0645842037696,45.513778301920446],[-123.06458999985503,45.513788408805055],[-123.06480315678176,45.514143637378915],[-123.06430700600093,45.514003961568896],[-123.0641693624527,45.513894525590928],[-123.0640297131558,45.51378376612584],[-123.0638670596411,45.513379900866937],[-123.06371073109071,45.512986184664179],[-123.06380641153936,45.512598512170193],[-123.06404703109287,45.51222252184521],[-123.06407597524921,45.512172134619114],[-123.06408682367926,45.512153203072963],[-123.06433391445353,45.511704522900686],[-123.06463473864783,45.511019847738162],[-123.06467135254563,45.510620798704217],[-123.06473226433334,45.510025179162959],[-123.06474941033107,45.50986273535603],[-123.06475823581242,45.509779172360702],[-123.06501700875934,45.509416836635694],[-123.06513855250617,45.509040242982245],[-123.06509478796198,45.508676262891676],[-123.06468915429961,45.508422572665687],[-123.06401167105405,45.508277734203176],[-123.06392414680433,45.50827718382309],[-123.06378969404523,45.508276337204748],[-123.06327977621832,45.508273122552247],[-123.06298723422292,45.50827127780817],[-123.06181707022556,45.508263890519274],[-123.06123198899863,45.508260192913021],[-123.06095619637762,45.508258448179618],[-123.06084283931904,45.508256142446967],[-123.06090765544349,45.507994150474822],[-123.06080150710331,45.507985533783739],[-123.06079993824527,45.507985406166974],[-123.06068242045022,45.507975675002328],[-123.06068137567091,45.507975499879976],[-123.06068035647193,45.507975324196501],[-123.06067976297842,45.50797522109152],[-123.06067212873718,45.507973921254894],[-123.06066217507109,45.507938640715139],[-123.06061217108011,45.507760442791763],[-123.06060105610301,45.507719906319089],[-123.06035473927635,45.507690843786428],[-123.0594134206156,45.507566051631983],[-123.05877039228783,45.50767922697392],[-123.05859415621242,45.508018518452907],[-123.05804130417941,45.509068927622501],[-123.05798421070533,45.509177401662313],[-123.05779552091759,45.509535898848306],[-123.05768316690197,45.509749358681077],[-123.05767961761454,45.509749380635014],[-123.05762008663261,45.509792630890502],[-123.05758287955874,45.509819662175325],[-123.0570660257697,45.510195164700313],[-123.05694666422606,45.510281881695583],[-123.05694666423243,45.510287632076547],[-123.05694663168138,45.510402508981009],[-123.05694659281571,45.510539695295584],[-123.05694657534335,45.510608419382883],[-123.05694657186082,45.510618309788761],[-123.056946563653,45.510648840633522],[-123.05694653105952,45.510768079810433],[-123.05668511778187,45.510674379084698],[-123.05650910837296,45.510732861477251],[-123.05641771004899,45.510763229652781],[-123.05652002274634,45.510799903145241],[-123.05637953947961,45.510801109931649],[-123.0563454413256,45.510801180589539],[-123.05628438352143,45.510801627352848],[-123.05609620119068,45.510901556391765],[-123.05596752985024,45.510969882830722],[-123.05579735135214,45.510967960107138],[-123.05484310437198,45.510957169666732],[-123.05474510148477,45.51095741416551],[-123.05473277157036,45.5109667749552],[-123.054617620507,45.511041070160978],[-123.05457097022683,45.51107116875162],[-123.05434675104867,45.511215824118111],[-123.05425867531623,45.51127264625962],[-123.05357312253446,45.51166605967903],[-123.05355291206698,45.511677654132562],[-123.05354880146649,45.511680473402762],[-123.05317403659323,45.511937443126918],[-123.05310803859594,45.511982699322388],[-123.05288532734384,45.512126031411626],[-123.05287295811699,45.512133994862964],[-123.05278371581939,45.512191426429418],[-123.05275106511432,45.512213092152528],[-123.05272532655815,45.512230175121736],[-123.05268303875056,45.512258240309933],[-123.05228155787165,45.512524668691995],[-123.05225339183215,45.512533045847221],[-123.05223254878463,45.512561615115857],[-123.05186579809964,45.513064403139531],[-123.051808185582,45.513107663156923],[-123.05158287830953,45.513305093450953],[-123.05155252530773,45.513498194053049],[-123.05168719510101,45.513561399545779],[-123.05170300185411,45.513939678431228],[-123.05125984455741,45.513939466307441],[-123.05122316333276,45.5139394496493],[-123.05093058127687,45.513939307810588],[-123.05078214436669,45.513939237593334],[-123.05016004542644,45.513938700072785],[-123.04980917655813,45.513935284518176],[-123.04971320629765,45.513934350561314],[-123.04962557628234,45.513920169158844],[-123.04956343581591,45.513905254593887],[-123.04943162981751,45.513865477069984],[-123.04937126245274,45.51383577422628],[-123.04929165733083,45.513839428146262],[-123.04905832347335,45.51371700628075],[-123.04902330867002,45.51368691352674],[-123.04892107551866,45.513632070640384],[-123.04888826966427,45.513602271686445],[-123.04885184263172,45.513578727022768],[-123.04857862455965,45.513415514659165],[-123.04843115598787,45.513325659751978],[-123.04834217864359,45.513278069617698],[-123.04831348764183,45.513269273713476],[-123.04828023438112,45.513245828832005],[-123.04824336414265,45.5132341274306],[-123.04819597639623,45.513205508952218],[-123.04816342948227,45.513197826083143],[-123.04812472773223,45.513177933372134],[-123.04808435282089,45.513164251505536],[-123.04805783011997,45.513133111644649],[-123.04800150461577,45.513111894112114],[-123.04798636565593,45.513095251630389],[-123.04793234447,45.513071067187369],[-123.04789643124904,45.513037220157869],[-123.04780815169372,45.512977951661576],[-123.0477412123476,45.512943077662477],[-123.04767505921554,45.512893094043669],[-123.04762214101301,45.512860824275236],[-123.04742037551209,45.512707859437505],[-123.0473416431705,45.512665700839555],[-123.0473032412342,45.51261441473148],[-123.04728300312776,45.512609204093927],[-123.04721711021166,45.512559557514166],[-123.04717041411459,45.51254086963413],[-123.04714936918425,45.512517669368883],[-123.04710748778703,45.512508478637905],[-123.047087270633,45.512492805613384],[-123.04699541578461,45.512446307971622],[-123.04691397214403,45.512414327175406],[-123.04685812150484,45.512398244178364],[-123.04677704437768,45.512363511543171],[-123.04670207423159,45.512318181032434],[-123.04664608539301,45.51227723256833],[-123.04647117092196,45.512189871556295],[-123.0464133603008,45.512151879307076],[-123.04639435060068,45.512125030194504],[-123.0463402827274,45.512088841249188],[-123.04625910745783,45.512003002664684],[-123.04621013621973,45.511971675092695],[-123.04607556926649,45.511864724132195],[-123.04600685046779,45.511833660633684],[-123.04591190926786,45.511767164454703],[-123.04586549043958,45.511722058728409],[-123.04575197157082,45.511649284626287],[-123.04556821888161,45.511500720035308],[-123.04548005995856,45.511444019016217],[-123.04544615418322,45.5114223042238],[-123.04529995453527,45.511316982417512],[-123.04524972853429,45.511268530675572],[-123.0451090920559,45.511107690239591],[-123.04503707378554,45.511046515972673],[-123.04501420299904,45.511015122989441],[-123.04496109264534,45.510973080280351],[-123.04484827338683,45.510850554202676],[-123.04480241042519,45.510817785523187],[-123.04476491629512,45.510781228270993],[-123.04464860771823,45.510716918026489],[-123.0445690740997,45.510651280371036],[-123.04447628440461,45.510545630520362],[-123.04442986528602,45.510511330011589],[-123.0443254333434,45.510412628443326],[-123.04424089123977,45.510349500513819],[-123.04417777753166,45.510291043742704],[-123.04410912719935,45.510245058078745],[-123.04402369664498,45.510145763000985],[-123.04398734553365,45.510118442553768],[-123.0438092080305,45.510013311739776],[-123.04371731569834,45.509965782608624],[-123.04369097430333,45.509944070824702],[-123.04362798503752,45.509882866402798],[-123.04359042694904,45.509833963300721],[-123.04354554286066,45.509768584475516],[-123.04351956091463,45.509705875098021],[-123.04350985925856,45.509658069950277],[-123.04350930359971,45.509569414262593],[-123.04352765600939,45.509505381511445],[-123.04357713316489,45.509466384233058],[-123.0436048850581,45.509432497149817],[-123.0436021350221,45.509431015962534],[-123.04350417348211,45.509465769412948],[-123.04349542949096,45.509466648571433],[-123.04336881682546,45.509428119536153],[-123.04330523210932,45.50942438284882],[-123.04327353072371,45.509402790451759],[-123.04324622620064,45.509392245590604],[-123.0432302422838,45.509367560699474],[-123.04317743323108,45.509326712378616],[-123.04311289520066,45.50925816714529],[-123.04306743666962,45.509196232140177],[-123.0429817910146,45.50913021438096],[-123.04287912757809,45.509059941240814],[-123.04281751714832,45.509024089651312],[-123.04279724765249,45.509028995176685],[-123.04276485434008,45.509051837134415],[-123.04272197427316,45.509025688328443],[-123.04267682548436,45.508987071011461],[-123.04263783754304,45.50896615296481],[-123.04258542833115,45.508928724463253],[-123.04234395424277,45.508798069104465],[-123.0422214376609,45.508752931442231],[-123.04200113836889,45.508653875081059],[-123.04191222575336,45.508623771995609],[-123.04181246770541,45.508596653250557],[-123.0417105030016,45.50858553186837],[-123.04158478716472,45.50858334061229],[-123.04151949269851,45.508595932566266],[-123.04149584599992,45.508607090235259],[-123.04148192991559,45.508623175177533],[-123.04147831776002,45.508640576893242],[-123.04146415542849,45.508645692194008],[-123.04146619451606,45.508663998878433],[-123.04151579061912,45.508736646560891],[-123.04155602944178,45.50881824950573],[-123.04157613167158,45.508836842546131],[-123.0415868432177,45.508901775187034],[-123.0416130807714,45.508964821472489],[-123.04163002372107,45.508983655224093],[-123.041667042566,45.509047835930765],[-123.04179656208038,45.50910840110906],[-123.04181552683917,45.50911726812334],[-123.04183883380917,45.50913664650944],[-123.04184209084202,45.509149436465201],[-123.04188425640606,45.509181432512165],[-123.04189966811276,45.509204244158617],[-123.04190031102823,45.509213172550318],[-123.04190096188918,45.509222223193504],[-123.04189759528185,45.509236506747925],[-123.04189624669496,45.509242222552395],[-123.04189248075586,45.509244649525542],[-123.04187596027677,45.509255292917622],[-123.04183863677086,45.509279341079022],[-123.04183326535136,45.509301068666353],[-123.04179510636889,45.509315072789732],[-123.04175767305092,45.509328809949352],[-123.04174771834035,45.509346180534919],[-123.04175254527556,45.509366825487966],[-123.04173031102347,45.509469533167184],[-123.04172997332176,45.509505555826429],[-123.04176607469171,45.509723595439318],[-123.04177543355945,45.509867278229223],[-123.04177175608585,45.509943164253094],[-123.04174513957537,45.510105994006793],[-123.04168782694951,45.510296944862887],[-123.04165411862556,45.510448441771224],[-123.04159244308374,45.510672759054756],[-123.04155310152686,45.510742058031198],[-123.04154896524,45.510764102560159],[-123.04146828507572,45.510841691968466],[-123.04142989961881,45.510899652121743],[-123.0414109704308,45.510907274652411],[-123.04137157347073,45.510942617294582],[-123.04127105432117,45.51100212265257],[-123.04122118765051,45.51104335798081],[-123.04119053301183,45.511061529267522],[-123.04105322327818,45.511007456731235],[-123.04064578765784,45.510962101542582],[-123.04063873372557,45.51095711323925],[-123.04059706956008,45.510952717939752],[-123.04058522384935,45.510955038950478],[-123.04056078983479,45.510970499276944],[-123.04045232373277,45.51095591929878],[-123.04036453882186,45.511027491785121],[-123.04040955379703,45.510954121608052],[-123.04037892928156,45.510912952227898],[-123.04037916144728,45.510847261117313],[-123.04040179952439,45.510835269592157],[-123.0405643503228,45.510777481019609],[-123.0407217725044,45.510708656014558],[-123.04081208905174,45.510655551112912],[-123.04088357208154,45.510606806951792],[-123.04091892174402,45.510551829634828],[-123.0409336354216,45.510400925572071],[-123.04093413357481,45.510363010875295],[-123.04092367208193,45.510292755435181],[-123.04088795197818,45.510197675515286],[-123.04083137728374,45.510116263231019],[-123.04085363033204,45.510024874249098],[-123.04085300426975,45.509939993741],[-123.04089700893192,45.50984949686724],[-123.0409134714759,45.50972136343249],[-123.04089753592548,45.509343380919852],[-123.04090461678305,45.509065560878625],[-123.04087045312069,45.50900526149109],[-123.04083283634738,45.508976767701341],[-123.04080449812977,45.508997630458097],[-123.04066237129727,45.50906474647411],[-123.04058082020735,45.509111997557177],[-123.04046459679158,45.509202034348604],[-123.04038508310609,45.509283885262754],[-123.0402555260542,45.509381247793947],[-123.04016069874214,45.509442513398838],[-123.04004047928879,45.509486847244396],[-123.03991873594606,45.509513548995606],[-123.03988199137703,45.509526366773912],[-123.03978654864314,45.50954116828273],[-123.03974533030751,45.509542194682261],[-123.03972575577816,45.509542682666059],[-123.03954216737307,45.509547256445799],[-123.0393467577838,45.509541115698831],[-123.03924419731069,45.509533093617783],[-123.03915197985198,45.509510949505653],[-123.03908973049116,45.50948797255689],[-123.03903344876987,45.509462119330422],[-123.03893921987378,45.509405891209276],[-123.03862370726921,45.509168474147366],[-123.03854930480354,45.509091913391025],[-123.03849819608834,45.509018095691658],[-123.03847371539457,45.508934256043709],[-123.03847313116961,45.508882990934268],[-123.03861739001441,45.508388791499115],[-123.03863242257431,45.508304937812163],[-123.03863374010194,45.508247111322738],[-123.03861756144238,45.508201677326475],[-123.03855983441318,45.508110685005349],[-123.03850124187002,45.508038576544017],[-123.03842268307412,45.507989033156093],[-123.03837756939262,45.507951099408217],[-123.03807123133977,45.507749493969143],[-123.03793739079686,45.507652808080145],[-123.03779309277442,45.507562185259161],[-123.03775027005949,45.507537233371522],[-123.03761602874592,45.507475199255403],[-123.037539693257,45.507453562039821],[-123.03752989767017,45.507447261279317],[-123.03744662395687,45.50743949716859],[-123.03733506944751,45.507388452270725],[-123.0373311893507,45.507372589027675],[-123.03730920768608,45.507344604051475],[-123.03730192911793,45.507318182655467],[-123.03727069271218,45.507279598480302],[-123.03726392400874,45.50725367910151],[-123.03724471553132,45.507233180941519],[-123.03722704682252,45.507192581603327],[-123.03713959508048,45.507074977242972],[-123.03711908367031,45.507052620605094],[-123.03703761314267,45.506987019179718],[-123.03700200197902,45.506965167138283],[-123.03691518069184,45.50692712390385],[-123.03674719777317,45.506885043666657],[-123.03657171088751,45.506849643557182],[-123.03642313439427,45.506827029721876],[-123.03638728810115,45.506805354541669],[-123.03633375650028,45.506797274660656],[-123.03606471300976,45.506780577915322],[-123.03594248615676,45.506763552728735],[-123.03580519904507,45.506753378183468],[-123.03573767339991,45.506754182545478],[-123.03557891118767,45.50673830801275],[-123.03543529450791,45.506744736606059],[-123.03542055841979,45.506671487722059],[-123.03542732661029,45.506544426215214],[-123.0353988666965,45.506524301544033],[-123.03537791779462,45.506486691571858],[-123.03536064016292,45.506476611260332],[-123.03529109533515,45.506410403058901],[-123.03524779782684,45.506325608556935],[-123.03521891231379,45.506306865860616],[-123.03519118792147,45.506270431916249],[-123.03511388338781,45.506221545963101],[-123.03510590088271,45.506211248439328],[-123.0351017484864,45.505563405486164],[-123.03285552663911,45.50555537640993],[-123.03283017771257,45.50561383767316],[-123.03283615784316,45.5059327691486],[-123.03281907651828,45.506599945377573],[-123.03279595025934,45.507219063267399],[-123.03279419934599,45.507267293199654],[-123.03276936879072,45.508110773936153],[-123.03276218569455,45.50829975556988],[-123.03274336909068,45.508928039449714],[-123.03274064646992,45.508954509724894],[-123.03273933806062,45.509012678766055],[-123.03272143200563,45.509573883939119],[-123.03269512556446,45.510121727119738],[-123.03269666124442,45.510156164269233],[-123.03269879246577,45.510203966923413],[-123.03268043162522,45.510667426005789],[-123.03266608719161,45.511221007178349],[-123.03262722259828,45.512625091192994],[-123.03259405994626,45.513806954728288],[-123.03259172694953,45.51384216346743],[-123.03256839262187,45.514806860148447],[-123.03256333182296,45.51504347271522],[-123.0325561737544,45.51558317342193],[-123.03253191901037,45.51608963774239],[-123.03252546756873,45.516295066779101],[-123.03252381524065,45.516345524942032],[-123.03251816238878,45.516656410841328],[-123.03251063266974,45.516837682744615],[-123.03250495961231,45.517060587870915],[-123.03250166109376,45.517161675049117],[-123.03249981434612,45.517295315194254],[-123.03249024088379,45.517518306665536],[-123.03249306930168,45.517581700302152],[-123.03248086539564,45.517833217656168],[-123.03245800935241,45.518546139701265],[-123.03244195932719,45.519236613858254],[-123.03244052463477,45.51932587722785],[-123.03231235814022,45.519310113556799],[-123.0316519518977,45.519228960313193],[-123.03144057816453,45.51920298168465],[-123.03123359488326,45.519177544814852],[-123.02902135795176,45.518905660221343],[-123.02893508828608,45.518896584592248],[-123.0289347908748,45.518911184606736],[-123.02893338557379,45.518996363119896],[-123.02893308937028,45.518996324527158],[-123.02747719112813,45.518826216712746],[-123.02232969707886,45.518225819671699],[-123.02232861457843,45.518225690929285],[-123.02040375436795,45.517999138817153],[-123.02040491661917,45.518036329397091],[-123.02043145850037,45.519755724814289],[-123.01995770342998,45.519756173178948],[-123.01817591449468,45.519758551503216],[-123.01799813736959,45.519710656613071],[-123.01619834139069,45.519780112563119],[-123.01619849966922,45.519786355405905],[-123.01619898521861,45.519805652608277],[-123.01561640091556,45.51981652834283],[-123.01550144711638,45.519817125499941],[-123.0154416997355,45.519817435144816],[-123.01527207519005,45.520149551869601],[-123.01530067203382,45.520167277593082],[-123.01540053905204,45.52021328229884],[-123.01546419615853,45.520284432729049],[-123.0156365644827,45.520320446079161],[-123.01567247541684,45.520332524015508],[-123.01583095685397,45.520341401034109],[-123.01596221845575,45.520341613382314],[-123.01604530466462,45.520355744207393],[-123.01616911036524,45.520363836815491],[-123.01634168651618,45.520393500289131],[-123.01635725781784,45.520431059888843],[-123.01648520914488,45.520472161925106],[-123.01651245025013,45.52054736877561],[-123.01657345779979,45.520800881836848],[-123.01659216314432,45.520975231466068],[-123.01659113353591,45.521166648701026],[-123.01660839681091,45.521209317137973],[-123.01661980111548,45.521180426259846],[-123.01662614215796,45.521268439211489],[-123.01666192585293,45.521321676971247],[-123.01670235245852,45.521276030464875],[-123.01673090938104,45.521204746523011],[-123.01674626680473,45.520934810436565],[-123.01676618292321,45.520817239853031],[-123.0167930342307,45.520751482748082],[-123.01680507321865,45.520698396099903],[-123.01689369944826,45.520567829442115],[-123.01699110236638,45.520541685410919],[-123.01705968169061,45.520531265661432],[-123.0171089885205,45.520559340184029],[-123.01722502969602,45.520584923672509],[-123.01726253297264,45.520588904010438],[-123.017302701331,45.520603457840863],[-123.01738805076032,45.520624569227586],[-123.01741590173253,45.520641966665416],[-123.01745037959778,45.520649272576378],[-123.01748916808098,45.520671232058106],[-123.01753435656707,45.520677958643745],[-123.01758012969854,45.520692390631517],[-123.01778314537674,45.520720698931129],[-123.01794730029897,45.520758432519997],[-123.01796752240563,45.520757819089368],[-123.01806337106295,45.520801165421531],[-123.01826906172614,45.520884292944743],[-123.01837794826963,45.520974002646497],[-123.01857394712729,45.521097130545414],[-123.01867473346196,45.521218745569243],[-123.01870001336574,45.521304627917687],[-123.01884878663,45.521419015385987],[-123.01911564714499,45.521539045607604],[-123.0191546432352,45.521637146944386],[-123.01915189156786,45.521668592411565],[-123.01918420092608,45.521764438158968],[-123.01912295413619,45.521868681880648],[-123.01897917284606,45.521861371646104],[-123.01893766445227,45.521849591890238],[-123.01879472360002,45.521844664942186],[-123.01866103406384,45.521855827664723],[-123.01846406119482,45.521826358884347],[-123.01834705075316,45.521789993692536],[-123.01828932667149,45.52178113972915],[-123.01823176598805,45.521781544921147],[-123.01816779755445,45.521752934605658],[-123.01812299693314,45.521738480061579],[-123.01810237433062,45.521719039250399],[-123.01803868646904,45.521691279773101],[-123.01793100991092,45.521683863853397],[-123.01788576073419,45.521670278551625],[-123.01779197884183,45.521657069161144],[-123.01775943131362,45.521665842786881],[-123.0176591983554,45.52166117904558],[-123.01759906735326,45.521642088649749],[-123.0175863820464,45.521592632509233],[-123.01760626279695,45.521584306685938],[-123.01736560310226,45.52155990981187],[-123.01729481508876,45.521542596412587],[-123.01720881603666,45.52153436231341],[-123.01711077610285,45.521535139138514],[-123.01695094227821,45.52152337550347],[-123.01688376864655,45.521483000915872],[-123.01680676658103,45.521468567579987],[-123.01677727726043,45.521458237408893],[-123.0167513755711,45.521677467535007],[-123.01674230946,45.521880209179081],[-123.01673537703898,45.522252172780426],[-123.01674174069014,45.522269183762944],[-123.01676249541029,45.522280562775912],[-123.01678817933792,45.52228754625019],[-123.01680322846582,45.522290629893881],[-123.016630838984,45.522625255286528],[-123.01671537984031,45.522637866365891],[-123.01767681431434,45.522781277549761],[-123.01774158578576,45.522792820790961],[-123.01761977923145,45.522785885658784],[-123.01751263424289,45.522773998435106],[-123.01739300823202,45.522750209069734],[-123.01727753969836,45.522737646829526],[-123.01738695395949,45.522872278668494],[-123.01740249287225,45.52292561779749],[-123.01739808709925,45.522969275373519],[-123.01740368932734,45.522996593421979],[-123.01740156958722,45.523075357654669],[-123.017419954906,45.523093821527702],[-123.01741892118379,45.523147523353529],[-123.0174263658368,45.523183373947219],[-123.01784351583839,45.523187782039962],[-123.01795756423591,45.523184769101157],[-123.0179671396041,45.52317512708197],[-123.01792634953817,45.523130057764575],[-123.01799598617771,45.523082912307594],[-123.01805840510396,45.523087547834884],[-123.01809154802719,45.523081161149598],[-123.01813493087897,45.52309118687409],[-123.01836397694046,45.523178091802215],[-123.01843390455305,45.523197994917545],[-123.01846975564212,45.523219677179782],[-123.01849552653835,45.523256155928969],[-123.01862559634191,45.523383301837058],[-123.01875355052385,45.523336250045908],[-123.0187847366718,45.523285831480202],[-123.01881502464566,45.523336102273667],[-123.01888506462818,45.523402480938245],[-123.01892643100923,45.523306562603295],[-123.01900764289941,45.523294834980014],[-123.01909177513623,45.523260920028399],[-123.01916688674103,45.523133736343468],[-123.01921510669646,45.523093232735249],[-123.01924527732101,45.52308039444933],[-123.01925190591746,45.523042863053803],[-123.0192973019814,45.523043239246462],[-123.01929971581259,45.523040422756821],[-123.01954992606349,45.523081899176283],[-123.01971602413077,45.523006101867225],[-123.01980630578812,45.523022816728108],[-123.01992197422832,45.523050805520192],[-123.01997884503457,45.523100837202918],[-123.02000335566234,45.523114363406158],[-123.0200237879037,45.523145984542872],[-123.02004342692801,45.523225645742471],[-123.01995861575817,45.523288216620053],[-123.0198832040162,45.52338110830069],[-123.01984768964289,45.523443970854906],[-123.01980391984594,45.5235737282202],[-123.01983494334138,45.523695499241761],[-123.01988211110336,45.523752261158926],[-123.01987602706265,45.52384054566167],[-123.01985877636525,45.523919127914596],[-123.01987303829705,45.523960146727909],[-123.01986986145242,45.523981997487965],[-123.0198927642199,45.523997786323037],[-123.01990743941946,45.524020617373097],[-123.02002438729831,45.524066417058293],[-123.02023472988881,45.524089071286809],[-123.02038956692081,45.524092534489426],[-123.02079654966577,45.524071087343273],[-123.02102829781116,45.524053825571684],[-123.02140791826939,45.52404806912768],[-123.02166625493977,45.524052688376202],[-123.02169284823452,45.524047131648018],[-123.02174826823848,45.52404797365238],[-123.02191482885365,45.52403522799974],[-123.02197998304456,45.524041000502407],[-123.02198907083307,45.52403685609012],[-123.02216286726276,45.524027725493539],[-123.02229528785931,45.524042825224981],[-123.02246116199116,45.524036611722842],[-123.02262721941739,45.524045486212238],[-123.02277510860468,45.524046354448629],[-123.02291996185151,45.524055693847977],[-123.02314060097007,45.52408497696107],[-123.02339187738525,45.524106384538811],[-123.02365926434931,45.524149905240684],[-123.02373099371054,45.524155360931616],[-123.02390304577777,45.524178334786825],[-123.02409089357512,45.524216398499291],[-123.02414955207213,45.524235174497321],[-123.02420843193573,45.524247945169854],[-123.02430801689415,45.524265307951886],[-123.0244146165936,45.524259363106175],[-123.02445923760891,45.524264215296355],[-123.02461305500022,45.524294105854466],[-123.02469639768231,45.524295739803172],[-123.02488533209286,45.524299442794423],[-123.02498467357738,45.524311322852434],[-123.02529147312795,45.524363233200816],[-123.02532945855307,45.524361539427275],[-123.02536013063869,45.524365496629677],[-123.02536497594042,45.524342752637025],[-123.02549811536623,45.524406883325518],[-123.02553358760157,45.524414506562046],[-123.02556318755147,45.524427232924282],[-123.02566674158044,45.524446051600258],[-123.02573952918553,45.524464345666921],[-123.0258957799259,45.52451047494862],[-123.02606634249983,45.5245821850204],[-123.02627381370456,45.524682754139093],[-123.02633201593063,45.524718689818613],[-123.02645808827687,45.524771998403423],[-123.02667952125201,45.524890267177398],[-123.02671523304775,45.524919666225074],[-123.02686145524501,45.525014548268686],[-123.02687182228183,45.525028212604738],[-123.02691176736225,45.525054088547662],[-123.02696110422927,45.525099137330123],[-123.0270156849335,45.525168765995062],[-123.02704953180384,45.525227532749163],[-123.02709979072503,45.525260384058122],[-123.02716224128133,45.525347848379042],[-123.02723974952649,45.52542829312889],[-123.0272694398689,45.525514248409351],[-123.02729024376124,45.525532140846089],[-123.0273309550581,45.525619053898055],[-123.02737533552173,45.525684276307977],[-123.02741973563978,45.526012924033125],[-123.02743795761133,45.526044079576138],[-123.02743783051238,45.526096048060076],[-123.02745623608415,45.526136801705299],[-123.02747806520306,45.526221557912891],[-123.0275188827321,45.526283429543653],[-123.02754995492378,45.526301782900774],[-123.02757869555295,45.526311611729412],[-123.02762728559456,45.52631791791697],[-123.02771652807513,45.52631664235092],[-123.02784335502557,45.526288125995649],[-123.02796500814082,45.526253035968253],[-123.02805798943925,45.526231610874241],[-123.02813009361626,45.526218019075444],[-123.02816018899236,45.526225416786168],[-123.02820625087728,45.526218743950686],[-123.02833410491274,45.526191406536668],[-123.02852058570525,45.526149229479827],[-123.02865324556889,45.52610926631754],[-123.02873349071012,45.526097723959836],[-123.02878667718865,45.526103071365988],[-123.02935455519192,45.526029002442719],[-123.02952649728874,45.526000006567109],[-123.0296723967479,45.525999882191471],[-123.02971786308889,45.52599082090596],[-123.02973625355632,45.525992816936444],[-123.02978312702396,45.525982522516628],[-123.02981577516012,45.525986948855653],[-123.02985106510964,45.525979485245223],[-123.02996206962951,45.525968293707663],[-123.0300922940251,45.525966798105991],[-123.03014252827653,45.525960719120064],[-123.03028617317625,45.525964757494421],[-123.03061135562123,45.525985380012202],[-123.03077153905932,45.525999173658199],[-123.03089668604333,45.526015111839023],[-123.03101021295588,45.526022214558402],[-123.03105764648181,45.52602991534657],[-123.031090247104,45.526027826044846],[-123.03113771202916,45.526036212948469],[-123.03118393255384,45.526038624486432],[-123.03122433365323,45.526030874132367],[-123.03126635619701,45.526015713537419],[-123.03130943364958,45.525974976983562],[-123.03134026729632,45.525966065733137],[-123.03136156217835,45.525934726527744],[-123.03138028332012,45.525927796264703],[-123.03139549814091,45.525896934522443],[-123.03147220185296,45.525822357134729],[-123.03157822272242,45.525754164504576],[-123.03164197512835,45.525668209694558],[-123.03166454645161,45.525627237950424],[-123.03168533108023,45.525600883167456],[-123.0317031611131,45.52559037149426],[-123.03175616552799,45.525515114096656],[-123.0318558102895,45.52532581210513],[-123.03192692943033,45.525147941359037],[-123.03196806072101,45.525096441990407],[-123.03204130293499,45.524906004650752],[-123.03205461522967,45.52482699259658],[-123.03205826478718,45.524739274795728],[-123.03207082847739,45.524698180585766],[-123.03206691289441,45.524654190512884],[-123.03205202910796,45.524599467919955],[-123.03199183788135,45.524529964026115],[-123.03195239188366,45.524493445250627],[-123.03186583023044,45.524428981543778],[-123.03186308503352,45.524301788645353],[-123.03189868618017,45.524292078012202],[-123.03189956820536,45.524291837445155],[-123.03196842556743,45.52427305570334],[-123.03210897233905,45.524262412357245],[-123.03217586156342,45.524246875072805],[-123.0322365207244,45.524246395865752],[-123.0322369552745,45.524376974014174],[-123.03223870105491,45.525293031062724],[-123.03223883428598,45.525360314896041],[-123.03223938826189,45.525596434259008],[-123.03224004108074,45.525878950637292],[-123.03224005457614,45.525889295082003],[-123.03224017249795,45.525936447855159],[-123.03224155140504,45.526530721735504],[-123.03224157171952,45.52653777861407],[-123.03224158180893,45.52654291025447],[-123.03224160269579,45.526551993399273],[-123.0322419587269,45.526728807517834],[-123.03224196117924,45.526732598072734],[-123.03224495943302,45.526732603267199],[-123.03242743634586,45.526732911912973],[-123.03399738419908,45.526735562617894],[-123.03413720432403,45.526735710457679],[-123.0345465940245,45.526736133915399],[-123.03475436263798,45.526736349047255],[-123.03498230528341,45.526736587640301],[-123.03498311208224,45.526736587228719],[-123.03572688375101,45.526737353404641],[-123.03582807228928,45.526737460448217],[-123.03592098582209,45.526737552676344],[-123.03591785353426,45.526929469291588],[-123.03591713293935,45.527044387046445],[-123.03592810681064,45.527046917648313],[-123.03593685516789,45.527048930374306],[-123.03654901126313,45.527273476403337],[-123.0365520454253,45.527274588816283],[-123.0365590263693,45.527277180890543],[-123.03657387455233,45.527282686949569],[-123.03661096355671,45.527301547280707],[-123.03675164335624,45.527373083782479],[-123.03684794610179,45.52743150015629],[-123.03700477989948,45.527534026616344],[-123.03717195890636,45.527621568921063],[-123.03717378210099,45.527622518593901],[-123.03717668134719,45.527624057002015],[-123.03720072465858,45.527646474516033],[-123.03723586262402,45.527679260357893],[-123.03725407969544,45.527696251308399],[-123.03727852475743,45.527719037248524],[-123.0372809066473,45.527722469149488],[-123.03728632733959,45.527730262955366],[-123.03731189594859,45.527767005005884],[-123.03732847276149,45.527791135721834],[-123.03733076070449,45.527794469744357],[-123.03733206172244,45.527796358835602],[-123.03733292522941,45.527797618313159],[-123.03733486991733,45.527800456599451],[-123.03745039329868,45.527895998211797],[-123.03781754018563,45.52816177915939],[-123.0382532505903,45.528476469165071],[-123.03837672691111,45.52853153914036],[-123.03843248166793,45.528555856867186],[-123.03857429837296,45.528669318015481],[-123.03859498129147,45.528685867184642],[-123.03861062914321,45.528698385930618],[-123.03862684050414,45.528711748485136],[-123.03873289145142,45.52881333238853],[-123.03882407495961,45.528931881762041],[-123.03892370494681,45.529064307165839],[-123.03892451011158,45.529065432874987],[-123.03895078513341,45.529102474274985],[-123.03896439846714,45.529123032512238],[-123.03896544261212,45.529124612111438],[-123.03896717412826,45.529126968914582],[-123.03897374902881,45.529135924871909],[-123.03897529772503,45.529138492688759],[-123.03898007138324,45.529146417507654],[-123.03901937554495,45.529208433455246],[-123.03904503600143,45.529248909738996],[-123.03904728242094,45.529252460671998],[-123.03917386142147,45.529333010973581],[-123.03930140905507,45.52939142022187],[-123.03933496803764,45.529393694342794],[-123.0393738582372,45.529396336814848],[-123.03943660526789,45.529400306730068],[-123.03944671571867,45.529400956430045],[-123.03945019618297,45.52940117689878],[-123.03945074913827,45.529401227885927],[-123.03955667524563,45.529412633921211],[-123.03957511804651,45.529414620990579],[-123.03957540111971,45.529414650841311],[-123.03957573572919,45.529414687672705],[-123.03962248985634,45.529412448457201],[-123.03964377384617,45.529413778714485],[-123.03967677149373,45.529415839903287],[-123.03967729806764,45.529415873459705],[-123.03980130871385,45.529395469157336],[-123.03988946300416,45.529315143478939],[-123.03989507986579,45.52930986964229],[-123.03990444737202,45.529301091784049],[-123.03994575089338,45.529264329766818],[-123.04000944300739,45.529221293569094],[-123.04006511635009,45.529183665340611],[-123.04019678113585,45.52914112457227],[-123.04031526399589,45.529102845556835],[-123.04044650887248,45.529069245115785],[-123.04062501155326,45.529045231173598],[-123.04090070055925,45.529011694838289],[-123.0411454396467,45.528984325085304],[-123.04120373499006,45.528978417933985],[-123.04125124809592,45.528973676170956],[-123.04139400474899,45.528959472139775],[-123.04139418348103,45.52895945924832],[-123.0416275181237,45.528958907893845],[-123.04162840132659,45.528958896772401],[-123.04195711124916,45.528980416838984],[-123.04195730356861,45.528980421654296],[-123.04252132056651,45.528953898536741],[-123.04252220301605,45.528953870321708],[-123.04265385505512,45.528949417722231],[-123.04265473790089,45.528949398499272],[-123.04289958511517,45.528944492751428],[-123.04290048075565,45.528944473248011],[-123.04308211633894,45.52890323634405],[-123.04314781767268,45.528888232736968],[-123.04335114560877,45.52880827202479],[-123.04360177848912,45.528738417468148],[-123.04383747986508,45.528683801662893],[-123.04431360293293,45.528593001171316],[-123.0445458454635,45.528548408861248],[-123.04477462152217,45.528513327220168],[-123.04511882227311,45.52844071280402],[-123.04536612471318,45.528383784106673],[-123.04565202095966,45.528316907403699],[-123.04568460092406,45.528307101825526],[-123.04587159041846,45.528250815313861],[-123.04593559945233,45.52823722515965],[-123.04593926651938,45.528236451176596],[-123.04593860000475,45.528236438702997],[-123.0459290773464,45.528236307853675],[-123.04593884111954,45.528236388437548],[-123.04595815159267,45.528236564237496],[-123.04635772131715,45.528240223918175],[-123.0464278500815,45.528240865893174],[-123.04649883860176,45.528241516982661],[-123.04650162236523,45.528242463569562],[-123.04657841307997,45.528268543971357],[-123.04657863416264,45.528268620165534],[-123.04659416362365,45.528273893175452],[-123.04667327007876,45.528300760174979],[-123.0467180961295,45.528300387490589],[-123.04755914781546,45.528293465199098],[-123.04866188598763,45.528290176671476],[-123.04876532603897,45.528289863357749],[-123.04918688689904,45.52828805632425],[-123.04964748293085,45.528286407274138],[-123.05044435395973,45.528296505030617],[-123.05044490492628,45.528296511000491],[-123.05152247905865,45.528310120131223],[-123.05152247667219,45.528310066172914],[-123.05152213202932,45.528303808493099],[-123.05149480952308,45.527802214610468],[-123.05147791528185,45.527492183876461],[-123.05147338819303,45.527391444366103],[-123.05146983620187,45.527225503715577],[-123.05146976554825,45.527222776830655],[-123.05146975558581,45.527222290954178],[-123.05146966548311,45.527219124308935],[-123.05146965744227,45.527218971454971],[-123.05146611410262,45.527089104192605],[-123.05146565811137,45.527072423120494],[-123.05146547987646,45.527065873744547],[-123.0515600268274,45.527001699401673],[-123.05210038821032,45.526634945499062],[-123.0521005311286,45.526634123216262],[-123.05218343945165,45.526477749316015],[-123.05231132924395,45.526432766417585],[-123.05249276127651,45.526467366812312],[-123.05261947916222,45.526489480342178],[-123.05268916390897,45.526501635159896],[-123.05283717240759,45.526459715347684],[-123.05302653397392,45.526448486472084],[-123.05320607384155,45.526440985426959],[-123.05320713348303,45.526442357529511],[-123.05363403480573,45.526469574962263],[-123.05419252542225,45.526523530154563],[-123.05453401738649,45.526566560730025],[-123.0545407285672,45.526567410406663],[-123.05470540252166,45.526585644241436],[-123.05473112154903,45.526588493222782],[-123.05473123339885,45.526604929787247],[-123.05473207102531,45.526716014762862],[-123.05473217328408,45.526731974442811],[-123.05473407039661,45.526997531585295],[-123.05473411938698,45.527005173904946],[-123.05473411575205,45.527005381024871],[-123.05473414253363,45.52700882001011],[-123.05473415981923,45.527011466148323],[-123.05473887621392,45.527013251530825],[-123.05474359225046,45.527015028819378],[-123.0547583270294,45.527019408965423],[-123.05480690653256,45.527033858843616],[-123.05491505152982,45.527051341590024],[-123.05491949451849,45.527046750701778],[-123.05491955610078,45.527046695343806],[-123.0550115765313,45.526951785589802],[-123.05506847239455,45.526914842391989],[-123.05516695725872,45.526891846527825],[-123.05522348670119,45.526878642604771],[-123.05524256719801,45.526876265393554],[-123.05532055326429,45.526866536465938],[-123.0553769891015,45.526877704978808],[-123.0553820938599,45.526878716687285],[-123.05550036799286,45.527067133977198],[-123.0555270725753,45.527118333070497],[-123.05555684753701,45.527140141733113],[-123.05561020902928,45.527165539887818],[-123.05567561401527,45.527176770317233],[-123.05573380640654,45.527179418762323],[-123.05578106995486,45.527172336030574],[-123.05580360100436,45.527168954225758],[-123.0560240804958,45.527060527069487],[-123.05605855312585,45.527043572918352],[-123.05609163520587,45.527033591353351],[-123.05614329429336,45.527018019911431],[-123.05644783063327,45.527051198549749],[-123.0564904287365,45.527128800022986],[-123.0565467004498,45.527231305248392],[-123.05659978412939,45.527270969634124],[-123.05666638771527,45.527320740420222],[-123.05672177353561,45.527319093873274],[-123.05672800235381,45.527318910683661],[-123.05680381630944,45.527316655688203],[-123.05713602804603,45.527216643221735],[-123.05728899020053,45.527187778857815],[-123.05729474369069,45.527186695968886],[-123.05731689137453,45.527186743836744],[-123.05732598648777,45.52718676609495],[-123.05782227560556,45.527187783001033],[-123.05846154729817,45.527286364315756],[-123.05861839202882,45.527345918520147],[-123.05863027794945,45.527345915534227],[-123.05874342968382,45.527390885388513],[-123.05878110455367,45.527446979818649],[-123.05899240245243,45.527760927502889],[-123.05907089171933,45.528272049758591],[-123.05907529472805,45.528300688701087],[-123.0590775637701,45.528307840387164],[-123.05907818030659,45.528307880886466],[-123.05918447713229,45.528314390191753],[-123.05928701122703,45.52832066770565],[-123.0592902748475,45.528324024950464],[-123.05929281368599,45.528326633830126],[-123.05937461505108,45.528410869058469],[-123.05936461799489,45.528526633920869],[-123.05936311291948,45.528536443724398],[-123.05935396292679,45.528636632262824],[-123.05932794568275,45.528882285389109],[-123.05932370416218,45.528918058635618],[-123.05932106117319,45.528946070634106],[-123.05931756838504,45.529128283431966],[-123.05931687541231,45.52915608165555],[-123.05932312065538,45.529338078306807],[-123.05932528350108,45.5293860507944],[-123.05932555345201,45.529392049051985],[-123.05932620211877,45.529406439451805],[-123.05932736168613,45.529432143768375],[-123.05933023583823,45.529471178119955],[-123.05940664618795,45.529498006615469],[-123.05977206983403,45.52961309695737],[-123.0597861811405,45.529617545063083],[-123.0599568617415,45.529671296896645],[-123.06011335175222,45.5297352867318],[-123.06012349856478,45.529778795735702],[-123.06012831115105,45.529799449188673],[-123.06013966292706,45.529848089782107],[-123.06014309471756,45.529862823341894],[-123.06011050830773,45.529991757910224],[-123.06019643962262,45.530087676321848],[-123.06035312951849,45.530130801691215],[-123.06036655412336,45.530134490633813],[-123.06105524003341,45.530143865730579],[-123.06117004900433,45.530209493831372],[-123.0612011303682,45.530227265762278],[-123.06119757283757,45.530239534873509],[-123.06119290477028,45.530255609081031],[-123.06114535832704,45.530419412718324],[-123.06114298470659,45.530427568161137],[-123.0612320325246,45.530486315831283],[-123.06127742057646,45.530497809394376],[-123.06151365517954,45.530557633181502],[-123.06164091394615,45.530612144226815],[-123.06162599023594,45.530706943276833],[-123.06149233293057,45.530829686703342],[-123.06147276309694,45.530927965086072],[-123.06157651194938,45.530993127860107],[-123.06171709040676,45.531023727843241],[-123.06180180971279,45.531092690722581],[-123.06175316979052,45.531184865438433],[-123.0617584940549,45.531302827413732],[-123.06191680164495,45.531407250550757],[-123.0620729941792,45.53146450025686],[-123.06211624397969,45.531483657708243],[-123.06221083670395,45.53152557213599],[-123.06225423177985,45.531544797464122],[-123.06241581564413,45.531692234079898],[-123.06241763259446,45.531693895544571],[-123.06254014907947,45.531911992442176],[-123.06260295271987,45.532019507685938],[-123.06268442894012,45.532159016766485],[-123.06269205030077,45.532172062300731],[-123.06269331624355,45.532172304573187],[-123.06275198994643,45.532183500641551],[-123.06296208206405,45.532223612554702],[-123.06299558482868,45.532230004870272],[-123.06302144150416,45.532231300757971],[-123.06308720104153,45.532234605935614],[-123.06313511498752,45.532237011901977],[-123.06329244276719,45.532213255286223],[-123.06341515408518,45.532166665596705],[-123.06345446650447,45.532143975194977],[-123.06359759547202,45.532061377462846],[-123.06372578157803,45.531923574817611],[-123.06389285842873,45.531902976301055],[-123.06409906722128,45.531860797189843],[-123.0641091693812,45.531858735421039],[-123.06438909292042,45.531665653765884],[-123.06447469340698,45.531606602912333],[-123.06447959202076,45.531607285694697],[-123.06466308371637,45.531632755791975],[-123.064826122074,45.531629116615115],[-123.06496777258064,45.531470765491171],[-123.06512493977043,45.531435278755993],[-123.06517884207409,45.531423109896231],[-123.0653172411929,45.531434613911976],[-123.06534536082235,45.53143694878284],[-123.06546638835755,45.531447003269065],[-123.06578754797999,45.531447404543798],[-123.0658010537548,45.53144242148376],[-123.06580134364697,45.531442316094996],[-123.06594334918876,45.531389944574549],[-123.06613181477017,45.53131151713356],[-123.0662739949516,45.531271232539247],[-123.06638550214252,45.531083185277907],[-123.06648749074664,45.53100331257572],[-123.06668197133276,45.53095174022063],[-123.06678426283909,45.530878602913468],[-123.06687886056623,45.530741538357034],[-123.06701463140087,45.530347152918296],[-123.06705082263558,45.530309036868012],[-123.06719790949657,45.53015413511887],[-123.06728696155092,45.530121068127038],[-123.06740090419768,45.530078747310057],[-123.06768065442937,45.529803276602379],[-123.06785292666838,45.529713630408544],[-123.06785840818962,45.52971078053055],[-123.06802661982709,45.529716852053404],[-123.06828615514645,45.52974263348667],[-123.06834994802772,45.529748968397996],[-123.06862414531858,45.529757973142132],[-123.06868568150394,45.529759991641413],[-123.06884577456772,45.52976525307399],[-123.06885967189503,45.529763267625881],[-123.0690556603957,45.529735253469163],[-123.06917135755201,45.529718713012436],[-123.06950100115242,45.529671594785242],[-123.06954345483324,45.529629547650096],[-123.06960569540942,45.52956790837839],[-123.06964834564388,45.52952567683834],[-123.06957853360839,45.52937477573365],[-123.06970601754753,45.529253888495568],[-123.07047532858934,45.529046893747704],[-123.07056322768953,45.529023239315705],[-123.07078133056501,45.528974777478773],[-123.07078379928471,45.528994509989801],[-123.07082342937566,45.529310999613692],[-123.07091836866648,45.529295155625938],[-123.07104300303543,45.529288765889113],[-123.07111833238137,45.529270956307492],[-123.07115879020382,45.52925924714966],[-123.07120014276288,45.52922402177439],[-123.07124671221389,45.529201336246274],[-123.07130900951745,45.529170989518498],[-123.07136744721974,45.529135426581817],[-123.07141889153854,45.529104133234476],[-123.0714248868068,45.529100487813075],[-123.07148923484691,45.529012774140632],[-123.07151467859208,45.528971044093076],[-123.07153929034322,45.528954207045338],[-123.07162252894506,45.528895572599914],[-123.07164424195308,45.528879502405374],[-123.07166218698438,45.528866217528403],[-123.07169678973622,45.528854468782114],[-123.071770159485,45.528836702814758],[-123.07186188526704,45.528836189566917],[-123.07191201995468,45.528844133095397],[-123.07195807745427,45.528851430055049],[-123.07197002393164,45.528853322865743],[-123.07205689602962,45.528874876274763],[-123.07210091364533,45.528898495175348],[-123.0721029093996,45.528899566540233],[-123.07213714231762,45.528922640294532],[-123.07217334983625,45.528926835165294],[-123.07220994448595,45.52893106650658],[-123.07223525919898,45.528933992592385],[-123.07224555628893,45.528937066736802],[-123.07236981764056,45.528974203015188],[-123.07249383438594,45.528997147802635],[-123.07259443779554,45.529020112268164],[-123.07266912833795,45.529031476194383],[-123.07283544312574,45.529083318038097],[-123.07288011499035,45.529096497244275],[-123.07295218069517,45.529117750599902],[-123.07295565489278,45.529118114239786],[-123.07306005517529,45.529129055554613],[-123.07315141594418,45.529163705010717],[-123.07324384611805,45.529221666220444],[-123.07335916148402,45.529267959900956],[-123.07345131412245,45.529320092995064],[-123.0734735596989,45.529331586861524],[-123.07349126576494,45.529340742175457],[-123.07349329878133,45.529341786590798],[-123.0735846177255,45.529418461583589],[-123.07390302633313,45.529552485081616],[-123.07395880153967,45.529587363762118],[-123.07399937792441,45.529612734855014],[-123.07417625127273,45.529723351662902],[-123.07433842106815,45.529812501672218],[-123.07441220158421,45.529839918593694],[-123.07455086369299,45.529891441388351],[-123.07472826908089,45.529929311031154],[-123.0747989773491,45.52993953808123],[-123.07485166074542,45.529947163124319],[-123.07488907772193,45.52995258175325],[-123.07488939996345,45.529952627758618],[-123.07494834367117,45.529947741731618],[-123.07499442396451,45.52994392787992],[-123.0751219823767,45.529915852387269],[-123.07525544262404,45.529845636942603],[-123.07526878531199,45.529840440310203],[-123.07540123271585,45.52978885647282],[-123.07559278402113,45.529708246022295],[-123.07576068965841,45.52962284483273],[-123.07593238776958,45.529534963445904],[-123.07605262109132,45.529469104024372],[-123.07609237790213,45.529447335570865],[-123.07614032398064,45.529415218889881],[-123.07624015698744,45.529348322202175],[-123.0762976217881,45.529288884675971],[-123.07629957927793,45.529286860189423],[-123.07630354342817,45.529282765122382],[-123.07633123061716,45.529204449679355],[-123.07635870871586,45.529052684886651],[-123.07635932319225,45.529049294746926],[-123.07636044371537,45.528902118164183],[-123.07632511550607,45.528820516529485],[-123.07628664047091,45.528731683831033],[-123.07628631125399,45.528730907935781],[-123.07630034799359,45.528649604362307],[-123.07631013540687,45.528592910096243],[-123.0763110381935,45.528587659219603],[-123.07630887424021,45.528579496399388],[-123.07628357860015,45.528484138259095],[-123.07628277457773,45.528481104379637],[-123.07631461257812,45.528408188433069],[-123.07639429482873,45.528271592993981],[-123.07655915473603,45.528119205770139],[-123.07666859619549,45.528054991585741],[-123.07671507069492,45.528027723959809],[-123.07688027694685,45.527968796363055],[-123.07707380865109,45.527945828637051],[-123.07707443276834,45.527945751850467],[-123.07729026681007,45.52797023350594],[-123.0774600501889,45.528012393614475],[-123.07761014613568,45.528050871521302],[-123.07781436357592,45.528077332492501],[-123.07805596857091,45.528082345395944],[-123.07805664788512,45.528082357403818],[-123.07827398486774,45.528072529604721],[-123.07827481570629,45.528072493256595],[-123.07849465521612,45.528099114922085],[-123.07867248538973,45.528146403989936],[-123.07887082906696,45.528215523801393],[-123.07903817877779,45.528289804429427],[-123.0792320838174,45.528347194164361],[-123.07935407821553,45.528368466027246],[-123.07952543698237,45.528374189467698],[-123.07952611670245,45.528374210460008],[-123.07975210605309,45.528364500263002],[-123.07986674158285,45.528309791238158],[-123.08012412084304,45.528217404380683],[-123.08029304375343,45.528154615307301],[-123.0803837370817,45.528088604573306],[-123.08053956922521,45.527995409923513],[-123.08060517086625,45.52795248690321],[-123.08066468873677,45.527913536679286],[-123.08077073876092,45.527841868845954],[-123.08088120544798,45.527781417706606],[-123.08100337862541,45.527720704107303],[-123.08104153664466,45.527698763075733],[-123.08112132229526,45.527652883286791],[-123.08126752533359,45.527605691915568],[-123.08139915061383,45.527581299324964],[-123.0816037639453,45.527546624195622],[-123.08160448835474,45.527546499257873],[-123.08181876409762,45.527536715377416],[-123.08204951109059,45.527545764230958],[-123.0822611855571,45.527564675536382],[-123.08258574047808,45.527576242490134],[-123.08275684064959,45.527647003429898],[-123.0828250262235,45.527683723434379],[-123.08283141981281,45.527687162952745],[-123.08288890493856,45.527718127969003],[-123.08289277597642,45.527721291112435],[-123.08291405974224,45.527738647594319],[-123.08291679929997,45.527740881568555],[-123.0829173576018,45.527741337315412],[-123.08291950722999,45.527737346056732],[-123.08303520310696,45.527521917419612],[-123.08306888013632,45.527459211820819],[-123.08309544781075,45.527409746766388],[-123.08334081013153,45.526924872904232],[-123.08334841255108,45.526920245194233],[-123.0833769447211,45.526903822007981],[-123.08340549381954,45.52688774861187],[-123.08343209908973,45.526872053082812],[-123.083462643928,45.52685679069404],[-123.08349123892937,45.526841743371698],[-123.08351984921924,45.526827037774176],[-123.08355042840651,45.526812800812721],[-123.08358103567664,45.526798905292026],[-123.08361164544182,45.526785351778194],[-123.08364227089952,45.526772148981117],[-123.08367487768602,45.526759406440249],[-123.08370555545034,45.526747057644904],[-123.08373818038645,45.526735006926835],[-123.08376889602387,45.526723504350855],[-123.08380157199028,45.526712307661626],[-123.08383425177472,45.526701453849284],[-123.08386892516901,45.526691077120546],[-123.08390164319287,45.526681077619031],[-123.08395331374302,45.526615256776381],[-123.08447713640584,45.526501941264307],[-123.08447866672788,45.526501510411244],[-123.08454951343323,45.526481344477375],[-123.08455001992012,45.526481215342443],[-123.08457827220084,45.526536884048362],[-123.08457099231714,45.526538731230218],[-123.08455897666106,45.526541783260335],[-123.08452431499526,45.526552159939897],[-123.08453717817248,45.526577259578765],[-123.08456050256112,45.5266180663642],[-123.08459644698475,45.526678658058827],[-123.08460123657915,45.526686229732],[-123.08460906305511,45.526698612294155],[-123.0846362421134,45.526738297629457],[-123.0846634280305,45.526777820773056],[-123.08471967149217,45.526855790398365],[-123.08477976753166,45.526932304634215],[-123.08481271072458,45.526969978246107],[-123.08484565020426,45.52700731076051],[-123.0849133986157,45.527080564295353],[-123.08494822803874,45.52711665679665],[-123.08502171597941,45.527187377016801],[-123.08509902806983,45.527256292276597],[-123.08513959571121,45.52728985149097],[-123.08518014808635,45.527323068958999],[-123.08526314925099,45.527388093585536],[-123.08530753463647,45.527419676029083],[-123.08539623066389,45.52748148414139],[-123.085486783104,45.527541016823193],[-123.08553299600524,45.527569992289635],[-123.08562925999838,45.527626137926404],[-123.08567929063838,45.527653137511166],[-123.0857273471897,45.527679838717624],[-123.08582924106433,45.527731058837546],[-123.0858811153085,45.527755783251401],[-123.0859847826994,45.527803191285933],[-123.086038527808,45.527825992811671],[-123.08614787050436,45.527869491537679],[-123.08620151058372,45.527890232990266],[-123.08631263229005,45.52792975745232],[-123.08643940858948,45.52797045908649],[-123.08731643241475,45.528239536294706],[-123.08737579977738,45.528257231018003],[-123.08749654281222,45.528293963062097],[-123.08750210157696,45.528287490875101],[-123.08811004537225,45.528477543155809],[-123.08851591450347,45.528602517194024],[-123.08917866779757,45.528795794177142],[-123.0895166539967,45.528887650557046],[-123.0898583706105,45.528975308490274],[-123.08996892074127,45.529002480863944],[-123.0903516632079,45.529090931502282],[-123.09053066440691,45.529129029098492],[-123.09051612680577,45.529160946358772],[-123.09063052823558,45.529186223305686],[-123.09072185619083,45.529206402080078],[-123.09074073764872,45.529163412441569],[-123.09082538211996,45.529181639277695],[-123.09080676195865,45.529224685246398],[-123.09088406368571,45.529241079236016],[-123.09089961961632,45.529206688124347],[-123.09098434563035,45.52922399034648],[-123.09097013913117,45.529259025769271],[-123.09097011596515,45.529259080294473],[-123.0910890754748,45.529283490507005],[-123.0911474624165,45.529295273774665],[-123.09116504034934,45.529252011424916],[-123.09125021601122,45.529268970410406],[-123.09123290173433,45.52931228453523],[-123.09139330500116,45.5293434767988],[-123.09174040309911,45.529408280179211],[-123.09186495463643,45.529429004361859],[-123.09209446684778,45.52946718563026],[-123.09282727075002,45.529594893029234],[-123.09363614886539,45.529733658335978],[-123.09365435896257,45.529681221233638],[-123.09386572850872,45.529717482239072],[-123.09384751855175,45.529769918473995],[-123.09538145579567,45.530033361022618],[-123.09564786539444,45.530081388873079],[-123.09589624796867,45.530128888765994],[-123.0961333139868,45.53017439375504],[-123.09622049382627,45.530192846636567],[-123.09630162483796,45.530210364514566],[-123.09648947599216,45.530252211785623],[-123.09654846821492,45.530265727101067],[-123.09656842008096,45.530222989014796],[-123.09665487645655,45.53024311941067],[-123.09663457905687,45.530285776977252],[-123.09678136882991,45.530320844706615],[-123.09692041987445,45.530355104946324],[-123.0970021414612,45.530375716663222],[-123.0970681749166,45.53039262997487],[-123.09720531642253,45.530428505878483],[-123.09724326871662,45.53043861347922],[-123.09738797708533,45.530477870320674],[-123.09741313564882,45.530436488982652],[-123.09749784458427,45.530460008135265],[-123.09747416185543,45.530501795056949],[-123.09753030942828,45.530517602025945],[-123.09778829378131,45.530592491368417],[-123.0979557700024,45.530643122622379],[-123.09810472242008,45.53068922823153],[-123.09839741604318,45.530784443551823],[-123.09873144531012,45.530899074459818],[-123.09879614658637,45.530922071130036],[-123.09914842678378,45.531051923791551],[-123.09930499922939,45.531112209115584],[-123.09947819376394,45.531180785847845],[-123.09971215379176,45.531276654504182],[-123.0998375943862,45.531329618699715],[-123.09988410768086,45.531275764578481],[-123.10003954607733,45.531342939930475],[-123.09999216020321,45.531396414757118],[-123.10014747792643,45.531465278711671],[-123.10025587259486,45.531514393817424],[-123.10038142309854,45.531572387053863],[-123.10049972710131,45.531628136222707],[-123.10072294613843,45.531737813343646],[-123.10091298513365,45.531831575540558],[-123.10105985830862,45.531907258084658],[-123.10138172937361,45.532079628580753],[-123.10142755098329,45.532104917683846],[-123.10159881441885,45.532201152176519],[-123.10166233441019,45.532237542325511],[-123.10188917817311,45.53238107816162],[-123.10210286214814,45.532516283884171],[-123.10230789548477,45.532646017104859],[-123.10235984160725,45.532606262136404],[-123.10251595209016,45.53270700987008],[-123.10246400866535,45.532746767546513],[-123.10250367451889,45.532772372557886],[-123.10258195543751,45.53282288760829],[-123.10347281316029,45.533397807379664],[-123.103516099915,45.533364675908288],[-123.10464482640857,45.53409307989714],[-123.10580824955134,45.53484384300944],[-123.10585153481088,45.534810711627777],[-123.10589067442494,45.53483597169155],[-123.10602961513163,45.534925623275441],[-123.10598637073315,45.534958723203019],[-123.10604779963012,45.534998397481949],[-123.10612860370767,45.535051038684259],[-123.1061848755151,45.535088576602071],[-123.10621793472859,45.535111078140105],[-123.10623101569546,45.535103493790082],[-123.10632719443676,45.535106041893037],[-123.106632053327,45.535331011501626],[-123.10661229533945,45.535348918861885],[-123.10662108531591,45.535402133604251],[-123.10660914639355,45.535409055172572],[-123.1067175792258,45.535503449428873],[-123.10683325486471,45.535611029025191],[-123.10693707331697,45.535714377641995],[-123.10699112829182,45.535771198109856],[-123.10708841776132,45.535888216779995],[-123.10712059732846,45.535925925698386],[-123.10716915919119,45.535984396331777],[-123.10721340228864,45.536039728978928],[-123.10725212333827,45.53608984406484],[-123.10729405100827,45.536146146565414],[-123.10734250166924,45.53621424893263],[-123.10737522495546,45.53626185312396],[-123.10742185639496,45.536333202546558],[-123.10745662762281,45.536388647548804],[-123.10748023619205,45.53642814916256],[-123.10751538431856,45.536488698805599],[-123.10754127857042,45.536535124039268],[-123.10758007474034,45.537060807110379],[-123.1074120827451,45.537059054890342],[-123.10725695743965,45.537057439179733],[-123.10724280809774,45.537057292354866],[-123.10725132200874,45.537079471976242],[-123.10728223654347,45.537170676683758],[-123.10734867654359,45.537419378330178],[-123.10737259431022,45.537544799634212],[-123.10738071970545,45.537602700190313],[-123.10739026888957,45.53767073118437],[-123.10740692551266,45.537986720590318],[-123.10747092945992,45.537987007435106],[-123.10746976585995,45.538114874538635],[-123.10746500804184,45.538637685733974],[-123.10753994030887,45.538638022939196],[-123.10753691236104,45.538970253546239],[-123.10751519459849,45.539119064137978],[-123.10746788022294,45.539489117225671],[-123.10747188378659,45.539491111779775],[-123.10746845521784,45.539491238733298],[-123.10745499288443,45.539573145770426],[-123.10742970347853,45.539702691896338],[-123.10739739265415,45.539849376785526],[-123.107365112643,45.539996746904578],[-123.10732945085657,45.540155513244578],[-123.10729769710423,45.540314362450182],[-123.10725989505019,45.540426527924893],[-123.107226001054,45.540538775374245],[-123.10714975541725,45.540919190392032],[-123.10710344446029,45.54114602331218],[-123.10719316357155,45.541179587901958],[-123.10725908443627,45.54119893590979],[-123.10733407494187,45.541234520624009],[-123.10737850204718,45.541325029216637],[-123.10741402642097,45.541521236581112],[-123.10744664406289,45.541629029494956],[-123.10748076343755,45.541697980038705],[-123.10760494353408,45.541948927049347],[-123.10769534234305,45.542149071758153],[-123.1078005600513,45.54239200714494],[-123.1078751735506,45.542549279895418],[-123.10799134271184,45.54278854986547],[-123.10805744770623,45.542909997828978],[-123.10813096656754,45.543033600885686],[-123.10826222249794,45.543233387309527],[-123.10837611051139,45.543393657098164],[-123.10853034824925,45.543596083354039],[-123.1085965538954,45.543689971370661],[-123.10868277428307,45.543821250750902],[-123.10875248169175,45.544006420307149],[-123.10886072243365,45.54415316803135],[-123.10888195041575,45.544189058694869],[-123.10891767017841,45.54424944828844],[-123.10919874141746,45.544280020061343],[-123.10950032801686,45.544323269251379],[-123.10976975725582,45.544361905262754],[-123.10985358036564,45.544377563505542],[-123.11000145899379,45.544405188764713],[-123.11021000166242,45.544444144541437],[-123.1104395655301,45.544488097889996],[-123.11070831577248,45.544543595720313],[-123.11105249857947,45.544603334493651],[-123.11134681887395,45.5446439661333],[-123.11155646180855,45.544675011112652],[-123.11174741872823,45.544703902602272],[-123.11191699539513,45.544752194686957],[-123.112069368505,45.544814969961926],[-123.11222535521136,45.544901232908586],[-123.11229103381709,45.544945276597964],[-123.11239091142515,45.545012252800056],[-123.1124774497063,45.545051470256617],[-123.11258082947032,45.545098321723337],[-123.11268925156304,45.545140500872925],[-123.11281436799244,45.545182482933583],[-123.11293797429472,45.545223958532468],[-123.11302467589174,45.545275699835379],[-123.11310279928507,45.545322322779505],[-123.113200125451,45.545324133281873],[-123.11327474136009,45.545325520096931],[-123.11341739947322,45.545328173307183],[-123.11353158136714,45.545330296851027],[-123.11363713793598,45.545332259506978],[-123.11378297969182,45.545334969762465],[-123.11404543450358,45.545330805118816],[-123.1144203785631,45.545330847469359],[-123.11477501271621,45.545325595568265],[-123.11547428574382,45.545348510345555],[-123.11656948368469,45.545342750309928],[-123.11712239501335,45.545314154625693],[-123.11770443304387,45.54529557260269],[-123.11809277700929,45.54527341479011],[-123.11839896890059,45.545268685822663],[-123.1185155636031,45.545263195130595],[-123.11886622444842,45.545233447421225],[-123.1193540362966,45.545240943525584],[-123.11973682129822,45.545222745988774],[-123.12066666555229,45.544861998019861],[-123.12096582694016,45.544746985668375],[-123.12134585755413,45.544635430997516],[-123.12176597786612,45.544623701963438],[-123.12203445620851,45.544639971429604],[-123.1231603873355,45.545065502075097],[-123.12379679076004,45.545146505304423],[-123.12437455523352,45.545141718368988],[-123.12558651521466,45.545001358810985],[-123.1268815834587,45.544589477754151],[-123.12919221286104,45.543971529367141],[-123.13112104549342,45.54329006907755],[-123.13211922987861,45.542877891748574],[-123.13322463768436,45.541999492426491],[-123.13342373649931,45.541694509429632],[-123.13372506385191,45.541698394168655],[-123.13383680078897,45.541658741478315],[-123.13386602715804,45.541699908203583],[-123.13412388050335,45.542056576783324],[-123.13413089097416,45.542066265918308],[-123.13415060486885,45.54209352483516],[-123.1341521213846,45.542098315681365],[-123.13416787735007,45.542147940093024],[-123.13422486782935,45.54232739602061],[-123.13422448773385,45.542453086263251],[-123.13422412350896,45.542573879076855],[-123.13422377564244,45.542685353592923],[-123.13422372544932,45.542700830880243],[-123.13422366189491,45.542723195861889],[-123.13395114741337,45.543849488111107],[-123.13381091881125,45.544530330844267],[-123.13377559878005,45.544686135270091],[-123.1337462677338,45.544815541470307],[-123.13378282735628,45.545157961024536],[-123.13378345899024,45.545163852953429],[-123.13378698959909,45.545196867166638],[-123.13381529848913,45.54546198672233],[-123.13385142996604,45.546165940648329],[-123.13392226629931,45.547546341152746],[-123.1339336051592,45.547767167357406],[-123.13391264764179,45.547973762368201],[-123.13391231175532,45.547977011534456],[-123.13391128197705,45.547979402259948],[-123.13374479576596,45.548365313786995]]],[[[-122.78478579434079,45.548422842437802],[-122.78490715911892,45.548420259052968],[-122.78515852979946,45.548406701569306],[-122.78535434088518,45.548407238360639],[-122.78545193886427,45.548407503649464],[-122.78584608439654,45.548408568850839],[-122.78623642513504,45.548409628876243],[-122.7863262069209,45.548409877183261],[-122.7866408342265,45.548410721858936],[-122.78694451831187,45.548411548593585],[-122.78770068709956,45.5484135882798],[-122.78841468757547,45.548415508520975],[-122.78908862233834,45.548417321095201],[-122.79013208021685,45.54842015008856],[-122.79083517915456,45.548422052330636],[-122.79099617774827,45.548422468447235],[-122.79155697085891,45.548423915804328],[-122.79171021253282,45.548424323779599],[-122.79199871854924,45.548425091297283],[-122.7929768985896,45.548427686853181],[-122.79317221508182,45.548428204053224],[-122.79380357811522,45.548429873706503],[-122.79414243665131,45.548430769658616],[-122.79426336855586,45.548431087808162],[-122.79439768615887,45.54843144266605],[-122.79447413469011,45.548431644150391],[-122.79449307291546,45.548431694328997],[-122.79466295056218,45.548432141622037],[-122.79475890359647,45.548432394546175],[-122.79486172369019,45.548432665509679],[-122.79504446147129,45.548433397872557],[-122.79500869113349,45.548480911979738],[-122.79500860546797,45.548481012671495],[-122.79500847746466,45.548481015186155],[-122.79494149387074,45.548569652375349],[-122.79482125670305,45.548728748010753],[-122.79460157812173,45.549019473062835],[-122.79442757428697,45.549249719782416],[-122.79434122820048,45.549363984968501],[-122.79431097153271,45.549404025177296],[-122.79429270426861,45.54942819103465],[-122.7942768465017,45.549446331239615],[-122.79426244936546,45.549460355495306],[-122.7942429542925,45.549476650855944],[-122.79422712028126,45.549488111094696],[-122.79420744657477,45.549500592718566],[-122.79419111999987,45.549509686414467],[-122.79416933261574,45.549520302270402],[-122.79414819300661,45.549529168247659],[-122.79412625605607,45.549537022887513],[-122.79410363596853,45.549543838744668],[-122.7940804097194,45.549549586404794],[-122.79405951134645,45.549555242444562],[-122.79403599118747,45.549557530560335],[-122.79401229805994,45.549558723070533],[-122.79398745844281,45.549561334111949],[-122.7939647297728,45.54956165259874],[-122.79394013909668,45.549560892444028],[-122.7939175462668,45.549559183075132],[-122.79388773231037,45.549555385092781],[-122.79385484614417,45.549549101100155],[-122.79373777671758,45.549524557511546],[-122.79317268164756,45.549406114418545],[-122.79308320107255,45.549387357094901],[-122.79300927639436,45.549371854192586],[-122.79297721953044,45.549365157643933],[-122.79293270976359,45.549357854025914],[-122.7929004272175,45.549354438175058],[-122.79287441711298,45.549352804677284],[-122.79284394753171,45.54935213447407],[-122.7928156696539,45.549352716462742],[-122.79278963515199,45.549354271506203],[-122.79276162571756,45.549357062408575],[-122.7927402572579,45.549359982195497],[-122.79271488740181,45.549364367528931],[-122.79268783212227,45.549370181956171],[-122.7926653372207,45.549375959985547],[-122.79263736488193,45.549384421529602],[-122.79261408347182,45.549392618195483],[-122.79259146524196,45.549401674919125],[-122.79256777464782,45.549412436730535],[-122.79254330169353,45.549425077053776],[-122.79252652378044,45.549434746419585],[-122.79250723906961,45.5494470320007],[-122.79248447868203,45.549463374033351],[-122.79246467124459,45.549479558206649],[-122.79244887210112,45.549494095784191],[-122.79243303306284,45.549510498206153],[-122.79241962359868,45.549526176991677],[-122.79240456877002,45.549546452362925],[-122.79239228930362,45.549565969410857],[-122.79238040232438,45.54958888285492],[-122.79237247136422,45.549607899636008],[-122.79236528858677,45.549630205025679],[-122.7923594915428,45.549657335550059],[-122.79235685783509,45.549683187095759],[-122.79235643530951,45.549711425466711],[-122.79235553636748,45.549789686977405],[-122.79253449283259,45.549962157919246],[-122.79254026608314,45.549961403771924],[-122.79254614352658,45.549960692583632],[-122.79255653538377,45.549959431965604],[-122.79258968819097,45.549957726490533],[-122.79262854288733,45.549958563443994],[-122.79265414533944,45.549957089827544],[-122.79269048509684,45.549958147129686],[-122.7927318546885,45.549960985974757],[-122.79276216503727,45.54996437757702],[-122.79280009697612,45.549968716789159],[-122.79284766708975,45.549977552641373],[-122.79295704807826,45.549996039281716],[-122.79342775358384,45.550075587197888],[-122.79352238327409,45.550092072195838],[-122.79354980023331,45.550098051421152],[-122.79358415671271,45.550106799856927],[-122.79361305795162,45.550115279150354],[-122.79364604754709,45.550126314502727],[-122.79367137731435,45.550135827885093],[-122.79369833801998,45.550147019391964],[-122.79372242011611,45.550158016287881],[-122.7937479207563,45.550170794486981],[-122.79377952846295,45.550186637255031],[-122.79380217586174,45.550202370618372],[-122.79382845688706,45.550220209925072],[-122.7938561019206,45.550240713681134],[-122.79408623306918,45.550412764364445],[-122.79472298119897,45.550888468408658],[-122.79561848545953,45.551554458843349],[-122.79573047963778,45.551637749501396],[-122.79578942201924,45.55168158081127],[-122.79581008535258,45.551697326680163],[-122.79584124794323,45.551723674373633],[-122.79586535618569,45.551746660278795],[-122.79588335843042,45.55176568161211],[-122.7959002027178,45.551785221641985],[-122.79591459028751,45.551803549837487],[-122.79592678313777,45.551820553941297],[-122.79593924898697,45.551839523852074],[-122.79595066452869,45.551858820428997],[-122.79596274883761,45.551882011105249],[-122.79597254600495,45.551903744495526],[-122.79598166014614,45.551927596592712],[-122.79598868498562,45.55194984440417],[-122.79599516388463,45.551976045290147],[-122.79599979438939,45.552002445415113],[-122.79600240444334,45.552027040084404],[-122.79600352908427,45.55206432985657],[-122.79597924314416,45.552065073554189],[-122.79597752734348,45.552476205689885],[-122.79597276740934,45.553616881348589],[-122.79597094835704,45.553863758112662],[-122.79612726687924,45.554195134398448],[-122.79612309289558,45.555327769686642],[-122.79612174106539,45.555694670429745],[-122.79696995755947,45.555694573015458],[-122.79735073089485,45.555695203522262],[-122.79772368585033,45.555695626512801],[-122.79849108195718,45.555696610589166],[-122.8000228991897,45.555694095696779],[-122.80030582726296,45.555694162955206],[-122.80158115451293,45.555697838221413],[-122.80314676512873,45.555696452846782],[-122.80314858139636,45.556191373273052],[-122.80460618361626,45.556189251586005],[-122.80460727575866,45.555694325772059],[-122.80480246360042,45.555694031785031],[-122.80544654706291,45.555693081364986],[-122.80544664757562,45.555699344838487],[-122.80544672074728,45.555703033722651],[-122.80544674201425,45.555704815461404],[-122.8054472583305,45.555798357784823],[-122.80545042344718,45.556158120251851],[-122.80545175951161,45.556459410862182],[-122.80545295774122,45.556635158354673],[-122.80545389197361,45.556772288630384],[-122.80545482496618,45.556909419819895],[-122.80545575920755,45.557046550073927],[-122.80545762777533,45.557320812348209],[-122.80545915470913,45.557544965820313],[-122.80546192062424,45.557956747761168],[-122.80546265516048,45.558059335950482],[-122.80546475934587,45.558368138434453],[-122.80546675830276,45.558660496706608],[-122.80546704886963,45.558703591230035],[-122.80546931679166,45.559037253231743],[-122.80547114900993,45.559304994844908],[-122.80547142839774,45.559348450504402],[-122.80547240368603,45.559489777721168],[-122.80547327215987,45.55961773007536],[-122.80547427131168,45.559764044131157],[-122.80547628330457,45.560060507167123],[-122.80547941718984,45.560521446188979],[-122.8054811297541,45.560773598795386],[-122.80548206298405,45.560910732366509],[-122.80548373675505,45.561155665262966],[-122.80548394186482,45.561184989330464],[-122.80548429550485,45.561237832182705],[-122.80548657666149,45.56157306947383],[-122.80548823495423,45.561816364442983],[-122.80549011556978,45.562090631131262],[-122.80549198172393,45.562364888160907],[-122.80549327117912,45.562554927373625],[-122.80549546698532,45.562877356210116],[-122.80549563657851,45.56290297173507],[-122.80549572987105,45.562916616850778],[-122.80566265232875,45.562918949754248],[-122.80566326761576,45.562918955615388],[-122.80762642827247,45.562946340185036],[-122.80807276389667,45.562952559047666],[-122.80808170134287,45.562952685841751],[-122.80967744759344,45.562974815715712],[-122.81066811096656,45.562988071565663],[-122.81198809799609,45.563006586614286],[-122.81320341250967,45.563023619786911],[-122.81422848273448,45.563037976235151],[-122.81545593129569,45.563055100333791],[-122.81579885851549,45.563059951727475],[-122.81596641018196,45.563059762442556],[-122.81647869948077,45.56305918577435],[-122.81746739791637,45.56305791642027],[-122.81795760087758,45.56305728524724],[-122.81839247327515,45.563056721010192],[-122.81845526319876,45.563055326714178],[-122.81845858143066,45.563055313982602],[-122.8184593384411,45.563055307063657],[-122.81849081908,45.563056613130541],[-122.81970887774905,45.563055719779484],[-122.82043438581981,45.563055102544055],[-122.82062961434659,45.563054825913781],[-122.82082482970603,45.563054540218104],[-122.82199617495533,45.563052865845613],[-122.82581439233255,45.563047387942106],[-122.82581440560459,45.563047081649891],[-122.82620151112927,45.563046335585959],[-122.82620769680392,45.563942043725199],[-122.82621170548529,45.564385170612368],[-122.82621596090347,45.565139496586795],[-122.82622075735222,45.565825161375656],[-122.82622115985113,45.565883634335499],[-122.82622490044093,45.566289462212779],[-122.82622917052728,45.566909291632065],[-122.82622994897812,45.567021735802605],[-122.82623459005619,45.567833628383092],[-122.82623632544865,45.56794800121861],[-122.82623971122943,45.568027752020001],[-122.82623750647186,45.568124000056777],[-122.82624538992393,45.569266729193572],[-122.82624896020141,45.569784183886334],[-122.82625243858335,45.570286878061168],[-122.82626315391005,45.571029830012336],[-122.82627426567602,45.571798986730293],[-122.8262851687555,45.572554294168214],[-122.82630396647315,45.573856538927842],[-122.82633617654012,45.576087397871326],[-122.82635695806074,45.577527023979101],[-122.83139024496784,45.577503341301494],[-122.83667602851243,45.577478243047452],[-122.83870344416209,45.577486770055643],[-122.83911167060668,45.577488487625629],[-122.84461363596964,45.577511432406837],[-122.84599673165089,45.5775171665722],[-122.8469929342869,45.577521282146982],[-122.84735558494542,45.57752035326984],[-122.84801993004095,45.577518657290796],[-122.84904132436937,45.577516047777785],[-122.84940370730506,45.577515117926943],[-122.85093556170705,45.577511172540653],[-122.85279874272054,45.577506353512639],[-122.85406604749068,45.577503052152117],[-122.85678011367868,45.577495944636709],[-122.85730573944693,45.577494641872121],[-122.85735001628944,45.575771119824459],[-122.85739641301309,45.573964956769927],[-122.8573979586248,45.573923806935071],[-122.85739021462599,45.57255167603256],[-122.85737735912473,45.570273510207656],[-122.8623523238556,45.57020289817099],[-122.86235563806656,45.569625082089885],[-122.86235598170994,45.569566229026243],[-122.86235846427121,45.569415024834726],[-122.86574692355917,45.569437807863117],[-122.86744727476933,45.569449192920814],[-122.8675616995606,45.569449988274371],[-122.86755368551437,45.566678961567128],[-122.86755366975683,45.566674271498243],[-122.8675724446842,45.565969160830747],[-122.86757313882092,45.565943094445132],[-122.86757345210822,45.565914993461732],[-122.86757353122636,45.565908276256913],[-122.86759394065865,45.564080002028376],[-122.86759396531284,45.564076608170573],[-122.86759397109947,45.56407643703529],[-122.86761839466318,45.562321950383463],[-122.86761649649924,45.562001903891264],[-122.86761645405365,45.561994442054292],[-122.86761645449906,45.561993235916468],[-122.86760936912803,45.56021426296828],[-122.86760303091306,45.558618735522309],[-122.86760045004812,45.557969101552104],[-122.86760043206053,45.557964700436315],[-122.86760042287013,45.557962323463144],[-122.86760041396356,45.557959641350955],[-122.86840033530125,45.558083409182757],[-122.86893765092198,45.558166536236179],[-122.86959512246618,45.558268259406226],[-122.87020822855119,45.558363105653406],[-122.87256161810342,45.558727157329194],[-122.87296154436487,45.558789030331788],[-122.87298423198865,45.558792540805129],[-122.87514843254019,45.559127344048449],[-122.87515746927761,45.559128642817406],[-122.87517202532152,45.559130736691131],[-122.87528577457691,45.559147128439662],[-122.87586504114989,45.559230572812169],[-122.87838643271286,45.559593735851209],[-122.87893258123358,45.559673474710308],[-122.88247169258567,45.560190145409358],[-122.88298663156208,45.560292656991273],[-122.88299752540665,45.560294825488846],[-122.88300187923373,45.560295968934533],[-122.88340435766324,45.560402151177165],[-122.88356227336457,45.560482021044024],[-122.88371238711211,45.56055794720146],[-122.88375879031011,45.560581425714339],[-122.88383782048021,45.560621394518833],[-122.88405086079364,45.560729152992486],[-122.88486353157822,45.561192138040205],[-122.88584653483856,45.56175213709858],[-122.88642963054151,45.562084312779824],[-122.8873045509833,45.562582717895609],[-122.88748350239318,45.562684659878371],[-122.88753063945863,45.56271151532173],[-122.88775672988885,45.562840304180718],[-122.88787911757841,45.562910022010257],[-122.88809886725006,45.563035205275476],[-122.88819460791942,45.563088994599283],[-122.89136149959053,45.564868021624946],[-122.89167768562872,45.56504562876092],[-122.89243505249684,45.565462721654931],[-122.89275328607962,45.565637969871936],[-122.89389377948341,45.566266012094331],[-122.89391348803508,45.566276863231359],[-122.89391533740469,45.566277886566276],[-122.89402531922377,45.56633844979725],[-122.89402724819459,45.566339507503784],[-122.89403142018863,45.566341779401391],[-122.89404639687812,45.566349866931631],[-122.89422333768162,45.566445552833208],[-122.89413486825593,45.566559575728391],[-122.89408432040611,45.566624723791548],[-122.89401394894416,45.566715418695097],[-122.89388621858637,45.566909486148255],[-122.89375848608843,45.567103553466303],[-122.89375717083374,45.567105548930641],[-122.8937558568593,45.567107544368731],[-122.89375454156709,45.567109538933707],[-122.89375322631209,45.567111534397959],[-122.89375191233736,45.567113529836028],[-122.89375059704487,45.567115524400947],[-122.89374928175226,45.567117518965865],[-122.89374796649693,45.567119514430097],[-122.89374665124146,45.567121509894285],[-122.89374533598593,45.567123505358488],[-122.89374402065562,45.567125499023945],[-122.89374270668027,45.567127494461872],[-122.89374139142447,45.567129489926003],[-122.89374007616858,45.567131485390149],[-122.8937387609125,45.567133480854245],[-122.89373744558172,45.567135474519631],[-122.893736131606,45.567137469957494],[-122.89373481634968,45.567139465421519],[-122.89373350109332,45.567141460885551],[-122.89373218576219,45.567143454550894],[-122.89373086922527,45.567145450041124],[-122.89372955396865,45.567147445505093],[-122.89372823867451,45.567149440069748],[-122.89372692338038,45.567151434634333],[-122.89372560812349,45.567153430098244],[-122.89372429282915,45.567155424662829],[-122.89372297757208,45.567157420126726],[-122.89372166227753,45.567159414691247],[-122.89372034698296,45.567161409255775],[-122.89371903044514,45.56716340474587],[-122.89371771515034,45.567165399310355],[-122.89371639985546,45.567167393874826],[-122.89371508328013,45.567169388465523],[-122.89371376674195,45.567171383955497],[-122.89371245144679,45.567173378519897],[-122.89371113487117,45.567175373110544],[-122.89370981957576,45.567177367674958],[-122.8937085043177,45.567179363138649],[-122.89370718774177,45.567181357729226],[-122.89370679584412,45.56718194992272],[-122.89370587116574,45.567183352319788],[-122.89370455587002,45.567185346884102],[-122.89370323929387,45.567187341474629],[-122.89370192275489,45.567189336964482],[-122.89370060614117,45.567191330655639],[-122.89369928956468,45.567193325246123],[-122.89369797298814,45.567195319836593],[-122.89369665641145,45.56719731442702],[-122.89369533983472,45.567199309017447],[-122.89369402197747,45.567201303634064],[-122.89369270540055,45.567203298224477],[-122.89369138882353,45.567205292814855],[-122.89369007220907,45.567207286505862],[-122.89368875563184,45.567209281096233],[-122.8936874377742,45.567211275712744],[-122.89368612119679,45.56721327030305],[-122.89368480330155,45.567215264020241],[-122.89368348544355,45.567217258636752],[-122.89368216758552,45.567219253253214],[-122.89368084969006,45.567221246970369],[-122.89367953179445,45.567223240687468],[-122.89367821393607,45.567225235303866],[-122.89367689735811,45.567227229894058],[-122.89367557818183,45.567229223637348],[-122.89367426028589,45.567231217354419],[-122.89367294238983,45.567233211071425],[-122.89367162453102,45.567235205687744],[-122.89367030663475,45.567237199404744],[-122.89366898745807,45.567239193147941],[-122.89366766828127,45.567241186891103],[-122.89366634914171,45.567243181533655],[-122.89366502996472,45.567245175276781],[-122.89366371203069,45.567247168094354],[-122.89366239289086,45.5672491627368],[-122.89366107371359,45.567251156479877],[-122.89365975453617,45.567253150222967],[-122.8936584353214,45.567255143066703],[-122.89365711614387,45.567257136809751],[-122.89365579568585,45.567259130578996],[-122.89365447650815,45.567261124321988],[-122.89365315601255,45.567263117191906],[-122.89365183555428,45.567265110961074],[-122.89365051509584,45.56726710473027],[-122.89364919463736,45.567269098499459],[-122.89364787538443,45.567271090443676],[-122.89364655492581,45.56727308421285],[-122.89364523318662,45.567275078008173],[-122.89364391269046,45.56727707087795],[-122.89364259219413,45.567279063747705],[-122.89364127169775,45.567281056617411],[-122.89363994995823,45.567283050412676],[-122.89363862818122,45.567285043308615],[-122.89363730764718,45.56728703527893],[-122.89363598462697,45.567289029100401],[-122.89363466284973,45.567291021996269],[-122.89363334107243,45.567293014892122],[-122.89363201929497,45.567295007787976],[-122.89363069619969,45.567296999810644],[-122.8936293744221,45.567298992706434],[-122.8936280526444,45.567300985602245],[-122.89362672958622,45.567302978524232],[-122.89362540649053,45.56730497054685],[-122.8936240833948,45.567306962569461],[-122.89362276033634,45.56730895549142],[-122.89362143727777,45.567310948413358],[-122.893620112864,45.567312939562804],[-122.89361878852486,45.567314932510897],[-122.89361746542872,45.567316924533465],[-122.89361614105199,45.567318916582181],[-122.89361481795567,45.567320908604685],[-122.89361349357875,45.567322900653366],[-122.89361216920182,45.567324892702096],[-122.89361084354438,45.567326884777003],[-122.89360951912987,45.567328875926307],[-122.89360819475264,45.567330867974924],[-122.89360686909491,45.567332860049781],[-122.89360554343708,45.567334852124638],[-122.89360421774182,45.567336843300097],[-122.89360289204646,45.567338834475578],[-122.89360156510799,45.567340826576583],[-122.89360023941246,45.567342817751985],[-122.89359891371689,45.567344808927388],[-122.8935975867407,45.567346800128981],[-122.89359625976451,45.567348791330602],[-122.89359493410596,45.567350783405274],[-122.89359360709224,45.567352773707519],[-122.8935922788353,45.567354764935274],[-122.89359095185876,45.567356756136839],[-122.89358962488208,45.567358747338332],[-122.89358829530718,45.567360737692944],[-122.89358696701261,45.56736272802133],[-122.89358563875524,45.567364719248985],[-122.89358431049777,45.567366710476648],[-122.89358298216557,45.567368699905629],[-122.89358165390794,45.567370691133263],[-122.89358032433245,45.567372681487768],[-122.89357899475694,45.567374671842252],[-122.89357766521861,45.567376663096077],[-122.89357633560554,45.567378652551206],[-122.89357500602969,45.567380642905611],[-122.89357367645377,45.567382633260017],[-122.89357234427956,45.567384622767548],[-122.89357101338574,45.567386612248811],[-122.89356968252912,45.567388602629407],[-122.89356835167243,45.567390593009968],[-122.89356702077828,45.567392582491216],[-122.89356568984672,45.567394571073059],[-122.89356435770931,45.567396561479832],[-122.89356302553452,45.567398550987186],[-122.8935616933596,45.567400540494589],[-122.89356036114729,45.56740252910258],[-122.89355902897216,45.567404518609955],[-122.89355769423619,45.567406508169697],[-122.89355636206086,45.567408497677043],[-122.89355502856775,45.567410486311211],[-122.89355369507454,45.567412474945336],[-122.89355236161857,45.567414464478823],[-122.89355102684478,45.567416453139195],[-122.89354969331394,45.567418440873965],[-122.89354835857733,45.5674204304336],[-122.89354702380327,45.567422419093909],[-122.89354568902907,45.567424407754196],[-122.89354435293707,45.567426395541354],[-122.89354301816267,45.567428384201577],[-122.89354168079014,45.567430372014925],[-122.89354034473517,45.567432360701353],[-122.89353900860542,45.567434347589128],[-122.89353767126985,45.567436336301746],[-122.89353633517733,45.567438324088798],[-122.89353499780427,45.56744031190199],[-122.89353366046845,45.567442300614601],[-122.89353232305785,45.567444287528467],[-122.89353098436672,45.567446274468587],[-122.89352964699334,45.567448262281765],[-122.89352830833936,45.567450250121112],[-122.89352696836762,45.56745223708743],[-122.89352562967612,45.567454224027436],[-122.89352428970422,45.567456210993626],[-122.89352295104983,45.567458198832966],[-122.8935216110404,45.567460184899822],[-122.89352027106813,45.567462171865998],[-122.89351893109578,45.567464158832138],[-122.89351758984294,45.567466145824518],[-122.89351624851534,45.56746813101816],[-122.89351490726231,45.567470118010512],[-122.89351356597186,45.567472104103494],[-122.89351222343828,45.567474091122008],[-122.89351088082991,45.56747607634184],[-122.89350953825873,45.567478062460985],[-122.89350819568752,45.567480048580101],[-122.89350685311619,45.567482034699218],[-122.89350551054476,45.567484020818284],[-122.89350416665552,45.567486006064279],[-122.89350282276615,45.567487991310223],[-122.89350147891405,45.567489977455473],[-122.89350013374408,45.567491962727615],[-122.89349878981717,45.567493947074162],[-122.89349744336657,45.567495932372488],[-122.89349609691597,45.567497917670792],[-122.89349475174564,45.56749990294287],[-122.89349340525743,45.56750188734177],[-122.89349206004961,45.567503871714486],[-122.89349071359861,45.567505857012726],[-122.89348936582975,45.567507841437816],[-122.89348801930392,45.567509824937346],[-122.89348667153486,45.567511809362443],[-122.89348532376572,45.567513793787491],[-122.89348397471609,45.567515778238743],[-122.89348262562902,45.56751776179064],[-122.89348127657919,45.567519746241878],[-122.89347992749197,45.567521729793754],[-122.89347857840463,45.567523713345594],[-122.8934772280741,45.567525697822973],[-122.89347587766881,45.567527680501662],[-122.89347452730081,45.5675296640797],[-122.89347317689538,45.567531646758383],[-122.89347182524673,45.567533630362576],[-122.89347047356064,45.567535613067427],[-122.89346912187447,45.567537595772279],[-122.89346776890783,45.567539578503329],[-122.89346641594106,45.567541561234357],[-122.8934650629369,45.567543543066037],[-122.89346370996995,45.567545525797023],[-122.89346235700293,45.567547508527966],[-122.89346100271801,45.567549490385829],[-122.89345964843307,45.567551472243657],[-122.89345829414805,45.567553454101471],[-122.89345693858246,45.567555435985483],[-122.89345558301677,45.567557417869487],[-122.89345422745102,45.567559399753449],[-122.89345287056746,45.567561380764296],[-122.89345151372108,45.567563362674505],[-122.89345015683729,45.567565343685295],[-122.89344879995343,45.567567324696093],[-122.89344744306949,45.567569305706861],[-122.89344608490495,45.567571286743821],[-122.89344472670308,45.56757326688146],[-122.89344336853841,45.567575247918413],[-122.89344200905589,45.567577228082229],[-122.89344064957331,45.567579208246045],[-122.89343929009063,45.567581188409783],[-122.89343792936477,45.567583169499152],[-122.89343656856408,45.567585148789739],[-122.89343520776336,45.567587128080362],[-122.89343384699988,45.567589108270305],[-122.89343248495594,45.567591088486438],[-122.89343112287452,45.567593067803209],[-122.89342976075567,45.567595046220632],[-122.89342839867403,45.567597025537403],[-122.89342703531192,45.56759900488035],[-122.8934256719497,45.567600984223283],[-122.89342430598927,45.567602962719334],[-122.89342294258952,45.567604941162877],[-122.89342157790931,45.567606919632645],[-122.89342021322899,45.567608898102385],[-122.89341884723078,45.567610875699017],[-122.89341748126986,45.567612854194948],[-122.89341611530882,45.567614832690857],[-122.89341474802993,45.567616810313673],[-122.89341338206876,45.567618788809533],[-122.89341201475237,45.567620765532922],[-122.89341064619279,45.567622743181914],[-122.8934092763527,45.567624720857076],[-122.89340790775562,45.567626697606634],[-122.89340653915843,45.567628674356243],[-122.89340516928074,45.567630651132006],[-122.89340379940292,45.567632627907734],[-122.89340242956241,45.567634605582818],[-122.89340105832933,45.567636580586083],[-122.89339968717087,45.567638557388015],[-122.89339831601224,45.567640534189927],[-122.89339694481626,45.56764251009249],[-122.89339557105936,45.567644486047463],[-122.89339419726497,45.567646461103024],[-122.89339282478828,45.567648437031743],[-122.89339145103104,45.567650412986673],[-122.89339007723645,45.567652388042241],[-122.89338870212393,45.567654362224701],[-122.89338732708603,45.567656338205794],[-122.89338595201066,45.567658313287509],[-122.8933845756175,45.567660287496132],[-122.89338320050464,45.5676622616785],[-122.89338182155042,45.567664235939496],[-122.89338044519427,45.567666211047388],[-122.89337906752031,45.567668185282109],[-122.89337768984619,45.567670159516879],[-122.89337631081693,45.567672131979165],[-122.89337493186227,45.567674106240084],[-122.89337355287016,45.567676079601647],[-122.89337217259757,45.567678052989407],[-122.89337079228756,45.567680025477834],[-122.89336941201468,45.567681998865574],[-122.89336802918095,45.567683972305737],[-122.89336664759023,45.567685944820305],[-122.89336526603672,45.567687918234185],[-122.893363883128,45.567689889875652],[-122.89336250025657,45.567691862416368],[-122.89336111734771,45.567693834057827],[-122.89335973319565,45.56769580662472],[-122.89335834896882,45.567697777392958],[-122.89335696477923,45.567699749060559],[-122.89335557930913,45.567701720754322],[-122.89335419255853,45.567703692474275],[-122.89335280580787,45.567705664194257],[-122.89335141898236,45.567707634115486],[-122.89335003219416,45.567709604936084],[-122.89334864412547,45.567711575782852],[-122.8933472560566,45.567713546629619],[-122.89334586795036,45.567715516577067],[-122.89334447856356,45.567717486550691],[-122.89334308917675,45.567719456524266],[-122.89334169978979,45.567721426497855],[-122.89334030784185,45.567723396523881],[-122.89333891713697,45.56772536562432],[-122.89333752515159,45.567727334750906],[-122.8933361331661,45.567729303877513],[-122.89333474118045,45.567731273004142],[-122.89333334787699,45.567733241257592],[-122.89333195461082,45.567735210410376],[-122.89333056130717,45.567737178663798],[-122.89332916672305,45.567739146943445],[-122.89332777213879,45.567741115223029],[-122.89332637495626,45.567743082655731],[-122.89332497909145,45.567745050961499],[-122.89332358318913,45.567747018367974],[-122.89332218600632,45.567748985800627],[-122.89332078878613,45.567750952333888],[-122.89331939160313,45.567752919766527],[-122.89331799313962,45.56775488722532],[-122.89331659335825,45.567756853810991],[-122.89331519485721,45.567758820370443],[-122.89331379375794,45.567760786082978],[-122.89331239269586,45.567762752694826],[-122.89331099159641,45.567764718407282],[-122.89330959053416,45.567766685019109],[-122.89330818811678,45.567768649858422],[-122.89330678573653,45.567770615597077],[-122.89330538331893,45.567772580436376],[-122.89330397965816,45.567774546201214],[-122.89330257595989,45.567776511066718],[-122.89330117094381,45.567778475059043],[-122.89329976468456,45.567780439976971],[-122.89329835966829,45.567782403969275],[-122.89329695340884,45.567784368887089],[-122.89329554579426,45.567786332032469],[-122.89329413949723,45.567788296050956],[-122.89329273188245,45.567790259196293],[-122.89329132302443,45.567792223267219],[-122.89328991412899,45.567794186438753],[-122.89328850519614,45.567796148710904],[-122.8932870937397,45.567798111934827],[-122.89328568356359,45.567800075132531],[-122.89328427206955,45.567802037457064],[-122.89328286057547,45.567803999781638],[-122.89328144904398,45.567805961206801],[-122.89328003626929,45.567807923557545],[-122.89327862345714,45.567809885008892],[-122.89327720936454,45.567811846486464],[-122.89327579523446,45.567813807064688],[-122.89327437986121,45.567815768568423],[-122.89327296445049,45.567817729172845],[-122.89327154779662,45.567819690702777],[-122.89327013238577,45.567821651307121],[-122.89326871437666,45.567823611064625],[-122.89326729764784,45.567825570795797],[-122.89326587967579,45.567827531452551],[-122.89326446038599,45.567829491236182],[-122.89326304102136,45.567831449221053],[-122.89326162045089,45.567833409030897],[-122.8932601998803,45.567835368840662],[-122.89325877927233,45.5678373277511],[-122.89325735738386,45.567839286687715],[-122.89325593542056,45.567841243825626],[-122.89325451225146,45.567843202788431],[-122.89325308904489,45.56784516085186],[-122.89325166583831,45.567847118915338],[-122.89325024135114,45.567849077004965],[-122.89324881550876,45.567851033322121],[-122.89324738970367,45.567852990538604],[-122.89324596389841,45.567854947755073],[-122.89324453681273,45.567856904997747],[-122.89324310968958,45.567858861341065],[-122.89324168128591,45.567860817710574],[-122.89324025288217,45.567862774080041],[-122.89323882444096,45.56786472955018],[-122.8932373947566,45.567866685945873],[-122.89323596243659,45.567868640595258],[-122.89323453143427,45.567870596117814],[-122.89323310043181,45.567872551640285],[-122.89323166811155,45.567874506289648],[-122.89323023579119,45.567876460939026],[-122.89322880215299,45.567878414715231],[-122.89322736855193,45.567880369390728],[-122.89322593495091,45.567882324066254],[-122.89322450003193,45.567884277868636],[-122.89322306255211,45.567886231723421],[-122.89322162627784,45.567888183753318],[-122.89322019007818,45.567890137581884],[-122.8932187525607,45.567892090537228],[-122.89321731376269,45.567894043518855],[-122.89321587496457,45.567895996500461],[-122.89321443609175,45.567897947683349],[-122.89321299597563,45.567899899791755],[-122.89321155585947,45.567901851900181],[-122.893210113145,45.567903803161663],[-122.89320867174827,45.567905755296245],[-122.89320722899632,45.567907705658364],[-122.89320578628158,45.567909656919795],[-122.89320434224899,45.56791160730814],[-122.89320289821633,45.567913557696414],[-122.89320145286585,45.567915507211538],[-122.89320000755251,45.567917457626017],[-122.89319856095869,45.567919408066693],[-122.89319711432744,45.567921357607986],[-122.89319566641569,45.567923307175477],[-122.89319421842917,45.567925254944306],[-122.89319276923678,45.56792720453798],[-122.89319132000699,45.56792915323237],[-122.89318987077705,45.567931101926675],[-122.89318842022928,45.567933049747815],[-122.89318696708331,45.567934996722094],[-122.89318551525493,45.567936944569439],[-122.8931840634264,45.567938892416791],[-122.89318261028009,45.567940839390971],[-122.89318115589059,45.56794278729074],[-122.89317970138896,45.56794473249245],[-122.89317824696194,45.567946679492813],[-122.89317679121704,45.567948625620055],[-122.89317533419161,45.567950571773466],[-122.89317387588567,45.567952517953103],[-122.89317241878543,45.567954462307846],[-122.89317096047927,45.567956408487447],[-122.89316950081798,45.567958352894543],[-122.89316804119385,45.567960298200994],[-122.89316658025193,45.567962242634273],[-122.89316511927254,45.567964186168219],[-122.89316365833039,45.567966130601469],[-122.89316219479001,45.56796807418781],[-122.89316073128686,45.567970018673492],[-122.89315926770888,45.567971961360435],[-122.89315780413084,45.567973904047406],[-122.89315633799187,45.567975846786737],[-122.89315487313318,45.567977789499892],[-122.89315340699399,45.567979732239209],[-122.89315193953698,45.567981674105411],[-122.89315047076207,45.567983615098427],[-122.89314900202446,45.567985556990806],[-122.89314753328669,45.567987498883205],[-122.89314606323109,45.567989439902405],[-122.89314459317538,45.567991380921605],[-122.89314312176451,45.567993320168313],[-122.89314164914774,45.567995261239915],[-122.89314017777393,45.567997201385914],[-122.89313870252151,45.567999140711265],[-122.8931372285867,45.568001080909632],[-122.89313575457713,45.568003019309373],[-122.89313427928701,45.568004957735305],[-122.89313280275378,45.56800689708674],[-122.89313132618305,45.568008835538855],[-122.89312984961222,45.568010773990956],[-122.89312837040583,45.56801271069677],[-122.89312689127395,45.568014649201238],[-122.89312541082428,45.568016586832599],[-122.89312393161751,45.568018523538349],[-122.89312244988719,45.568020461195893],[-122.89312096936251,45.568022397028507],[-122.89311948627692,45.568024332913524],[-122.89311800322852,45.568026269697874],[-122.89311652014271,45.568028205582856],[-122.8931150344586,45.56803014062092],[-122.89311354881171,45.568032076558296],[-122.8931120630901,45.568034010697005],[-122.89311057612528,45.568035945761252],[-122.89310908912303,45.568037879926109],[-122.89310760084025,45.568039814117157],[-122.89310611255742,45.568041748308197],[-122.8931046216762,45.568043681652348],[-122.8931031320754,45.568045614970238],[-122.89310164119404,45.568047548314318],[-122.89310014899482,45.568049480785298],[-122.89309865679556,45.568051413256221],[-122.89309716327833,45.568053344854007],[-122.89309566979841,45.568055277351128],[-122.89309417500064,45.568057208975105],[-122.89309267892234,45.568059140625287],[-122.8930911828066,45.5680610713761],[-122.89308968669073,45.56806300212692],[-122.89308818929436,45.568064932903916],[-122.89308669058012,45.568066862807726],[-122.89308519186577,45.568068792711578],[-122.89308369187091,45.568070722641608],[-122.89308219059554,45.568072652597841],[-122.89308068924541,45.568074580755358],[-122.89307918665205,45.56807650983842],[-122.89307768405865,45.568078438921525],[-122.89307618142779,45.568080367105168],[-122.89307467623598,45.568082295341299],[-122.89307317224981,45.568084221752486],[-122.89307166574004,45.568086149115466],[-122.89306466236008,45.568095938011957],[-122.89295042607527,45.56823781541101],[-122.89296321129964,45.568237464500797],[-122.89533533299129,45.56823801420245],[-122.89539697872507,45.568238929770942],[-122.89545342236391,45.568236411840338],[-122.89550986727835,45.568233893856203],[-122.8955586284055,45.568376301217143],[-122.89557178271902,45.568408579243119],[-122.89557392769143,45.568413845872954],[-122.89601424267622,45.569451825195721],[-122.89611144157053,45.569579447817659],[-122.89615608749749,45.569618991071344],[-122.89626464512222,45.56971087347749],[-122.89637600611118,45.569785034714464],[-122.89736073148291,45.570217541600194],[-122.89875436369452,45.570829627965225],[-122.89880416084797,45.570851499925197],[-122.89917254475222,45.571013343345356],[-122.89994264784472,45.571351651161706],[-122.90036826894755,45.571531065512211],[-122.90233300449708,45.572416088285124],[-122.90278780249741,45.572620945028206],[-122.90355062795956,45.572921060123328],[-122.90388315122654,45.573023350318977],[-122.90388827967624,45.573024288052132],[-122.90415878032763,45.573074014482565],[-122.9047775577899,45.573155221391914],[-122.90586597421158,45.573301723298158],[-122.90651304507064,45.573404969955284],[-122.90716883633519,45.573575590672242],[-122.9086566201393,45.574052178541208],[-122.90867988081584,45.574059630865463],[-122.91026731252043,45.57456814902082],[-122.91027673456263,45.574571165380966],[-122.91187860632405,45.575084273459481],[-122.91198922261032,45.575119708636251],[-122.91198771269735,45.575126996430555],[-122.91198130175664,45.575158025684438],[-122.91197002367613,45.575212626476642],[-122.9123066295442,45.575318579437614],[-122.91261553369455,45.575416371378779],[-122.91290107899844,45.575515850000663],[-122.91330742941949,45.575608157544643],[-122.91360555665291,45.575636036966586],[-122.91385619092976,45.575649465135079],[-122.91483123961902,45.575700851074913],[-122.91503095199785,45.575711412484807],[-122.91550867913624,45.575736532679628],[-122.91801390930836,45.57584630512806],[-122.91899665289844,45.575894577329755],[-122.92020258116196,45.57595393493164],[-122.92038721224937,45.575977488309022],[-122.92071603804945,45.576083580338036],[-122.92116578636755,45.576368394772473],[-122.92133089114552,45.576574993437859],[-122.92148392525175,45.576555585979904],[-122.92159515446428,45.576541477499248],[-122.92178624036202,45.576075462347468],[-122.92222503641642,45.575005376885606],[-122.92230797636678,45.57484311217403],[-122.92268688839894,45.574109383088405],[-122.92276632992892,45.573956797280673],[-122.92285045296353,45.573731058908166],[-122.92287905247426,45.57357748280765],[-122.92291702391647,45.573460239667355],[-122.92299152627636,45.573283577313951],[-122.92322659336106,45.572749745181852],[-122.92352040735395,45.5720366741972],[-122.9241373035981,45.570656201612223],[-122.92420860935592,45.57049607095869],[-122.92428022986493,45.570343647651221],[-122.92453836275213,45.569780887701221],[-122.92486989719822,45.569058060155051],[-122.92498780969959,45.568800396906269],[-122.92535721929274,45.567937548532626],[-122.92543193324836,45.567766199923192],[-122.92584452711662,45.56681720597598],[-122.92623218066484,45.565833753710791],[-122.92610937164692,45.565825901773906],[-122.92610596665889,45.565825686230731],[-122.92598950656257,45.565818240622754],[-122.92598896691936,45.565818206820374],[-122.92600181561274,45.565730848755351],[-122.92601919034955,45.565612669564224],[-122.92604345441654,45.565447597261013],[-122.92615240980787,45.565452797112961],[-122.92616077028377,45.565453196904151],[-122.92616403180011,45.565453353316343],[-122.92617579625217,45.565453914661781],[-122.92618035470807,45.565454134157406],[-122.92618070109771,45.565406486680168],[-122.92618096096136,45.565367897936326],[-122.92618958851602,45.564162947576641],[-122.92618775415079,45.563841364189216],[-122.92618493998748,45.563345517387916],[-122.92618453975309,45.563275011652337],[-122.92618371861784,45.563129337109537],[-122.92618363789286,45.563116060299642],[-122.92618362573758,45.563113396213708],[-122.92618361205325,45.563111883405689],[-122.92621593643065,45.561786172370063],[-122.92646618300103,45.561782556597542],[-122.92740610808936,45.561787716306604],[-122.92906990418844,45.561796842044174],[-122.93070287209119,45.561805768106211],[-122.93089808411332,45.561806826034527],[-122.93175212700142,45.561811488083656],[-122.93257203354621,45.561815957146301],[-122.9325348710408,45.563971054258538],[-122.93402986783614,45.563996499788445],[-122.93399864366057,45.565809916997971],[-122.93250354304,45.565787649683848],[-122.93250094074816,45.565897334251197],[-122.93240753404054,45.566083235054478],[-122.93255037015831,45.566520050623701],[-122.93273387304646,45.566959109458949],[-122.94070808638719,45.569979242750478],[-122.94131576589128,45.570210547725253],[-122.94152177458045,45.570276832865275],[-122.94508710419697,45.571630011716032],[-122.94532691098452,45.571726052997676],[-122.94572388993127,45.571880632800713],[-122.94709383408616,45.572383712917649],[-122.94983319480707,45.573393455579335],[-122.94982739018272,45.572625460754487],[-122.95069511420353,45.572943678959255],[-122.95237752885623,45.573560634430031],[-122.95421787589,45.574234555978968],[-122.95521728453288,45.574600511338858],[-122.95521711035003,45.574601266596311],[-122.95525491446857,45.574615126338905],[-122.9563218215408,45.571590389359962],[-122.95632294000291,45.571589447729934],[-122.95635165673491,45.571448762119964],[-122.95646854224461,45.571350580273183],[-122.95657388932894,45.571262090297111],[-122.9565949671766,45.571244386531149],[-122.95663310019287,45.571212355285667],[-122.95670538197297,45.571151640343274],[-122.95675767224556,45.571107716998007],[-122.95680996119636,45.571063794554455],[-122.95685609945495,45.571025040262676],[-122.95694068576654,45.570953987834883],[-122.95699275546333,45.570910249933362],[-122.95698026855671,45.570835280403934],[-122.95691144933699,45.570774124770274],[-122.95683446352385,45.570705712988762],[-122.95675028893159,45.570630914706996],[-122.95665730034656,45.570548281575647],[-122.95657486841274,45.570475028948962],[-122.95655329789092,45.570453315108956],[-122.95653684865863,45.570420804684353],[-122.95649027164185,45.57033872693097],[-122.95646719220316,45.570289871057007],[-122.95643410402555,45.570219821593156],[-122.95637923421934,45.570103667618184],[-122.95631741140653,45.569972790665922],[-122.9562807734517,45.569878734839108],[-122.95627289663899,45.569858517165777],[-122.95626007921935,45.569809210623013],[-122.95623623046318,45.569717473817292],[-122.95619699776759,45.56959562815927],[-122.95619682485244,45.569595089020815],[-122.95625114568649,45.569477870435158],[-122.95625037934614,45.569477570599894],[-122.95690610434856,45.56847113194096],[-122.95712732550878,45.568121703515047],[-122.95714425693858,45.568095446504636],[-122.95732551945729,45.567815408345147],[-122.9573793489501,45.567732243779894],[-122.95739965677457,45.567700870536655],[-122.95768112518587,45.56726560733572],[-122.95805380058174,45.56709849579422],[-122.9585486809668,45.566866690930205],[-122.95868266940934,45.566805227972345],[-122.95920747667917,45.566564490466568],[-122.96019744711818,45.566168410906187],[-122.96026075403216,45.56614308256939],[-122.96026020697094,45.566143596356213],[-122.96026169756347,45.566143000595901],[-122.96086201940882,45.565939505757235],[-122.96117264860007,45.565894373657208],[-122.9612068689548,45.565886191781864],[-122.96137160125797,45.56584680620643],[-122.96160309044298,45.565791458235381],[-122.96182387220902,45.565679326882439],[-122.96183926484551,45.565671509061325],[-122.96208000895193,45.565549239791032],[-122.96233326846011,45.565420612427204],[-122.96237358722639,45.565400134705101],[-122.9625612745002,45.565304808779381],[-122.96264060242247,45.565182320417769],[-122.96269707768015,45.565095118752069],[-122.96286145671213,45.564906636279979],[-122.96288048464969,45.564867412828221],[-122.96298779075578,45.56464623070233],[-122.96311680695358,45.564447012938892],[-122.9631932065478,45.56432904414072],[-122.96377162680416,45.563980715757367],[-122.96460238723506,45.563565431449653],[-122.9655138865791,45.563232723427902],[-122.96625970628492,45.563134770277202],[-122.96647383739234,45.56313319127279],[-122.96815153487708,45.563142668062241],[-122.96855921126125,45.563137270547323],[-122.96882748617747,45.563131509941293],[-122.96911976605665,45.56314932350886],[-122.96920168622951,45.563172161441933],[-122.96927807928405,45.563188558683812],[-122.96947522166207,45.563230875101937],[-122.96975340851013,45.563290587074945],[-122.96996306439868,45.563346321947286],[-122.9701559542567,45.563397599691804],[-122.97033742091799,45.563445839455362],[-122.97055693316202,45.563596900953335],[-122.97075844028586,45.563735569039025],[-122.97094624264979,45.563864805202797],[-122.97107274420178,45.564004912098461],[-122.9711680416127,45.564110460341006],[-122.97126738204375,45.564220484852889],[-122.97129029844969,45.564245866287415],[-122.97137480698748,45.564339462898651],[-122.97144965079336,45.564422353405249],[-122.97142000825896,45.564484961390754],[-122.97134167395274,45.564556874953034],[-122.97125235446585,45.564631623947548],[-122.97116582965032,45.564685504601293],[-122.97110429482777,45.564718040356233],[-122.97103985487124,45.564768845302005],[-122.97099772269506,45.564821771752975],[-122.97105336551313,45.564909011980099],[-122.97111410681599,45.564858286150603],[-122.97117820884159,45.564799686003134],[-122.9712463500239,45.564748800904844],[-122.9713323101796,45.564681926183006],[-122.97141087012626,45.564615212405613],[-122.97156855529271,45.564494774171912],[-122.97160679089255,45.564460945121716],[-122.97160939820502,45.564462667726495],[-122.97174407075205,45.564344310109135],[-122.97200144995384,45.564121151393337],[-122.97218068527707,45.563920079163694],[-122.97233908268377,45.563599408085828],[-122.97253367493717,45.563373033479202],[-122.97279586028434,45.559450590284484],[-122.97292549845915,45.557345369483031],[-122.97319293541538,45.553377596502258],[-122.9732279848358,45.552885479000054],[-122.97325570834963,45.55249625606227],[-122.97335958569856,45.551037732894116],[-122.97340564725357,45.550390963986601],[-122.9734322844614,45.550023783438853],[-122.97355219959729,45.550023444379747],[-122.9771135214439,45.550013977935308],[-122.97785713972496,45.550005504202041],[-122.978559758579,45.549997387932287],[-122.98038268064903,45.549976586725641],[-122.98155175717015,45.549963184169883],[-122.98237924418925,45.549953716462731],[-122.98350561256092,45.549940829197155],[-122.98405258317592,45.549934565576159],[-122.98410268207213,45.549933987251627],[-122.98449888412559,45.549929538493245],[-122.98520931747908,45.549921383432583],[-122.98563873156579,45.549917248619956],[-122.98612670983211,45.549912700339235],[-122.98757704069868,45.54989538582327],[-122.98819549588735,45.549887996446706],[-122.98851362653956,45.549884368768076],[-122.98946174804578,45.549873741974608],[-122.98953755107759,45.549873468692368],[-122.99028055004214,45.549870743941163],[-122.99086255252566,45.549868603806672],[-122.99193214375963,45.549857431829231],[-122.99478942377706,45.549827532128127],[-122.99541268483584,45.549821007347298],[-122.99542979444355,45.549820824595557],[-122.99549616316257,45.549820167481016],[-122.99550201695052,45.54982011264471],[-122.99550510758539,45.549890409075282],[-122.99550515867804,45.549891560168049],[-122.9955052685342,45.549894069222901],[-122.99550974055097,45.549995754763934],[-122.9955097854172,45.549996761966625],[-122.99552554634454,45.549999399358491],[-122.99560451775433,45.550012620529536],[-122.99563877010387,45.550024326992094],[-122.99593907696821,45.550103726395271],[-122.99618598824929,45.550123571975568],[-122.99652168920281,45.550208548827683],[-122.99672995828749,45.550237469786495],[-122.99686825365897,45.550256170596938],[-122.99702068871362,45.550276779769362],[-122.99716560849707,45.550286144563024],[-122.99732519746577,45.55027393688281],[-122.99747619375069,45.550244071820835],[-122.99765567504683,45.550240172515089],[-122.997789092498,45.550254593729171],[-122.99790755481301,45.550284096038297],[-122.99807862045783,45.550355323867677],[-122.99815017143234,45.550383603908024],[-122.99826158755137,45.550430578925642],[-122.99841157501953,45.550466587910222],[-122.99860834254615,45.550500211751576],[-122.99877648200594,45.550504966073618],[-122.99895920444162,45.55048590542809],[-122.99910396399625,45.550403185544624],[-122.9993548805428,45.550159000974794],[-122.9994808553804,45.550093154228314],[-122.99969025328841,45.549793111990233],[-122.99981686389737,45.549687045340967],[-122.99985301569549,45.549660125202088],[-122.99997376773626,45.549579609243068],[-123.00015345506758,45.549492004298031],[-123.00031606174917,45.549459660033165],[-123.00057439001618,45.549472567477821],[-123.00083038424378,45.549521194401976],[-123.00097121694382,45.54957246902832],[-123.00100104959968,45.549583334208485],[-123.00124932515888,45.549633837556541],[-123.0014607840349,45.549735394697741],[-123.00165204039594,45.549821608136078],[-123.00181442935526,45.549872953936699],[-123.00195594233983,45.54989371228455],[-123.0020584164516,45.54991480792188],[-123.00223720404415,45.549895476200497],[-123.00233084553635,45.549804601671326],[-123.00233215043674,45.54965725577761],[-123.00231119739674,45.549536294658409],[-123.00233045437247,45.549441546822479],[-123.00233328925707,45.549394240110864],[-123.00233575054747,45.549353027290834],[-123.00233860895456,45.549305377116838],[-123.00237977447053,45.549242570638036],[-123.0024472743071,45.549217595774238],[-123.00251570588388,45.549192275956969],[-123.00262531552337,45.549186342545745],[-123.00277042196129,45.549178493652633],[-123.00304660375249,45.549186884144071],[-123.00326206788131,45.549213061281996],[-123.00342206678532,45.549232875321763],[-123.00348933026079,45.549241214848735],[-123.00355299460475,45.549256509493276],[-123.00366992250942,45.54928460764723],[-123.00380006447082,45.549302352523917],[-123.00392553308224,45.549291391821249],[-123.00399594255272,45.549272275752415],[-123.00406693574425,45.549254182296778],[-123.00410688285764,45.549216645010517],[-123.00413493182076,45.549189962891582],[-123.00416905627111,45.549156944914174],[-123.00416802004568,45.549081508685532],[-123.00418339495991,45.54895083507563],[-123.00413830240595,45.548910378716343],[-123.00399228514954,45.548779385827004],[-123.00392727309435,45.548729442137756],[-123.00387874591839,45.548692166608532],[-123.00384449324726,45.548667993699347],[-123.00382893178563,45.548659978372093],[-123.00376599850398,45.548627544713455],[-123.00365930833053,45.548590716363165],[-123.00362719723884,45.548579631542964],[-123.00353879841875,45.548561553597544],[-123.0034498570041,45.548543370195198],[-123.00324130827163,45.548507778242247],[-123.00312151441086,45.548492210834986],[-123.00286484425412,45.548461339938896],[-123.00286434195571,45.548461278689103],[-123.00279143372245,45.548444618178465],[-123.00271838189703,45.548427924693605],[-123.002674132313,45.548404527318674],[-123.00252644355,45.548326458411459],[-123.00248649381916,45.548296837051431],[-123.0024810767453,45.548292840325217],[-123.00238312156709,45.54822017068463],[-123.00221903316708,45.548074966873862],[-123.00221668716277,45.548072893678324],[-123.00221636582322,45.5480726035129],[-123.0021941545919,45.548052957387526],[-123.00213980885054,45.547985973114706],[-123.00211567831101,45.547956222526857],[-123.00208664260035,45.547873059648815],[-123.00208662539983,45.547872988005409],[-123.00207772449812,45.547803897925256],[-123.0021104485846,45.547704815412828],[-123.00211047184196,45.547704760905816],[-123.00211525697661,45.547693573998203],[-123.00212462045272,45.547671719495689],[-123.00214772516527,45.547620072833567],[-123.00221170702871,45.547562747389172],[-123.00221233598565,45.547562184826951],[-123.0022126070326,45.547561935981285],[-123.00221480085825,45.547559970775033],[-123.00222286240002,45.547552755341748],[-123.00222587973275,45.547546207848136],[-123.00225672154073,45.54747913342667],[-123.00226242927653,45.547428711824345],[-123.00226373837452,45.54741713309037],[-123.00226376035167,45.547417078610763],[-123.00226647854841,45.547413616927557],[-123.00231367385319,45.547353901941804],[-123.00233702845439,45.547344544205728],[-123.00239153048082,45.547322696696696],[-123.00240960892744,45.54731545209799],[-123.00252069006406,45.547292111630725],[-123.0027191612504,45.547250403581081],[-123.002817884417,45.54721705060286],[-123.00284615014721,45.547207504724199],[-123.0031924149409,45.547178016299874],[-123.00345137793907,45.547161403044846],[-123.0036393076209,45.54717205589526],[-123.00377763963937,45.547165270775096],[-123.00389180914402,45.547151854433402],[-123.00389225515985,45.547151799865759],[-123.00401581022824,45.547119948822228],[-123.00402779661694,45.547113998446264],[-123.00406167368362,45.547097173104532],[-123.00414787441836,45.547025110989601],[-123.00415583186341,45.54701845573743],[-123.00425777471136,45.546983484236179],[-123.00430580924281,45.546977107583963],[-123.00435594584333,45.546970460808858],[-123.00435677387611,45.546970353041978],[-123.00442575353294,45.546995848928979],[-123.00445007119752,45.547004843940115],[-123.00447101666488,45.547024804841435],[-123.00449491905449,45.547047600820733],[-123.00457889917962,45.547180737006869],[-123.00459154209612,45.54724598233171],[-123.00459543035679,45.547334068491509],[-123.00459556442767,45.547337126121107],[-123.00453222411986,45.547538993078035],[-123.00448942789431,45.547630985810855],[-123.00444520465818,45.547697290084386],[-123.00443997721466,45.547705155131958],[-123.00443664983365,45.547850969431728],[-123.00447692030565,45.547922976638937],[-123.00460010760135,45.548015134588724],[-123.00476865343005,45.548073371733331],[-123.00493091884337,45.548103100603768],[-123.00496945141145,45.548110156029225],[-123.00502408337715,45.548122037557157],[-123.005024080213,45.548121964713062],[-123.00502319865561,45.548015223357943],[-123.00502316469547,45.548010371387903],[-123.00504520880091,45.54801603137885],[-123.0052229510822,45.548061707132021],[-123.00525262903741,45.548069334020973],[-123.00550262444146,45.548160599649833],[-123.00563483547251,45.54824175582101],[-123.00567082944946,45.548282464399684],[-123.00571321748566,45.548330424231793],[-123.00574226738154,45.548383004367309],[-123.00577208151037,45.548436955230372],[-123.00586042482902,45.54846739352319],[-123.00592762538629,45.548490541325407],[-123.00592789847173,45.548490634483564],[-123.00605514282903,45.548459322406153],[-123.00609259955358,45.54833642274285],[-123.00611018614717,45.548280303771143],[-123.00613412992753,45.548203908491196],[-123.0061726397462,45.548100503202548],[-123.00625475239384,45.547999162611859],[-123.00628159209919,45.547966033801373],[-123.00641976419054,45.547875822349845],[-123.00650917398262,45.547837870978611],[-123.00663241392685,45.547785561762062],[-123.00665514689481,45.547775766418603],[-123.00677192767496,45.547725442754469],[-123.00694468691094,45.547651905404088],[-123.00712491685303,45.547594068073167],[-123.00722301240629,45.547515820871865],[-123.00723612240211,45.547492992555419],[-123.00729215811415,45.547395397363644],[-123.00729652018153,45.547373471519336],[-123.0072974532863,45.547368796819981],[-123.00729753652114,45.547368353960373],[-123.00729712790563,45.547365202307006],[-123.00728900049413,45.547301875727591],[-123.00727402501974,45.547185376689981],[-123.00727882296393,45.547162603448967],[-123.00727920425497,45.547160794966508],[-123.00714494050511,45.546877117762612],[-123.00712931298673,45.546863280318455],[-123.0071165514489,45.546851980992749],[-123.00691688636154,45.546675150676521],[-123.00663774824054,45.546570840178845],[-123.00605292862851,45.546519241620295],[-123.00603359011448,45.546510444370462],[-123.00593616829116,45.546466124460927],[-123.00593497897059,45.546465582880813],[-123.00605563294687,45.546201870181292],[-123.00627666136764,45.546050786308733],[-123.00642795153364,45.545991392461694],[-123.00662697280181,45.545913249328102],[-123.00665789064917,45.545901115261344],[-123.00665828115798,45.545900962857516],[-123.00665684003374,45.545877326145813],[-123.00665501759916,45.545847981665517],[-123.00665489857579,45.545846156915644],[-123.00617828332942,45.545786960444573],[-123.00617805334225,45.54578697438037],[-123.00602903740682,45.545796308618073],[-123.00598454785904,45.545799097573536],[-123.00585729046954,45.545807066449662],[-123.00551659542094,45.545828401598989],[-123.0052179739088,45.545847100635555],[-123.00503542982582,45.545803383145831],[-123.00502586052856,45.545801089545236],[-123.00489962417134,45.545701580168476],[-123.00489860238015,45.545700765841026],[-123.00494820799055,45.545588097984293],[-123.00527694431908,45.54533475897405],[-123.00547555412408,45.545219472904634],[-123.00550676048289,45.54511897245073],[-123.00552724190622,45.545053005834085],[-123.0055279713082,45.545050657900667],[-123.00552422166382,45.54504841684254],[-123.00548973141062,45.545027823987589],[-123.00536189186548,45.544951459917904],[-123.00523205239641,45.544909322692035],[-123.00522883128849,45.544909221647018],[-123.00508057807549,45.5449044492239],[-123.00490153443842,45.544802067555466],[-123.00459955278943,45.544625779263086],[-123.00443576065628,45.544530158559446],[-123.00443354704673,45.544528477732733],[-123.00423712295581,45.544379147748387],[-123.00423234199988,45.544376784736016],[-123.00414291499646,45.544332640343022],[-123.00402302347194,45.544273440442119],[-123.00375063460396,45.54416491620627],[-123.00349748144887,45.544096852174768],[-123.00337344286403,45.544054586805252],[-123.00332314235465,45.544019977479394],[-123.00330256959748,45.544005824248764],[-123.00322945035806,45.543955516517599],[-123.00318223976339,45.543828609787099],[-123.00317692081985,45.543814321377631],[-123.0031766592242,45.543813606863843],[-123.003176712014,45.543812786596455],[-123.00318699791355,45.543655009372948],[-123.00318706611245,45.54365395383617],[-123.00319422014465,45.543638683410386],[-123.00325086552834,45.543517670347278],[-123.00332868043915,45.543459484989967],[-123.00334087208363,45.543450369832151],[-123.00334097134706,45.543450295692828],[-123.00332831539328,45.543295241560863],[-123.00328912630205,45.543197984889076],[-123.00312261316742,45.543115763637147],[-123.00311827821204,45.543116235496917],[-123.0030295696794,45.543125802133275],[-123.00288522883021,45.543141377486705],[-123.00272509237638,45.543131667437287],[-123.00268690088356,45.543129347810414],[-123.00268380770237,45.543128649857536],[-123.00244010392146,45.543073396422379],[-123.00237539614385,45.543058068714522],[-123.00237199015588,45.543057837431434],[-123.00233448252411,45.543055305007172],[-123.00218061869353,45.543044926050953],[-123.00217890990209,45.543044809630629],[-123.00217862717156,45.543044788682678],[-123.00219705390316,45.542899590463946],[-123.00226280898941,45.542812572201903],[-123.00243154020912,45.542699023035105],[-123.00263515668557,45.542642167442388],[-123.0026875163945,45.542607276457268],[-123.00269856854983,45.542602841351503],[-123.00275955667654,45.542593950823623],[-123.00282850054015,45.542583896927525],[-123.00293605531134,45.54261128101426],[-123.00301076473552,45.542630297135091],[-123.0030979485248,45.542645710831799],[-123.00328425818624,45.542678644093726],[-123.00345583456101,45.542708963748559],[-123.00357676374301,45.542746769692769],[-123.00363550827892,45.542765132940673],[-123.00379760541689,45.542815806947083],[-123.0038960982216,45.542811977267064],[-123.00398747920768,45.542808420581729],[-123.0040599161961,45.542783165850238],[-123.00420681157257,45.542610663213317],[-123.00405982179544,45.542449146313857],[-123.00385386866292,45.542246817460004],[-123.00370117503191,45.542096802991644],[-123.00345610728434,45.541822351052829],[-123.00332390689803,45.541706171906462],[-123.00337725112855,45.541571069979504],[-123.00350033437823,45.541288598407256],[-123.00360632646733,45.541098775577943],[-123.0036042656651,45.540955950452187],[-123.0035339631374,45.540802709638449],[-123.0034481839441,45.540682539900239],[-123.0032796158452,45.540605845771232],[-123.00323788910958,45.540589856813391],[-123.00302972848873,45.540510089800122],[-123.00297884606431,45.540514241608498],[-123.00278071885549,45.540530394398964],[-123.00272287989769,45.540552827802635],[-123.0026122408332,45.540595739446516],[-123.00260997319583,45.540596617072701],[-123.00258373104155,45.540616237339748],[-123.00246361605387,45.540706051701136],[-123.00246236293724,45.540706988601791],[-123.00245242180817,45.540718304951973],[-123.00229699124544,45.540895122806887],[-123.00221708629945,45.541004020074638],[-123.00221499109871,45.541004443923036],[-123.00212030627601,45.541023403226447],[-123.00208261268645,45.541034063738458],[-123.00204489294889,45.54104474190094],[-123.00204470558793,45.541044556882774],[-123.0019808613242,45.540979301638188],[-123.00198013619776,45.540978561044362],[-123.00196784745161,45.540965999830775],[-123.00193509400832,45.540871933559828],[-123.00193470610041,45.540871554804163],[-123.00192254094874,45.540859774969583],[-123.00178138368901,45.540723055514619],[-123.00178084682143,45.540722815871796],[-123.00170903727935,45.540690763021693],[-123.0015683720505,45.540627980160977],[-123.0014561960579,45.54057791013269],[-123.00134890767531,45.540511726148651],[-123.00119989995939,45.540419776601127],[-123.00115946109054,45.540401301024261],[-123.00095380566275,45.540307378573871],[-123.00080881156993,45.540221615751094],[-123.00072375919676,45.54017129644766],[-123.00071702411893,45.540167310756011],[-123.00063614197818,45.540119457632741],[-123.00063066939751,45.540116228037839],[-123.00048294554728,45.540034754872934],[-123.00037514818595,45.539975306841832],[-123.00020498673409,45.539823912879143],[-123.00019342083324,45.539809129741705],[-123.00012550880083,45.539722409177351],[-123.00011908827675,45.539714212115101],[-123.0001181653537,45.539713044571734],[-123.00011778519543,45.539712548624713],[-123.00011686184358,45.539711371188858],[-123.00010106159851,45.539691188660179],[-123.00009394291978,45.539609583045262],[-123.00009280678404,45.539596581282737],[-123.00013181427754,45.539368840795817],[-123.00012800941926,45.539258039850104],[-123.00012784829212,45.539253199586831],[-123.00012727379317,45.539236665309424],[-123.00006995129134,45.538950038421675],[-123.00006440077671,45.538922340762021],[-123.00005834082906,45.538892080474206],[-123.00005827911544,45.538891838754367],[-123.00005823097868,45.538891614746966],[-123.00001339553913,45.538609540811272],[-122.99996039585076,45.538276186220365],[-122.99995584460271,45.538247603013303],[-122.9999449783206,45.538179176549555],[-122.99994089047091,45.538153275774881],[-122.99977238895613,45.53757810377742],[-122.99976876858106,45.537567154406425],[-122.99975953516672,45.537539294301112],[-122.99975372754325,45.537491499925125],[-122.99973770852552,45.537359583481042],[-122.99972303391392,45.53723873712466],[-122.99971967756775,45.537211091483982],[-122.99974613687104,45.537118437838501],[-122.99978677049367,45.53697619568004],[-122.99979732536997,45.536939262469375],[-122.99985953265279,45.536808966205911],[-123.00003498742777,45.536441509489187],[-123.00004102605993,45.536428846505736],[-123.00005214478387,45.536405549295857],[-123.00011673935894,45.536288217933475],[-123.00030337403015,45.536020491368483],[-123.00053364370829,45.535762535713701],[-123.0005702479887,45.535725756684052],[-123.00078688233552,45.535508105083601],[-123.00105360379008,45.535280063829859],[-123.00196963094177,45.534642998358784],[-123.00200952628637,45.534615247971502],[-123.00202219394886,45.534605924637951],[-123.00213549157957,45.534527647669243],[-123.00226649973331,45.534467610809848],[-123.00244412999011,45.534386213334621],[-123.00254265265986,45.534336047489717],[-123.00263155328626,45.534290773049875],[-123.00272772084946,45.534241802502883],[-123.00283240576248,45.534189351174113],[-123.00290519515265,45.534117698898903],[-123.00296472045439,45.534057562074366],[-123.00302850060238,45.533993118599284],[-123.00311006402282,45.533910715713873],[-123.00314772459693,45.533859913031456],[-123.00317115551469,45.533828298775163],[-123.00318745250809,45.533806310649382],[-123.00321250386396,45.533772518382186],[-123.00323098994213,45.533747583929276],[-123.00326179558942,45.533706022395116],[-123.00327739146523,45.533684968339955],[-123.00330377247535,45.533649382344194],[-123.00332647725475,45.533618747679903],[-123.00333408722473,45.533600170990361],[-123.00334590346655,45.533571267575645],[-123.00335831052399,45.533540956254456],[-123.00336708188382,45.53352024830405],[-123.0033742912603,45.533501915137649],[-123.0033847212391,45.533476426014616],[-123.00340250623863,45.533432979564161],[-123.00341189440496,45.533410017000563],[-123.00342147058797,45.533386635434006],[-123.00343405073369,45.533355887414956],[-123.00344280730397,45.533291013662392],[-123.00345325168894,45.533213561864045],[-123.00345974181305,45.533165553387569],[-123.00345944929686,45.533091819843968],[-123.00345821556053,45.53304671700824],[-123.00345758813823,45.532997936642076],[-123.00350788033118,45.532952980475464],[-123.00361396064226,45.532858176724105],[-123.00386548942879,45.532795584738729],[-123.00411400111173,45.532803088097197],[-123.00427789623575,45.532808042383557],[-123.00433027823841,45.532809619582913],[-123.004361639545,45.532810565546917],[-123.00442270097429,45.532801276233428],[-123.00451773483019,45.532786817864974],[-123.00456796967715,45.532779178401853],[-123.0046043723803,45.532773640379055],[-123.00465849913348,45.53276540252007],[-123.00468301721392,45.532755847219704],[-123.00478560887503,45.532715845742743],[-123.00478751463049,45.532573257080855],[-123.00478780307418,45.532552202548025],[-123.00475754068242,45.532433029151647],[-123.00472399285812,45.532300927053107],[-123.0046898991496,45.532166632163744],[-123.00468449847136,45.532145548417184],[-123.00468879830008,45.532090305431609],[-123.00470168280822,45.53192508807242],[-123.00475933922719,45.531853152297415],[-123.00481415453368,45.531784779934057],[-123.00484920658704,45.531746322363823],[-123.00486940310762,45.531724176497733],[-123.00490375853735,45.531686489981581],[-123.0049537908194,45.531631618060771],[-123.00501475353272,45.531565551348159],[-123.0051678930717,45.531427579520077],[-123.00518843871349,45.53135968463917],[-123.00520609003942,45.53130135029383],[-123.00522166088084,45.53124987566104],[-123.00523316604364,45.531134715733828],[-123.0051805882442,45.531070909028436],[-123.00509394976027,45.531030296361671],[-123.004953148851,45.530964289004551],[-123.00481837627002,45.530914111061001],[-123.00469064940879,45.530866561534509],[-123.00448256636338,45.53073062053096],[-123.00438134390727,45.53060707901988],[-123.0043180292168,45.530529803606605],[-123.00422591831071,45.530417378837214],[-123.00421578841883,45.530308821106161],[-123.00429888549118,45.530196350445109],[-123.00440402301845,45.53015083780582],[-123.00450796505908,45.53010584669277],[-123.00460000579986,45.530066002188661],[-123.00472377528295,45.530050323220074],[-123.00484576116821,45.530034862407483],[-123.00491816054401,45.530025695025955],[-123.00501671973488,45.530007026986802],[-123.00521025946766,45.529967003942588],[-123.00545702941625,45.529886020074109],[-123.00551182948125,45.529859438291552],[-123.00563476206646,45.529799825200932],[-123.00587939998917,45.529725719247381],[-123.00599631866463,45.529668604922222],[-123.00609367872498,45.52962220711516],[-123.00620063743744,45.52956174439197],[-123.00626425607263,45.529523140402837],[-123.00633129328951,45.529482453852751],[-123.00645004283379,45.529342664335068],[-123.00644721255777,45.52927858251303],[-123.00649839405123,45.529168886180763],[-123.00654587636282,45.529067111395094],[-123.00659688248098,45.528960137241143],[-123.00664354595835,45.52887925734737],[-123.00669503757666,45.528800972463856],[-123.00674428124567,45.528725483090113],[-123.00681405411264,45.528617982630514],[-123.0068752217331,45.528491412455324],[-123.00691328167551,45.528405129826282],[-123.00694606711069,45.528330800201154],[-123.00694124245149,45.528221541678697],[-123.00693455059597,45.528070021165703],[-123.00687746174474,45.528014847283792],[-123.0068030964882,45.52796638856956],[-123.00666301122043,45.527932407271507],[-123.00661228579878,45.527933163066209],[-123.00656377540918,45.527939713324386],[-123.00647527150875,45.527968741114584],[-123.00643325235528,45.52798972465915],[-123.00636131555198,45.528040339934819],[-123.00632941678032,45.528069502003454],[-123.00628150343756,45.528133663886656],[-123.00623828980051,45.528235229089752],[-123.00615986800035,45.528429405666245],[-123.00611046913565,45.52848255439271],[-123.00606950779662,45.528526632956677],[-123.006056296797,45.528557277914388],[-123.00593627484035,45.528656024690619],[-123.0058475776718,45.528739603900668],[-123.00568400247428,45.528881225139102],[-123.00554939920428,45.528927382055024],[-123.00545179534943,45.528927277109609],[-123.00539093990419,45.528875272695217],[-123.00536380100033,45.528799873506792],[-123.00530640293357,45.528640447420607],[-123.00531314927946,45.528494962248857],[-123.00534548103418,45.528375486416685],[-123.00537669146011,45.528260184352305],[-123.00539246240172,45.528201927101478],[-123.0053976448326,45.528098230185641],[-123.00559038883451,45.527733015002468],[-123.00554673726843,45.527672919956423],[-123.0054613293803,45.527639447346907],[-123.00536008101555,45.5276452553952],[-123.00523409510865,45.527709571483967],[-123.00514342824081,45.527822514233279],[-123.00500861383787,45.527907943636876],[-123.00491462084796,45.527901412903638],[-123.0048200627653,45.527854788561697],[-123.00469912293786,45.527795153824108],[-123.00463667706077,45.527716914715768],[-123.00464824991789,45.527604453648621],[-123.00464461214757,45.527431989299338],[-123.00464192839441,45.527305570086661],[-123.00464059768763,45.527242293175583],[-123.00463916041217,45.527189983380403],[-123.00463836405488,45.527160607581266],[-123.00463544809487,45.527043735912606],[-123.00463365304813,45.526971385450018],[-123.00460362077744,45.526875343551445],[-123.00458342866227,45.52681076717483],[-123.00456949631345,45.526727220707954],[-123.00455738198977,45.526652924882441],[-123.00455036092134,45.526609901151559],[-123.00460231592328,45.5263386103776],[-123.0046690567989,45.526027412477141],[-123.00467863795451,45.525982739999016],[-123.00477236199708,45.525770179646692],[-123.00481292495009,45.525678189105363],[-123.00483809568259,45.525621085847135],[-123.00489603246153,45.525534460192084],[-123.00495884518749,45.52544050881999],[-123.00517143423181,45.525394263525683],[-123.0052798031158,45.525383303291456],[-123.00534624705918,45.525376588380077],[-123.00541492209203,45.525369643727721],[-123.00549317227541,45.525361725746357],[-123.00559649089006,45.525351280450408],[-123.0056770855563,45.525314341290361],[-123.00573254770956,45.525288923342146],[-123.00583527607685,45.52522476354595],[-123.00596492758979,45.525162986485952],[-123.00605521094147,45.525105588218359],[-123.00618823645642,45.525021024739878],[-123.00628786251849,45.524957697135733],[-123.00641085376159,45.524876493015682],[-123.00652022393238,45.524800943399377],[-123.00663437905116,45.524722083681624],[-123.00666855734362,45.524698480497044],[-123.00672260760439,45.52464053084698],[-123.00672726011196,45.524569264267747],[-123.0067094409368,45.524505932530253],[-123.00669484390659,45.524454098682533],[-123.00668096018552,45.524404769969216],[-123.00667166301552,45.524370843560781],[-123.00661457811388,45.52431567033414],[-123.00630051117386,45.524231450696419],[-123.00625586049665,45.524178823411681],[-123.00620579110706,45.52411981415392],[-123.00621726845922,45.524059219234033],[-123.00622637801358,45.524011154060965],[-123.00628721404253,45.523930243461443],[-123.00648519760399,45.523868073785579],[-123.00663759172427,45.523820222836605],[-123.00671766851488,45.523768421522533],[-123.00679387102421,45.523719116656395],[-123.00685210168236,45.52368507724146],[-123.00694924425413,45.523633155111902],[-123.00704732380795,45.523580726691357],[-123.00711912925499,45.523542347646178],[-123.00720619146787,45.523501701110682],[-123.00755486603815,45.523345107419047],[-123.00753069718218,45.52306612176239],[-123.00733132666613,45.522885982481682],[-123.00735204625124,45.522818947191901],[-123.00745726786467,45.522768747726779],[-123.00761102882343,45.522695387863315],[-123.00767505765472,45.522655809890104],[-123.00778454003607,45.522588160782078],[-123.00790890814024,45.522511309039956],[-123.00797984331876,45.52246747600794],[-123.00810668869046,45.522344108054284],[-123.00818889878653,45.522264161224925],[-123.00828155904999,45.522174048446296],[-123.00834936616741,45.522108117663223],[-123.00841094602701,45.522048229282682],[-123.00844771076761,45.522012478944028],[-123.00851827676813,45.521942653185505],[-123.00854745427125,45.521915476034295],[-123.00877945897771,45.52189653791914],[-123.00883860770028,45.521915249728671],[-123.00902242059458,45.521976883190042],[-123.00919832108833,45.522048726820543],[-123.00942499677336,45.52215521901973],[-123.00965487827281,45.522269330176492],[-123.00981754275718,45.522390202104958],[-123.00991661831976,45.52246380403065],[-123.00995623783214,45.522493250049251],[-123.01003791337345,45.522553926002026],[-123.01011643889152,45.522612276083997],[-123.01017553738561,45.522656178469703],[-123.01026680664079,45.522733938347926],[-123.01040079133408,45.522762565268764],[-123.01049780167925,45.522749471426877],[-123.01063817986905,45.522701985063847],[-123.01073294050678,45.522657412988096],[-123.01081527286536,45.522619395721911],[-123.01087620123035,45.522592280559842],[-123.01095384569182,45.52255771530637],[-123.01103922828939,45.522517732035013],[-123.01109777351483,45.522490326839865],[-123.01117417431917,45.522447641700907],[-123.01122743001373,45.522415895288603],[-123.01129068084077,45.522378187236299],[-123.01137312179335,45.522329031297922],[-123.01145635742354,45.522287132424651],[-123.01131409298556,45.522025844023844],[-123.01138513727665,45.52182272255029],[-123.01139545443861,45.521767292705057],[-123.01140515934537,45.521716566778679],[-123.01142823377484,45.521591133147133],[-123.01141743994421,45.521549794849761],[-123.01140611145973,45.521506469686969],[-123.01139848162164,45.521477305560012],[-123.01138502301008,45.521425816716672],[-123.01137366115876,45.521382312233669],[-123.01136177910304,45.521361541773992],[-123.01135007874025,45.521341091464087],[-123.01133886333865,45.521321485877841],[-123.01132201418173,45.521292037549379],[-123.01130309607974,45.521258979052298],[-123.01127898616451,45.521216816339603],[-123.01125913765988,45.521182121544548],[-123.01123627751673,45.521142163449028],[-123.01122363360828,45.521120068116041],[-123.01120811577039,45.521092931563118],[-123.01120309025121,45.521084146929482],[-123.01120546221844,45.52105958985139],[-123.01120776354219,45.521035763424983],[-123.01120961903752,45.52101661033641],[-123.01121175645675,45.520994578760778],[-123.01121381779228,45.520973152831246],[-123.0112159036436,45.520951672364276],[-123.01124837904409,45.520925871919253],[-123.01127569699364,45.520904172818447],[-123.01132454110999,45.520865365782576],[-123.01136086422034,45.52083650210087],[-123.01138887409179,45.520814256091242],[-123.01141156403691,45.520796231951159],[-123.01142462950196,45.520785854680312],[-123.01149150719931,45.520761291843577],[-123.01154429701504,45.520741916295599],[-123.0115724486414,45.520731578162327],[-123.01160786018855,45.520718578696922],[-123.01164068879964,45.520706517843792],[-123.01165942703443,45.520699644377828],[-123.01168136739041,45.520691584021833],[-123.0117093818709,45.520681302814282],[-123.01173960055235,45.520670208142839],[-123.01176154701855,45.520653317027495],[-123.01178961081268,45.520631726874193],[-123.01182988723258,45.520600732815097],[-123.01182747663721,45.520585922059709],[-123.01182282091092,45.520557395189513],[-123.01181890682952,45.520533462105831],[-123.01179938158445,45.520510401359459],[-123.0117841307721,45.520491342603648],[-123.01176354662593,45.520468106594905],[-123.01170352448229,45.520397227118004],[-123.01165120236017,45.520355356302055],[-123.01162037464377,45.52033068792089],[-123.01160267622124,45.520316526478013],[-123.01158776591902,45.520304581573342],[-123.01156835617375,45.520289053581287],[-123.011544273597,45.520269783299597],[-123.01152267177397,45.520252493122527],[-123.0115077355272,45.520240539764323],[-123.01148229792517,45.520220174311845],[-123.01146320676176,45.520212434874381],[-123.0114355228152,45.520201210292036],[-123.01139068952459,45.520183023636385],[-123.01132698020994,45.520168040677333],[-123.01126024294511,45.520152331565541],[-123.01119140929875,45.520136146309262],[-123.01111113676428,45.520083119355832],[-123.01110034138787,45.520076747025129],[-123.01066305033267,45.519835743266995],[-123.01051554447015,45.519736057746968],[-123.01039722604607,45.519656106207925],[-123.01031659565464,45.519601620050629],[-123.01026261690896,45.519565132125649],[-123.01018170951281,45.519510453797288],[-123.01010480267733,45.519458487119017],[-123.01003456920127,45.519336154201341],[-123.00998684020672,45.519253022998257],[-123.00994474434492,45.519179697691449],[-123.00990821295348,45.519116072643698],[-123.0098469453238,45.519009379861586],[-123.00981771068949,45.518958451378147],[-123.00977157844792,45.518878102373378],[-123.00977147019101,45.518849854835231],[-123.00977132463127,45.518809769133554],[-123.0097711188634,45.51875269681809],[-123.00977095802898,45.518710523060562],[-123.00977064488872,45.518622897859423],[-123.00977037074799,45.518550064222943],[-123.00977005633936,45.518463852299909],[-123.00976980347809,45.518395275979117],[-123.00976944639424,45.518297956031276],[-123.00976922128871,45.518234934025124],[-123.00976889101955,45.518143735513931],[-123.00976861672812,45.518070603906544],[-123.00976822238573,45.517961446671372],[-123.00981518572479,45.517961537125736],[-123.00987536709114,45.517887796321972],[-123.00991257641886,45.517842213202243],[-123.00994299473919,45.517804944159472],[-123.0099923196715,45.517779379471563],[-123.01003917895247,45.517755092894717],[-123.01010359739496,45.517739263012203],[-123.01016430444361,45.517724360843232],[-123.01044452605464,45.5178104515253],[-123.01048344092369,45.517808377038023],[-123.01053508025441,45.517805610348326],[-123.01059932652318,45.51780209905629],[-123.01062683494294,45.517800697377396],[-123.01065251487573,45.517799325109799],[-123.01067456617675,45.51779210057736],[-123.01071894919571,45.517777563554162],[-123.01077487009061,45.517759254244211],[-123.01084646790254,45.517735804482506],[-123.01087189893748,45.517707673796934],[-123.01092240673904,45.517651806196213],[-123.01091806406329,45.517603710125869],[-123.01091321281208,45.517549899938409],[-123.01089854525978,45.517456826795751],[-123.01048202171815,45.517458853506788],[-123.01006455200091,45.517460881070242],[-123.00983451897244,45.51746199972731],[-123.00990936915126,45.517350181597713],[-123.009722959774,45.517125469404839],[-123.00944785938054,45.51679386206817],[-123.00925623267945,45.516562862901694],[-123.00910844550705,45.516384697159928],[-123.00830429250627,45.515406332277244],[-123.00830377581073,45.515405668253926],[-123.00821463623168,45.515286790104234],[-123.00818002880159,45.515265147380411],[-123.00811553431477,45.5151872958429],[-123.00796092730448,45.515000706494959],[-123.0076533942443,45.514629516458164],[-123.00750812215091,45.514454165316835],[-123.00727443386846,45.514172117747641],[-123.00714062901822,45.514171149405804],[-123.00664664360399,45.514167561194732],[-123.00599431003917,45.514162824174107],[-123.00571353389776,45.514160784427389],[-123.00559545320566,45.514018507292498],[-123.00552884784699,45.51393825212984],[-123.00364370990398,45.511666695067788],[-123.00325395319918,45.511197014580532],[-123.00296164737485,45.510844764820497],[-123.00221412941505,45.510839200141142],[-123.00156541822932,45.510834369644478],[-123.00064305201627,45.510827489828173],[-122.99984035537437,45.510821500430232],[-122.99983213277427,45.511370010337487],[-122.99883602830934,45.511362766901186],[-122.99664069024016,45.511346781155453],[-122.99306690332958,45.511320661279406],[-122.99100605653952,45.511249794091547],[-122.99100594923908,45.511195699333932],[-122.99100594970675,45.511192773796807],[-122.99100595263957,45.511191981591473],[-122.99100274269748,45.509494127318604],[-122.99100121411502,45.50866301398267],[-122.99100054724366,45.508309524076857],[-122.99099557369532,45.505649661717172],[-122.99099543233946,45.505575230988455],[-122.99099507528922,45.505381728319037],[-122.99099471385937,45.505345176724823],[-122.9909934472186,45.505216466631218],[-122.99099320857005,45.505176293749308],[-122.99078150884775,45.50517209858716],[-122.99077909689957,45.504988955631191],[-122.99075378996417,45.50307042510731],[-122.99083180345133,45.50307035184381],[-122.99082983972883,45.502920970647132],[-122.99082523621871,45.502570412661939],[-122.99082041098401,45.502203265668172],[-122.99096225852196,45.502201487097835],[-122.99096038531317,45.501875354332313],[-122.99096458715243,45.501737918990713],[-122.99102188634494,45.501326292859474],[-122.99102453385346,45.501307258131462],[-122.99114758888155,45.50042318784805],[-122.99120748311938,45.500238307671182],[-122.99124970856937,45.500107970369953],[-122.99102065740439,45.500035948766701],[-122.99094187372057,45.500001677475503],[-122.99089404934611,45.499980249739139],[-122.99079069948354,45.49993394258108],[-122.99072193111768,45.499892996008143],[-122.99064468741334,45.499847000279146],[-122.99057456430023,45.499791086635746],[-122.99048481821318,45.499718646908946],[-122.99035777454169,45.499611465211672],[-122.99024860411394,45.499509437168882],[-122.98996150125939,45.499269509687338],[-122.98977141682934,45.499139565748287],[-122.98958135871864,45.49904588420948],[-122.98942286168489,45.498959211234251],[-122.98926282571017,45.498837405815387],[-122.989137251118,45.498708358823222],[-122.9889871125157,45.498571954573265],[-122.9888341247635,45.498410749153635],[-122.98869732575223,45.498256986595216],[-122.9885685016625,45.498123021362716],[-122.98846720167661,45.49800582258176],[-122.98833243172363,45.497867906106087],[-122.98812465391789,45.497646693379153],[-122.98795201269544,45.497486698855049],[-122.98778363094301,45.497459577115741],[-122.98755307040227,45.497475560811417],[-122.98740032668803,45.497555791403926],[-122.98734211386623,45.497653754175957],[-122.98739313330162,45.497819682176875],[-122.98749767446913,45.497996854854925],[-122.98761809092066,45.498175245460587],[-122.98768152280235,45.498319259724866],[-122.98775447521177,45.498506355575124],[-122.98772661859593,45.498706835121062],[-122.98768806213162,45.498916582174324],[-122.987660002723,45.498992198377216],[-122.98760420385798,45.499142573271264],[-122.98751025389279,45.499280870835172],[-122.98747284064412,45.499313828472197],[-122.98743151185303,45.499350234367874],[-122.98739092548196,45.499385988006914],[-122.9873567875967,45.499416061876857],[-122.98717243199248,45.499488185426834],[-122.9869411436817,45.49955912670498],[-122.9867152353138,45.499610172625587],[-122.98649970150142,45.499612641035696],[-122.98628504132405,45.499586982739032],[-122.98626086926997,45.499582647553545],[-122.98623468247384,45.499566812445664],[-122.98618592445835,45.499537328215226],[-122.98610998877567,45.499491408821378],[-122.9860701771909,45.499431970874909],[-122.98591942981462,45.499207624145292],[-122.98585611436464,45.49908926763726],[-122.98574265738723,45.498881783201853],[-122.98562847735654,45.498772166669447],[-122.98553127749987,45.498706819585124],[-122.98541526632758,45.498629482215243],[-122.98514183654878,45.498457325421292],[-122.98502401137534,45.498385250866001],[-122.98482327611451,45.498297287311338],[-122.98458954255796,45.49824080619041],[-122.9843407749571,45.498197836564295],[-122.98403287641283,45.498160541146703],[-122.9837726950369,45.498135847179775],[-122.98344566368431,45.498096318104437],[-122.98315198347832,45.498098272045851],[-122.98292247594134,45.498138398966859],[-122.98269253177672,45.498240072764041],[-122.98257325632483,45.498314249604647],[-122.98247651651361,45.498374411192856],[-122.98239787660754,45.498434203929442],[-122.98231856851541,45.49849450591001],[-122.98229503570379,45.498512398515594],[-122.98223544265099,45.498572265824301],[-122.98215980024857,45.498648464962699],[-122.98216011026591,45.498884546582921],[-122.98216102615935,45.499565761400227],[-122.98216209944007,45.500362764405175],[-122.98216349862412,45.501408896788512],[-122.98216732093451,45.504255185558179],[-122.98216847326142,45.505117570790198],[-122.98216905121556,45.505541750049225],[-122.98216932270805,45.505745976647518],[-122.9821697236702,45.506041945869832],[-122.98217072175149,45.506791828640161],[-122.98217135186606,45.507262910196019],[-122.98048944984664,45.507232516167598],[-122.97895667897161,45.507206657124144],[-122.97727383329656,45.507178253245669],[-122.97647119006641,45.507166797654143],[-122.97647016753518,45.507163911832279],[-122.9764557911171,45.507123431504091],[-122.97645409957735,45.507118678541744],[-122.97643894433075,45.507075919327093],[-122.97601481528105,45.505880899773679],[-122.97601473005243,45.505880703546332],[-122.97598358557221,45.505815909037906],[-122.97593482778862,45.505714510445749],[-122.97568951691706,45.505204267443084],[-122.97555921376527,45.504933272467277],[-122.97555915097317,45.504933300803778],[-122.97555652113449,45.504934365657121],[-122.97518166635413,45.505087106635301],[-122.97447111346141,45.505376669882303],[-122.97299548591417,45.505385511556291],[-122.97261790386604,45.505305865476672],[-122.97204670596827,45.505185363882113],[-122.97206419075532,45.505144368516113],[-122.97206546754659,45.505141361049816],[-122.97206781453129,45.505135872584674],[-122.97210572178743,45.505047003619126],[-122.9720521974694,45.50503708231377],[-122.972051628427,45.50503697734429],[-122.97204904775781,45.505036501803865],[-122.97181243735858,45.504992647352545],[-122.96996212063759,45.504649700260458],[-122.9694493735042,45.504554657024649],[-122.9692908784132,45.504525277552681],[-122.96952431426237,45.504334581496579],[-122.9702459407807,45.503745684049406],[-122.97053381565146,45.503509873471913],[-122.97112846234471,45.50302487138002],[-122.97175526012551,45.502511976836061],[-122.97190852300137,45.502387719936884],[-122.97265653848615,45.501775623309683],[-122.9727894287451,45.501666928406756],[-122.97325094464055,45.50128944406795],[-122.97342016244188,45.501151032103976],[-122.97414506807105,45.500558102828919],[-122.97417151339801,45.499898582147729],[-122.97418471337214,45.499594740568241],[-122.97419625276416,45.499281904603386],[-122.97435396853409,45.495481793347182],[-122.97440653828825,45.494204375442017],[-122.97441644847871,45.493966362351784],[-122.97194322429435,45.493602280863676],[-122.96975692459495,45.493280389420661],[-122.96947196171985,45.494360782274399],[-122.96936491982824,45.494318648453202],[-122.9693605667975,45.494316852015729],[-122.96922882661521,45.494262419630658],[-122.96893645024088,45.494141607553857],[-122.96772619837158,45.493641547992716],[-122.9672218399389,45.493433146131778],[-122.96601384673444,45.49293398377295],[-122.96545574930001,45.492703357069068],[-122.96545522824798,45.492703143936275],[-122.96539900041388,45.492679908572001],[-122.96526789428617,45.492625728479467],[-122.96518072369599,45.492589708124626],[-122.96501039954838,45.492519326891291],[-122.96490915310186,45.49247748704493],[-122.9649033659862,45.492475099622794],[-122.96489928710116,45.492473422355239],[-122.96476986251703,45.492419934432228],[-122.96348621468469,45.491889465922561],[-122.96325755671528,45.491794973993514],[-122.96273774771649,45.491580150634306],[-122.96265304391294,45.491545146674035],[-122.96265265301483,45.491544983892048],[-122.96263909836431,45.491539378362958],[-122.96209221156172,45.491313366576151],[-122.9618802271078,45.491225752146178],[-122.9618799404268,45.491225632171215],[-122.96046279853704,45.490639944452724],[-122.96043062036777,45.49062575221064],[-122.96025322407684,45.490721018964628],[-122.9601467640752,45.490765224392604],[-122.95998377295065,45.490829051321626],[-122.95986847835458,45.490891199314071],[-122.9598007724541,45.490924113226122],[-122.95977334893585,45.490915689641987],[-122.9597376245441,45.490904715324618],[-122.95969661949107,45.490892116786597],[-122.95941600571514,45.490805913872585],[-122.95938915348707,45.490797649190846],[-122.95909595025819,45.490707402666658],[-122.9590839766131,45.490703716769644],[-122.95901390087577,45.490682170856118],[-122.95879422971959,45.490614637993552],[-122.95877344845924,45.490608249919781],[-122.95865298974199,45.490571218554635],[-122.95865300643442,45.490570138008671],[-122.95865300504937,45.490569804977966],[-122.95865305985855,45.49056396987406],[-122.95865306857907,45.490563573619106],[-122.95865811228907,45.490049312818293],[-122.95865778484966,45.489951562106143],[-122.95865794885441,45.48984978451066],[-122.95865801907085,45.489800827707214],[-122.95865833395111,45.489603755739374],[-122.95865871653658,45.48953719147277],[-122.9586619681893,45.48896673047048],[-122.95866779015604,45.488614481233178],[-122.95866843384438,45.488575234072428],[-122.95866689764993,45.488548898867947],[-122.95866675881241,45.48854657037127],[-122.95866247536716,45.488473336050873],[-122.95866192727478,45.488463921992839],[-122.95866094415726,45.488447117761076],[-122.95866051018939,45.488447144907802],[-122.95813627883098,45.488501688437346],[-122.95774546072947,45.48854817093229],[-122.95739730072404,45.488641371488505],[-122.95696427658545,45.488807839684185],[-122.95666450577949,45.488923823037567],[-122.95603523007449,45.489094486515739],[-122.9555154487724,45.489228775950473],[-122.95513305966399,45.489323240702269],[-122.95483072007501,45.489384043832999],[-122.95453836392713,45.489487538754226],[-122.95409521643131,45.48967718725747],[-122.95370991383511,45.489794099078317],[-122.95354471387637,45.489829083551456],[-122.95324484513471,45.489852658391307],[-122.95307802797289,45.489850496866005],[-122.95267978901398,45.489856140986205],[-122.95159868636705,45.489876742773802],[-122.94950483576568,45.49015557276342],[-122.94854487353915,45.490336200763579],[-122.94771355006343,45.49048262338794],[-122.9472366384766,45.490549989906228],[-122.94692185128635,45.490605320832522],[-122.9466015323829,45.490626442048267],[-122.94620870860079,45.490663411847606],[-122.94597369657576,45.490682713405683],[-122.94544815837976,45.490753971327962],[-122.94430708831112,45.490884081282715],[-122.94377083135623,45.490895494908294],[-122.94343672480845,45.490879719629106],[-122.94320505074364,45.490787413569429],[-122.94279598113961,45.490635962595924],[-122.94250718437897,45.490539144799946],[-122.94239578406946,45.490407098290063],[-122.94223021897609,45.490244740066913],[-122.94207796051138,45.490107845832974],[-122.94195745884741,45.489953108288042],[-122.94187203001846,45.489857688884548],[-122.94179362905497,45.489736373382136],[-122.94162906053427,45.489521175867587],[-122.9414759398898,45.488992466885186],[-122.94147162625887,45.488977559617702],[-122.94160799571183,45.488521530395154],[-122.94165137028631,45.488376477953331],[-122.9418935980232,45.487981528673195],[-122.94198671618643,45.487885203024533],[-122.94214177571494,45.487724776081365],[-122.942268159327,45.487546052949789],[-122.94254935973021,45.487225714151364],[-122.94258160676152,45.487188964417285],[-122.94257259835065,45.487189894711491],[-122.94238920419124,45.487208901927545],[-122.94234925833122,45.487213046083014],[-122.94243090428594,45.487115784503679],[-122.94263875815444,45.486405622173308],[-122.94265879972095,45.486337137142705],[-122.94260782594942,45.486058856082145],[-122.94252287395847,45.48606936856325],[-122.94168041647838,45.486173584222875],[-122.94101300160447,45.486256373843055],[-122.94098812410866,45.486948374081393],[-122.9400995949067,45.487060489107684],[-122.93923435839959,45.487169653870041],[-122.93874411165849,45.48718291164581],[-122.93852518842762,45.487188830674249],[-122.93849609859156,45.487147258111428],[-122.93839688856222,45.486986796211973],[-122.93837659831343,45.486953979200088],[-122.9383409942461,45.486896393001587],[-122.93823560814508,45.486713241931781],[-122.93806562252333,45.486479155762964],[-122.93794157441465,45.486315607290898],[-122.93784511219505,45.48615850539877],[-122.93778919633083,45.486037244074929],[-122.93771010936247,45.485921447354862],[-122.93763567893377,45.485823215292733],[-122.93754586440561,45.485730112288998],[-122.93749927979741,45.485644494762219],[-122.9374599187958,45.485545347283953],[-122.93733962556057,45.485378290130484],[-122.93719560327737,45.48520367566347],[-122.93707695842249,45.485074998033888],[-122.93692175333965,45.48491245296394],[-122.93690950247991,45.484899679033099],[-122.936775077818,45.484766877570316],[-122.93676676865311,45.484755048389658],[-122.93657423430159,45.484540646591817],[-122.93623206990974,45.484202681353764],[-122.93620352469395,45.484173789069864],[-122.93601134777369,45.483967610838839],[-122.93573041151532,45.483692828889801],[-122.93561642717765,45.483581714511317],[-122.93546656489488,45.483434361401734],[-122.93545947458911,45.48342739004476],[-122.93536800948453,45.483337455094073],[-122.9349323192571,45.482910232323022],[-122.93454552982722,45.48253170698937],[-122.93446819450338,45.482456516371698],[-122.93436936467495,45.482325219924846],[-122.93431904112438,45.482258366411877],[-122.93398537243992,45.482271739088262],[-122.93398533621426,45.48227169933687],[-122.93243338455831,45.482284002907271],[-122.92921906836808,45.482280697924971],[-122.92835599905059,45.482256934651453],[-122.92788736595307,45.482244035311751],[-122.92698523658821,45.482219029519591],[-122.92539187875042,45.482175003859993],[-122.92541472896681,45.483075907189715],[-122.92696776441286,45.483453830944143],[-122.92922246184472,45.484002454624544],[-122.92970258450659,45.48410119873887],[-122.9298727712432,45.484141397029077],[-122.93034096661719,45.484251983638885],[-122.93036370957572,45.484915949017072],[-122.93048427904461,45.488463220858144],[-122.93048428214931,45.488463294606156],[-122.93049034432987,45.488612643366082],[-122.93051067102917,45.489205969365251],[-122.93056438016379,45.490436495965092],[-122.93057782347039,45.490744461560219],[-122.93057782446358,45.490744515548748],[-122.93057688597867,45.49074453689559],[-122.93049664254137,45.490742643553823],[-122.92988060004764,45.490749694202179],[-122.92989087978808,45.49119439482886],[-122.9300878455697,45.491192135211499],[-122.92703498704613,45.492074865614271],[-122.92571712882931,45.492044285923157],[-122.92410942461751,45.491307961916178],[-122.92408419007954,45.491296404270976],[-122.92406376035484,45.491287049400718],[-122.92377753754467,45.491155958222009],[-122.92372685914594,45.48972608553975],[-122.92364151621189,45.487546107908848],[-122.91391594077682,45.486389856432439],[-122.91386888481806,45.484575678590126],[-122.91384156348919,45.484574812538114],[-122.91381968289473,45.483876083207392],[-122.91384700329127,45.483876904269763],[-122.91383053763306,45.483223091807922],[-122.91379469674912,45.481818904107321],[-122.91381031400066,45.481819017603264],[-122.91389535347017,45.479413543914632],[-122.91378781604527,45.479378777816066],[-122.91374947906733,45.478545294678511],[-122.91374527272349,45.478453819908282],[-122.91374615811111,45.478442125702927],[-122.9136776591324,45.478237023310221],[-122.91371580218198,45.477502534340857],[-122.91376778033779,45.47650182265243],[-122.91374511280047,45.475900731922749],[-122.91371517713509,45.475171598511764],[-122.91371300959096,45.474753364722403],[-122.91371437864403,45.474050886709307],[-122.91369639446684,45.473259988656665],[-122.91369536590037,45.472593228365604],[-122.91368993555669,45.471179700690016],[-122.91366495404252,45.469397692736322],[-122.91365099727349,45.469252552017693],[-122.91114003060356,45.469264153949744],[-122.91098436834346,45.469271880119464],[-122.90865090979781,45.469296678082351],[-122.90854447101091,45.469303889616],[-122.90825665053903,45.469414194107827],[-122.90786364881212,45.469618798982253],[-122.90772491539457,45.469698499759339],[-122.90744105444084,45.469861581153751],[-122.90731148484952,45.469932897274759],[-122.90720644406473,45.470031137527414],[-122.9068841904333,45.470156916030433],[-122.90664311857418,45.470173970604385],[-122.90655742962817,45.470176622298517],[-122.90602732401069,45.470182756319147],[-122.90586349111318,45.470181904502802],[-122.90489590865471,45.470171995428068],[-122.9045011504581,45.470171001586571],[-122.90431087411773,45.47017053060631],[-122.90431087698933,45.470170445932588],[-122.9041564977461,45.470170064794083],[-122.90415649565477,45.470169983823283],[-122.90415378126153,45.469633746647261],[-122.90337438808413,45.469629757392184],[-122.9033736722419,45.46947978031794],[-122.90336864557331,45.468426976569724],[-122.90169588523236,45.468415657752665],[-122.90134327817727,45.46841326895759],[-122.89979468847085,45.468402763926214],[-122.89818334450148,45.468391810994554],[-122.89822014953225,45.468903615056604],[-122.89822020271671,45.468904341286887],[-122.8976031355997,45.468549442682971],[-122.89720536343204,45.468320663927372],[-122.89714939496048,45.468288047518847],[-122.89614265991683,45.467718268516755],[-122.89529158604375,45.467233203674986],[-122.89529034771824,45.467227189076432],[-122.89500969825659,45.465009774327413],[-122.8949952538195,45.464895583022241],[-122.89499343153723,45.464881190969265],[-122.89497062317653,45.464700908343325],[-122.89493629729625,45.464725174649956],[-122.89456581973008,45.464989489176844],[-122.89450787909168,45.465030821850519],[-122.894503544272,45.465033919149121],[-122.89449805534835,45.465037535223381],[-122.89449755468976,45.465031136406104],[-122.89449754396793,45.465029057270975],[-122.89449753800208,45.465028913368855],[-122.89448733675842,45.463818711729751],[-122.89448822548962,45.463746592921169],[-122.89448788801826,45.463706701405478],[-122.89456469501559,45.463678686232065],[-122.89455065240409,45.462049431406506],[-122.89454694444184,45.461750386818487],[-122.89453925343173,45.460309499792743],[-122.89455547105334,45.458540696819782],[-122.89455563535553,45.458523030566475],[-122.89372214225601,45.458504731230619],[-122.89261753927111,45.45848046764079],[-122.8922609891611,45.458472633572221],[-122.89196016316383,45.458466023023519],[-122.89196223040859,45.457968438138536],[-122.89196371077925,45.457612268958215],[-122.89196530555186,45.457228344628632],[-122.89196805603171,45.456566746677737],[-122.89197020545619,45.45604974319528],[-122.89197509656654,45.454873559005861],[-122.89121261793943,45.454869657859177],[-122.89067961278772,45.454866927853985],[-122.88973758843323,45.454862096699927],[-122.88884355353889,45.454857503695486],[-122.88826209363076,45.45485451382438],[-122.88819584395759,45.454854172775185],[-122.88819634694407,45.454733245316326],[-122.88819791616609,45.454354905144726],[-122.88820018838196,45.453807170616507],[-122.88820371005538,45.452958163595625],[-122.88820750548346,45.452043479540073],[-122.88821125195837,45.451140390972476],[-122.88821248110038,45.450843918357442],[-122.88821446350943,45.450366089657294],[-122.88821627502789,45.449929110854804],[-122.8882186126785,45.449365579464775],[-122.88822105446751,45.448779137604241],[-122.88822234609538,45.448468462405451],[-122.88822271672335,45.448378644962126],[-122.88822569951027,45.447656266610309],[-122.88821550798728,45.447656317808168],[-122.88821550501308,45.447656245856273],[-122.88822959223683,45.447574157078762],[-122.88812722962221,45.447573371152885],[-122.88726590932184,45.447566420467439],[-122.88542643191499,45.447578262787552],[-122.88505222192749,45.447612919251824],[-122.88502995175801,45.447512411978458],[-122.88498101997311,45.447414648189429],[-122.88497603120828,45.447156308153716],[-122.88498794229186,45.446336654582723],[-122.88499449135813,45.445877081672968],[-122.88500343564276,45.44527717596344],[-122.88499787390846,45.443948028681007],[-122.88499709830641,45.443801758467458],[-122.88498856163903,45.442006717488823],[-122.88498492453058,45.441652826553309],[-122.88497386033697,45.44154004020664],[-122.88497386215865,45.441536800485608],[-122.88497398436097,45.440892469863471],[-122.8849661480959,45.440368712986938],[-122.88590993785017,45.4403581822598],[-122.88606237098648,45.440356556263879],[-122.88606738980067,45.440046559769037],[-122.88606799401168,45.440026138901921],[-122.88608006319579,45.439466124377219],[-122.88608311735574,45.439329894125329],[-122.88609061746993,45.438987127519695],[-122.8861011802349,45.438504438787398],[-122.88610683222626,45.438246230763539],[-122.88612592959403,45.437377721385801],[-122.88615938551803,45.436108296524324],[-122.88619410667019,45.434787740643024],[-122.88621986582993,45.433125920522514],[-122.88622942337192,45.432506105850543],[-122.88622493221031,45.432391979186946],[-122.8855320331906,45.432383410914596],[-122.884877885264,45.432384059248967],[-122.88486988086093,45.432384066367639],[-122.88387368299836,45.432380377343222],[-122.88344644621429,45.432376404414214],[-122.88278360268588,45.432370236194977],[-122.88200448268296,45.432362956455776],[-122.88091369814677,45.432352756419881],[-122.88079681520797,45.432351669749288],[-122.88013454140379,45.432345491951843],[-122.88011025296592,45.432345255100671],[-122.88001749807228,45.432295867272309],[-122.87995998916571,45.432265236700644],[-122.8798660678831,45.432215211845673],[-122.87934758293295,45.431939052126147],[-122.87892230479892,45.431712533436624],[-122.87815526590856,45.431128941780614],[-122.87803695604676,45.431038926291151],[-122.87783676872124,45.430881458017637],[-122.87781378339086,45.430862601210535],[-122.87779456893649,45.430846836965898],[-122.87779350648198,45.430845965673008],[-122.87665244751295,45.429909787116685],[-122.87599828509828,45.4293695114889],[-122.87498722041956,45.428526111941302],[-122.87472817156704,45.428212070200175],[-122.87453419646842,45.427976919694686],[-122.87439528878745,45.427808524197062],[-122.8741725251856,45.427538472257631],[-122.87370287303322,45.426975226328011],[-122.87342759716218,45.426635329935266],[-122.87267318556867,45.425726769694904],[-122.8718623279217,45.42473753170465],[-122.87173869729487,45.424594232094847],[-122.87164395416256,45.424619399412208],[-122.87117063425096,45.424750455827585],[-122.87058388758798,45.424913338948699],[-122.86933847056375,45.425259061858917],[-122.86815095800335,45.42558680394945],[-122.86806585733309,45.425606583834849],[-122.86793626733541,45.425632845753171],[-122.86781261550462,45.425653718239111],[-122.86766878857887,45.42567302632888],[-122.86753523219514,45.425686289871066],[-122.86753789724104,45.425594905064798],[-122.86754099128659,45.424681205745117],[-122.86754259866618,45.424400720421126],[-122.86754316520083,45.424301671861372],[-122.86755384648407,45.42243767580937],[-122.86755426686155,45.42236445767535],[-122.8675642662476,45.420621018470364],[-122.8674865920502,45.420617902762856],[-122.86738713889685,45.420621143461865],[-122.86485570403001,45.420638367060789],[-122.86482756032805,45.420574483501476],[-122.86445133921139,45.419720465571352],[-122.8639166965025,45.419724094641261],[-122.86332662151172,45.419728096324747],[-122.86103122960843,45.419743636004469],[-122.8610373650809,45.419331149616006],[-122.85998128220338,45.419322273798983],[-122.85961340840608,45.419319178393977],[-122.85950806251518,45.41931829193279],[-122.85951032204466,45.419166565702248],[-122.85951184424317,45.4190644462766],[-122.85951417705714,45.418907845947864],[-122.85951505830283,45.418848581941937],[-122.85951600732416,45.418784966063981],[-122.85951672496513,45.418736818805243],[-122.8595182274521,45.418635939282233],[-122.85951867961639,45.418605556753725],[-122.85952156247214,45.418412016868956],[-122.85953255181023,45.418411942920443],[-122.85958755086236,45.418411572101945],[-122.86210381012268,45.418394564151043],[-122.86210374402991,45.418371957817882],[-122.86210064219365,45.417310257309168],[-122.86209537954073,45.415508727255634],[-122.8620947140402,45.415281017251871],[-122.8620935009429,45.414865643239118],[-122.86209332697784,45.414806144770814],[-122.8620932382489,45.414775226703306],[-122.86209320813424,45.414765699936964],[-122.86208878765335,45.413251776777123],[-122.86208749065125,45.412807695835397],[-122.86208615609455,45.412350527092883],[-122.86208268854809,45.411163555812699],[-122.85695088325031,45.41119027024083],[-122.85691305634546,45.411190519494653],[-122.85626961177107,45.411194757358459],[-122.85563638980442,45.411198924556246],[-122.85494129107461,45.411203494373041],[-122.85438641225547,45.411207139196371],[-122.85434689242912,45.411207399315231],[-122.85358882951803,45.411212374340607],[-122.85348548323839,45.411213051847248],[-122.85190817790354,45.41122338603504],[-122.85191056983254,45.410560062664786],[-122.85186454512629,45.410183445393962],[-122.8518637763088,45.410154524146634],[-122.85185428417182,45.409877859477817],[-122.85184432426837,45.409807221845242],[-122.8518442879145,45.409802966589268],[-122.85182905249978,45.408002896875757],[-122.851827999722,45.407878492415293],[-122.85182565744613,45.407601746130972],[-122.85182298199317,45.407285548557965],[-122.85182338422197,45.406873131029506],[-122.85183246394416,45.406095221912643],[-122.85185177490447,45.404440713675591],[-122.85185561322582,45.404353805844217],[-122.85189294192189,45.404352352067669],[-122.85189791449992,45.404289310037932],[-122.8519096829945,45.404138152747201],[-122.85191095061475,45.403980350803891],[-122.85191327304369,45.403730263741359],[-122.85191746596331,45.403454754994485],[-122.85190266976441,45.403190955439513],[-122.85190296330205,45.403103830141845],[-122.85190225484342,45.403086695298882],[-122.8519050870258,45.402966761557757],[-122.85200241970395,45.402967544194048],[-122.85200255538021,45.402967612568773],[-122.8520465455462,45.400484005465678],[-122.85206596814859,45.400328389598073],[-122.85213318460174,45.399789852480403],[-122.85215193147434,45.39964461925441],[-122.85216707924241,45.399499176918425],[-122.85217234051795,45.399432820740472],[-122.85217862210212,45.399353570600198],[-122.85218655421296,45.399207844527623],[-122.85219087615491,45.399062043698862],[-122.85219060553557,45.398844364098707],[-122.85211166892738,45.394843794583942],[-122.85210390923709,45.394602245456539],[-122.85207583354509,45.394178679811155],[-122.85201849669052,45.393635363175399],[-122.85192134274607,45.39241531991312],[-122.85190541188423,45.392178306705055],[-122.85189535547856,45.391941135262776],[-122.85189117503342,45.391703875769558],[-122.85189635930816,45.391334668457233],[-122.85192951372892,45.39052310435455],[-122.85195246050397,45.389577039941848],[-122.85195751380554,45.389344832753508],[-122.851513361089,45.389340033023934],[-122.85140319218442,45.389406947169739],[-122.85133795368046,45.389430236424801],[-122.85131509661896,45.38944253871005],[-122.85126171949108,45.389470215409752],[-122.85113877467944,45.389510637517517],[-122.85097255381672,45.389540455632329],[-122.85074728401773,45.389554850557069],[-122.85040128776775,45.389569147875065],[-122.84923771194624,45.389588538706995],[-122.848331419145,45.389614307893808],[-122.8478813568846,45.389654737404541],[-122.84757915571872,45.389692310619814],[-122.84727674291443,45.389724741006042],[-122.84698584771949,45.389753163217698],[-122.8467765972716,45.389778369144828],[-122.84673022404846,45.389787034950366],[-122.84657569444143,45.389817122504084],[-122.8463686552536,45.38989596146731],[-122.84619330888623,45.389987869604745],[-122.84606557806293,45.390101270682393],[-122.84594776166803,45.390266258080388],[-122.84594049651844,45.390278926713926],[-122.8458753870065,45.390399961973898],[-122.84587235130348,45.390420775724849],[-122.84584766338746,45.39057768446078],[-122.84582320165654,45.390834570964522],[-122.84582686067588,45.39101782493745],[-122.84582821682348,45.391050724194777],[-122.84581840872907,45.391285187474317],[-122.84581624763896,45.391516236308377],[-122.84582094496795,45.391724678673313],[-122.84581629905024,45.391895411847209],[-122.84578448521849,45.392068415898457],[-122.8457193538118,45.39218893735238],[-122.84558419620552,45.392311235081564],[-122.84547033617341,45.392383362970463],[-122.84528966204618,45.39244073714827],[-122.84508136836317,45.392489415042128],[-122.844957671789,45.392511838418883],[-122.84494260092282,45.392524151887066],[-122.84484229132535,45.392547125181153],[-122.8447534030189,45.392563691522668],[-122.84467639142214,45.392584988614395],[-122.84456386505074,45.39259500650801],[-122.84444826066989,45.392624810823236],[-122.8443514766257,45.392638794724078],[-122.84423998771051,45.392674000762462],[-122.84414791289818,45.392707781745592],[-122.84404839328612,45.392749945429671],[-122.84397595032598,45.392787612477605],[-122.84386246748393,45.392868992104276],[-122.8437533924122,45.392962800731731],[-122.84367538202812,45.393054430601723],[-122.84363756892196,45.393176449927587],[-122.84360317118197,45.393286909824269],[-122.84358655949725,45.393356362826815],[-122.84357866028472,45.393448273587026],[-122.8435831272853,45.393556739087991],[-122.84357779456053,45.393631556150247],[-122.84357572178139,45.393660644600921],[-122.84359164267536,45.393763559659014],[-122.84358485615844,45.393977038744616],[-122.84357504901394,45.394117178555838],[-122.84355952171528,45.394213018945997],[-122.84356967292004,45.394364928470978],[-122.84358274702126,45.394587890947726],[-122.84299493220301,45.39459937119242],[-122.84150566614022,45.394628441384064],[-122.84150160614692,45.394435078029616],[-122.84061050179299,45.394453273470205],[-122.84048761871756,45.394685070621307],[-122.83849428956265,45.396123596313863],[-122.83845261778056,45.396152058043214],[-122.83836122663276,45.396218129365955],[-122.83810010023606,45.396406908306808],[-122.83808573227809,45.396417295647922],[-122.83701939766286,45.396626650216433],[-122.83638890902549,45.396447939631138],[-122.83537747240003,45.396097087213604],[-122.83459366081884,45.395978082587867],[-122.83326216244353,45.395989579589106],[-122.8327796561516,45.396000083507452],[-122.83275241551212,45.396000637947409],[-122.83128655027213,45.396059604903698],[-122.83120100994942,45.396063059277573],[-122.83116201033231,45.396061794454177],[-122.83079637283804,45.396052974487134],[-122.83079165236813,45.39605286098633],[-122.82873980705121,45.395973133867351],[-122.82823727893046,45.3959117061139],[-122.82733460686765,45.395801359127802],[-122.82725228181525,45.395786758360124],[-122.82605570231247,45.395574532245732],[-122.82605570569724,45.395574775222904],[-122.82605475856798,45.395574606898329],[-122.82605522702417,45.395607345574078],[-122.82553615381154,45.395477111995021],[-122.82500135816663,45.395378512066209],[-122.82454603441475,45.395323900342184],[-122.8239392153933,45.395363565838672],[-122.8232869803778,45.395559199849416],[-122.82289195285102,45.395713135629208],[-122.82257378846857,45.395847271599266],[-122.82237790355386,45.395805636274808],[-122.82216388053818,45.395636679228822],[-122.8220293246696,45.395511715101158],[-122.82176542376057,45.395389369980123],[-122.82152701853045,45.395257387666007],[-122.82124126319133,45.394916588373853],[-122.82102390006814,45.394665610729525],[-122.82071042251046,45.394279767304802],[-122.82049157588884,45.393992336352156],[-122.8203629047342,45.393693958799759],[-122.82030633629367,45.393576534663097],[-122.82014740741592,45.393488544717997],[-122.81997145826351,45.393300571928499],[-122.81992411072572,45.393091753863352],[-122.81978882302953,45.392948560825467],[-122.81926618814909,45.392512222901026],[-122.81900521225579,45.392143555326975],[-122.81864522433801,45.391886336851456],[-122.81851162035736,45.391763576804109],[-122.81825876455208,45.391776780576066],[-122.81828767626105,45.391649873357139],[-122.81832500719428,45.391516532523198],[-122.81830224089492,45.389907922441743],[-122.81829962940255,45.389632739638571],[-122.81800705858087,45.384516111444029],[-122.81800558349728,45.384496516226278],[-122.8182436371674,45.38443200745791],[-122.82087245345107,45.383679804222496],[-122.82086363344079,45.383862936749068],[-122.82098670083393,45.383934534316332],[-122.82108693450738,45.383992846575467],[-122.82122587756488,45.383935928976882],[-122.8222672781709,45.383501707693185],[-122.82243566235563,45.383429698067353],[-122.82304072427877,45.383180774058474],[-122.82325134675251,45.383094187790292],[-122.82386796314731,45.382842459748389],[-122.824078581839,45.382755871095469],[-122.82437492266557,45.382670632919719],[-122.82445851195826,45.382646674770172],[-122.82437660359767,45.382551011616719],[-122.82429948500292,45.38246095901259],[-122.82429937747382,45.382460826132672],[-122.82413527961059,45.382272992421314],[-122.82409491578464,45.382273811325248],[-122.82344567200273,45.382286458056946],[-122.82278183949641,45.38229939659616],[-122.82068821641073,45.382340428625525],[-122.81992245977835,45.382355377046025],[-122.81973696394256,45.382358996797343],[-122.81824637911458,45.382388121789312],[-122.81799194153399,45.382393154099425],[-122.81786072582194,45.382395749133565],[-122.81750229996433,45.382402653432628],[-122.81717056577398,45.382408501732073],[-122.81682726397229,45.38241544063812],[-122.81675623706367,45.382409726766618],[-122.81675254468648,45.382409738997517],[-122.81675157394,45.382409740302506],[-122.81675014334739,45.382409741752276],[-122.81674978564521,45.382409740765496],[-122.81673048666816,45.382359591835055],[-122.81672159910926,45.382336446128697],[-122.81670458336799,45.382292210898704],[-122.8164608628777,45.381740506141391],[-122.81571956951275,45.379969086275906],[-122.81544854286771,45.379288585587496],[-122.81492312287031,45.378003469713605],[-122.81468125178304,45.377374781843905],[-122.81445699766414,45.376753272308562],[-122.81445619981729,45.376751271780797],[-122.81445540288692,45.376749262233076],[-122.81686656418475,45.375167914195615],[-122.81690587536363,45.375147951265014],[-122.81693213953753,45.375147784327019],[-122.8179053744595,45.375141622098141],[-122.81790365626728,45.37488952957753],[-122.81790107604606,45.374508081307248],[-122.81790101918411,45.374499457880425],[-122.81790358192428,45.374497785662641],[-122.82130988098696,45.372277340952408],[-122.82139724615584,45.372220386321658],[-122.82317305377279,45.371062687803104],[-122.82452417069342,45.370165326813449],[-122.82452641831976,45.370161860374282],[-122.82454291571145,45.370136426920794],[-122.82466306562105,45.369951896513122],[-122.82466369825887,45.370005973738394],[-122.82472562550836,45.370005613364555],[-122.82480115963527,45.370005174851805],[-122.82491760612739,45.370004496503817],[-122.82533215304774,45.37000208407617],[-122.82534242329183,45.369882001452488],[-122.82622680943254,45.369876848904774],[-122.8283486569828,45.369864457978991],[-122.82872022970245,45.369862285082235],[-122.82973403743867,45.369856347773599],[-122.82974929684421,45.371457025392381],[-122.83107111550126,45.371455462887603],[-122.83129397697618,45.371455197355132],[-122.83182129452484,45.371454568727565],[-122.83307614096105,45.371453063323415],[-122.83394556716836,45.371487046410557],[-122.83394577319487,45.371489905752398],[-122.83407134004221,45.373236997951274],[-122.83407134294528,45.373237069907397],[-122.834072045892,45.373249523293964],[-122.83407221433627,45.373252400489832],[-122.83408021864943,45.373384698657588],[-122.83408077024049,45.373393780306984],[-122.83418404009066,45.375070092015861],[-122.83549768982581,45.375055083475452],[-122.83597442436434,45.375049632327354],[-122.83629437552938,45.375045974255634],[-122.83633111798271,45.375045553131478],[-122.83661533779326,45.375036107189921],[-122.83669905239134,45.375035498764042],[-122.83712325718905,45.375032439032545],[-122.83938168557211,45.375015282575468],[-122.83940193730587,45.375015130522293],[-122.84114659626319,45.375001847935451],[-122.84148616017394,45.374999259422268],[-122.8415910126398,45.374998460139849],[-122.84158975449695,45.37482910391347],[-122.84158764896956,45.374545630833708],[-122.84158672861351,45.374421664780172],[-122.84158384334121,45.374033412786297],[-122.84158335799287,45.373967936198831],[-122.8415831913676,45.373945612366462],[-122.84158243244615,45.373843304979232],[-122.84158178216629,45.373755893394858],[-122.84158120598255,45.373678358901465],[-122.84158066093728,45.373604938505835],[-122.84163168538832,45.373586819027061],[-122.84168420128418,45.373562760748165],[-122.84172705312488,45.373543130320293],[-122.84182055236109,45.373500297369326],[-122.84217046015064,45.373340001181631],[-122.84245663257984,45.373151507664261],[-122.8425141071605,45.37309411275173],[-122.84255021389492,45.373092404365572],[-122.84262681113438,45.373088779652164],[-122.84515417042624,45.372969150884508],[-122.84587989681758,45.372947815264816],[-122.84671494432712,45.373062234244479],[-122.84671185769383,45.37249593647919],[-122.84671181350664,45.37248776280758],[-122.84676313729609,45.372489709968477],[-122.84676171724051,45.372455268775759],[-122.84694880337807,45.372462888556669],[-122.84724916705349,45.372475128400367],[-122.84726814087682,45.372484894631903],[-122.84767485477964,45.372694268716209],[-122.8495104085531,45.373639201503238],[-122.84954353068241,45.373656581042781],[-122.84965504071445,45.373720732393522],[-122.85010344941354,45.373978675242952],[-122.85173820838359,45.374919022618336],[-122.85181685658192,45.374964257454991],[-122.85181637789202,45.374975574326207],[-122.85222577911316,45.374972789124506],[-122.8537381073005,45.374962568084648],[-122.85654050657969,45.374943568779429],[-122.85676015078008,45.374936125616181],[-122.85676698223268,45.374936084590473],[-122.85676718641946,45.374936080458433],[-122.85676407822278,45.374877654734632],[-122.85670039547176,45.373694710949813],[-122.85666768324529,45.373084721137644],[-122.8566562815603,45.372864959931789],[-122.85664240840255,45.372644816625929],[-122.85691187219271,45.372643131508894],[-122.8601533643676,45.37261692611122],[-122.86017612666434,45.371330751302821],[-122.86041494477519,45.37133047752171],[-122.86332644986379,45.371326858692555],[-122.86336144845566,45.367818074364983],[-122.86336171758565,45.367816565584732],[-122.86336350506694,45.367806707328327],[-122.86336747321671,45.367784767466333],[-122.86336773302996,45.367783311986351],[-122.86342014869378,45.367784589543525],[-122.86342039150242,45.36778459361728],[-122.86397752166134,45.36778276084393],[-122.86527010598019,45.367778645639248],[-122.86652707847479,45.367774406257894],[-122.86652958414254,45.367801821076242],[-122.86652969741284,45.367802998024999],[-122.86670819466389,45.367801228261087],[-122.8677198732335,45.367797774482995],[-122.8679355261603,45.367804976605548],[-122.86793018285914,45.367612946496699],[-122.86792170242424,45.367287158507359],[-122.86791946365167,45.366880192924562],[-122.86793664078108,45.366224589919717],[-122.86793860298201,45.365898370593484],[-122.86793726832961,45.365349803076754],[-122.86793480120178,45.36433305704977],[-122.8679342315686,45.364101334507872],[-122.86793584676703,45.363717334840587],[-122.86794031591921,45.36338017086014],[-122.86794195609068,45.363255649679395],[-122.86794443558523,45.363069291493254],[-122.86794771830638,45.36282121314251],[-122.86794967535063,45.362672982465483],[-122.86795119341753,45.362558708833355],[-122.86795386767042,45.362357078420366],[-122.86797329514376,45.362357172121314],[-122.8679756640591,45.362178630682827],[-122.8679777906342,45.362009582207158],[-122.8679787891073,45.361783355588656],[-122.86797818905434,45.361639354639173],[-122.86795194052399,45.360492868977673],[-122.86795328752915,45.359140090644615],[-122.86795368645515,45.358742537069844],[-122.86989744952045,45.358751680763781],[-122.87073819705574,45.358755606124767],[-122.87504556061496,45.358775725936987],[-122.87504437331141,45.35866600337507],[-122.87498297877848,45.358665720044719],[-122.87466782729578,45.358664259979776],[-122.87467063435034,45.357622835991755],[-122.87467497190514,45.355998393114326],[-122.87465629049655,45.353350743738268],[-122.87504588914346,45.353352281391111],[-122.87504632897672,45.353242569439551],[-122.87486560143056,45.353241856246726],[-122.87378889924796,45.353237601286629],[-122.87271216019218,45.353233336225557],[-122.87169076067464,45.353229280504785],[-122.87040781537758,45.353224173635283],[-122.86989466338295,45.353222127299404],[-122.86886844373454,45.353218027029889],[-122.86867395074508,45.353217248561791],[-122.86815181163293,45.353215157758612],[-122.86783888847268,45.353217078647255],[-122.86784776186164,45.352672516476431],[-122.86793515523676,45.352560923601828],[-122.86797152313235,45.352513125045441],[-122.86804280513117,45.352416980436537],[-122.86834336313744,45.351966276682283],[-122.868559726111,45.351593489652466],[-122.86885052372318,45.351045199504867],[-122.86902864202854,45.350726498489237],[-122.86907819144413,45.350633143974129],[-122.86916800620219,45.350463911254863],[-122.86929530623037,45.350224069848643],[-122.86936823748091,45.350086658760731],[-122.86944122737872,45.349949129390609],[-122.86964672367068,45.34956195508768],[-122.86971241844438,45.349438170622356],[-122.87016095058898,45.348593012091307],[-122.87033589880728,45.348270268903583],[-122.87045672987591,45.348047331849948],[-122.87027466562959,45.347999047214209],[-122.87050634226166,45.347528343521262],[-122.87057244809829,45.347393656640079],[-122.87075411775594,45.347442632981632],[-122.87111310207509,45.346780626315322],[-122.87124134215372,45.346544148514504],[-122.87150592800865,45.346056204452431],[-122.87151032629983,45.346048083230706],[-122.8715115224755,45.34604587136657],[-122.87151191391608,45.346045143228949],[-122.87151714791283,45.346045142816301],[-122.87151753090166,45.346045143115141],[-122.87152248522692,45.346045140298422],[-122.87186829251978,45.346045073612274],[-122.87219033982318,45.346045003111861],[-122.87305620589274,45.344318252680296],[-122.87308140569752,45.344269198090089],[-122.87344419266934,45.343543958923988],[-122.87357604886951,45.34334657290222],[-122.87369219944618,45.343145740530176],[-122.87383132099959,45.342842737927306],[-122.87395664872734,45.342582198250099],[-122.87398539478046,45.342524841381689],[-122.87404687038816,45.34241295222747],[-122.87378202436642,45.342416478842935],[-122.87347125753426,45.342419049048715],[-122.87346628006041,45.342419071331051],[-122.87342846152895,45.34241924208095],[-122.87338568121878,45.342419786757752],[-122.87335456979044,45.342420089878658],[-122.87331568651402,45.342420724303899],[-122.87326511778902,45.34242125850821],[-122.87309790249435,45.342423526481731],[-122.87305512918404,45.342424241933159],[-122.87301233317352,45.342424434812457],[-122.87297344992736,45.342425070022855],[-122.87293066829619,45.342425613658961],[-122.87284898112347,45.342426279785663],[-122.87280621355708,45.342426823989506],[-122.87279064508512,45.342426975733602],[-122.87277897366698,45.342426875190874],[-122.87277117791652,45.34242668573556],[-122.8727556081884,45.342426495422622],[-122.87268937575917,45.342424266390765],[-122.87267377226239,45.342423563638363],[-122.87265426306566,45.342422248243714],[-122.87263088265637,45.342421192700833],[-122.87260744713255,45.342419103941097],[-122.87258011326445,45.342416924503091],[-122.87254499100735,45.342414392501084],[-122.87231058237158,45.342391637684095],[-122.87226368241379,45.342386784567154],[-122.8722129410795,45.342382856816201],[-122.8721895195567,45.342381108865254],[-122.87216610544425,45.342379541699792],[-122.87213881365514,45.342378045456989],[-122.87211542051864,45.34237699007052],[-122.87209202132337,45.342375755662047],[-122.87206475917152,45.342375294033644],[-122.87205308076193,45.3423750225219],[-122.87202972268069,45.342374822498741],[-122.8720141682137,45.34237497295365],[-122.87185464294348,45.34237518929357],[-122.87153562036926,45.342376304003309],[-122.87137224578794,45.342377283168993],[-122.87106101065551,45.342378415256945],[-122.87099494351342,45.34238046687031],[-122.87092879776091,45.342380630518022],[-122.87084319831908,45.342380520637519],[-122.87079650530495,45.342380622843919],[-122.87075369572561,45.342380482994386],[-122.87071089190168,45.342380171973026],[-122.87064082804964,45.342379731106533],[-122.87057466611213,45.34237921882913],[-122.87048125249582,45.34237874931658],[-122.8703644794886,45.342377735520472],[-122.87034501971519,45.342377625007657],[-122.87027887272257,45.342377446233705],[-122.87021270630969,45.34237710488069],[-122.86999867037946,45.342376384354594],[-122.86982745142966,45.342375984431229],[-122.86977297664644,45.342376081731949],[-122.86965873992263,45.342377838629432],[-122.86957569285627,45.342379115279229],[-122.86949062128829,45.342380424082002],[-122.86935694535241,45.342382479198385],[-122.86929215491078,45.342383475821784],[-122.8692091384389,45.342384751586977],[-122.86906535256129,45.342386962647893],[-122.86891751497745,45.342389234389863],[-122.86877566301973,45.342391414733768],[-122.86848604879526,45.34239586726595],[-122.8681924452894,45.342400377740063],[-122.86804630055764,45.342402623832825],[-122.86785806643586,45.342405515357015],[-122.8678256896996,45.342428652999672],[-122.86776071176192,45.342428156445244],[-122.86766760873438,45.342427446103258],[-122.86757336158519,45.342426726552404],[-122.86748214708057,45.342426029859041],[-122.86738762797162,45.342425308488089],[-122.86731978666117,45.342425431654718],[-122.86725222487973,45.342424274408579],[-122.86715095987046,45.342423501004326],[-122.86706305129447,45.342422829468845],[-122.86695854804407,45.342422030832516],[-122.86688447223251,45.342421465846151],[-122.8667997341998,45.34242081785775],[-122.86671364906546,45.342420160291226],[-122.86663269069685,45.342419541550001],[-122.86652751069957,45.342418737383142],[-122.86642651515972,45.342417965972054],[-122.86633186069592,45.342417241995484],[-122.86615935201597,45.342415922184493],[-122.86571592495221,45.34241253102558],[-122.86548424984444,45.342370467823883],[-122.86419552007567,45.34236856114925],[-122.86239013762304,45.342362431926162],[-122.86186508224047,45.342360643264328],[-122.86120727826197,45.342359446955257],[-122.8610891759599,45.342359221399541],[-122.86057271152831,45.342360181893305],[-122.85937465528201,45.34236318478667],[-122.85854696430364,45.342360502875295],[-122.85696324060997,45.342355381620571],[-122.85680766823363,45.342354877058703],[-122.85644045872839,45.342356981929342],[-122.85610109725746,45.342358927015681],[-122.85254371588383,45.342379247203262],[-122.851351535288,45.342386239183504],[-122.84905161797867,45.342400955124724],[-122.84893522259155,45.342401699113232],[-122.84806258966005,45.342412437091888],[-122.84696870298038,45.342414244198032],[-122.84647346200239,45.342416996176595],[-122.84647346018775,45.342417329285993],[-122.8464645576536,45.34241738633304],[-122.84646430508718,45.342472245819572],[-122.84646412762821,45.342510694102749],[-122.84646405255674,45.342527106203988],[-122.8464639955758,45.342539272612328],[-122.8464635563753,45.342634684320949],[-122.84646330594359,45.34268893522534],[-122.8464627043336,45.342819639711038],[-122.84644603860502,45.342819742534296],[-122.84634845227257,45.342820341487638],[-122.84605902171553,45.342822121179061],[-122.8452014794821,45.342827395080185],[-122.84457721143859,45.342831227160147],[-122.84392543921879,45.342835232587142],[-122.84391716158758,45.343243637162971],[-122.84253870133406,45.343251088502576],[-122.84227867979342,45.343252490115738],[-122.84215958585011,45.343064964370008],[-122.84201305235996,45.343102656841872],[-122.84152069112652,45.34322078058878],[-122.84167305657755,45.343859298614412],[-122.84176006250809,45.344223965212393],[-122.84182874288979,45.344511756512979],[-122.84201480278388,45.345291472808213],[-122.84212119884887,45.345737340600373],[-122.84221750664396,45.346140466577324],[-122.84221657367897,45.346140471847505],[-122.84221641030076,45.346140472434449],[-122.84221408105884,45.346140485095987],[-122.84220915070306,45.346140511388548],[-122.84220904603609,45.346140511694237],[-122.8421565721103,45.346140790690505],[-122.84212415277779,45.346140964107036],[-122.84196764610407,45.34614179600127],[-122.84180086139388,45.346142683230582],[-122.84176267061325,45.346142887140154],[-122.84080637754413,45.346147968235009],[-122.8398600292813,45.346152989196661],[-122.83924540106094,45.346156245300584],[-122.83653107667301,45.346170588958458],[-122.83441965267795,45.346181693439469],[-122.83366404226291,45.346185668829364],[-122.83230540021637,45.346192790182691],[-122.83208414759355,45.346193948264045],[-122.83204555083194,45.34619414991721],[-122.83179271615857,45.346193986758109],[-122.83128710234485,45.346198111822744],[-122.83101481952264,45.346198053820352],[-122.83091466494332,45.346198124930226],[-122.83072599943544,45.346198330811987],[-122.83043912163272,45.346200588227838],[-122.83015035205656,45.346201928604955],[-122.829863468409,45.346203120694142],[-122.82957469877067,45.346204458744126],[-122.82928781513495,45.346205650314396],[-122.82909709427196,45.346206487010214],[-122.82898054202107,45.346206998882892],[-122.82878027667735,45.346207878395695],[-122.82819604496763,45.346210440111733],[-122.8279752505054,45.346211622626953],[-122.82782819645567,45.346212943205373],[-122.82607806950192,45.346219719422756],[-122.82603153797848,45.34621989850578],[-122.82597454913052,45.346220118197131],[-122.82574411438556,45.346219560910605],[-122.8253887772081,45.346221352617505],[-122.82507210846144,45.346222947881351],[-122.82467225735353,45.346224932493641],[-122.82298540332725,45.346233198145264],[-122.82188132265554,45.346239278014885],[-122.82147452920091,45.34624057995233],[-122.82112447260161,45.346242286632787],[-122.8207462514509,45.346244130703283],[-122.8207366063068,45.346244178071736],[-122.8207297971317,45.346244211206766],[-122.82073009482568,45.346260041362576],[-122.82073639793289,45.346594459390381],[-122.82073898302758,45.346731620637598],[-122.8207626947124,45.34803986612247],[-122.82078843781157,45.349405685732251],[-122.82079665804355,45.349841861585283],[-122.82081729067414,45.35097465556629],[-122.82084034721734,45.352240430727555],[-122.82086415027881,45.353442720042437],[-122.820889408448,45.35482032901178],[-122.82089248546598,45.354987629718607],[-122.82090357172389,45.356739609828068],[-122.82088376186141,45.357017662342024],[-122.82088821658978,45.357126987075738],[-122.81582913019362,45.357138803370695],[-122.81587236589013,45.358871909061655],[-122.81573187339752,45.360646115036729],[-122.81572578850206,45.360722902493578],[-122.81262506435397,45.36075671718833],[-122.81246556422849,45.360758561880772],[-122.81034086351794,45.360781528834949],[-122.81016687043598,45.360660068137662],[-122.80962746411379,45.360283986756855],[-122.80822592352241,45.35930677701198],[-122.80750117191629,45.358801430334779],[-122.80702419974538,45.358468846718694],[-122.8065371610589,45.358129235807354],[-122.80601141170153,45.357762626383114],[-122.80571650479278,45.357556982209012],[-122.80567987291226,45.357531438697151],[-122.80565484449143,45.357513227772102],[-122.80565449420185,45.357452103672941],[-122.80565253666873,45.357110513440325],[-122.80565053154309,45.356760453419817],[-122.80564588168644,45.3559488741259],[-122.8056430000878,45.355445997210872],[-122.80563962524967,45.35485671010585],[-122.80563943180381,45.354823108474861],[-122.80563349246842,45.353786519097604],[-122.80563224711722,45.35356935487637],[-122.8056319953227,45.353523007843521],[-122.80371943669748,45.353530242482144],[-122.80371934612148,45.353530244274509],[-122.80306111009189,45.353532727704192],[-122.80211716311754,45.353536282004157],[-122.80055338935466,45.353542153495901],[-122.80048929463207,45.353542392967668],[-122.8004882715648,45.353307338125227],[-122.80048144641262,45.351737986656417],[-122.80047889491763,45.351151029820301],[-122.80047869237701,45.351104404572382],[-122.80047835963059,45.351027973381619],[-122.8004778941729,45.350921159279537],[-122.80048201221007,45.350917517694093],[-122.80048768080822,45.350912319664104],[-122.80049322149436,45.350907051247034],[-122.80049862934483,45.350901717041118],[-122.80050390563515,45.350896317021288],[-122.80050904533425,45.350890853087172],[-122.80051405099354,45.350885325188486],[-122.80051891892899,45.350879736998699],[-122.80052364793649,45.350874090342018],[-122.80052823553622,45.350868387067827],[-122.80053268172827,45.35086262717612],[-122.80053698534427,45.350856813390521],[-122.80054114266444,45.350850948485146],[-122.80054515496457,45.350845032434727],[-122.80054902107621,45.350839067962966],[-122.80055273724396,45.350833056944445],[-122.80055630612648,45.350827002027195],[-122.80055972262112,45.35082090331197],[-122.80056299062643,45.350814762522184],[-122.80056610394286,45.350808584281275],[-122.80056906377467,45.350802366765009],[-122.80057186906073,45.350796115395582],[-122.80057451852547,45.350789830198053],[-122.80057701348032,45.350783512046817],[-122.80057935155276,45.350777165489575],[-122.80058153277861,45.350770791425894],[-122.80058355464236,45.350764390805573],[-122.80058541849122,45.350757965402465],[-122.80058712322835,45.350751519739092],[-122.80058866754237,45.350745052941228],[-122.80059005157639,45.350738568606701],[-122.80059127536623,45.350732067635036],[-122.80066686391517,45.350302031910076],[-122.80067560835181,45.35024690496062],[-122.80068082914222,45.35020645305373],[-122.80068504801959,45.350165943531628],[-122.8006882642109,45.35012538901222],[-122.80069047432036,45.35008480036489],[-122.80069168016206,45.350044191056568],[-122.80069188092729,45.350003572805647],[-122.80069173369621,45.349996111429832],[-122.80069107711873,45.349962958204742],[-122.80068926668783,45.349922359896901],[-122.80068645268857,45.34988179042417],[-122.80068263427631,45.349841260605501],[-122.80067781457672,45.349800784781827],[-122.80065370604689,45.349617549061975],[-122.80063206698912,45.349453077367187],[-122.80054190485653,45.348767776510513],[-122.80048709235481,45.34835114032969],[-122.80047342178138,45.348224575147761],[-122.80046858924642,45.348157528029795],[-122.80046541694662,45.348090432796219],[-122.80046390435135,45.34802330836137],[-122.80046405482832,45.347956175362768],[-122.80046586791842,45.34788905451348],[-122.80046933937143,45.34782196750168],[-122.80047447117229,45.347754932291451],[-122.80047891216194,45.347711147081135],[-122.80048126289753,45.347687970495194],[-122.80048971022569,45.347621102001796],[-122.80049981014652,45.347554347574516],[-122.80051156223678,45.347487728825499],[-122.80051977738879,45.347446978240441],[-122.80052496086368,45.347421264769253],[-122.80054000294574,45.347354974369757],[-122.800548120146,45.347322808934713],[-122.80055668171772,45.347288880264571],[-122.80057499537382,45.347223001392322],[-122.8007090718356,45.346761999339215],[-122.80071734333495,45.346736064580647],[-122.8007310851597,45.346700532894431],[-122.80074744557275,45.34666555617018],[-122.80076638123528,45.346631232482807],[-122.80078391195305,45.346603795938435],[-122.800833783865,45.346565520187127],[-122.80085845151513,45.346547164012058],[-122.800909806489,45.346508947128115],[-122.80095398895445,45.346477617055164],[-122.80099651665351,45.346448495411941],[-122.80099894123681,45.34644683525984],[-122.80104464714724,45.346416611963257],[-122.80109109425203,45.346386955512003],[-122.80113826756647,45.346357874303123],[-122.80118615476449,45.346329379381523],[-122.80119673209401,45.346323303795828],[-122.80106486134046,45.346322553941043],[-122.80083205708706,45.346323487588293],[-122.80076556116775,45.346323751428756],[-122.80076382822826,45.346324923509982],[-122.8004704294639,45.346326020697106],[-122.80047041770293,45.346324921808801],[-122.8004694731797,45.346324925172368],[-122.80043174439851,45.342632745007499],[-122.80197144061023,45.342631060537421],[-122.80152629090533,45.339024916907121],[-122.80262566869041,45.339021360957645],[-122.80239578297086,45.338553124551737],[-122.80216009818882,45.338073067708592],[-122.80175291997251,45.33724367803692],[-122.80167911970506,45.337093351929077],[-122.8011910642784,45.336433939345156],[-122.80092805976328,45.336507683989431],[-122.80020159501244,45.336711377503249],[-122.79963725718486,45.335990640592954],[-122.79944384043026,45.335699776707997],[-122.79924261642806,45.335397166288978],[-122.79910419312935,45.335218835852629],[-122.79894557612684,45.335014485515288],[-122.79869998817426,45.334727960945997],[-122.79846378970701,45.334454612778273],[-122.79842265107754,45.334418616669446],[-122.79828350494779,45.334296863605125],[-122.79801796321337,45.334064511466948],[-122.79784243685775,45.333893494349205],[-122.79764434507335,45.333706771356837],[-122.7974539655949,45.333532906165814],[-122.79714842283323,45.333253867775575],[-122.79634178638349,45.332512101882806],[-122.79604873704911,45.332242481242496],[-122.79571020340036,45.331931008239728],[-122.79556605359858,45.33179837924677],[-122.7955373371834,45.331801798392775],[-122.79539888086224,45.331610086608208],[-122.79479987076377,45.331224135196429],[-122.79445823614681,45.331003995949217],[-122.79252839391492,45.330058233574682],[-122.79239126596954,45.330015264959535],[-122.79178355535635,45.331139299512841],[-122.79170258617391,45.331289989912221],[-122.79168247786529,45.33134309173218],[-122.79154181349368,45.331714588223633],[-122.79150807883349,45.33180368394757],[-122.79158554474833,45.331808539040097],[-122.79163640795107,45.331808408820436],[-122.79163153203861,45.331815195010705],[-122.79153839765175,45.331944797601977],[-122.7909385499042,45.332779507689111],[-122.7908454003036,45.33290912610439],[-122.79084503857321,45.332909628326298],[-122.79068702673717,45.332793435507739],[-122.79047804186705,45.332639759275018],[-122.79014690090546,45.332404343776375],[-122.78995732113336,45.332275304468794],[-122.78964275654572,45.332061190110011],[-122.78946263787411,45.331938588324711],[-122.78935549798766,45.3318656612552],[-122.78928029164834,45.33181446916938],[-122.78924948845518,45.331812632025326],[-122.78916992629769,45.331758659370557],[-122.78723020166254,45.33044277028182],[-122.78651215758086,45.32996165933077],[-122.78539429791398,45.329212620132388],[-122.78518953091786,45.329075326086837],[-122.78509704007303,45.329010688980532],[-122.78500738889356,45.328946536152763],[-122.78491692286035,45.328877349225586],[-122.78491688861894,45.328838937245898],[-122.78491684046301,45.328791279748422],[-122.78491673561891,45.328678221389112],[-122.78491277182034,45.324588886509275],[-122.78492943733346,45.322784208604148],[-122.78493262616736,45.322439229489703],[-122.78493556738538,45.322119893405379],[-122.78494610053305,45.320979529082727],[-122.78496276166511,45.31917482183654],[-122.78497942377921,45.317370131816965],[-122.79040884287762,45.317349975680933],[-122.79040965213592,45.317404730063522],[-122.79047645485933,45.317404518552173],[-122.79404787492929,45.317393359509111],[-122.79524331269293,45.317389006216999],[-122.79701094510941,45.317387608483955],[-122.79709858512041,45.317387398556988],[-122.79851974176356,45.317382640708345],[-122.7985142685438,45.317441481955314],[-122.79932571328561,45.317432749364798],[-122.79973562708233,45.317380943853117],[-122.79987184983237,45.317269296110084],[-122.80002897948476,45.316951695381313],[-122.8006989107228,45.315597542789597],[-122.80078892704491,45.315410086602668],[-122.80081321979483,45.315359472511581],[-122.8008428930831,45.315295889114815],[-122.80091200991647,45.315125171157021],[-122.80103030738664,45.314833006373689],[-122.80147458599745,45.313735711444394],[-122.80150364610681,45.313663864425848],[-122.80160745005796,45.313407227234158],[-122.80181443811406,45.312895471612933],[-122.80207307999616,45.312256024780687],[-122.80230704236286,45.311677559639321],[-122.80250279613669,45.311203218801872],[-122.80286609353165,45.310332642521331],[-122.80325530409287,45.309399912149061],[-122.80354598644055,45.308703298805398],[-122.80372554357793,45.30823799397438],[-122.80393961488264,45.307684749676753],[-122.80381750080274,45.307686539924653],[-122.80389862099459,45.307477915310955],[-122.80396905157676,45.307307553772482],[-122.80404936517488,45.307113282449691],[-122.80413823935216,45.306917309330238],[-122.80418589444376,45.306828934336501],[-122.80422424505943,45.306764720456258],[-122.80427949535991,45.306683303835491],[-122.80432986027303,45.306609086540888],[-122.80440756773852,45.306507956180241],[-122.80450152947017,45.306404029982538],[-122.804800324715,45.306093286804888],[-122.80543078391723,45.305434249823556],[-122.80555998278551,45.305316170730727],[-122.8056440730668,45.305239318236524],[-122.80585948279587,45.30504244654886],[-122.80602790046267,45.304886186936173],[-122.8062072282252,45.304717985611532],[-122.80630204976168,45.304629046157075],[-122.80638307355184,45.304553047843044],[-122.80644360888157,45.304496268149379],[-122.80652852358253,45.304418009579045],[-122.80660920296968,45.304345390072953],[-122.80672357214587,45.304242444337042],[-122.80681075525784,45.304173501748714],[-122.80693328908494,45.304085609972098],[-122.80708521501045,45.303978228127967],[-122.80716460996079,45.303920920903344],[-122.80707975942444,45.303860725839854],[-122.80675114251525,45.3036425431116],[-122.80637720373556,45.303394269618636],[-122.80548674508535,45.303122245323564],[-122.80535165688073,45.303080976826813],[-122.80522503210507,45.303042293255515],[-122.80513113710674,45.303061660364676],[-122.8049075042338,45.303107786832378],[-122.80422919923321,45.303247688540623],[-122.80373876790189,45.303348840262771],[-122.80290288976103,45.303521231191176],[-122.8026788636183,45.303567433096589],[-122.80245502061537,45.30361359762987],[-122.80223118224697,45.303659758931985],[-122.80200734093688,45.303705918953291],[-122.80178350196233,45.303752082090476],[-122.80155955840894,45.303797997502691],[-122.80133526457462,45.303843035409528],[-122.8011190052889,45.303886460100948],[-122.80061382224713,45.303987895644894],[-122.80055150630106,45.306027968569197],[-122.80052826773129,45.306028075299629],[-122.79827556609756,45.306038626091215],[-122.79608170193707,45.306048853138485],[-122.79607696481882,45.306717241621506],[-122.79607433720443,45.307087139564949],[-122.79607222212718,45.307385846036908],[-122.79607175270348,45.307451464368491],[-122.79479196322247,45.307453525384538],[-122.79391045388692,45.30745493657232],[-122.79388190305475,45.307454986488032],[-122.79388304335272,45.307263321176563],[-122.79388517078628,45.306905694133619],[-122.79388646170524,45.306687360170528],[-122.79388751671237,45.30651100071367],[-122.79388980153418,45.306126876733487],[-122.79389103464388,45.30591913104324],[-122.79389198868927,45.305754557090538],[-122.79389409523155,45.305397983419326],[-122.79389556954207,45.305150910471433],[-122.79389613348108,45.305147820674712],[-122.79389768790409,45.304794346361248],[-122.79389898625622,45.304574913778836],[-122.79390021057971,45.304369202546994],[-122.79390143581291,45.304163482274042],[-122.79390273321833,45.303944058642834],[-122.79390519076432,45.303532797887904],[-122.79390862061426,45.303259217611462],[-122.79390686703671,45.303251142308532],[-122.79391105828697,45.302546053015121],[-122.79391290717658,45.302544134235944],[-122.79398753288859,45.302466784694403],[-122.79398782703714,45.302466481827423],[-122.79474282483112,45.301683900776347],[-122.79576163417812,45.301489992379693],[-122.79763287019642,45.300658275093781],[-122.79612489941245,45.299038405896013],[-122.7992832494257,45.297959539451256],[-122.79844772434961,45.296751435603532],[-122.79839101150067,45.296656523696569],[-122.79778234843887,45.296842150418598],[-122.79750835649811,45.296360436029467],[-122.79738719441066,45.296146143596999],[-122.79735226901063,45.296084368459098],[-122.79724212224137,45.295889552005029],[-122.79714580556829,45.29571920613855],[-122.7970968591768,45.29563264892456],[-122.79697789728358,45.295422237474575],[-122.79689939521658,45.295283393214035],[-122.79683045292371,45.295161471151026],[-122.79673275307267,45.294988667686539],[-122.79660532003726,45.294763266420624],[-122.79649500049214,45.294568146573944],[-122.79643404530536,45.294460188928888],[-122.79631929346634,45.294256957382416],[-122.79625408138504,45.294141431968306],[-122.79613121246386,45.293923806017837],[-122.79603784672992,45.293758145004254],[-122.79594448185065,45.293592491997607],[-122.79584680555743,45.293419183180468],[-122.79575344177033,45.293253529992768],[-122.79565792194889,45.293084049313705],[-122.79558454590128,45.292953870021563],[-122.79558839032269,45.292761716820536],[-122.79559224025151,45.292569735430853],[-122.79559601047535,45.29238147253669],[-122.79559957230182,45.292203207800362],[-122.79560305600467,45.292028733547887],[-122.79560697365628,45.291850469857152],[-122.79561178639975,45.291631065361216],[-122.79561534463295,45.291436586151157],[-122.79561580871459,45.29141137937674],[-122.79562640273507,45.29090763380718],[-122.79563314739325,45.290587029690798],[-122.79564355807287,45.29009173234865],[-122.79566403322247,45.289117647583893],[-122.79513432146074,45.289354467578491],[-122.79428262050172,45.289756455038031],[-122.79302974499258,45.290345667018464],[-122.79198195567884,45.290845275651719],[-122.79171664155318,45.29096755797984],[-122.79148272942631,45.291075337965999],[-122.79137480212951,45.291125059270151],[-122.79065323806269,45.291464852966932],[-122.79021871714062,45.291581872182775],[-122.78986430636947,45.291681927855684],[-122.78936190824022,45.291812610410432],[-122.78848825070979,45.292047878574479],[-122.78789255604102,45.292187052971755],[-122.78718427214208,45.292346592137868],[-122.78652310748093,45.292435502402313],[-122.78587569318748,45.292524410443463],[-122.78536174257161,45.292594991696859],[-122.78495650150218,45.29265064108251],[-122.78417439238598,45.292758041235992],[-122.78318466516185,45.292893942966508],[-122.78188736489787,45.29307206246294],[-122.78098415183801,45.293196061888857],[-122.78071760467843,45.293232653487514],[-122.78012095054457,45.293314198011068],[-122.77957230703007,45.293334451753587],[-122.77897930405307,45.293356620042665],[-122.77848235382461,45.293282337622969],[-122.77774093241044,45.293171510831968],[-122.77741955679117,45.293123469874743],[-122.77707257209168,45.293071599528822],[-122.77662742059756,45.293005052135356],[-122.77630247518856,45.292956473976169],[-122.77581363649398,45.292843859430889],[-122.77515747235955,45.292692696992376],[-122.77443283508762,45.292525753774143],[-122.77382783510897,45.292386368770693],[-122.77299689345716,45.292194923226255],[-122.77274700611866,45.292137348830508],[-122.77242359884769,45.292062833953146],[-122.77215273356136,45.292000425478733],[-122.77177177650749,45.291974768864137],[-122.77164202752797,45.291966029409416],[-122.77146278538353,45.291953957212982],[-122.77119826100738,45.291936139946358],[-122.7708253708044,45.291910888022514],[-122.77028776193858,45.291874250467195],[-122.76912296264221,45.29179486442893],[-122.76877176708808,45.291773851051161],[-122.76870172052057,45.291770740931049],[-122.76869416141412,45.291441425732557],[-122.76869604577101,45.291078128388172],[-122.76869255876582,45.290651947238658],[-122.76869199030793,45.290370032149163],[-122.76869149209205,45.290128994472816],[-122.76869084835762,45.289807408214649],[-122.76869027152388,45.289527851686977],[-122.76868971691158,45.289249807018081],[-122.76868869750587,45.288752096296342],[-122.76868832411667,45.288568051077128],[-122.76868704878105,45.287937920740738],[-122.76868661581034,45.287723529151052],[-122.76868549091796,45.287167395478363],[-122.76853079841986,45.286958771582071],[-122.76837067659228,45.286742838464789],[-122.76832156703387,45.286742866569703],[-122.76832056002927,45.286675251646457],[-122.76767218942949,45.285800814053133],[-122.76771530928819,45.285595039408186],[-122.76788058385128,45.28480632628159],[-122.76790311400457,45.28469884152711],[-122.76789012859631,45.284656743154329],[-122.7676878265064,45.284000771964948],[-122.76766604322977,45.283930175607644],[-122.76781892861669,45.28366272795845],[-122.76791310521619,45.283497972147565],[-122.76802232693917,45.283306892605005],[-122.76811429774614,45.283146016255948],[-122.76816543519386,45.282868125459203],[-122.76821889953172,45.282577568400235],[-122.76828566118277,45.282214808782321],[-122.76832936650756,45.282083498273039],[-122.76839169314773,45.281929861361441],[-122.76791497088018,45.281625706049482],[-122.76754924109325,45.281392358059058],[-122.76612671313531,45.28303807705116],[-122.76446322642644,45.283150602871771],[-122.76436894439991,45.283150452278498],[-122.76427922775875,45.283150309924714],[-122.76418128444986,45.28315015126109],[-122.76402198816223,45.283149891788398],[-122.76386251348981,45.283149635570751],[-122.76372048548431,45.28314941124782],[-122.76354408723367,45.283149129400066],[-122.76328684888678,45.283148708713377],[-122.76294014785871,45.283148149030531],[-122.76265383482711,45.283149003957298],[-122.76226560824752,45.28314830873078],[-122.76207427982678,45.283144871886314],[-122.76169627278061,45.283139121174948],[-122.76148328617055,45.283135885896421],[-122.76119716147042,45.283131530434467],[-122.76090204616173,45.283131042599464],[-122.7607209943281,45.283130740735793],[-122.76048904396923,45.283130354196501],[-122.76007773817592,45.283129675462632],[-122.7594350943593,45.283128612737116],[-122.75920274866844,45.283128222312968],[-122.75876556691978,45.283127491690308],[-122.75860664058435,45.283127226617175],[-122.75824892265335,45.283126626603767],[-122.75799109669366,45.283126196617232],[-122.75756614482253,45.28312549044292],[-122.75703585407008,45.283124591464848],[-122.75638452588461,45.283123494121078],[-122.75609441088825,45.283123003275747],[-122.7558049579366,45.283122517766579],[-122.75549413157025,45.283121983445554],[-122.75518331833661,45.283121457941405],[-122.7548724923317,45.283120930954169],[-122.75456166636747,45.283120404035721],[-122.75444460713503,45.283120199145898],[-122.75418393864751,45.283119753721444],[-122.75382261081153,45.283119138965198],[-122.75353120791168,45.283118640585684],[-122.7532398177238,45.283118140329577],[-122.75294841355984,45.28311764051449],[-122.75265702341699,45.283117139697708],[-122.75235783510846,45.283119410578486],[-122.75217897041223,45.283121527685992],[-122.75205867351784,45.283122959348056],[-122.75148258608135,45.283129687925374],[-122.75100289640419,45.283129430759665],[-122.75069075145551,45.28312746971821],[-122.75034319738045,45.283121054843114],[-122.75015387055457,45.28311756776688],[-122.74986916651345,45.283112309878774],[-122.7495001484769,45.283111652260949],[-122.74915707051251,45.283111051618008],[-122.74882898871873,45.283110460589171],[-122.7485570204134,45.283109981651492],[-122.74828505211251,45.283109502077814],[-122.74793580153174,45.28310887405695],[-122.74751560607243,45.28310812742636],[-122.74724177699692,45.283107636371689],[-122.74677553131941,45.283106800373162],[-122.74650232568578,45.283106304532765],[-122.74650137479895,45.283380596357908],[-122.74649994854849,45.283792020071466],[-122.7464989741086,45.283983508953057],[-122.7464983918801,45.284215670834087],[-122.74649693675114,45.28458980807364],[-122.74649608903758,45.284806833782717],[-122.74649447602084,45.285289585723021],[-122.74649410240735,45.285399213810159],[-122.74649338070122,45.285616200990283],[-122.74649253390228,45.285867885751578],[-122.74649183935129,45.28607360105805],[-122.74649114622528,45.286281918769745],[-122.74649031484572,45.286527850927463],[-122.7464893857903,45.286805931672397],[-122.74648949160863,45.286815732710764],[-122.74648996419276,45.286862688358035],[-122.74648781582736,45.287275521510971],[-122.74648679684334,45.287577234802264],[-122.74648523681867,45.288043529571702],[-122.74648340538307,45.288581271294042],[-122.74648265583809,45.288801752309347],[-122.74648174229696,45.289076024637026],[-122.74648096291843,45.289306426270052],[-122.74648018184251,45.289542310066984],[-122.74647948723856,45.289748025900707],[-122.74647879355517,45.289953732693796],[-122.74647811164992,45.29015944734013],[-122.74647741830557,45.290365163086683],[-122.74647667725989,45.290584581519312],[-122.74647588340568,45.290820465413674],[-122.74647508957999,45.291056350180106],[-122.74647429571286,45.291292234019551],[-122.74647348871294,45.291533601137239],[-122.74647268305269,45.291776614645897],[-122.74647200190471,45.291979422381608],[-122.74647106078237,45.292260123058583],[-122.7464701632061,45.292524744584831],[-122.74646883377206,45.292921176427242],[-122.74646813414921,45.293130645799046],[-122.7464676962102,45.293267759254917],[-122.74646633318947,45.293668818567227],[-122.74646585678119,45.293805959735195],[-122.74646488425856,45.294093943285247],[-122.74646013407109,45.295489136036849],[-122.74703041761663,45.295487977733146],[-122.74728689446093,45.295487450935667],[-122.74767551382287,45.295486660741616],[-122.74841387785231,45.295485146590281],[-122.7490356610008,45.295483865881032],[-122.74936595669742,45.295483171698358],[-122.74973126173413,45.295482418677068],[-122.75015872853871,45.295481540238491],[-122.7504371820163,45.295480971067562],[-122.75071306887946,45.295389582254366],[-122.75082389991969,45.295352870050984],[-122.75088896471024,45.295331316921335],[-122.75103295676671,45.295283617725126],[-122.75131482334513,45.295190255507926],[-122.75150806742504,45.2951262459422],[-122.75169679043141,45.295063730575571],[-122.75186897071079,45.295006688793983],[-122.75207159355806,45.294939577347165],[-122.75232498977694,45.29485563078623],[-122.75265149551069,45.294747478363256],[-122.75308645933849,45.294603386590353],[-122.75319089186134,45.29456878724131],[-122.7532679788272,45.294543250523446],[-122.75337963669061,45.294506267733986],[-122.75337980061866,45.294506219548161],[-122.75352459438443,45.294458248681416],[-122.75402012341929,45.294294082004129],[-122.75433520465505,45.294189705481678],[-122.75433470009442,45.294343835943252],[-122.75433416862224,45.294506583535231],[-122.75433377445772,45.294626873685559],[-122.75433289503084,45.294895759505309],[-122.75433231739918,45.295072103516155],[-122.75433124612852,45.295399220872625],[-122.7543303268525,45.2956810133809],[-122.75432918358547,45.296030765498912],[-122.75399281677522,45.296225391346702],[-122.75359042949199,45.296458214932635],[-122.7530656684239,45.296761840165807],[-122.7528426484497,45.296890877989149],[-122.75219267077797,45.297189725714482],[-122.7514735642492,45.297520350458768],[-122.75081987957752,45.297820887648555],[-122.7504038047358,45.298012176858713],[-122.75012850240924,45.298138749683673],[-122.74972674029867,45.298309672671436],[-122.74924722468658,45.29850306508326],[-122.74830736194895,45.298880010431795],[-122.74768431952523,45.299118318199163],[-122.74744538525152,45.299209655816846],[-122.74710442166271,45.299339999676164],[-122.74689554624419,45.299419846912954],[-122.74664331816214,45.299516267334894],[-122.74627751864485,45.299656098376374],[-122.7452932307521,45.300003524866732],[-122.74453169180217,45.30026993330371],[-122.74421379108358,45.300381141776242],[-122.74380992153507,45.300518476684147],[-122.74381455857205,45.300702176057698],[-122.74383133895395,45.301367354856957],[-122.74382937739968,45.301583581770849],[-122.74382405297,45.302169966960079],[-122.7438229237774,45.302293283289011],[-122.74381588002525,45.303068334836922],[-122.74381224611952,45.303467294983044],[-122.74380813341176,45.303919855770509],[-122.74380632920661,45.304118381778451],[-122.74380438352028,45.304332717703005],[-122.74379472401685,45.305072033064988],[-122.74379097674812,45.30535887460659],[-122.74377300027879,45.306734928805106],[-122.74373779621995,45.309429438034009],[-122.74372299548381,45.3103186351875],[-122.73849641193395,45.310291668277401],[-122.73822865386465,45.310290279665161],[-122.73809384483884,45.310279582235971],[-122.73808894270729,45.31112298857326],[-122.7361689254887,45.311112938723582],[-122.73474864371933,45.311108169688637],[-122.73475004444258,45.311216155002946],[-122.73474758425816,45.31159035983336],[-122.73474512276705,45.311964564618258],[-122.73474058871913,45.312654018467569],[-122.73473736400462,45.313202432568019],[-122.7347365196616,45.313345970134513],[-122.73473243362098,45.314038773452296],[-122.73472777555843,45.314732030401871],[-122.73472024974267,45.315838735789754],[-122.734712897951,45.316920927270544],[-122.73471123923298,45.317165139486342],[-122.73471011865372,45.317329956785528],[-122.73470953287364,45.317416218214397],[-122.73438192665165,45.31741502087182],[-122.73299745629951,45.317409952933211],[-122.73299730185465,45.317572885499438],[-122.73300947397263,45.321043222624994],[-122.73265558227337,45.32104227784874],[-122.73246530349869,45.321038406181884],[-122.73246146248681,45.32213131596577],[-122.73136553008338,45.324749542893237],[-122.73165663798213,45.324751481929106],[-122.73209752262729,45.324752509574118],[-122.73313569896493,45.324760593255029],[-122.73363437563012,45.324757922450964],[-122.73363321729077,45.324849430801855],[-122.73540730653158,45.324855273757976],[-122.73654472123809,45.32485845088123],[-122.736847204973,45.324862696776385],[-122.73969285503075,45.324878995519207],[-122.74361464316992,45.324890227520648],[-122.74385996277992,45.324890745085646],[-122.74386142834588,45.324853781809054],[-122.74386157757628,45.324770040298084],[-122.74480636957996,45.324772883052347],[-122.74547570377916,45.324774891400224],[-122.74583721030581,45.324775974725213],[-122.74682507718894,45.324778928390494],[-122.74781295784966,45.324781864405047],[-122.74881758523782,45.324776828597464],[-122.74972912504465,45.324772253480759],[-122.75182813788219,45.324761689450149],[-122.7519535826515,45.324761058476334],[-122.75405735351896,45.324750431455975],[-122.75405517951603,45.32481839638789],[-122.75406159247166,45.324818873476865],[-122.7540615451591,45.324874138927846],[-122.75406147271991,45.324969734568469],[-122.75406135962906,45.325106867830151],[-122.75406087995182,45.325724718471001],[-122.75405891111012,45.328249774105636],[-122.75405888601155,45.328332064081444],[-122.75405885004785,45.328441774490408],[-122.75405869261706,45.329015552502902],[-122.7540581806973,45.330851943820875],[-122.75405787332798,45.331977630227492],[-122.75405472105825,45.33197743383446],[-122.75405389711048,45.332001540229498],[-122.7540552356551,45.33203775707711],[-122.75406089278914,45.332701222675105],[-122.75407090424389,45.333875393991946],[-122.75407241637988,45.334052695953247],[-122.75407637777052,45.334517481647616],[-122.75408409256609,45.335422300218269],[-122.75408515638473,45.335546979491731],[-122.75410627910875,45.335619451876738],[-122.75410801916969,45.33562211868955],[-122.75411301870349,45.335629762432653],[-122.7541642901318,45.335705864576028],[-122.75423041667817,45.335700874163713],[-122.75430688975104,45.335696559169307],[-122.75438682580828,45.335693367971373],[-122.75449131638331,45.335691576119828],[-122.75460613668781,45.335682916490107],[-122.7547084692366,45.335675199011106],[-122.75487993416148,45.335662267690914],[-122.75498115233604,45.33566169102059],[-122.75507624434819,45.335661150150621],[-122.75538734573311,45.335659376768362],[-122.75555634509321,45.335658413206637],[-122.75555712114897,45.335737952665994],[-122.75826139108972,45.335724701437805],[-122.75826061135479,45.335645162895425],[-122.75905960727151,45.335639939146141],[-122.75965666583797,45.335636032992596],[-122.76119112460087,45.335625979687251],[-122.76119190970644,45.335705519984906],[-122.76178115985233,45.335702603520076],[-122.76267541128848,45.33569817182439],[-122.76343711008418,45.335694393002335],[-122.76343846169232,45.336757724408216],[-122.76343944536858,45.33753099860094],[-122.76393185991014,45.337529036636198],[-122.76441255291593,45.337527118809838],[-122.7644133307891,45.338171324671684],[-122.7644135303761,45.338335892307228],[-122.76441370366125,45.338478903988666],[-122.76441406012144,45.338774740816881],[-122.76441435758545,45.339020319381973],[-122.76441452735482,45.339161805288796],[-122.76441918204598,45.339600643575061],[-122.76442109364423,45.339771843563106],[-122.76442340251775,45.33997855302195],[-122.76442727203948,45.340325170225647],[-122.76442847091316,45.340432564488793],[-122.76501148559852,45.340429283134981],[-122.76595116514619,45.340423988655388],[-122.76607919607909,45.340423265765743],[-122.76631254022209,45.340421949554745],[-122.76799764005909,45.340412429577214],[-122.76838654762767,45.340410228307654],[-122.76864916456695,45.340383620827652],[-122.76957012085263,45.340370947570271],[-122.76957683198346,45.341278575453074],[-122.76957715540748,45.341313422970735],[-122.76958018496728,45.341638966583858],[-122.76958038803475,45.341660749523577],[-122.769583096004,45.341951849716025],[-122.76959684277686,45.343428927643657],[-122.76959046824284,45.343428998828507],[-122.769533170789,45.343599861591585],[-122.76930861762121,45.344269472521091],[-122.76930605526461,45.344277113628969],[-122.76915107579063,45.344698005670885],[-122.76903111719248,45.34501138232045],[-122.76871178633542,45.345819239131735],[-122.7684803915724,45.346399755748948],[-122.76825826024685,45.346957018862739],[-122.76824260428795,45.347066271585817],[-122.76820680397927,45.347156042857733],[-122.76775039787613,45.348300530509697],[-122.76695765259682,45.35028306433486],[-122.76562613896017,45.353627010985548],[-122.76562382748472,45.3536327999336],[-122.76561951270992,45.353632812790295],[-122.76423462193942,45.353636347063592],[-122.76421058157376,45.353696426340662],[-122.76420750243773,45.353704102533676],[-122.76420133645581,45.353719518981102],[-122.76316110955575,45.356318610432638],[-122.76299081925509,45.356744077991642],[-122.76263041568434,45.357565175069219],[-122.76189159010029,45.359248301741722],[-122.7617562954178,45.359598564863568],[-122.76144868246077,45.360394884615886],[-122.76139110396302,45.360859768344945],[-122.76137913194481,45.360956382127952],[-122.7613785212323,45.360961273768034],[-122.76136177504507,45.361096510804025],[-122.76136173688464,45.361096808598695],[-122.76130863464294,45.361096326756417],[-122.76101154590654,45.361093610418919],[-122.76026246948484,45.361086758237178],[-122.75927338647141,45.361083571970802],[-122.75927264718852,45.361130732270034],[-122.75927164149286,45.361194746958247],[-122.75927071600429,45.36125371918444],[-122.75926984039738,45.361309488567102],[-122.75926905542674,45.361359501458196],[-122.75926910517461,45.361398680013146],[-122.75926942608847,45.361480451636652],[-122.75926970082762,45.361550869519192],[-122.7592699701801,45.361619710421358],[-122.75927022674496,45.361685378501178],[-122.75927047129504,45.361748089782608],[-122.75927152667549,45.36201772155102],[-122.75927072241652,45.362178075626723],[-122.7592693419394,45.362453180768718],[-122.75926418382841,45.363108036098687],[-122.75927197915186,45.363230213051068],[-122.75928915281213,45.364040204084496],[-122.75930392112228,45.364624144733611],[-122.75930601530062,45.364676928177005],[-122.75930749921119,45.365023590489002],[-122.75930754426462,45.365026641155943],[-122.75930782002705,45.365049041678098],[-122.75884041952561,45.366186831833247],[-122.75881619589249,45.366245795856564],[-122.75806837559485,45.367313662476761],[-122.75805653589204,45.367326507780973],[-122.75734197915797,45.368101529752217],[-122.75731262999193,45.368133363850944],[-122.7571845271961,45.368359284089259],[-122.7571834533866,45.368361187132528],[-122.75648414078044,45.368330462261177],[-122.75492624000991,45.368262007938284],[-122.75607322604527,45.368683912363174],[-122.75618135225794,45.368723688302317],[-122.75617495686306,45.368725686337612],[-122.75444189433094,45.369265987536401],[-122.74868881553127,45.370555103595677],[-122.74400458144244,45.371758707246265],[-122.74396193048176,45.371770866493186],[-122.74392655375829,45.371780948435031],[-122.7438963057815,45.371789579516864],[-122.74377973131901,45.371822820550413],[-122.74351712950531,45.37189770188499],[-122.73988929357304,45.372932118751322],[-122.73790950678467,45.373223234163504],[-122.73610366928324,45.373384532720607],[-122.7342065202111,45.373500420398557],[-122.72799662128941,45.373431008746792],[-122.72796852241028,45.37343069116185],[-122.72672487883591,45.37341675654551],[-122.72587591694167,45.373420728315672],[-122.72573844186451,45.37398238932515],[-122.7257401763775,45.374026744144871],[-122.72576557706543,45.374064212430035],[-122.72582799236058,45.374130471052929],[-122.72582746287142,45.37414731479047],[-122.7258253145461,45.374214863147316],[-122.72580918269861,45.374261564045824],[-122.72574638221084,45.374338697813769],[-122.72571266180637,45.374394174593483],[-122.72570449232349,45.374491321360559],[-122.7257071285441,45.374558749458714],[-122.72574143787898,45.374625139279779],[-122.72575890344713,45.374658945293987],[-122.72582083981145,45.374712573228329],[-122.72578030772276,45.374747091599467],[-122.72569758571193,45.374774002586733],[-122.72566171032294,45.374774699887375],[-122.72547089071041,45.374791052816803],[-122.72543068929265,45.374834008100237],[-122.72533069331648,45.374878115810766],[-122.72528935113611,45.374902341920837],[-122.7251727167945,45.374969745395667],[-122.72511342937733,45.374983553072077],[-122.7251007667018,45.374984393595973],[-122.72502391070613,45.37498950392942],[-122.72491645873301,45.3749958036165],[-122.72482078887616,45.374997660951969],[-122.72452783212393,45.375003347881425],[-122.72446287680634,45.375025700537556],[-122.72441023389304,45.375056239747181],[-122.72429761937022,45.375083730546635],[-122.72422603125922,45.37508933293546],[-122.7241479609411,45.375107510770114],[-122.72407771935339,45.375121728737831],[-122.72404381847105,45.375172995743732],[-122.72402204137001,45.375228241195053],[-122.72393268565301,45.375238409768471],[-122.7238484747258,45.375271380603955],[-122.72423531979892,45.375273127050143],[-122.72415705926637,45.375340712036326],[-122.72415422472592,45.37534332347817],[-122.72415413850185,45.375343406137802],[-122.72397159308213,45.375344086362617],[-122.7239149777504,45.375396523384296],[-122.72391020932524,45.375400324832505],[-122.72387747499046,45.375427524850828],[-122.72381654995151,45.375478191615734],[-122.723592439592,45.375664515756249],[-122.72295268615517,45.376196398404822],[-122.72289595238735,45.376243571295724],[-122.72289707513109,45.376329230922238],[-122.72289940329509,45.376507587707124],[-122.72290160563328,45.376676819424382],[-122.72290427196486,45.376880861610147],[-122.72290545839616,45.376971767827655],[-122.72291510909834,45.377712465209711],[-122.72291714256301,45.37786759390886],[-122.72292205011381,45.378243801274124],[-122.72292623946635,45.378565984025933],[-122.72292847922654,45.378737149256125],[-122.72292917205625,45.378790545076868],[-122.72293002987597,45.378856045560859],[-122.72292972448726,45.378925078797828],[-122.72285207513308,45.378924739763029],[-122.72264993577312,45.37892372671935],[-122.72263970155299,45.378962597526964],[-122.72259691096671,45.379131071855845],[-122.72259762261822,45.379131310315465],[-122.7225691423785,45.37923054265832],[-122.72238499787947,45.379390460571997],[-122.72235433711683,45.379418151567585],[-122.72233659949239,45.379433636693925],[-122.72230865825044,45.37945804337766],[-122.72195562537208,45.379485529679087],[-122.72172394371637,45.379516046137347],[-122.72165389842544,45.379578031966211],[-122.72165197257178,45.379579734862553],[-122.72164093395726,45.379589499518573],[-122.72159058217044,45.379634045681442],[-122.72154508487679,45.37964063477736],[-122.72114514649569,45.3796985819721],[-122.72102810015431,45.379715541191025],[-122.72102727399225,45.379715646959163],[-122.72102709599653,45.37971566835617],[-122.72068016177931,45.379765925042548],[-122.72079249722688,45.37998869967992],[-122.7207780859529,45.380025302350042],[-122.72077751707353,45.380026753422392],[-122.72074533315961,45.380108422059038],[-122.72070025975832,45.3802228198197],[-122.72069917835168,45.380225559763602],[-122.72068878805517,45.380251920460545],[-122.72057623186288,45.380527429257072],[-122.7206818942423,45.380778843109837],[-122.72075139680368,45.38094420423274],[-122.7208250609262,45.380982134066095],[-122.72157212712092,45.381355660991915],[-122.7219206488252,45.382105649703995],[-122.72151506916076,45.382009025273419],[-122.72128737042503,45.381987693093379],[-122.72104156823046,45.381964657855349],[-122.72037299996532,45.381881776197432],[-122.71987289051047,45.381874710808688],[-122.71916340571117,45.38181791037902],[-122.71806639587024,45.381938068521485],[-122.7176085717541,45.381938591873507],[-122.71721472898616,45.381983353457976],[-122.71653841062884,45.381953864043929],[-122.71569958711288,45.382085209565979],[-122.71505537205769,45.382192065010528],[-122.71475255473062,45.382248720644768],[-122.71455243290836,45.382280740452224],[-122.71399819944338,45.38240493868004],[-122.71361153359526,45.382508680695871],[-122.71350590144745,45.38253795598277],[-122.71302875930488,45.382686030549912],[-122.71274968500985,45.382760264929779],[-122.7127501006478,45.383010179272112],[-122.71275180639228,45.383062249515355],[-122.71275471459217,45.383334881837015],[-122.71275533090382,45.383378340452126],[-122.71275782714025,45.383554253630706],[-122.71276561707343,45.384102954235075],[-122.71277387531116,45.384684394555777],[-122.7127753015773,45.384784819994792],[-122.71277608895971,45.384840563090492],[-122.71278057834535,45.385156158336329],[-122.71278178846781,45.38524114961993],[-122.7127880237345,45.385680514552817],[-122.71279223372626,45.385958684617592],[-122.71279664839692,45.386250317686148],[-122.71279737961916,45.386299048848777],[-122.71279769453716,45.386344277388915],[-122.71279773451683,45.386348895225979],[-122.71279780357993,45.386360884622285],[-122.71279816257321,45.386410838036241],[-122.71279856161129,45.38644016767919],[-122.71279955009089,45.3865135873722],[-122.71280258553666,45.386738848058187],[-122.71280583677638,45.38698019994083],[-122.71280908807763,45.387221552692438],[-122.71281122368843,45.387379315744816],[-122.71213811528396,45.387184182287818],[-122.71169218272632,45.387054912841776],[-122.71129554453117,45.386939922762075],[-122.71113355934166,45.386892960891061],[-122.7107555412308,45.38678337012886],[-122.71065278191185,45.386773577120081],[-122.71060753067499,45.386769265487942],[-122.71041247779766,45.387054356180471],[-122.71005229742637,45.387580795465716],[-122.70979011395032,45.387857574738057],[-122.70971142080275,45.387954035240391],[-122.7094770983059,45.388147260447333],[-122.70945679652917,45.388163999139266],[-122.70943850344277,45.388192356463321],[-122.70942288626503,45.388216558421071],[-122.70926762850287,45.388457175212835],[-122.70929540652538,45.388604722192042],[-122.70924728741578,45.388599609273129],[-122.70936463877223,45.389156333301877],[-122.70936570419344,45.389161416852033],[-122.7090150731381,45.389141177454071],[-122.70811653390618,45.389089291192029],[-122.70756459371151,45.389057423976794],[-122.70688815991522,45.38901835416199],[-122.7065047882494,45.388996208014611],[-122.70621805164433,45.388979645812022],[-122.70610123852632,45.388972900809534],[-122.70610091750494,45.389604681905915],[-122.70610086639996,45.38971048261353],[-122.70575431433417,45.38970951796388],[-122.70457929650129,45.389706250501433],[-122.70457318947551,45.389706232852717],[-122.70335004131239,45.389702815162167],[-122.7025445497014,45.389700561259801],[-122.70254420721172,45.389730346773575],[-122.70254270715132,45.390340238181068],[-122.70254230423487,45.390504801411275],[-122.70253506390505,45.39050555308966],[-122.69825943578266,45.390951112268361],[-122.69821165326168,45.390956052774257],[-122.6979879833394,45.390979164934045],[-122.69738642448931,45.391042287647991],[-122.697317322258,45.391057906687749],[-122.69678277833613,45.391178767478635],[-122.69353180663683,45.391913733636976],[-122.69353086910785,45.391913940316151],[-122.69352994630398,45.391914164720575],[-122.69352902123413,45.391914363063982],[-122.69352809681246,45.391914578497612],[-122.69352717239074,45.391914793931271],[-122.69352624766201,45.391915001269489],[-122.69352532324029,45.391915216703097],[-122.6935243988186,45.391915432136713],[-122.69352347439687,45.391915647570265],[-122.69352255000928,45.391915863903314],[-122.69352162558755,45.391916079336902],[-122.6935207011658,45.391916294770482],[-122.69351977677816,45.391916511103481],[-122.69351885235641,45.391916726537048],[-122.69351794104188,45.391916950725069],[-122.69351701665421,45.391917167058104],[-122.69351609257359,45.39191739148648],[-122.69351516815181,45.391917606920003],[-122.6935142441053,45.391917832247849],[-122.6935133327908,45.391918056435827],[-122.69351240998672,45.391918280840159],[-122.69351148559903,45.39191849717313],[-122.69351057428445,45.391918721361122],[-122.69350965020378,45.391918945789413],[-122.69350872615721,45.391919171117216],[-122.69350781518382,45.391919404300026],[-122.6935068911031,45.391919628728338],[-122.69350597982263,45.391919853815757],[-122.69350505608304,45.391920087238901],[-122.69350414476848,45.391920311426794],[-122.69350322072185,45.39192053675454],[-122.69350230974837,45.391920769937343],[-122.69350138600878,45.391921003360387],[-122.6935004747283,45.391921228447806],[-122.69349956375476,45.391921461630517],[-122.69349864001515,45.391921695053618],[-122.69349772907579,45.391921929135847],[-122.69349681937882,45.391922162294499],[-122.69349589563922,45.391922395717593],[-122.69349498469983,45.391922629799737],[-122.69349407406739,45.391922871977279],[-122.69349315032774,45.391923105400323],[-122.69349223938833,45.391923339482503],[-122.69349132875588,45.391923581660024],[-122.69349041778236,45.391923814842677],[-122.693489507184,45.391924057919688],[-122.69348859655153,45.391924300097145],[-122.69348768557799,45.391924533279798],[-122.69348677497962,45.39192477635676],[-122.69348586434722,45.391925018534238],[-122.6934849537147,45.391925260711709],[-122.69348404311637,45.391925503788698],[-122.69348313376047,45.391925745942061],[-122.693482223128,45.391925988119496],[-122.6934813128707,45.391926240191282],[-122.69348040223825,45.391926482368724],[-122.69347949160573,45.39192672454616],[-122.69347858134849,45.391926976617938],[-122.6934776834821,45.391927218554976],[-122.69347677319065,45.391927469727214],[-122.69347586293334,45.391927721798957],[-122.69347495230085,45.391927963976343],[-122.69347405477554,45.391928214908205],[-122.69347314451819,45.391928466979941],[-122.69347223422677,45.391928718152137],[-122.69347133670149,45.391928969084013],[-122.6934704277207,45.391929221131662],[-122.69346953019539,45.391929472063502],[-122.69346862024508,45.391929732230544],[-122.69346772271967,45.391929983162342],[-122.69346681246235,45.391930235234035],[-122.69346591527811,45.391930495160679],[-122.69346500498661,45.391930746332832],[-122.69346410783649,45.391931007158959],[-122.69346319822726,45.391931276320854],[-122.69346231346799,45.39193152701224],[-122.69346141631782,45.391931787838359],[-122.69346050670853,45.391932057000162],[-122.69345959607588,45.391932299177441],[-122.69345869892571,45.391932560003546],[-122.69345780301803,45.391932819906096],[-122.69345690583373,45.391933079832697],[-122.69345599625849,45.391933349893968],[-122.69345509907417,45.391933609820576],[-122.69345420188985,45.391933869747142],[-122.69345330508075,45.391934139568022],[-122.6934524078964,45.391934399494573],[-122.69345151105314,45.391934668415971],[-122.69345061424404,45.391934938236851],[-122.69344971705966,45.391935198163381],[-122.69344882021642,45.391935467084792],[-122.69344792340731,45.391935736905651],[-122.69344702656406,45.391936005827006],[-122.69344613099736,45.391936274724308],[-122.6934452469543,45.391936544304798],[-122.69344435011104,45.391936813226138],[-122.69344345360888,45.391937091142331],[-122.69344255679968,45.391937360963126],[-122.6934416727225,45.391937629644126],[-122.69344077622031,45.391937907560269],[-122.69343987941112,45.391938177381064],[-122.69343900878231,45.39193846381135],[-122.69343811228008,45.391938741727529],[-122.69343721547085,45.391939011548281],[-122.69343631896864,45.391939289464403],[-122.69343542374301,45.391939567356502],[-122.69343454000688,45.391939845032283],[-122.69343364319758,45.391940114853],[-122.69343275980256,45.391940401523605],[-122.69343187606647,45.391940679199365],[-122.69343097959825,45.391940958014921],[-122.69343009620326,45.391941244685498],[-122.69342921246708,45.391941522361229],[-122.69342831634002,45.39194181017163],[-122.6934274326038,45.391942087847326],[-122.69342654920878,45.391942374517889],[-122.69342566678327,45.391942653069037],[-122.69342477062207,45.391942939979963],[-122.69342388722694,45.39194322665049],[-122.693423003866,45.391943514220479],[-122.69342212047088,45.391943800890992],[-122.69342123707577,45.391944087561512],[-122.69342035371479,45.391944375131494],[-122.69341947031963,45.391944661802],[-122.69341858658332,45.391944939477646],[-122.69341770356345,45.391945236042481],[-122.69341682050941,45.391945531707776],[-122.69341593711422,45.391945818378268],[-122.69341506779591,45.391946105683822],[-122.6934141847419,45.391946401349159],[-122.69341330168781,45.391946697014433],[-122.69341241832669,45.391946984584393],[-122.69341154803875,45.39194728000929],[-122.69341066498464,45.391947575674585],[-122.69340978193058,45.391947871339845],[-122.69340891167673,45.391948167664253],[-122.69340802828148,45.391948454334695],[-122.6934078516024,45.39194851166873],[-122.69340714522731,45.391948749999919],[-122.69340627659116,45.391949055295107],[-122.69340539353706,45.391949350960367],[-122.69340452359012,45.391949655380117],[-122.6934036405701,45.39194995194481],[-122.69340277062312,45.391950256364531],[-122.69340190033509,45.391950551789385],[-122.69340101765614,45.391950857348931],[-122.69340014736805,45.391951152773807],[-122.69339927742114,45.391951457193485],[-122.69339840750831,45.391951762512647],[-122.69339752479519,45.391952067172689],[-122.6933966561248,45.391952371568308],[-122.69339578621197,45.391952676887449],[-122.69339491626496,45.391952981307114],[-122.69339404597679,45.391953276731925],[-122.69339317606391,45.391953582051052],[-122.69339230611689,45.391953886470688],[-122.69339143685214,45.391954208880023],[-122.69339056659803,45.391954505204275],[-122.69338969699211,45.391954818618785],[-122.6933888270451,45.391955123038386],[-122.69338795871575,45.391955436428781],[-122.69338708914391,45.391955750742724],[-122.69338621919684,45.391956055162346],[-122.69338536235698,45.391956368336444],[-122.69338449278514,45.391956682650338],[-122.6933836231791,45.391956996064778],[-122.69338276633923,45.391957309238812],[-122.69338189676732,45.391957623552742],[-122.69338102716131,45.39195793696716],[-122.69338017193921,45.391958259111981],[-122.69337930236722,45.391958573425889],[-122.69337844552729,45.391958886599944],[-122.69337757626238,45.391959209009144],[-122.69337671945655,45.391959523082633],[-122.69337586295778,45.391959845251499],[-122.6933749936928,45.391960167660727],[-122.69337413688699,45.39196048173423],[-122.69337328038812,45.391960803903082],[-122.69337241112315,45.391961126312268],[-122.69337155590085,45.391961448457067],[-122.6933706994361,45.391961771525388],[-122.69336984293717,45.391962093694225],[-122.69336898643836,45.391962415863027],[-122.6933681172074,45.391962739171667],[-122.69336726104963,45.391963070335301],[-122.6933664045507,45.39196339250411],[-122.69336554808588,45.39196371557243],[-122.69336469192804,45.391964046736028],[-122.69336384947182,45.391964368640437],[-122.69336299334807,45.391964700703525],[-122.69336213719029,45.391965031867159],[-122.69336128069129,45.391965354035911],[-122.69336042456754,45.391965686098992],[-122.69335956840962,45.391966017262618],[-122.69335872501792,45.391966348185825],[-122.6933578688941,45.391966680248906],[-122.6933570127362,45.39196701141249],[-122.69335617062102,45.391967342311659],[-122.69335531480421,45.391967682470096],[-122.69335447144653,45.391968014292807],[-122.69335361528859,45.391968345456341],[-122.69335277223789,45.391968685374394],[-122.69335191611404,45.391969017437425],[-122.69335107306334,45.391969357355435],[-122.69335022967145,45.391969688278664],[-122.69334937388869,45.391970029336512],[-122.69334853211454,45.391970369230485],[-122.69334768906381,45.391970709148509],[-122.69334683293987,45.39197104121147],[-122.6933459898891,45.39197138112948],[-122.6933451468383,45.391971721047469],[-122.69334430416275,45.391972070859786],[-122.69334346111195,45.391972410777768],[-122.6933426180611,45.391972750695764],[-122.69334177628689,45.391973090589715],[-122.6933409336113,45.391973440401976],[-122.69334009056044,45.391973780319944],[-122.69333924785067,45.391974129232736],[-122.69333840483394,45.391974470050158],[-122.6933375621242,45.391974818962993],[-122.69333673183947,45.391975158640541],[-122.69333588916376,45.391975508452823],[-122.69333504645397,45.39197585736558],[-122.69333421778691,45.391976206013965],[-122.69333337511124,45.391976555826226],[-122.69333253240141,45.391976904738975],[-122.6933317024577,45.391977253411369],[-122.69333085978195,45.391977603223616],[-122.69333002983822,45.391977951895974],[-122.69332918781062,45.391978318798408],[-122.69332835752577,45.391978658475942],[-122.69332751612663,45.391979008264144],[-122.69332668652395,45.391979365931313],[-122.69332585658019,45.391979714603664],[-122.69332502701162,45.391980073170338],[-122.69332418464286,45.391980431077911],[-122.69332335504019,45.391980788745123],[-122.6933225251305,45.391981138316915],[-122.69332169552777,45.391981495984112],[-122.69332086720163,45.391981853627271],[-122.69332003763309,45.39198221219393],[-122.69331920803036,45.39198256986105],[-122.69331837842763,45.391982927528218],[-122.69331754916598,45.39198329419024],[-122.69331671959729,45.391983652756863],[-122.69331588999457,45.391984010424011],[-122.69331506073287,45.39198437708599],[-122.69331424520695,45.39198473538822],[-122.69331341594525,45.391985102050164],[-122.69331258634244,45.391985459717304],[-122.69331175711484,45.391985827278724],[-122.69331094061928,45.391986193700355],[-122.69331011135756,45.391986560362291],[-122.69330929455494,45.391986918688502],[-122.69330846656982,45.391987285326429],[-122.69330765007417,45.391987651748003],[-122.69330682081241,45.391988018409897],[-122.69330600469202,45.391988394725828],[-122.69330518819631,45.39198876114741],[-122.69330435893454,45.391989127809282],[-122.69330354247298,45.391989495130353],[-122.69330272631839,45.391989870546752],[-122.6933019110993,45.391990236944281],[-122.69330109497884,45.391990613260127],[-122.693300265717,45.391990979922042],[-122.69329944956233,45.391991355338398],[-122.69329863344188,45.391991731654258],[-122.6932978172872,45.391992107070614],[-122.69329700079149,45.391992473492152],[-122.69329618591345,45.391992848884463],[-122.69329538255897,45.391993224959961],[-122.69329456640432,45.391993600376303],[-122.69329375024967,45.391993975792623],[-122.69329293447016,45.391994361103286],[-122.69329213108159,45.391994736279287],[-122.69329131492682,45.391995111695593],[-122.69329049880625,45.391995488011396],[-122.69328969703538,45.391995872158184],[-122.69328888088064,45.391996247574518],[-122.69328807783313,45.391996631745315],[-122.69328726205356,45.391997017055942],[-122.6932864586649,45.3919973922319],[-122.69328564285125,45.391997776643031],[-122.69328483983782,45.391998161713275],[-122.69328403806688,45.391998545860027],[-122.69328322225311,45.391998930271157],[-122.69328241923962,45.391999315341387],[-122.69328161619204,45.391999699512183],[-122.69328081314447,45.392000083682916],[-122.69328001013095,45.392000468753139],[-122.69327920708331,45.392000852923886],[-122.69327840565337,45.392001246065462],[-122.69327760260576,45.392001630236209],[-122.69327679993332,45.392002024301263],[-122.69327599688563,45.392002408471988],[-122.69327519417907,45.392002801637567],[-122.69327439116547,45.392003186707747],[-122.69327358845891,45.392003579873325],[-122.69327279979507,45.392003972774468],[-122.69327199712258,45.392004366839529],[-122.69327119441597,45.392004760005058],[-122.69327040447544,45.392005152930274],[-122.69326960176878,45.392005546095795],[-122.69326881186238,45.392005939920452],[-122.69326800915569,45.392006333085966],[-122.69326722049176,45.392006725987144],[-122.69326641781923,45.392007120052099],[-122.69326562821979,45.392007521972133],[-122.69326483827919,45.392007914897299],[-122.69326403594771,45.392008317957121],[-122.69326324600708,45.392008710882244],[-122.69326245640764,45.392009112802235],[-122.69326166774358,45.392009505703342],[-122.69326087817821,45.392009908522795],[-122.69326008857867,45.39201031044275],[-122.69325929897914,45.392010712362733],[-122.6932585094137,45.392011115182228],[-122.6932577198141,45.392011517102148],[-122.69325693149116,45.39201191899808],[-122.69325614192569,45.392012321817518],[-122.69325535232615,45.392012723737459],[-122.69325457549269,45.392013125417058],[-122.69325378589303,45.392013527336999],[-122.69325299666862,45.392013939151269],[-122.69325221983514,45.392014340830833],[-122.69325143185323,45.392014751721597],[-122.69325064228762,45.392015154540971],[-122.69324986579525,45.392015565215374],[-122.69324908896171,45.392015966894945],[-122.6932482997031,45.392016377809682],[-122.69324752324476,45.39201678938359],[-122.69324673526278,45.392017200274289],[-122.69324595877033,45.392017610948699],[-122.69324518231194,45.392018022522549],[-122.69324440581941,45.39201843319691],[-122.69324362932694,45.392018843871341],[-122.69324285286854,45.392019255445156],[-122.69324206360984,45.392019666359865],[-122.69324128907616,45.392020094999921],[-122.69324052500863,45.392020496439102],[-122.69323974855017,45.392020908012903],[-122.69323897239867,45.392021327682109],[-122.69323819590609,45.392021738356448],[-122.69323741978874,45.392022158925094],[-122.69323664491382,45.392022578570277],[-122.69323588118741,45.392022989004239],[-122.69323510506992,45.392023409572893],[-122.69323432891839,45.392023829242078],[-122.69323356553299,45.392024248670928],[-122.69323278938141,45.392024668340092],[-122.69323202603017,45.392025088668376],[-122.6932312511552,45.392025508313459],[-122.69323048776974,45.392025927742282],[-122.69322972441837,45.392026348070544],[-122.69322894826676,45.392026767739701],[-122.69322818522237,45.392027196163333],[-122.69322742183692,45.392027615592106],[-122.69322666010319,45.392028044891184],[-122.69322589671768,45.392028464319949],[-122.69322513367329,45.392028892743575],[-122.69322437032189,45.392029313071824],[-122.6932236072774,45.392029741495421],[-122.69322284423299,45.39203016991906],[-122.69322208246511,45.392030598318627],[-122.69322131945472,45.392031027641664],[-122.6932205564103,45.392031456065233],[-122.69321979336576,45.392031884488858],[-122.69321904312153,45.392032313571583],[-122.69321828007698,45.392032741995145],[-122.69321751830901,45.392033170394662],[-122.69321676806476,45.392033599477408],[-122.69321600502018,45.392034027900969],[-122.69321525508289,45.39203446507905],[-122.69321449203831,45.392034893502583],[-122.69321374213509,45.392035331580146],[-122.69321299313322,45.392035759739315],[-122.69321199298935,45.39203633664679],[-122.69292470644987,45.392202066359467],[-122.6925311056374,45.392429124457081],[-122.69128315541403,45.393149021913651],[-122.69128240544765,45.393149459079055],[-122.69128164237401,45.393149887489677],[-122.69128088027034,45.393150307780928],[-122.69128011685589,45.393150727196712],[-122.69127934067508,45.393151146852624],[-122.69127856418748,45.393151558413123],[-122.69127778766583,45.393151969074182],[-122.69127699837773,45.393152379975326],[-122.69127621002546,45.393152781857609],[-122.69127542008982,45.393153175668488],[-122.6912746173537,45.39315356882009],[-122.69127382738397,45.393153961731485],[-122.69127301157465,45.393154347027803],[-122.69127220849769,45.393154731184474],[-122.69127139231354,45.393155106586399],[-122.69127057743999,45.393155482863826],[-122.69126976091499,45.393155849270904],[-122.69126894438995,45.393156215677983],[-122.69126811509855,45.393156582325169],[-122.69126728550034,45.393156940876978],[-122.69126644276086,45.393157289774578],[-122.69126561278775,45.393157638432079],[-122.69126477008234,45.39315798822912],[-122.6912639282787,45.393158328107837],[-122.69126308485761,45.393158659015704],[-122.69126222904492,45.393159000057999],[-122.69126137251654,45.393159322211126],[-122.6912605159882,45.393159644364268],[-122.69125965949388,45.393159967416885],[-122.6912587898583,45.393160280815231],[-122.69125792022272,45.393160594213583],[-122.6912570502804,45.393160899516587],[-122.69125618030394,45.393161203920108],[-122.69125529849697,45.393161499544824],[-122.69125442817973,45.393161794953485],[-122.69125354513014,45.393162091501708],[-122.69125266136486,45.393162369160748],[-122.69125176517399,45.393162656054756],[-122.69125088110199,45.39316292561837],[-122.69124998457025,45.393163203517517],[-122.69124908769774,45.393163472421797],[-122.69124819051854,45.393163733230722],[-122.6912472933052,45.393163993140092],[-122.6912463829847,45.393164244294802],[-122.69124548546456,45.393164496108838],[-122.69124457607988,45.393164738244636],[-122.69124366541853,45.393164980404421],[-122.69124274168405,45.393165214708937],[-122.69124183068182,45.393165447873869],[-122.69124090657242,45.393165672284056],[-122.69123999526353,45.393165897353597],[-122.69123907081334,45.393166112768924],[-122.6912381463631,45.393166328184257],[-122.69123722160617,45.393166535504157],[-122.6912362840487,45.393166742164745],[-122.69123535891687,45.393166939590323],[-122.69123442105271,45.393167138155526],[-122.69123348281363,45.393167326826351],[-122.691232557341,45.393167515257055],[-122.69123161879524,45.39316769583251],[-122.69123066710814,45.393167866753764],[-122.69122972818751,45.393168037434869],[-122.69122878930087,45.393168209015442],[-122.69122783727298,45.393168370941787],[-122.6912268976707,45.393168523633157],[-122.6912259453361,45.393168677464111],[-122.69122499296736,45.393168830395631],[-122.69122404025786,45.393168974332234],[-122.69122308724162,45.393169110173481],[-122.69122213419132,45.393169245115224],[-122.69122118080028,45.393169371062115],[-122.69122022871983,45.393169497884493],[-122.69121926222152,45.39316961507663],[-122.69121830848961,45.393169732028625],[-122.69121734168452,45.393169841125385],[-122.69121638761183,45.393169949082498],[-122.69121541915524,45.393170048308946],[-122.69121445200943,45.393170148410817],[-122.69121349725511,45.393170238378246],[-122.69121252939354,45.393170319590908],[-122.69121156156606,45.393170401703095],[-122.69121059370458,45.393170482915743],[-122.69120962550225,45.393170555133516],[-122.69120865699315,45.393170619255962],[-122.69120768845005,45.393170682478875],[-122.69120671956613,45.393170736706963],[-122.69120575071625,45.3931707918345],[-122.69120478183233,45.393170846062553],[-122.69120379950039,45.393170882541021],[-122.69120282996897,45.393170919678838],[-122.69120186040347,45.393170955917149],[-122.6912008904971,45.393170983160616],[-122.69119992062487,45.393171011303558],[-122.69119893761135,45.393171029792256],[-122.69119796702346,45.393171039046003],[-122.69119699646966,45.393171049199196],[-122.69119602588169,45.39317105845295],[-122.69119505495303,45.393171058711779],[-122.69119408371763,45.393171050875267],[-122.69119309968173,45.3931710423794],[-122.69119212807145,45.393171024648524],[-122.69119115649519,45.393171007817145],[-122.69119018454415,45.393170981091373],[-122.6911892113164,45.393170954389646],[-122.69118823905865,45.39317091956854],[-122.69118726642601,45.393170874853077],[-122.69118629413408,45.393170839132459],[-122.69118533396114,45.393170786081491],[-122.69118436098773,45.393170732371168],[-122.69118338801434,45.393170678660802],[-122.6911824143934,45.393170607860213],[-122.6911814538456,45.393170544914867],[-122.69118048019054,45.393170473214816],[-122.69117951896114,45.393170392279764],[-122.69117854499945,45.393170312484294],[-122.69117758215265,45.393170222578391],[-122.69117662058247,45.3931701326485],[-122.69117565870556,45.393170034623196],[-122.69117469679463,45.393169935698388],[-122.69117373454287,45.393169827778742],[-122.69117277232527,45.39316972075855],[-122.69117180973274,45.393169603844008],[-122.69117085956579,45.393169477694542],[-122.69116989666659,45.393169352684637],[-122.69116894649973,45.393169226535129],[-122.69116799471539,45.393169091414748],[-122.69116703113461,45.393168948415166],[-122.69116608028618,45.393168804275909],[-122.69116512943769,45.393168660136666],[-122.69116419104894,45.393168507661926],[-122.69116323951897,45.39316834553297],[-122.69116228798899,45.393168183403994],[-122.69116134888462,45.393168012040043],[-122.69116040853763,45.393167841599599],[-122.69115946943326,45.393167670235641],[-122.69115852998812,45.393167489876831],[-122.69115759023629,45.393167301422658],[-122.69115666321682,45.393167111828873],[-122.69115572309009,45.393166913480322],[-122.69115479576385,45.39316671579116],[-122.69115386678614,45.393166508231637],[-122.69115293908513,45.393166300648112],[-122.69115201104324,45.393166084069755],[-122.69115109580191,45.393165868150724],[-122.69115016741928,45.393165642577486],[-122.6911492518031,45.393165416764113],[-122.69114766359387,45.393165006473083],[-122.69087672546198,45.393094412091394],[-122.69041191566039,45.392973301742394],[-122.69041124325879,45.392975078631565],[-122.69040703351844,45.392986204127631],[-122.6904018021432,45.39300000510346],[-122.69035139442653,45.393132990507745],[-122.69035125349347,45.393133317202725],[-122.69033931656362,45.393159776697978],[-122.69033901044104,45.393160430543979],[-122.69033871580824,45.393161084174018],[-122.69033840840896,45.393161738044007],[-122.6903381019457,45.393162382895206],[-122.69033780734695,45.393163037424664],[-122.69033749994773,45.393163691294689],[-122.6903371925485,45.393164345164742],[-122.69033689885157,45.393164989775876],[-122.69033659145234,45.393165643645844],[-122.69033628405303,45.393166297515883],[-122.69033597758971,45.393166942367053],[-122.69033568299092,45.393167596896525],[-122.69033537559163,45.393168250766529],[-122.69033506819231,45.393168904636553],[-122.69033476172898,45.393169549487688],[-122.69033445432969,45.393170203357727],[-122.69033414693038,45.393170857227709],[-122.69033384050108,45.393171502978355],[-122.69033353310172,45.39317215684833],[-122.69033322536173,45.393172801723502],[-122.69033291923901,45.393173455569503],[-122.69033261183962,45.393174109439478],[-122.69033230409961,45.393174754314664],[-122.69033199670019,45.393175408184653],[-122.69033169027088,45.393176053935314],[-122.69033138287155,45.393176707805274],[-122.69033107547216,45.393177361675299],[-122.69033076900874,45.393178006526441],[-122.69033044884291,45.393178660636423],[-122.69033014110279,45.393179305511602],[-122.69032983373748,45.393179960281039],[-122.69032952727402,45.393180605132201],[-122.69032920710815,45.393181259242184],[-122.6903288993681,45.393181904117313],[-122.69032859324528,45.393182557963321],[-122.69032827273872,45.393183203078472],[-122.69032796533924,45.393183856948504],[-122.69032764614342,45.393184502939093],[-122.6903273387439,45.393185156809096],[-122.69032703100376,45.393185801684233],[-122.69032671083785,45.393186455794186],[-122.69032640437435,45.393187100645328],[-122.69032608420841,45.393187754755331],[-122.69032576373594,45.393188400769937],[-122.69032545727235,45.393189045621043],[-122.69032513710647,45.393189699731074],[-122.69032482936623,45.393190344606175],[-122.69032450920025,45.3931909987162],[-122.69032418997031,45.39319164380732],[-122.6903238822642,45.393192289581926],[-122.69032356209819,45.393192943691957],[-122.69032324286817,45.393193588783056],[-122.69032292236149,45.393194233898178],[-122.69032261496193,45.393194887768175],[-122.69032229573187,45.393195532859302],[-122.69032197522526,45.393196177974431],[-122.6903216550933,45.393196832983911],[-122.69032133458659,45.393197478099019],[-122.69032101535653,45.393198123190132],[-122.69032069519052,45.39319877730015],[-122.69032037468379,45.393199422415258],[-122.6903200554537,45.393200067506385],[-122.69031973498109,45.393200713520955],[-122.69031941481504,45.393201367630937],[-122.69031909430825,45.393202012746073],[-122.69031877507814,45.393202657837179],[-122.69031845457143,45.393203302952273],[-122.69031813406464,45.393203948067395],[-122.6903178152092,45.393204603052837],[-122.69031749470244,45.393205248167959],[-122.69031716142923,45.393205893523088],[-122.69031684219912,45.393206538614223],[-122.69031652169234,45.393207183729352],[-122.69031620152616,45.393207837839306],[-122.69031586825295,45.393208483194385],[-122.69031554905681,45.393209129185031],[-122.69031522854995,45.393209774300125],[-122.69031489527676,45.393210419655226],[-122.69031457604656,45.393211064746332],[-122.6903142555397,45.393211709861419],[-122.69031392226637,45.393212355216548],[-122.69031360179366,45.393213001231153],[-122.690313269797,45.393213646562259],[-122.69031294963077,45.393214300672241],[-122.69031261635749,45.393214946027335],[-122.69031229712722,45.393215591118434],[-122.6903119638539,45.393216236473549],[-122.69031163061467,45.393216882728098],[-122.69031131010773,45.393217527843255],[-122.69031097811104,45.393218173174333],[-122.69031064483772,45.393218818529448],[-122.69031032433075,45.393219463644527],[-122.69030999233402,45.393220108975633],[-122.69030965909469,45.393220755230224],[-122.69030933858778,45.393221400345311],[-122.69030900659102,45.393222045676396],[-122.6903086733176,45.393222691031518],[-122.69030833970356,45.393223327391738],[-122.69030800643019,45.393223972746867],[-122.69030767446748,45.393224618977435],[-122.69030735396046,45.393225264092493],[-122.69030702068703,45.39322590944758],[-122.69030668869023,45.393226554778707],[-122.69030635541679,45.393227200133794],[-122.69030602214332,45.39322784548888],[-122.69030568886988,45.393228490843974],[-122.69030535656645,45.393229128079689],[-122.69030502329299,45.393229773434769],[-122.6903046772531,45.393230419029862],[-122.69030434525621,45.393231064360954],[-122.69030401198273,45.393231709716012],[-122.69030367870926,45.393232355071149],[-122.69030334512911,45.393232992330837],[-122.69030301313228,45.393233637661922],[-122.69030266709231,45.393234283257016],[-122.69030233381878,45.393234928612081],[-122.69030200148124,45.393235564948299],[-122.69030166820767,45.393236210303371],[-122.69030132220176,45.393236856797934],[-122.69030099020483,45.393237502129011],[-122.69030064382417,45.393238138729274],[-122.6903003105506,45.393238784084318],[-122.69029997727696,45.393239429439383],[-122.69029963251361,45.393240075010461],[-122.69029929893345,45.393240712270142],[-122.6902989528934,45.393241357865215],[-122.69029862089641,45.393242003196292],[-122.6902982745157,45.393242639796512],[-122.69029794124206,45.393243285151563],[-122.69029759486133,45.393243921751811],[-122.69029725013198,45.393244568222379],[-122.69029686851786,45.393245286496324],[-122.6902188000271,45.393390214443421],[-122.69006833721977,45.393669555308456],[-122.68997803031645,45.393837202736613],[-122.68932700436376,45.395045780334016],[-122.68924389829358,45.395045981902562],[-122.68923300023599,45.395046010260565],[-122.68919681961148,45.395046097831454],[-122.68891698776018,45.395560794601224],[-122.68890049585229,45.395596423526527],[-122.68889990613786,45.395597686678833],[-122.68880626047701,45.395597250618444],[-122.68878016461839,45.39559712788936],[-122.68855487043831,45.39559607195455],[-122.68563163977478,45.395582328063405],[-122.68562958463936,45.396291883360391],[-122.68562799877023,45.396840434529388],[-122.68554491252843,45.39684004345883],[-122.68534544676896,45.396839104310232],[-122.6853008991534,45.39738009173201],[-122.68526080760385,45.397866959254699],[-122.68518746782776,45.397866790155412],[-122.68518698346,45.397872669836715],[-122.68497042157516,45.397870136956818],[-122.6845972308307,45.397865769913409],[-122.68456152636783,45.397865351116593],[-122.6843264589757,45.397864811234044],[-122.68432798083849,45.398246672002372],[-122.68424607281291,45.398245696203809],[-122.68420005512351,45.398245149287973],[-122.6839429648727,45.39824208255299],[-122.68386105165116,45.398241103881062],[-122.6834812090059,45.398236580663614],[-122.682846717538,45.398229011522581],[-122.68281363047795,45.398228617859907],[-122.68278940921763,45.398228329030353],[-122.68278074272804,45.398228224054506],[-122.68275128455525,45.398227873104723],[-122.6826693868649,45.398226897805621],[-122.6826681990191,45.398294881014415],[-122.68266675987564,45.39829490167336],[-122.68208745255025,45.398303513015996],[-122.68136233586873,45.398314287934546],[-122.68136356799798,45.398355420192594],[-122.68136325759004,45.398406161315116],[-122.68135064258405,45.400469502101153],[-122.68134792370959,45.400914239155888],[-122.68134285058204,45.401743911203809],[-122.68134197082421,45.40188761100142],[-122.68147250268636,45.401878718834709],[-122.6819522971533,45.401846031505706],[-122.68189422032276,45.401892565156849],[-122.68185137607196,45.40192689326733],[-122.68156640869874,45.402155215451046],[-122.68149314552417,45.402213915679496],[-122.68137371968173,45.402309601842525],[-122.68131881945276,45.402353588681052],[-122.68127223633726,45.402390911036356],[-122.68122743788904,45.40242680297866],[-122.68121796354815,45.402434395512216],[-122.68117874250719,45.402465818351757],[-122.68116157227942,45.402479576734713],[-122.68114654765108,45.402491614430076],[-122.68113451705365,45.402501253970051],[-122.68112767448262,45.402506397515531],[-122.6811173157318,45.402515035430817],[-122.68110598719119,45.402524012840402],[-122.6810932087967,45.402534355864233],[-122.68108944571205,45.40202848836703],[-122.68108908946553,45.401977850737708],[-122.68108904187208,45.401973269122529],[-122.67996287749804,45.402050083560098],[-122.67995942548312,45.402485622814055],[-122.6797745608457,45.402485635566151],[-122.67958122340595,45.402485647190815],[-122.67950202207085,45.402485649755668],[-122.67922948453888,45.402485662384464],[-122.6789374715752,45.402485675816521],[-122.67826601666543,45.402485696703458],[-122.67826658851232,45.402468924916178],[-122.6782787410105,45.402115785738552],[-122.67827952818277,45.402092960228195],[-122.6782796844291,45.402088356803219],[-122.67759958016676,45.402134726983952],[-122.67727871058324,45.402156609267635],[-122.67720895614551,45.402161363706121],[-122.6765695199429,45.40220495618788],[-122.67619578188511,45.402230441463608],[-122.67613763089014,45.402234866932467],[-122.67612699199694,45.402235671401279],[-122.67612095637284,45.401493810832861],[-122.67612008221704,45.401384103691257],[-122.67611987652066,45.401356670139158],[-122.67611365484642,45.400437853948503],[-122.67611835640524,45.399779595898444],[-122.67612046459162,45.399483899029541],[-122.67612252815191,45.399195063654091],[-122.67612459293457,45.398906227311343],[-122.67612668073031,45.398613691004428],[-122.67612785782403,45.398448655559598],[-122.67612805866769,45.398421160365096],[-122.67606862132797,45.398424268727211],[-122.67440472224314,45.398511262440437],[-122.67414551054438,45.39876659092004],[-122.67409257838045,45.398943319551996],[-122.67404040660742,45.400149617852264],[-122.67385172200966,45.400554506166166],[-122.67377630283379,45.400558789095385],[-122.67376323428479,45.400559532468293],[-122.67374873773568,45.400560356487404],[-122.67370562786549,45.400562802546474],[-122.67158469705228,45.400683253674003],[-122.67129008585628,45.400699968502686],[-122.67128712773133,45.400700132540656],[-122.67128518970772,45.400700241564593],[-122.67128325165031,45.400700349688982],[-122.67128239756873,45.400700402509266],[-122.67128130085851,45.400700458950787],[-122.67127936283482,45.400700567974638],[-122.67127742443967,45.400700667104054],[-122.67127548641602,45.400700776127842],[-122.67127353528646,45.400700876394595],[-122.67127159595219,45.400700984542645],[-122.67126965759076,45.400701084571438],[-122.67126771922933,45.400701184600173],[-122.67126576772816,45.400701274972469],[-122.67126382936679,45.400701375001169],[-122.67126286000031,45.40070142006833],[-122.67126189066755,45.400701466034974],[-122.67125995227234,45.400701565164098],[-122.671258000805,45.400701656435757],[-122.67125606210578,45.400701747469455],[-122.67125412337278,45.400701837603627],[-122.67125218467358,45.400701928637297],[-122.67125023286846,45.400702010913939],[-122.67124829413545,45.400702101047997],[-122.67124635543617,45.400702192081539],[-122.67124440363105,45.400702274358132],[-122.67124246328346,45.40070235552102],[-122.67124052424653,45.400702437559566],[-122.67123954211182,45.400702482864453],[-122.67123857244135,45.400702519836003],[-122.67123663337055,45.400702600975016],[-122.67123469433353,45.400702683013527],[-122.67123274215687,45.400702755395486],[-122.67123080311988,45.400702837433883],[-122.67122886374509,45.400702910477371],[-122.67122691190616,45.400702991854153],[-122.67122497253136,45.400703064897584],[-122.67122303315665,45.400703137940958],[-122.67122108097992,45.400703210322789],[-122.6712191412674,45.400703274371246],[-122.6712172006158,45.400703347438352],[-122.6712152484391,45.400703419820054],[-122.67121330872654,45.400703483868384],[-122.67121136901406,45.400703547916727],[-122.67120941649959,45.400703611303463],[-122.67120747678705,45.400703675351735],[-122.67120552430636,45.400703739637891],[-122.67120358456002,45.400703802786602],[-122.6712016448475,45.400703866834796],[-122.67119969202906,45.400703922125956],[-122.67119775228271,45.400703985274568],[-122.67119581223241,45.400704040327753],[-122.67119385941395,45.400704095618849],[-122.67119191805307,45.400704149796312],[-122.6711899652346,45.400704205087308],[-122.67118802518436,45.400704260140351],[-122.67118608510026,45.400704314293911],[-122.67118413194406,45.400704360589984],[-122.67118219189375,45.400704415642942],[-122.67118023870377,45.400704461039389],[-122.67117829831575,45.400704507097437],[-122.67117635826544,45.400704562150317],[-122.67117440473771,45.400704598551833],[-122.67117246434964,45.40070464460976],[-122.67117050988286,45.400704690029869],[-122.67116856949477,45.400704736087739],[-122.671166628769,45.40070477315075],[-122.67116564562107,45.400704791470389],[-122.67116467524133,45.400704809552103],[-122.67116273485323,45.400704855609824],[-122.67116078135926,45.400704892910646],[-122.67115884059969,45.400704929073974],[-122.67115689987392,45.400704966136772],[-122.67115494604226,45.400704994442577],[-122.67115300528265,45.40070503060582],[-122.67115105145099,45.400705058911562],[-122.67114910944835,45.400705095997999],[-122.67114716801329,45.400705114171394],[-122.67114521451936,45.400705151471961],[-122.67114327345584,45.400705179539663],[-122.67114131959042,45.40070520694573],[-122.67113937852685,45.400705235013355],[-122.67113743746329,45.400705263080972],[-122.67113645397765,45.400705272405503],[-122.6711354832601,45.400705281492073],[-122.67113354219659,45.400705309559612],[-122.67113160079529,45.400705328632228],[-122.67112964531535,45.400705347067067],[-122.67112770391405,45.400705366139597],[-122.67112574974462,45.40070538545006],[-122.67112380830956,45.400705403623085],[-122.6711218665706,45.400705413700656],[-122.67111991236743,45.400705432111522],[-122.67111797062843,45.40070544218905],[-122.671116016459,45.4007054614993],[-122.67111407468624,45.400705470677302],[-122.67111310366478,45.400705471668303],[-122.67111213294729,45.400705480754716],[-122.6711101771633,45.400705491093817],[-122.67110823539056,45.400705500271691],[-122.67110629331385,45.400705501354139],[-122.67110433880671,45.400705511669344],[-122.67110239669621,45.40070551185228],[-122.67110045495726,45.400705521929517],[-122.6710984997747,45.400705514254867],[-122.67109655800192,45.400705523432521],[-122.67109460315706,45.400705524752681],[-122.67109265980352,45.400705525858747],[-122.67109071769303,45.400705526041442],[-122.67108876251048,45.400705518366628],[-122.67108779145528,45.400705518457947],[-122.67108682043381,45.400705519448785],[-122.67108487798562,45.400705510636499],[-122.67108292280307,45.4007055029616],[-122.67108098038862,45.400705495048761],[-122.67107903794047,45.400705486236411],[-122.67107709552603,45.400705478323502],[-122.67107513903291,45.400705469772774],[-122.67107319661848,45.4007054618598],[-122.67107125386642,45.400705444951896],[-122.67106929831237,45.400705427382441],[-122.67106735589793,45.400705419469368],[-122.67106541314583,45.400705402561414],[-122.67106345759177,45.400705384991788],[-122.67106248623264,45.400705376987531],[-122.67106151483972,45.400705368083749],[-122.67105957208759,45.400705351175652],[-122.67105762768718,45.400705324397002],[-122.67105567216693,45.400705307726767],[-122.67105372907709,45.400705281823711],[-122.67105178595357,45.400705255021151],[-122.67104984320143,45.400705238112927],[-122.67104788734348,45.400705212447654],[-122.6710459442199,45.400705185645016],[-122.67104400079239,45.40070515074693],[-122.67104205642579,45.400705124867478],[-122.67104010053407,45.400705098302595],[-122.67103815710657,45.400705063404452],[-122.67103621367906,45.400705028506252],[-122.67103427021783,45.400704992708505],[-122.67103232712802,45.400704966805108],[-122.67103037056091,45.400704922250341],[-122.67102842645805,45.400704869362265],[-122.67102648242914,45.400704852477396],[-122.6710245382925,45.400704798689752],[-122.67102259520269,45.400704772786192],[-122.67102065143756,45.400704728892869],[-122.67101869520815,45.400704693332763],[-122.67101675144296,45.400704649439362],[-122.67101579248049,45.400704631302432],[-122.67101480767778,45.400704605545918],[-122.67101286354116,45.400704551758082],[-122.67101091849921,45.400704507888356],[-122.67100897473402,45.400704463994792],[-122.67100703059745,45.400704410206856],[-122.67100508683225,45.400704366313242],[-122.67100314272942,45.400704313424747],[-122.67100119859283,45.400704259636711],[-122.67099924172186,45.40070420698602],[-122.67099729630841,45.400704153221753],[-122.67099535220558,45.400704100333108],[-122.67099340776504,45.400704038449533],[-122.67099146362847,45.400703984661348],[-122.67098951918794,45.400703922777708],[-122.67098854678197,45.400703886888707],[-122.67098757474741,45.400703860894069],[-122.67098563061084,45.400703807105764],[-122.67098368489354,45.400703745245842],[-122.67098174011531,45.400703674367236],[-122.6709797956411,45.40070361158395],[-122.6709778512006,45.400703549700168],[-122.6709759064224,45.400703478821448],[-122.67097396194818,45.400703416038056],[-122.67097201716999,45.400703345159272],[-122.67097007111501,45.400703274304256],[-122.67096812630312,45.400703202525925],[-122.67096619429309,45.400703131409131],[-122.6709642494812,45.400703059630771],[-122.67096230470302,45.400702988751803],[-122.67096131919124,45.400702944105603],[-122.67096035958721,45.400702908877932],[-122.67095841477531,45.400702837099459],[-122.6709564683827,45.400702757249327],[-122.67095452326684,45.400702677375335],[-122.67095257811731,45.400702596601896],[-122.67095064576961,45.400702516489972],[-122.67094870065387,45.400702436615923],[-122.67094675550427,45.400702355842363],[-122.67094481005084,45.400702266973369],[-122.67094286365824,45.400702187123017],[-122.670940918171,45.400702097354475],[-122.67093898548571,45.400702008247485],[-122.67093704033614,45.400701927473804],[-122.67093509488275,45.400701838604633],[-122.67093412180144,45.400701784725399],[-122.67093314909161,45.400701740740566],[-122.67093121637257,45.400701650733957],[-122.67092926964231,45.400701561888503],[-122.6709273238512,45.400701464024337],[-122.67092539113219,45.400701374017629],[-122.67092344534107,45.400701276153427],[-122.67092149955003,45.400701178289182],[-122.67091956649335,45.400701079287508],[-122.67091761942545,45.400700981446974],[-122.67091567363437,45.400700883582644],[-122.67091374024002,45.400700775586024],[-122.67091276719248,45.400700722606118],[-122.67091179444894,45.400700677721552],[-122.67085615993966,45.400699030113273],[-122.67048021137899,45.400687810942614],[-122.67046903189053,45.40068748272158],[-122.67045723416457,45.400014055120813],[-122.67044748539388,45.399424827484538],[-122.67043449384578,45.398682540189547],[-122.67043446847781,45.398681217489312],[-122.66992039625899,45.39870888937461],[-122.66972734028354,45.3987192850024],[-122.66938984971216,45.398737454397008],[-122.66920713424108,45.398747284880066],[-122.66891987168388,45.398762748147462],[-122.66891987444954,45.398760164760091],[-122.66892440788639,45.396768795392454],[-122.66892443999498,45.396756570292325],[-122.66892526221561,45.396396310628099],[-122.66892528245867,45.396388470222057],[-122.66895098797552,45.3959063770968],[-122.66900298659606,45.394931117038645],[-122.66891965182741,45.394939715482572],[-122.66792726148233,45.395042049911616],[-122.66733975611695,45.395102622992354],[-122.66715862890229,45.395121296109906],[-122.66700280244339,45.395137366878586],[-122.66643586191961,45.39519613337486],[-122.6663667054509,45.395203308781639],[-122.66634238525185,45.395205830366642],[-122.66633149153883,45.395206962746336],[-122.66634983580066,45.394782972975392],[-122.66636747623264,45.394375091206285],[-122.66636763782267,45.394371253697301],[-122.665395437396,45.394369097114776],[-122.66485821427356,45.394367900449147],[-122.6643515927982,45.394366771900778],[-122.66435185076745,45.39431173930587],[-122.66435210870256,45.394256705809902],[-122.66435237435806,45.394200205876835],[-122.6643547152117,45.393706448567855],[-122.66435795532766,45.393020664768173],[-122.66435969685982,45.392652565847236],[-122.66435994613676,45.392598325468377],[-122.66436046573722,45.392488700264217],[-122.66436085327605,45.392408523091333],[-122.66436197927207,45.392170358645224],[-122.66436197597577,45.392170304699292],[-122.66436344812267,45.391834778723762],[-122.66436366381184,45.391781655093133],[-122.66436502387445,45.39147239030801],[-122.66436511070708,45.391452521264306],[-122.66436630604896,45.391178249824122],[-122.66436634660903,45.391169228974903],[-122.66436688506541,45.391046316675649],[-122.66436809865345,45.39076683224566],[-122.66436867145595,45.39069184524778],[-122.66437079208099,45.390100925883829],[-122.66437161219042,45.389896749058437],[-122.66437683404284,45.389608105977956],[-122.66437462692035,45.389150639307793],[-122.66437533769316,45.388975801134478],[-122.66437567297906,45.388891907286684],[-122.66437584642267,45.388848442650648],[-122.66437641461086,45.388707823378745],[-122.66437758359967,45.38841608879153],[-122.66437772089606,45.388384084251996],[-122.66437878050964,45.388120014158552],[-122.66437986881441,45.387852000065763],[-122.66438141952305,45.387467133531779],[-122.66438358024828,45.386929692228946],[-122.66423928453705,45.386926574569365],[-122.66362113645904,45.386913237400471],[-122.66307530350922,45.386901466069432],[-122.66268951855417,45.386893136094848],[-122.66230373246734,45.38688480576608],[-122.66194028340028,45.386876960631923],[-122.66161540716607,45.386869945013245],[-122.66148070157429,45.386867039338689],[-122.6605843594496,45.386847678967079],[-122.66046349927075,45.386845068895433],[-122.66046449440496,45.386653212305909],[-122.6604661056286,45.38634327637299],[-122.66046813431264,45.385952829458262],[-122.66046816098074,45.385946464210484],[-122.66046820011144,45.385940090630555],[-122.66046840019942,45.385902630198338],[-122.660468776736,45.3858294019971],[-122.66047016056218,45.385564335770624],[-122.66047168001744,45.385270856473646],[-122.66047297506016,45.385021265797654],[-122.66047415866664,45.384793623010722],[-122.66047551988076,45.384530312295787],[-122.66047701832046,45.384242324869994],[-122.66047866350489,45.383926906173471],[-122.66048052225804,45.383570353299554],[-122.66048233548599,45.383221337024153],[-122.66048281965999,45.38312876220175],[-122.66048329235089,45.383037213727],[-122.65944265090246,45.3830316456852],[-122.65944222934472,45.383031644499177],[-122.65944556774906,45.382296033595523],[-122.65921255621814,45.382294581603496],[-122.65921213466569,45.382294580416684],[-122.65878514476708,45.382291920152987],[-122.65878472321465,45.382291918964562],[-122.65867769150898,45.382291252620547],[-122.65868050706685,45.379814725985511],[-122.65866082468385,45.379799595146537],[-122.65864507502998,45.379787478840896],[-122.65800687598565,45.379282539778288],[-122.65780301401631,45.379070531998643],[-122.65756825216647,45.378826393889064],[-122.65741361449194,45.378578144650305],[-122.65706914276504,45.378025110741106],[-122.65658236991233,45.377243605799677],[-122.65642708847227,45.377002767040629],[-122.65626093873888,45.376745046731202],[-122.65595296780737,45.376410536295047],[-122.65586679893042,45.376316945044621],[-122.6554765298324,45.375896491664605],[-122.6554744790072,45.375894271208523],[-122.655431802772,45.375848299575971],[-122.65381997932549,45.374111716729125],[-122.65381743629422,45.374108964372084],[-122.65381428050652,45.374105567156299],[-122.65230701707222,45.372481510373134],[-122.65223514075873,45.372399809403639],[-122.6522099434451,45.372374834835526],[-122.65218413185838,45.372350168654911],[-122.65215771943005,45.372325828615757],[-122.65213069339853,45.372301814953396],[-122.65210308089885,45.37227813616736],[-122.65207489250884,45.372254801963045],[-122.65204613108213,45.372231820388514],[-122.65201679534285,45.372209191466887],[-122.65198691118287,45.372186924620678],[-122.65195647920461,45.372165036040599],[-122.65192551223691,45.37214352728946],[-122.65189401152242,45.372122397443704],[-122.65186198760534,45.372101655309407],[-122.65182946923075,45.372081318357431],[-122.65179644205942,45.372061378751248],[-122.65176293225065,45.372041853109501],[-122.65173372928011,45.37202543252522],[-122.64950353297522,45.370837773407295],[-122.64950448223158,45.370836890866727],[-122.64954357721244,45.370800411815829],[-122.64957390064693,45.370772126468644],[-122.64957406120119,45.370771979485177],[-122.65010170918629,45.370279735962143],[-122.64931001220681,45.369858116385849],[-122.64912373139803,45.36975890851123],[-122.64959513124626,45.369319130915137],[-122.65069208213487,45.369327489687599],[-122.65118592063401,45.369331245541744],[-122.65184678820921,45.369336274154293],[-122.65184882758906,45.367526777237998],[-122.65175718529906,45.367526725287057],[-122.65066394467576,45.367526103737084],[-122.64880407656598,45.367202246258486],[-122.64879402691909,45.367200562138869],[-122.64878394209016,45.367198996584122],[-122.64877381247173,45.367197565973754],[-122.64876366167471,45.367196252769702],[-122.64875346451129,45.367195066437944],[-122.64874324653654,45.367194007407171],[-122.64873300734961,45.367193064883111],[-122.64872273489107,45.367192257991],[-122.64871245438179,45.367191578164331],[-122.64870215427024,45.367191023815991],[-122.64869184483187,45.367190596556576],[-122.64868152727584,45.367190294563557],[-122.64867120291154,45.367190118712927],[-122.64866086922015,45.367190069951199],[-122.64865054144784,45.36719014619689],[-122.64864021744322,45.367190358291197],[-122.64862989902348,45.367190686397727],[-122.64861959840825,45.367191150093937],[-122.64860930115967,45.367191738844582],[-122.64859902229003,45.367192444271602],[-122.64858876122469,45.367193285288216],[-122.64857851756268,45.367194251100386],[-122.64856830413167,45.367195343271575],[-122.64855812086476,45.36719656000286],[-122.64854796782868,45.367197903093256],[-122.6485378577174,45.367199370508246],[-122.64852777911292,45.367200964258821],[-122.64851774215705,45.367202682357593],[-122.64850774785869,45.367204517584987],[-122.64849779776094,45.367206477113477],[-122.64848790210588,45.367208561654323],[-122.6484780503842,45.367210763300186],[-122.64846826710865,45.367213088799978],[-122.64845853830904,45.367215540211525],[-122.64844886580264,45.367218097698725],[-122.64843927453643,45.367220779703878],[-122.64842973902218,45.367223587597344],[-122.64842027000964,45.367226501378134],[-122.64841088317932,45.367229530658292],[-122.64840156486159,45.367232685591418],[-122.6483923411194,45.367235945893952],[-122.6483831842462,45.367239321978403],[-122.64837412107322,45.367242814249941],[-122.64836513843873,45.367246412149861],[-122.64835624913698,45.367250116342326],[-122.648347454778,45.367253935798864],[-122.64833875247557,45.367257861571517],[-122.6483301575762,45.367261894277306],[-122.64832165469993,45.367266032399691],[-122.64831325885922,45.367270267560691],[-122.64829894903133,45.36727786307879],[-122.64827865626562,45.367277847689365],[-122.64756730298244,45.367277427151301],[-122.64756688153963,45.367277425922275],[-122.64750675710353,45.367277391562041],[-122.64750633566072,45.367277390332852],[-122.64750704569435,45.367275567986184],[-122.64751948545329,45.367243800874675],[-122.6475382530308,45.367195911029739],[-122.64761373475521,45.367003162149494],[-122.64757380088619,45.367003137116335],[-122.64757337944536,45.367003135887373],[-122.64759718787711,45.36694233256803],[-122.64823584085548,45.365311490669228],[-122.64826773256389,45.365230064625415],[-122.64829797011562,45.365152856475561],[-122.64920380321962,45.362839439380728],[-122.64920416711803,45.362839576684578],[-122.64922947717035,45.362849444793085],[-122.6497812550369,45.363064498922846],[-122.6503559903653,45.363288491465973],[-122.6513898906716,45.363691440419636],[-122.6514579979838,45.363717977113943],[-122.65189882091991,45.36316322371102],[-122.65234118141848,45.362606504625816],[-122.65237154865032,45.362618338976652],[-122.65237206426201,45.362617474322896],[-122.65237243673081,45.362616846348722],[-122.65237280883156,45.362616208479913],[-122.65237319244956,45.362615571298349],[-122.6523735652529,45.362614952319305],[-122.65237394981233,45.362614306118992],[-122.65237432100507,45.362613678168387],[-122.65237469380841,45.362613059189314],[-122.65237507833432,45.362612412089554],[-122.65237545113759,45.362611793110453],[-122.65237583442099,45.36261114693378],[-122.6523762068897,45.362610518959585],[-122.65237657935835,45.362609890985354],[-122.65237696425228,45.362609253780221],[-122.65237733541149,45.362608624930076],[-122.65237770788019,45.36260799695588],[-122.65237809277407,45.362607359750697],[-122.65237847672657,45.362606731564235],[-122.65237886195507,45.362606103354175],[-122.65237924718349,45.362605475144107],[-122.65237963204392,45.362604837039434],[-122.65238001599641,45.3626042088529],[-122.65238040122483,45.362603580642826],[-122.65238078645324,45.362602952432766],[-122.65238117040562,45.362602324246282],[-122.65238155563402,45.362601696036165],[-122.65238194082896,45.362601066926615],[-122.65238232572277,45.362600429721425],[-122.65238270967519,45.36259980153492],[-122.65238309490357,45.362599173324838],[-122.65238349289179,45.362598544878857],[-122.6523838768441,45.362597916692359],[-122.65238426203899,45.362597287582737],[-122.6523846600272,45.362596659136798],[-122.65238505801533,45.36259603069086],[-122.65238544230225,45.362595411499449],[-122.65238582753058,45.36259478328936],[-122.65238622548522,45.36259415394386],[-122.65238661071355,45.362593525733757],[-122.65238700742566,45.362592897311401],[-122.65238740541378,45.362592268865463],[-122.65238780340182,45.362591640419431],[-122.65238818768873,45.362591021228056],[-122.65238858564338,45.362590391882577],[-122.65238898363143,45.362589763436603],[-122.65238938161944,45.362589134990607],[-122.65238977866615,45.362588515563367],[-122.65239018941402,45.362587886881485],[-122.65239058740202,45.362587258435518],[-122.65239098569118,45.362586638085141],[-122.65239138240325,45.362586009662749],[-122.65239178072584,45.362585390211848],[-122.65239217904843,45.362584770760975],[-122.65239258818565,45.362584133107632],[-122.65239298650823,45.362583513656745],[-122.65239338446273,45.362582884311223],[-122.65239378278524,45.362582264860329],[-122.65239417949728,45.362581636437916],[-122.65239457781976,45.362581016987015],[-122.65239498856756,45.362580388305197],[-122.6523953855806,45.362579767978382],[-122.65239579632838,45.362579139296514],[-122.6523962074107,45.362578519609762],[-122.65239660573314,45.362577900158847],[-122.65239701520493,45.362577271500555],[-122.65239741352737,45.362576652049661],[-122.6523978242416,45.362576022468247],[-122.65239823532389,45.362575402781538],[-122.65239864513019,45.362574783118347],[-122.6523990434526,45.362574163667418],[-122.65239945420028,45.362573534985557],[-122.65239986400655,45.36257291532236],[-122.65240027505531,45.362572294736069],[-122.6524006861375,45.362571675049303],[-122.65240109721971,45.362571055362508],[-122.65240150702597,45.362570435699311],[-122.65240193053339,45.362569806781558],[-122.65240234158212,45.36256918619528],[-122.65240276542416,45.362568566272628],[-122.65240317556487,45.36256795560454],[-122.65240359907227,45.362567326686772],[-122.65240401015441,45.362566706999985],[-122.65240442029518,45.362566096331854],[-122.65240484376906,45.362565466514603],[-122.65240525518577,45.362564855822875],[-122.65240567869309,45.3625642269051],[-122.65240608883383,45.36256361623704],[-122.65240651234117,45.362562987319272],[-122.65240692372437,45.362562375728047],[-122.65240733480645,45.362561756041231],[-122.65240775737236,45.362561136142133],[-122.65240818121423,45.362560516219467],[-122.65240860539073,45.362559905291896],[-122.65240902795661,45.362559285392798],[-122.65240945209955,45.362558673565751],[-122.65240987594143,45.362558053643056],[-122.65241029978324,45.362557433720376],[-122.65241072268367,45.362556822816394],[-122.65241114652548,45.362556202893721],[-122.65241157033383,45.362555582071515],[-122.65241199417564,45.362554962148799],[-122.65241241674144,45.362554342249702],[-122.65241284058322,45.362553722326979],[-122.6524132647596,45.362553111399428],[-122.65241368860134,45.362552491476727],[-122.65241411146822,45.36255187967317],[-122.6524145480698,45.362551259514618],[-122.65241497224611,45.362550648587025],[-122.6524154079062,45.362550037447164],[-122.65241584450776,45.362549417288598],[-122.65241626865065,45.362548805461458],[-122.65241670525208,45.362548185302892],[-122.65241712815241,45.362547574398874],[-122.65241756508848,45.362546963235417],[-122.65241800168997,45.362546343076843],[-122.65241842583276,45.362545731249703],[-122.65241886115828,45.362545111114684],[-122.65241928533446,45.362544500187092],[-122.65241972227051,45.362543889023627],[-122.65242015793055,45.362543277883717],[-122.65242086216556,45.362542300827315],[-122.65242129910153,45.362541689663814],[-122.65242173603754,45.3625410785003],[-122.65242217136296,45.362540458365302],[-122.65242260829891,45.362539847201816],[-122.65242304523488,45.362539236038309],[-122.65242349362119,45.362538623763022],[-122.65242393055719,45.362538012599543],[-122.65242436749311,45.362537401436015],[-122.65242480442899,45.362536790272507],[-122.65242525284876,45.362536178896761],[-122.6524256897512,45.362535566833714],[-122.65242612668712,45.362534955670185],[-122.65242657638282,45.362534344270834],[-122.65242701204275,45.36253373313091],[-122.65242746173843,45.362533121731502],[-122.65242789897542,45.362532518663585],[-122.65242834706046,45.362531898292666],[-122.65242878399631,45.36253128712918],[-122.65242923402653,45.362530684724867],[-122.6524296837222,45.362530073325495],[-122.65243013244292,45.36252947004526],[-122.65243056937874,45.36252885888176],[-122.6524310318342,45.362528247246495],[-122.65243148186435,45.362527644842203],[-122.65243193028397,45.362527033466357],[-122.65243237997954,45.362526422066964],[-122.65243282997621,45.362525818763167],[-122.6524332796718,45.362525207363738],[-122.65243372809138,45.362524595987914],[-122.6524341781215,45.362523993583622],[-122.652434627817,45.3625233821842],[-122.65243507781364,45.362522778880368],[-122.65243552623319,45.362522167504537],[-122.65243597626326,45.362521565100231],[-122.65243642595875,45.36252095370083],[-122.65243687437827,45.362520342324942],[-122.65243732437492,45.362519739021153],[-122.65243777407034,45.362519127621724],[-122.65243823686015,45.362518524981525],[-122.65243869837408,45.362517922364923],[-122.65243916082926,45.362517310729629],[-122.65243961116046,45.362516716420878],[-122.65244007361565,45.362516104785563],[-122.65244053479491,45.362515493173845],[-122.65244098515949,45.362514899764619],[-122.65244144794923,45.362514297124434],[-122.65244191070556,45.362513693584674],[-122.65244237188475,45.36251308197297],[-122.65244283433994,45.362512470337677],[-122.65244328470445,45.362511876928416],[-122.6524437474942,45.362511274288195],[-122.65244420900794,45.362510671671551],[-122.65244467176419,45.362510068131826],[-122.65244513455393,45.362509465491598],[-122.65244559606761,45.362508862874975],[-122.65244605852271,45.362508251239639],[-122.65244652131236,45.362507648599404],[-122.65244698406859,45.362507045059644],[-122.65244744558225,45.362506442443042],[-122.6524479211317,45.362505839566936],[-122.65244838425595,45.362505245921774],[-122.65244885980536,45.362504643045661],[-122.65244932162013,45.362504048524599],[-122.65244979716954,45.362503445648493],[-122.65245027271902,45.362502842772344],[-122.65245073584313,45.362502249127246],[-122.65245121011658,45.362501646274701],[-122.65245168563246,45.362501042499083],[-122.65245216118184,45.362500439622934],[-122.65245262430597,45.362499845977766],[-122.65245309857934,45.362499243125235],[-122.6524535741287,45.362498640249136],[-122.6524540372193,45.362498045704477],[-122.65245451149266,45.362497442851904],[-122.65245497461677,45.362496849206728],[-122.65245544983149,45.362496237335499],[-122.65245591295552,45.362495643690337],[-122.65245638719536,45.362495039938274],[-122.65256039876763,45.362364089933813],[-122.65256092240485,45.362363441161726],[-122.6525613982531,45.362362846380705],[-122.65256187413478,45.362362252499203],[-122.65256235001647,45.362361658617658],[-122.6525628370473,45.362361055528751],[-122.65256331292896,45.362360461647256],[-122.65256378877714,45.362359866866228],[-122.65256427708401,45.36235926375371],[-122.65256475168967,45.362358669895784],[-122.65256522757127,45.362358076014253],[-122.65256571587801,45.362357472901721],[-122.65256620448598,45.362356877884814],[-122.65256667909161,45.362356284026895],[-122.65256716773291,45.362355689909457],[-122.6525676436145,45.362355096027947],[-122.65256811949607,45.362354502146381],[-122.65256860649333,45.362353898157927],[-122.65256908237492,45.362353304276411],[-122.65256955825646,45.362352710394845],[-122.65257004528713,45.362352107305902],[-122.65257052116866,45.362351513424358],[-122.65257101011107,45.362350927402517],[-122.65257149875237,45.362350333285107],[-122.65257199887743,45.362349738955338],[-122.65257248785323,45.362349153833016],[-122.6525729764945,45.362348559715592],[-122.65257346510225,45.362347964698621],[-122.65257395246748,45.362347370604752],[-122.65257444110871,45.362346776487314],[-122.65257493008447,45.362346191364971],[-122.65257541872568,45.362345597247497],[-122.65257591881725,45.362345002018273],[-122.65257642021815,45.362344407664878],[-122.65257690919388,45.362343822542556],[-122.65257739783509,45.362343228425097],[-122.65257789795993,45.36234263409532],[-122.65257838690225,45.362342048073465],[-122.65257887554334,45.362341453955985],[-122.65257936451907,45.362340868833613],[-122.65257985188418,45.362340274739751],[-122.65258034052532,45.362339680622263],[-122.6525808418927,45.362339085369371],[-122.65258133086833,45.362338500247027],[-122.6525818309932,45.362337905917258],[-122.65258231996884,45.362337320794872],[-122.65258282136963,45.36233672644147],[-122.65258333616599,45.362336148942909],[-122.65258382353102,45.362335554849018],[-122.6525841056289,45.362335243589968],[-122.65258435078593,45.362334969018981],[-122.65258483976152,45.362334383896602],[-122.65258532873715,45.362333798774195],[-122.65258584158819,45.362333203309007],[-122.65258634332352,45.362332617950742],[-122.65258684505888,45.362332032592441],[-122.65258734679421,45.362331447234176],[-122.65258784722003,45.362330860999968],[-122.65258834862074,45.362330266646545],[-122.65258885035603,45.362329681288244],[-122.65258935209128,45.362329095929965],[-122.65258985255062,45.362328510595276],[-122.65259035391782,45.362327915342327],[-122.65259085565306,45.362327329984019],[-122.65259135738832,45.362326744625705],[-122.65259187060732,45.362326159055101],[-122.65259238543686,45.362325582456016],[-122.65259289989842,45.362324995962318],[-122.65259341439335,45.362324410368132],[-122.65259391518721,45.362323834028501],[-122.65259442968213,45.362323248434265],[-122.65259494417708,45.362322662840064],[-122.65259545863854,45.36232207634631],[-122.65259595943235,45.362321500006729],[-122.65259647392722,45.3623209144125],[-122.65259698842209,45.362320328818285],[-122.652597502917,45.362319743224077],[-122.65259801610243,45.362319156753891],[-122.65259851817213,45.362318580390706],[-122.65259903266697,45.362317994796456],[-122.65259953473665,45.362317418433221],[-122.65260004792204,45.362316831963085],[-122.65260056241691,45.362316246368835],[-122.65260107691167,45.362315660774584],[-122.65260159140652,45.362315075180341],[-122.65260210495993,45.36231449860481],[-122.65260261942123,45.362313912111027],[-122.65260313425057,45.362313335511907],[-122.65260364907998,45.362312758912765],[-122.65260417505849,45.362312173106197],[-122.65260470264758,45.362311596271184],[-122.65260521744351,45.362311018772516],[-122.65260574469795,45.362310432942351],[-122.65260625825127,45.362309856366785],[-122.65260677308061,45.362309279767615],[-122.65260730066967,45.362308702932587],[-122.65260782789068,45.362308116202904],[-122.65260834144395,45.362307539627352],[-122.65260885627322,45.362306963028153],[-122.65260938386226,45.36230638619309],[-122.65260991141778,45.362305808458501],[-122.65261042497106,45.362305231882956],[-122.65261095256001,45.362304655047879],[-122.65261148014899,45.362304078212823],[-122.6526120077379,45.362303501377738],[-122.65261253401746,45.362302923666732],[-122.6526130616064,45.36230234683164],[-122.65261358919537,45.362301769996598],[-122.65261412954401,45.362301192925599],[-122.65261465619155,45.362300625109235],[-122.65261518374699,45.362300047374617],[-122.65261571133587,45.36229947053954],[-122.6526162392594,45.362298902699543],[-122.65261676557225,45.362298325888084],[-122.65261730588745,45.362297747917552],[-122.65261783347631,45.362297171082446],[-122.6526183613997,45.362296603242463],[-122.65261890047233,45.362296026195054],[-122.65261942806114,45.362295449359948],[-122.65261995595111,45.362294880620432],[-122.65262049629966,45.362294303549447],[-122.65262103537221,45.362293726501996],[-122.65262156329561,45.362293158662006],[-122.65262210361065,45.362292580691474],[-122.65262263153403,45.362292012851505],[-122.65262317060657,45.362291435804053],[-122.65262369852989,45.362290867964013],[-122.65262422611866,45.362290291128893],[-122.65262476643365,45.362289713158326],[-122.65262529308099,45.362289145341904],[-122.65262584652379,45.362288577030093],[-122.65262638720689,45.362288008954195],[-122.65262692788988,45.362287440878262],[-122.65262746726349,45.362286871926386],[-122.6526280076119,45.362286294855323],[-122.65262854829489,45.362285726779412],[-122.65262908897789,45.362285158703465],[-122.65262962835146,45.362284589751638],[-122.65263016903444,45.362284021675649],[-122.65263072281178,45.362283462358945],[-122.65263126349471,45.362282894282977],[-122.65263181660281,45.362282316976057],[-122.65263235597631,45.362281748024152],[-122.65263289665923,45.362281179948212],[-122.65263344976728,45.362280602641263],[-122.65263397802508,45.362280043796311],[-122.65263451739847,45.362279474844406],[-122.65263507050651,45.362278897537443],[-122.65263561118934,45.362278329461439],[-122.65263615187227,45.362277761385478],[-122.65263669127916,45.362277193333107],[-122.65263724468821,45.362276624121748],[-122.65263779846542,45.362276064804966],[-122.65263835224265,45.362275505488199],[-122.65263890440917,45.362274937199928],[-122.65263945781831,45.362274367988498],[-122.65263999883567,45.362273808907645],[-122.65264055227824,45.362273240595769],[-122.65264110477936,45.362272681302578],[-122.65264165822191,45.362272112990688],[-122.65264221163095,45.362271543779265],[-122.65264276540806,45.362270984462448],[-122.65264331757454,45.362270416174148],[-122.65264387135163,45.362269856857338],[-122.65264442476058,45.362269287645944],[-122.65264497853767,45.362268728329127],[-122.65264553103871,45.362268169035922],[-122.65264608448113,45.362267600723996],[-122.65264663825818,45.362267041407215],[-122.65264720476148,45.362266480954972],[-122.6526477582039,45.362265912643053],[-122.65264831070489,45.362265353349848],[-122.65264886414725,45.362264785037901],[-122.65264941789079,45.362264224821573],[-122.65264998442751,45.362263665268877],[-122.65265054968826,45.362263105739743],[-122.65265110346512,45.36226254642289],[-122.65265167000186,45.362261986870152],[-122.65265223650506,45.362261426417916],[-122.65265278900598,45.362260867124689],[-122.65265335554261,45.362260307571937],[-122.65265390931953,45.362259748255084],[-122.65265447582267,45.362259187802835],[-122.65265504108335,45.362258628273658],[-122.65265560761992,45.362258068720905],[-122.6526561741565,45.362257509168188],[-122.65265674069306,45.362256949615407],[-122.65265730719621,45.362256389163157],[-122.65265786003165,45.362255838864989],[-122.65265842656821,45.36225527931223],[-122.65265899310474,45.362254719759449],[-122.65265955927318,45.362254150312097],[-122.65266011210863,45.362253600013887],[-122.65266067864512,45.362253040461148],[-122.6526612579414,45.362252480672439],[-122.6526618248125,45.362251930114795],[-122.65266240279925,45.362251369450156],[-122.65266296967033,45.362250818892498],[-122.6526635496358,45.362250277094006],[-122.65266410307784,45.362249708782016],[-122.65266436266702,45.362249478950488],[-122.65266469415896,45.362249156876643],[-122.65266524827027,45.362248606554822],[-122.65266582756644,45.36224804676614],[-122.65266640753178,45.362247504967677],[-122.65266698679447,45.36224694427947],[-122.65266752620077,45.362246376226885],[-122.65266813202021,45.362245842951744],[-122.65266867236782,45.362245265880496],[-122.65266927818732,45.362244732605312],[-122.65266985617394,45.362244171940667],[-122.65267042304487,45.362243621382973],[-122.65267098991579,45.362243070825222],[-122.65267156887725,45.362242502041404],[-122.65267213443869,45.362241950607753],[-122.65267271406931,45.36224139981411],[-122.65267328094023,45.362240849256395],[-122.65267387333063,45.362240298226894],[-122.65267445198643,45.362239755552409],[-122.65267503161705,45.362239204758779],[-122.65267561124759,45.362238653965171],[-122.65267619087818,45.362238103171478],[-122.6526767832685,45.36223755214197],[-122.65267736158961,45.362237000472369],[-122.65267794155481,45.362236458673848],[-122.65267852118531,45.362235907880198],[-122.65267910081586,45.362235357086533],[-122.65267969189668,45.362234805181053],[-122.65268027152715,45.362234254387396],[-122.65268085149229,45.362233712588832],[-122.6526814438825,45.362233161559274],[-122.65268202220352,45.362232609889674],[-122.65268260216864,45.362232068091096],[-122.65268319455883,45.362231517061538],[-122.65268377452384,45.362230975262946],[-122.652684366914,45.362230424233388],[-122.65268494523502,45.362229872563752],[-122.65268552486539,45.362229321770094],[-122.65268611759018,45.362228779735574],[-122.65268670998027,45.362228228706009],[-122.65268730173023,45.362227694790683],[-122.65268789412032,45.362227143761103],[-122.65268848684504,45.362226601726611],[-122.65268907956974,45.362226059692098],[-122.6526896578906,45.362225508022448],[-122.65269025061529,45.362224965987977],[-122.65269084333995,45.362224423953485],[-122.65269143606461,45.362223881918958],[-122.65269202878932,45.362223339884423],[-122.65269261986987,45.36222278797888],[-122.65269321259447,45.362222245944352],[-122.65269381807886,45.362221703673946],[-122.65269441080346,45.362221161639418],[-122.65269500221859,45.362220618728983],[-122.65269559494315,45.362220076694435],[-122.65269618766781,45.362219534659907],[-122.65269679315207,45.362218992389437],[-122.65269738584314,45.362218449455398],[-122.65269797729171,45.362217907444439],[-122.65269856968163,45.362217356414803],[-122.65269916274077,45.362216823375327],[-122.65269976819152,45.362216280205381],[-122.65270037273439,45.36221574695363],[-122.65270097821866,45.362215204683146],[-122.65270157127775,45.362214671643699],[-122.65270217676192,45.362214129373193],[-122.65270278093674,45.362213586226822],[-122.65270337399578,45.362213053187361],[-122.65270397947991,45.362212510916891],[-122.65270458496411,45.362211968646413],[-122.65270517798967,45.362211434707419],[-122.6527057818632,45.362210883465401],[-122.6527063749222,45.362210350425947],[-122.65270698040628,45.362209808155434],[-122.65270758619157,45.362209273980525],[-122.6527081907343,45.362208740728711],[-122.652708796553,45.362208207453321],[-122.65270940203708,45.362207665182808],[-122.65271000748764,45.362207122012791],[-122.65271061330634,45.362206588737408],[-122.652711217849,45.362206055485593],[-122.65271183642741,45.362205521974282],[-122.65271244221256,45.362204987799338],[-122.65271304803123,45.36220445452394],[-122.65271366533356,45.362203921036183],[-122.65271427115218,45.362203387760779],[-122.65271489006514,45.362202863244562],[-122.65271549585023,45.362202329069611],[-122.65271611442854,45.362201795558285],[-122.65271671897113,45.362201262306407],[-122.65271733754943,45.362200728795081],[-122.65271794333451,45.362200194620122],[-122.65271856191278,45.362199661108747],[-122.65271916645531,45.362199127856897],[-122.65271978503355,45.362198594345557],[-122.65272039081856,45.362198060170563],[-122.65272099663706,45.362197526895081],[-122.65272161521523,45.362196993383733],[-122.65272223251745,45.362196459895976],[-122.65272283830247,45.362195925720975],[-122.65272344412088,45.3621953924455],[-122.65272406269908,45.362194858934132],[-122.65272468000126,45.362194325446332],[-122.65272529888048,45.362193800030518],[-122.65272593021839,45.362193266283263],[-122.65272654913113,45.362192741766968],[-122.6527271680439,45.362192217250687],[-122.65272778564713,45.362191691858463],[-122.65272840422521,45.362191158347059],[-122.65272902313792,45.362190633830757],[-122.65272964205062,45.362190109314454],[-122.65273025935269,45.362189575826633],[-122.65273087823186,45.362189050410777],[-122.65273149714453,45.362188525894474],[-122.65273212848228,45.362187992147163],[-122.65273274739495,45.362187467630839],[-122.65273336499808,45.362186942238623],[-122.65273399667046,45.362186417486356],[-122.65273461524841,45.362185883974917],[-122.65273524692074,45.362185359222678],[-122.65273586579985,45.362184833806843],[-122.65273649619618,45.362184309078195],[-122.65273711510874,45.36218378456185],[-122.65273773368665,45.362183251050396],[-122.65273836532545,45.362182725398604],[-122.65273899572169,45.362182200669949],[-122.65273962739391,45.362181675917661],[-122.65274024664105,45.362181160396446],[-122.65274087861449,45.362180643739741],[-122.65274151028667,45.362180118987496],[-122.6527421406829,45.362179594258805],[-122.65274275959534,45.362179069742453],[-122.65274339123404,45.362178544090668],[-122.65274402324086,45.362178028333453],[-122.65274465363706,45.362177503604755],[-122.65274528530915,45.362176978852467],[-122.65274591728245,45.362176462195748],[-122.6527465489546,45.36217593744346],[-122.65274718096133,45.362175421686288],[-122.65274781135741,45.362174896957576],[-122.65274844333065,45.362174380300857],[-122.65274908776247,45.362173855312633],[-122.65274971976912,45.362173339555405],[-122.65275035144123,45.362172814803088],[-122.65275099523279,45.36217230692916],[-122.65275161381048,45.362171773417586],[-122.65287295569676,45.362072696716581],[-122.65287329050389,45.362072429488641],[-122.65291653251556,45.36203712169597],[-122.65291772197271,45.36203614556581],[-122.65291836670265,45.36203562867221],[-122.65291899837165,45.362035103918927],[-122.65291962909933,45.362034588184372],[-122.6529202738627,45.362034072190276],[-122.65292090583283,45.362033555532584],[-122.6529215505962,45.362033039538495],[-122.65292219535952,45.362032523544357],[-122.65292282608718,45.362032007809816],[-122.65292347081699,45.362031490916173],[-122.65292411558022,45.362030974922028],[-122.65292474758384,45.362030459163861],[-122.65292539234706,45.362029943169702],[-122.6529260358009,45.362029426299657],[-122.65292670541423,45.362028891843465],[-122.65292732532734,45.362028394311409],[-122.6529279573309,45.362027878553199],[-122.65292860115275,45.362027371577753],[-122.6529292586422,45.362026854448189],[-122.65292990374002,45.362026347449138],[-122.65293054850321,45.362025831454964],[-122.65293119360102,45.362025324455907],[-122.65293184981444,45.362024807349918],[-122.65293249491224,45.362024300350846],[-122.65293313967533,45.362023784356666],[-122.65293378477311,45.362023277357608],[-122.65293442950276,45.362022760463937],[-122.65293507332449,45.362022253488426],[-122.65293573084732,45.362021737258345],[-122.652936375945,45.362021230259273],[-122.65293702067461,45.362020713365567],[-122.65293766543768,45.362020197371351],[-122.65293830925937,45.36201969039584],[-122.65293896674865,45.362019173266219],[-122.65293961184625,45.362018666267119],[-122.65294026970366,45.362018159032068],[-122.65294092628505,45.362017651820651],[-122.6529415841089,45.362017143686103],[-122.6529422295412,45.362016645682097],[-122.65294288706383,45.362016129451938],[-122.65294354492114,45.362015622216902],[-122.65294418870933,45.362015114341879],[-122.65294484656657,45.362014607106808],[-122.65294551751818,45.362014108630945],[-122.65294617537545,45.36201360139588],[-122.65294682043947,45.362013093497204],[-122.65294746426106,45.362012586521658],[-122.65294812211829,45.362012079286593],[-122.65294877997547,45.362011572051529],[-122.65294943779924,45.36201106391696],[-122.65295009565642,45.362010556681845],[-122.6529507394779,45.362010049706264],[-122.65295139733512,45.362009542471178],[-122.65295206791845,45.362009034100659],[-122.65295272611023,45.362008535860646],[-122.65295339672707,45.362008028389624],[-122.65295405364289,45.362007530173209],[-122.65295471180114,45.362007031033698],[-122.6529553699929,45.362006532793707],[-122.65295604060971,45.362006025322671],[-122.65295669752547,45.362005527106234],[-122.65295736810879,45.362005018735665],[-122.65295802630048,45.362004520495645],[-122.65295868449215,45.362004022255597],[-122.65295935510891,45.362003514784547],[-122.65296001199115,45.362003015668584],[-122.6529606826078,45.362002508197513],[-122.65296134079946,45.362002009957472],[-122.65296199865644,45.362001502722322],[-122.65296265681458,45.362001003582769],[-122.65296332648991,45.362000505130361],[-122.65296399744125,45.362000006654398],[-122.65296465596748,45.361999517409465],[-122.65296532688532,45.361999018033963],[-122.65296599783659,45.36199851955795],[-122.65296666751186,45.361998021105521],[-122.65296733846313,45.361997522629508],[-122.65296800938084,45.361997023253984],[-122.65296868033208,45.361996524778],[-122.65296935128329,45.361996026301966],[-122.65297002095849,45.361995527849508],[-122.6529706922109,45.361995037469121],[-122.65297136316207,45.361994538993073],[-122.65297203411325,45.361994040517082],[-122.65297270539909,45.361993551036122],[-122.65297337504076,45.361993051684166],[-122.6529740459919,45.36199255320814],[-122.65297471694298,45.361992054732056],[-122.65297538822877,45.361991565251145],[-122.65297605948106,45.361991074870659],[-122.65297674191582,45.361990576182301],[-122.65297741320157,45.361990086701311],[-122.65297809687888,45.361989587089795],[-122.65297876816462,45.361989097608848],[-122.65297943945026,45.361988608127888],[-122.65298012188502,45.361988109439444],[-122.65298080589692,45.361987618823058],[-122.65298147718259,45.361987129342033],[-122.65298216089329,45.361986630630035],[-122.65298281941922,45.361986141384953],[-122.65298350182046,45.361985641797013],[-122.65298417310609,45.361985152316016],[-122.6529848571514,45.361984662599106],[-122.65298554119667,45.361984172882167],[-122.65298621244879,45.361983682501638],[-122.65298689521806,45.361983192808289],[-122.65298757926337,45.36198270309135],[-122.65298826330859,45.361982213374375],[-122.65298894732037,45.361981722757925],[-122.65298961894054,45.361981242271995],[-122.65299030170978,45.361980752578638],[-122.65299098575495,45.361980262861685],[-122.65299166976668,45.361979772245171],[-122.65299235381192,45.361979282528203],[-122.65299303785706,45.361978792811257],[-122.6529937206262,45.36197830311783],[-122.65299440497257,45.361977821496424],[-122.65299508901774,45.361977331779443],[-122.65299578582248,45.361976841826525],[-122.65299647016877,45.361976360205134],[-122.65299715293791,45.361975870511692],[-122.65299783731768,45.361975389789841],[-122.65299852136273,45.361974900072767],[-122.65299921846869,45.361974418215425],[-122.65299990284844,45.361973937493509],[-122.65300059871184,45.361973456559291],[-122.65300129585124,45.361972975601425],[-122.65300198019743,45.361972493979998],[-122.65300267700209,45.361972004026981],[-122.65300336138174,45.361971523305094],[-122.65300405724517,45.361971042370804],[-122.65300474159133,45.361970560749356],[-122.6530054387306,45.361970079791483],[-122.65300612311022,45.361969599069482],[-122.65300681991486,45.361969109116515],[-122.65300751702065,45.36196862725911],[-122.65300820012425,45.361968146560756],[-122.65300889726355,45.36196766560284],[-122.65300958160962,45.361967183981349],[-122.65301029184322,45.361966711782621],[-122.65301097588809,45.361966222065561],[-122.65315321308088,45.361867985555115],[-122.65325966681625,45.361827376214272],[-122.65363151741799,45.361572449369426],[-122.65456776471363,45.36093056874526],[-122.65456804877063,45.360930653502074],[-122.65512261672879,45.361087432087594],[-122.65536286056529,45.360870703719939],[-122.65564540399612,45.360615802044556],[-122.65589890456825,45.360387102804594],[-122.65617311734293,45.360362516650625],[-122.65617311363289,45.360362759754821],[-122.65616504561041,45.361150205293882],[-122.65806765223329,45.361043107169145],[-122.65815796668878,45.361038021722436],[-122.65815921540479,45.361037952670756],[-122.65818633855814,45.3610012727476],[-122.65842942376273,45.360672517759518],[-122.65844010318395,45.360672623133674],[-122.65851651721209,45.360673415499939],[-122.65984581237761,45.360687036919337],[-122.65984623377265,45.360687038103947],[-122.66039436410968,45.360689981403176],[-122.66039478550478,45.360689982585797],[-122.66085345145967,45.360692441332262],[-122.66085387285486,45.360692442513184],[-122.66127812053365,45.360694720107958],[-122.66127854192882,45.360694721287324],[-122.66213145451511,45.36069928792903],[-122.66243057025564,45.360699007952739],[-122.66243099165084,45.360699009128005],[-122.66257366225291,45.360699071480397],[-122.66265113207702,45.360699103416991],[-122.66265155347224,45.360699104591411],[-122.66272971391423,45.36069913264965],[-122.66273013527579,45.360699132924289],[-122.66289576435963,45.360699193301585],[-122.6628961857548,45.360699194475131],[-122.66296060589386,45.360699211176325],[-122.66296102762533,45.360699221344731],[-122.66302885720425,45.360699246683588],[-122.6630292785659,45.36069924695714],[-122.66332801453079,45.360699359688368],[-122.66332843589241,45.36069935996089],[-122.66362715782321,45.36069947218558],[-122.6636275791848,45.360699472456943],[-122.66392630111673,45.360699583914332],[-122.66392672247832,45.360699584184651],[-122.66652218811578,45.360700522332039],[-122.66652260951113,45.360700523492497],[-122.66735088317169,45.360700809871744],[-122.66735130490396,45.360700820024256],[-122.66736666063886,45.360701041865035],[-122.66736708237104,45.36070105201749],[-122.6678730146366,45.360708709800321],[-122.66787343636891,45.360708719950956],[-122.66787410086582,45.360708734582936],[-122.66792378856826,45.360709486405433],[-122.66818266298216,45.360713392021815],[-122.66823302761196,45.360714149109938],[-122.66823491832055,45.360714176010958],[-122.66823534005304,45.360714186160273],[-122.66853255756938,45.360718670471464],[-122.66849875898281,45.360129929418932],[-122.66845216316234,45.359318092147703],[-122.66847440551429,45.359211458321852],[-122.66847912243483,45.359166323193307],[-122.6685019195908,45.358948496075818],[-122.66852751291684,45.358757863954942],[-122.66855386309049,45.358592442214665],[-122.66856444742649,45.358531721749678],[-122.6685928397718,45.358377701768056],[-122.66863359747579,45.358183614130844],[-122.66867957673297,45.357988807201892],[-122.66869035105755,45.357798654388723],[-122.6686954716929,45.357708493181832],[-122.66869723735914,45.357677384890721],[-122.66869889522418,45.357648169793244],[-122.6686998410287,45.357628095340246],[-122.66883725518542,45.357561067016476],[-122.66882789456034,45.357464465027434],[-122.66881630844738,45.357368472475613],[-122.66879696473684,45.357135113276868],[-122.66880287309819,45.357117590976586],[-122.66882730699919,45.357076935726411],[-122.66884698904306,45.357037206115429],[-122.66885310497499,45.357031491536631],[-122.66889631201471,45.356955372226885],[-122.66893181097147,45.356888068406768],[-122.66896563277358,45.356820336746466],[-122.6689977797471,45.35675220510845],[-122.66902822668386,45.356683682064947],[-122.66905698645402,45.356614804283275],[-122.66908402330587,45.35654557153066],[-122.66910934883401,45.356476020497915],[-122.66913295220235,45.356406168490778],[-122.66915482170344,45.356336043632695],[-122.66917494364631,45.356265655181211],[-122.66918078219337,45.356228529166408],[-122.66918608032418,45.356200045533434],[-122.66919208480591,45.356171638753068],[-122.66919878160336,45.356143309086704],[-122.66920619656932,45.356115065053856],[-122.66921429173121,45.356086915463088],[-122.66922309297566,45.356058869733488],[-122.66923258788049,45.356030937097671],[-122.66924276402372,45.356003126788224],[-122.66925363574187,45.35597544663915],[-122.66926518812869,45.355947907729607],[-122.66927742366761,45.35592050821284],[-122.66929032775575,45.355893267263561],[-122.66930391600575,45.355866192691913],[-122.66931816135458,45.35583927780074],[-122.66933307784106,45.355812556533451],[-122.66934863930713,45.355786012274635],[-122.66936487194309,45.355759662538716],[-122.66938175214806,45.355733524867759],[-122.66939926434169,45.35570759235074],[-122.66941742444017,45.355681880893272],[-122.66942773282649,45.355667922109951],[-122.66944690905731,45.355643433902188],[-122.66945963475932,45.355627240937487],[-122.66946873508039,45.355615113936942],[-122.66948054148286,45.355598578944928],[-122.66949265055524,45.355580616094301],[-122.66950335799679,45.355563714518645],[-122.66951279055949,45.355547917763452],[-122.66952486012437,45.355526211073013],[-122.66953318333113,45.355510110938503],[-122.66953949543824,45.355497136651074],[-122.66954667315329,45.355481471924342],[-122.66955684176013,45.355457145247584],[-122.66956383436883,45.355438586426075],[-122.66957022164576,45.355419920966163],[-122.66957596793588,45.355401151332771],[-122.66972459835287,45.355273480212439],[-122.66973802955872,45.355239297414293],[-122.66975050302109,45.355203747150902],[-122.6697613624284,45.355169415147707],[-122.66976797523432,45.355145938734182],[-122.66977401054774,45.355122383068775],[-122.66977946874012,45.355098758046189],[-122.66978433735775,45.355075071999792],[-122.66979230654603,45.355027534826128],[-122.66979540779246,45.355003701689157],[-122.66979792017521,45.354979826418344],[-122.66979983063911,45.354955935361026],[-122.66980116691528,45.354932018999044],[-122.66980190254989,45.354908086826832],[-122.66980159785749,45.354860220475004],[-122.66980055786919,45.354836295290404],[-122.66979891986696,45.354812390252228],[-122.66979669533384,45.354788505146367],[-122.66978960617902,45.35445200367608],[-122.66978539376386,45.354251619633835],[-122.66978040544072,45.354212177635318],[-122.66977495876492,45.35417648065183],[-122.66976862234272,45.354140854258169],[-122.66976140833228,45.35410531623031],[-122.66975331673517,45.354069866568175],[-122.6697443482612,45.354034524161278],[-122.66973450193962,45.35399929712878],[-122.66972379375576,45.353964203175373],[-122.66971220971141,45.353929243461806],[-122.6696997755933,45.353894424708415],[-122.66968646666297,45.353859768079182],[-122.6696723086735,45.353825279394897],[-122.66965730236822,45.353790978444415],[-122.66964143461968,45.353756855570587],[-122.66962474471435,45.353722937045163],[-122.66960720750875,45.353689233237844],[-122.66958883606549,45.353655752006105],[-122.66956964314357,45.353622493111821],[-122.66954963106528,45.353589484415672],[-122.66952879690932,45.353556716070138],[-122.66950716975542,45.353524214537082],[-122.66948472187471,45.353491989334181],[-122.66946149412684,45.353460040599771],[-122.66943747311981,45.353428385685554],[-122.66949547458114,45.353426683747927],[-122.66961252081565,45.35342720384913],[-122.66950045628035,45.353311131055499],[-122.66930735419673,45.353111146850239],[-122.66926728959574,45.352954587876368],[-122.6692199670081,45.352769711635133],[-122.66917304915231,45.352586429168404],[-122.66908344370724,45.352236313675135],[-122.66914547056744,45.351954513567946],[-122.6692675588471,45.351809961816869],[-122.66983817558295,45.351613463426233],[-122.66983807874107,45.351546896324315],[-122.66983841803065,45.351490123609416],[-122.67004494797925,45.351488777289227],[-122.67005602751938,45.351488702182557],[-122.67034037868139,45.351486834533773],[-122.67055666074513,45.351485419815212],[-122.67068296979049,45.35148589748524],[-122.67270399944483,45.352076007856219],[-122.6727042423812,45.352161341990609],[-122.67270477365626,45.352350291241294],[-122.67383927187792,45.352543140770827],[-122.67481131582686,45.35226260867347],[-122.67492469687498,45.352168572687674],[-122.67498456488821,45.352052968029376],[-122.67510995325947,45.351885896926632],[-122.67526770679092,45.351676081721671],[-122.67533812228642,45.35157127586978],[-122.67547592620001,45.351359607043008],[-122.67563405239906,45.351123202198096],[-122.67579260002157,45.350984738995244],[-122.67583903595427,45.350948380327438],[-122.67599990289798,45.350839884180665],[-122.67606494720606,45.35079305369883],[-122.67634977798392,45.350579950399691],[-122.67657681540325,45.350407390030071],[-122.67664693755607,45.350328425503875],[-122.67675078494247,45.350240303280742],[-122.67682825564698,45.350174566532999],[-122.67692449238231,45.350108463503744],[-122.67698047221062,45.350070005864055],[-122.67699431759961,45.350060488086399],[-122.67706231121271,45.349952892652922],[-122.67709030562257,45.349742066181541],[-122.67721814403833,45.349485430117362],[-122.67722820700244,45.349459799385357],[-122.6772623520577,45.349372830804697],[-122.67730773604345,45.349257256102888],[-122.67728066145149,45.349163160200561],[-122.67725482449637,45.349073388830554],[-122.67725378974758,45.348874672872924],[-122.67724832919528,45.348645992002965],[-122.67722231357151,45.348480094361214],[-122.67714390651149,45.348315201764599],[-122.67710462714255,45.348144938007579],[-122.67702711617439,45.348003136133663],[-122.67699618839866,45.347943141195721],[-122.67694923900456,45.347852096583246],[-122.67693494599251,45.34782685651799],[-122.6768626484667,45.347699187395357],[-122.67685083471351,45.347678329661093],[-122.6768383064619,45.34767221252968],[-122.67665045722981,45.347580460307611],[-122.6765895104857,45.347545673384957],[-122.67656817185109,45.347533485668684],[-122.67649879379995,45.347493881254252],[-122.67624289463258,45.347347797965412],[-122.67618992756429,45.347329738442625],[-122.67564852529819,45.347145112502069],[-122.67558257126665,45.347139280838256],[-122.6754385554694,45.347126533062884],[-122.67518517454444,45.347104105294527],[-122.67460356554014,45.346985349408222],[-122.67427360990897,45.347067769343099],[-122.67409002847855,45.347054573426846],[-122.67363325934397,45.347021733767342],[-122.67342760759583,45.346949669135221],[-122.67292558293823,45.346766219107394],[-122.67249542604463,45.34648149999326],[-122.67242883037103,45.346437420680466],[-122.67242413928197,45.346427219599256],[-122.67241068695917,45.346419282956134],[-122.67283731670149,45.346129367659721],[-122.67307643362329,45.345961419180433],[-122.6729420094736,45.345868701550131],[-122.67277372850546,45.345734749187912],[-122.67267489218266,45.345670072536322],[-122.6726154522855,45.345631168807721],[-122.67239944006111,45.345489811965372],[-122.67216040624949,45.345368696475347],[-122.67185449517649,45.34520075078801],[-122.66975961762162,45.343606692032544],[-122.66931438253664,45.343300391529056],[-122.66864604417891,45.342827446810745],[-122.66819012964956,45.342575292052686],[-122.66784060857769,45.342438030450431],[-122.66702833799668,45.34200386286733],[-122.66674366472796,45.341851696843555],[-122.66642999684474,45.341673540793948],[-122.66564488588158,45.341227616385119],[-122.66523280489008,45.340993561147634],[-122.66445128809599,45.340549658450129],[-122.66425348752441,45.340455563045964],[-122.66400900258536,45.340397241024377],[-122.66386712000197,45.340376255492643],[-122.66384139564869,45.340372457151254],[-122.66377390040631,45.340362470933655],[-122.66357389180594,45.340355995733283],[-122.66340272760581,45.340381715951679],[-122.66320922757446,45.340427680275752],[-122.66287957321309,45.340539975623578],[-122.66285151204025,45.340555997516368],[-122.66267651350785,45.340655911018132],[-122.66250259573339,45.340686470705322],[-122.66233677109751,45.340685109258516],[-122.66205823571222,45.340667583681878],[-122.66176496145869,45.340617568713689],[-122.66164344853496,45.340596844857565],[-122.66130157366261,45.340538536372449],[-122.66130122692866,45.340538479800976],[-122.6613008030271,45.340538407559677],[-122.66130249837275,45.340759057573472],[-122.66130250569334,45.340759219463081],[-122.66127973203633,45.340755480983681],[-122.66127535313746,45.340754807074468],[-122.66125315343021,45.340751364880923],[-122.66123304118926,45.340748485217496],[-122.66121572485348,45.340746237744057],[-122.66118292325217,45.34074295908772],[-122.6611699821751,45.340742347839424],[-122.66116463595516,45.34074208884946],[-122.66115792287053,45.340741765224408],[-122.66115596665819,45.340741675526566],[-122.66114482806267,45.340741138824875],[-122.66110859842496,45.340737321602532],[-122.6610845234966,45.340730556665491],[-122.6610835934532,45.340730294889589],[-122.66106205107292,45.340721996792254],[-122.6610600220144,45.340721323353165],[-122.66103379460013,45.340712663965562],[-122.66100768297777,45.340705054688151],[-122.66098771640173,45.340699579869984],[-122.66096014506552,45.340692871720925],[-122.66092745258683,45.340686394563861],[-122.66090282954228,45.340682349192761],[-122.6608827948458,45.340679459928559],[-122.66087041505878,45.340677848070875],[-122.66085309681114,45.340675582576729],[-122.66081913859826,45.340672433308306],[-122.66080660194258,45.340672021544613],[-122.66080460884486,45.34067196943149],[-122.66080261571362,45.340671916418799],[-122.66080063409541,45.340671864092471],[-122.66079865341692,45.340671802747288],[-122.66079667236913,45.340671731507328],[-122.66079529218096,45.34067168601856],[-122.66077283505868,45.340668868710821],[-122.66075355705475,45.340660707649178],[-122.66075296058985,45.340660457680876],[-122.66075093666345,45.340658929906667],[-122.66073928031679,45.340650129575181],[-122.66072077196463,45.340640018915664],[-122.66069605272068,45.340629052296919],[-122.66066302519231,45.34061578521613],[-122.66063182695834,45.340604644509064],[-122.66060330981153,45.340595847502208],[-122.66057512833842,45.340588178436128],[-122.66054654771675,45.340581407912786],[-122.66051470902426,45.340575266748672],[-122.66048810232613,45.340571078083315],[-122.6604728221962,45.340568701790673],[-122.66046718625327,45.340567827049],[-122.6604647431092,45.340567378219959],[-122.66046285470506,45.340567053215118],[-122.66044401362778,45.340563654744237],[-122.66044214848469,45.340563303203226],[-122.66044174972458,45.340563220590575],[-122.66044027051935,45.340562915894424],[-122.66043841769466,45.34056251821746],[-122.66043656523927,45.340562130435167],[-122.66043469838418,45.340561733018561],[-122.66043284559311,45.340561336240988],[-122.66043097971142,45.340560930704967],[-122.66042912688683,45.340560533027848],[-122.6604272597297,45.340560127515438],[-122.6604254069052,45.340559729838255],[-122.66042355377856,45.340559324065374],[-122.66042168628583,45.340558909557679],[-122.66041983312567,45.340558502885237],[-122.66041797999915,45.340558097112265],[-122.66041612650332,45.340557681444544],[-122.66040924101195,45.340556191692762],[-122.66037880599039,45.340549014479159],[-122.66035306472828,45.340542740294296],[-122.66032363937447,45.340535598334831],[-122.66029409614615,45.340528683591238],[-122.6602690110783,45.340523233440642],[-122.66024188526023,45.34051782206059],[-122.66021275460767,45.340512385773238],[-122.6601863809049,45.340507598622054],[-122.66016378430928,45.340503469579986],[-122.66013652928291,45.340498357620426],[-122.66011211515161,45.340493750119194],[-122.66008956488733,45.340489494183295],[-122.66006890436822,45.340485599235016],[-122.66005106057386,45.34048224520339],[-122.66002286740984,45.340476961597865],[-122.6599937014538,45.340471570018487],[-122.65996540189668,45.340466513408998],[-122.65993047459204,45.340460340289489],[-122.65990028664865,45.340454958650596],[-122.65988051765464,45.34045135317357],[-122.65986078414245,45.340447638117624],[-122.65983925699248,45.340443435159706],[-122.65983032611369,45.340441551260959],[-122.65982846091134,45.340441163705655],[-122.65982659601102,45.340440784245978],[-122.65982473080867,45.340440396690582],[-122.65982287705226,45.340440008022632],[-122.65982101184994,45.340439620467173],[-122.65981914664773,45.340439232911699],[-122.65981318987613,45.340438003135283],[-122.65981173417356,45.340437643986668],[-122.65979154499146,45.340432731184869],[-122.65978842746118,45.340431961803233],[-122.65978253853038,45.340430155575994],[-122.65978074415293,45.340429613681636],[-122.65977896122135,45.340429070674709],[-122.65977717926322,45.340428519548411],[-122.65977539727166,45.340427967522565],[-122.6597687726867,45.340425977814213],[-122.65974117911266,45.340417297583024],[-122.65971117593872,45.340409374968196],[-122.65968593758029,45.340404260590311],[-122.65966235222146,45.340399969770317],[-122.65965615610102,45.340398790334248],[-122.65965427787751,45.34039843002202],[-122.65965240126513,45.340398078681304],[-122.65965051152872,45.340397717682478],[-122.65964863491641,45.340397366341712],[-122.65964675665946,45.34039700512983],[-122.65964487971159,45.340396644793813],[-122.65964300276372,45.340396284457732],[-122.65964112544675,45.340395914226896],[-122.65963792373662,45.340395317430122],[-122.65963552887447,45.340394759671064],[-122.65960796253808,45.340388177133406],[-122.65960760170952,45.340388084812759],[-122.65958475758202,45.340381115805187],[-122.65957994074225,45.340379649732746],[-122.65955172226892,45.340370297844409],[-122.65952491585925,45.340362188049838],[-122.65950284038277,45.340357005048354],[-122.65948128778268,45.340352802497314],[-122.65946050913304,45.340349125668098],[-122.65945524986688,45.340348116969551],[-122.65943083350439,45.340343446358766],[-122.65943044783771,45.340343372501245],[-122.6594068287372,45.34033786796526],[-122.65940275869784,45.340336918213893],[-122.65938086779218,45.340331173677527],[-122.65936074719379,45.340326044395887],[-122.65934128369939,45.340321730150286],[-122.65931602486837,45.340316715088669],[-122.6592887827596,45.340311602693554],[-122.65926617522724,45.340307518689464],[-122.65924161925913,45.340303210685974],[-122.65921610332337,45.340298830471554],[-122.6591915275566,45.34029467584898],[-122.65916495871028,45.340290469080003],[-122.65914213435029,45.340287073181862],[-122.65911452330133,45.340282984750239],[-122.65908985590984,45.340279110849913],[-122.65906429467996,45.340274884466872],[-122.65903402933863,45.340269783985839],[-122.65900758578866,45.340265205799135],[-122.65897459703932,45.340259327689772],[-122.65894072657355,45.340253079765063],[-122.65891446833042,45.340247994041086],[-122.65888835036932,45.340242562755371],[-122.65886425298375,45.340237202003308],[-122.65885706746576,45.340235536797387],[-122.65884297941967,45.340232265045415],[-122.65882090909325,45.340226874788279],[-122.65881399714043,45.340225015476086],[-122.65881217961677,45.3402245370062],[-122.65881036078416,45.34022405766045],[-122.65880854292513,45.340223570195356],[-122.6588067377875,45.340223081594139],[-122.65880491865308,45.34022259415265],[-122.65880310076058,45.340222105787923],[-122.65880128290168,45.340221618322687],[-122.65879946376735,45.340221130881105],[-122.65879764553952,45.340220633521106],[-122.65879456462122,45.340219818427137],[-122.65879226449979,45.340219096868296],[-122.65876750776656,45.340211182922666],[-122.65876538946854,45.340210511099343],[-122.65874474983859,45.340202789930707],[-122.65872561482783,45.340196021106522],[-122.65871783456141,45.34019346678145],[-122.65869920906358,45.340187354607856],[-122.65868314527602,45.340180113850948],[-122.65867709303208,45.340177383451909],[-122.65866919773316,45.340173832100156],[-122.658668834224,45.340173667815044],[-122.65865743218789,45.340168527039644],[-122.65862905552383,45.34015971794998],[-122.65860383998093,45.340152505588136],[-122.65860181466057,45.340151931053093],[-122.65857134038161,45.340146735312786],[-122.65853694995504,45.340149337203499],[-122.65853555061064,45.340149462170181],[-122.65850851739717,45.340150187638095],[-122.65849840102456,45.340148992628194],[-122.6584815783454,45.340146968734516],[-122.65846332788453,45.340145368278307],[-122.65844824219549,45.340144059285414],[-122.65842170144619,45.340138240574746],[-122.65841538920452,45.34013267863849],[-122.65840712230226,45.340125390472544],[-122.65838067499956,45.340116634658969],[-122.65836650933531,45.340115695655591],[-122.65835380205047,45.340114845725061],[-122.65835202947265,45.340114545542768],[-122.65833040922638,45.340110920126257],[-122.65830850881957,45.340111351436867],[-122.65829472197136,45.340111637693745],[-122.65828232114011,45.340110791074267],[-122.65826323964144,45.340109494942283],[-122.6582608273213,45.340109837620339],[-122.65823270569288,45.340113823715441],[-122.65820017133021,45.340112528584342],[-122.65818056437175,45.340107100632125],[-122.65817748085131,45.340106249564634],[-122.65815566903093,45.340100566344603],[-122.65813027406095,45.340097371838453],[-122.65812219441082,45.340096372168389],[-122.65810356875581,45.340093608429321],[-122.65808983317963,45.340091572247061],[-122.65807121108978,45.340090581715053],[-122.65806922872389,45.340090474447869],[-122.65804988156434,45.340085509730393],[-122.65804118795242,45.340080434796981],[-122.65803238995609,45.340075298788435],[-122.65801165667961,45.340068793518782],[-122.65798105213719,45.340065202292124],[-122.65796970963665,45.340064327016258],[-122.6579677387189,45.340064184429657],[-122.65794629459292,45.3400625089836],[-122.65794591027128,45.340062471101916],[-122.65791594639099,45.340059939148354],[-122.6578927011406,45.340058567127478],[-122.6578824474189,45.340058103725305],[-122.65788050304941,45.340058022754739],[-122.65787855998894,45.340057942660039],[-122.65787661726375,45.340057871560511],[-122.65787467416972,45.340057790566263],[-122.65787273144461,45.340057719466628],[-122.65787078838412,45.340057639371771],[-122.65786884562547,45.340057567372604],[-122.65786842370993,45.340057548190487],[-122.65786691464919,45.340057469050855],[-122.65786497121995,45.34005737906125],[-122.65784751358899,45.340056501926412],[-122.65784558227756,45.340056394609086],[-122.65784418797686,45.34005631244149],[-122.65784363784243,45.340056277633494],[-122.6578417055251,45.340056143330578],[-122.65783977354309,45.340056018022757],[-122.65783782877268,45.340055892051865],[-122.65783589645538,45.340055757748821],[-122.65783396319789,45.340055632464612],[-122.65783203084709,45.340055497261972],[-122.65783008611025,45.340055372190449],[-122.65782815379299,45.34005523788727],[-122.65782622144221,45.340055102684559],[-122.65782427637009,45.340054968617778],[-122.65782234277741,45.340054834338133],[-122.65782041042665,45.340054699135294],[-122.65781901615956,45.34005461786689],[-122.65781653266853,45.340054420870352],[-122.65781460001602,45.340054277571717],[-122.65781266736356,45.340054134273117],[-122.65781073467748,45.3400539900749],[-122.65780880074959,45.340053846799897],[-122.65780686809711,45.340053703501134],[-122.65780492265627,45.340053559539285],[-122.65780299000386,45.340053416240508],[-122.65780105701616,45.340053263946466],[-122.65779912399483,45.340053110752919],[-122.65779676815153,45.340052948295266],[-122.65779525671047,45.340052805288828],[-122.65779332338751,45.340052643999506],[-122.65779140281936,45.340052482473638],[-122.65778946946288,45.340052320284734],[-122.65778753613992,45.340052158995277],[-122.65778560248171,45.340051988710613],[-122.65778366751449,45.340051817550062],[-122.65778174694643,45.340051656024023],[-122.65777981328822,45.340051485739259],[-122.65777787959654,45.340051314554941],[-122.65777595869318,45.340051144033666],[-122.65777457614168,45.340051034643139],[-122.65777210215217,45.340050784361175],[-122.6577701805783,45.340050595849362],[-122.65776824588077,45.340050397679335],[-122.65776632430691,45.34005020916748],[-122.65776440273306,45.340050020655625],[-122.6577624811257,45.340049831244187],[-122.65776054518633,45.340049633997168],[-122.65775862357901,45.340049444585695],[-122.65775668891513,45.340049247314958],[-122.65775476734132,45.340049058802897],[-122.65775283264394,45.340048860632592],[-122.65775089670456,45.340048663385389],[-122.65774896204073,45.340048466114517],[-122.65774701425326,45.340048259185345],[-122.657746591332,45.34004821301717],[-122.65774507858356,45.340048034928827],[-122.65772074096937,45.340044784726793],[-122.65770282067203,45.340040089647275],[-122.6576851147276,45.340032961110474],[-122.65766539669528,45.340028660308185],[-122.65766509931095,45.340028557804054],[-122.65764668981825,45.340022072402512],[-122.65763379514496,45.340013214611389],[-122.65763144977063,45.340011620731893],[-122.65761618694793,45.340000934544712],[-122.65760343620039,45.339993883366056],[-122.65760189861101,45.339993038731727],[-122.6576003721993,45.339992185788972],[-122.65759931726672,45.339991620252704],[-122.65758418559564,45.339981678747421],[-122.65755704818274,45.339976627021066],[-122.65755622721427,45.339976517119588],[-122.65752713450433,45.339972734824734],[-122.65752483477452,45.339971338128159],[-122.65751271102408,45.339963986372076],[-122.65750646624113,45.339960197315726],[-122.6574856909547,45.339951911353303],[-122.65746133195384,45.339947058342965],[-122.65744735578561,45.339944729498832],[-122.65744544227786,45.339944414812486],[-122.65744354149139,45.339944098990173],[-122.65744162798362,45.339943784303784],[-122.65743840349343,45.339943259880783],[-122.65743596033377,45.339942774983619],[-122.65743409613563,45.339942413475931],[-122.65743221794082,45.339942053127771],[-122.6574303406527,45.339941682861216],[-122.65742845030807,45.339941304735376],[-122.65742657305351,45.339940935368311],[-122.65742469415478,45.339940556130109],[-122.65742280381029,45.33994017800417],[-122.657420913097,45.339939789983482],[-122.65741391698565,45.33993841012424],[-122.6573818096719,45.33993254223526],[-122.65735408672286,45.339930237744333],[-122.65732883055473,45.339930695965627],[-122.65730197184094,45.339932642112686],[-122.65730156435744,45.33993266766808],[-122.65728492814527,45.339934582765039],[-122.65727656541374,45.33993554158981],[-122.6572581709641,45.33993921934205],[-122.65725682894485,45.339939478252063],[-122.65723898323431,45.339943495985622],[-122.65723538842097,45.339944302528167],[-122.65721265543483,45.339947016520107],[-122.65719231282887,45.339947120802989],[-122.65716597930168,45.339945726662847],[-122.65713316060062,45.339942312172575],[-122.65710508471662,45.339938105864491],[-122.65710182424638,45.339937609103288],[-122.65709751729432,45.339936807685554],[-122.65709562829282,45.339936465535111],[-122.65709375234775,45.339936131243924],[-122.65709187610106,45.339935788857026],[-122.65708998582411,45.339935446730138],[-122.65708808369914,45.339935094921259],[-122.65708620745249,45.339934752534255],[-122.65708431808244,45.339934400488936],[-122.6570824402252,45.339934049130314],[-122.65708055122383,45.339933706979629],[-122.65707167074552,45.339932109082831],[-122.65704525866545,45.339927304836863],[-122.65702060130221,45.339923349304215],[-122.65699207600078,45.339919070285198],[-122.65696826708142,45.339915585094367],[-122.65694538458655,45.339912333869968],[-122.6569148470214,45.339908138029806],[-122.6568890477897,45.339904708609048],[-122.65686991170858,45.339902287185481],[-122.65685071922826,45.339900064835],[-122.65682857707145,45.339897808026677],[-122.65680444922209,45.339895696926916],[-122.65678216265354,45.339894325824105],[-122.65676505540166,45.339893567155123],[-122.65676311140788,45.33989349606064],[-122.65676116835451,45.339893415947287],[-122.6567592128479,45.339893344165951],[-122.65675781959156,45.33989328987041],[-122.65675726979444,45.339893264052485],[-122.65675532707618,45.339893192934213],[-122.65675337089932,45.339893103162382],[-122.65675142784598,45.339893023048866],[-122.65674948442391,45.339892933040602],[-122.65674754009507,45.339892852950634],[-122.65674559670651,45.339892763841831],[-122.65674365361969,45.339892682828697],[-122.65674171023116,45.339892593719767],[-122.65673976684273,45.339892504610866],[-122.65673934492877,45.339892485424627],[-122.65673782275047,45.33989239661198],[-122.65673587835657,45.339892280517404],[-122.6567204205173,45.339891257241959],[-122.65672001102303,45.339891228824115],[-122.6566993396986,45.339889052754245],[-122.65669894228897,45.339889006109587],[-122.65669743935166,45.339888782818896],[-122.65668045849722,45.339885969474118],[-122.65667817209021,45.339885580672174],[-122.65667670564339,45.339885274792231],[-122.65667484048008,45.33988488718628],[-122.656672974678,45.339884516694781],[-122.65667110984977,45.339884138083995],[-122.65666923193169,45.33988375071425],[-122.65666736673495,45.339883362208688],[-122.65666550029626,45.339882974626235],[-122.6566636347644,45.339882577125323],[-122.6566617565113,45.339882180760334],[-122.65665990282751,45.339881792941434],[-122.65665802454095,45.339881395676791],[-122.65665202932786,45.339880158351626],[-122.65662028602239,45.339873437377307],[-122.65659004467005,45.339868317820461],[-122.65656900786787,45.339865581410663],[-122.65654404572523,45.3398626935914],[-122.65651044607075,45.339858870330396],[-122.65648161898378,45.339855704852305],[-122.65645467172773,45.339852943807522],[-122.65645211007934,45.339852704123253],[-122.65642769428526,45.33985040024983],[-122.65640936610556,45.339848764908432],[-122.65638712664968,45.339846978792856],[-122.65635128165938,45.33984486234575],[-122.65631676012083,45.339843667417142],[-122.65631536750274,45.339843630207206],[-122.65631481804142,45.339843613382413],[-122.65631287471999,45.339843560270822],[-122.65631093267402,45.339843507135548],[-122.6563089909296,45.339843462095914],[-122.6563070488837,45.339843408960604],[-122.65630510717281,45.33984336482041],[-122.65630316542843,45.339843319780705],[-122.6563012233825,45.339843266645275],[-122.65629926891687,45.339843222741273],[-122.65629732717248,45.339843177701447],[-122.65629538418612,45.339843133584765],[-122.65629344247529,45.339843089444408],[-122.65629150106598,45.33984305339969],[-122.6562895593551,45.339843009259276],[-122.65628913777678,45.339842999066597],[-122.6562876176108,45.339842964219301],[-122.65628567623497,45.33984292907401],[-122.65628372176934,45.339842885169759],[-122.65628178036,45.339842849124921],[-122.65627983898426,45.33984281397953],[-122.65627789727341,45.339842769838896],[-122.65627595458866,45.339842733817562],[-122.6562740004581,45.339842698908349],[-122.65627205908231,45.33984266376283],[-122.65627011767307,45.3398426277178],[-122.65626817629726,45.339842592572218],[-122.65626623492155,45.339842557426621],[-122.65626428109248,45.339842530612898],[-122.65626288884303,45.339842503297071],[-122.65626233971676,45.339842495467231],[-122.65626039834096,45.33984246032152],[-122.65625845693172,45.339842424276263],[-122.65625650186072,45.339842398385613],[-122.65625456045149,45.339842362340264],[-122.65625261941078,45.339842336189648],[-122.65625067803501,45.339842301043753],[-122.65624872420602,45.339842274229824],[-122.65624678283032,45.339842239083879],[-122.6562448417896,45.339842212933135],[-122.65624290071538,45.339842185882794],[-122.65624094691989,45.339842159968264],[-122.656239554637,45.339842131752619],[-122.65623900554421,45.339842124822219],[-122.65623706319452,45.339842097795426],[-122.6562351221538,45.339842071644483],[-122.65623316835836,45.339842045729796],[-122.65623122728415,45.339842018679271],[-122.65622928590845,45.339841983533056],[-122.65622734483425,45.339841956482488],[-122.6562253910388,45.339841930567658],[-122.65622344999811,45.339841904416524],[-122.65622150892393,45.339841877365863],[-122.65621955512847,45.339841851450977],[-122.65621913355012,45.339841841258057],[-122.65621761408781,45.339841825299764],[-122.65621567173814,45.339841798272609],[-122.65621371794271,45.339841772357609],[-122.65621177690207,45.339841746206268],[-122.65620983582788,45.339841719155395],[-122.6562078947872,45.339841693004004],[-122.65620594099177,45.339841667088891],[-122.65620399991764,45.339841640037925],[-122.65620205887697,45.339841613886449],[-122.65620011750126,45.339841578739737],[-122.65619816367231,45.339841551924955],[-122.6561962213562,45.339841525796999],[-122.65619579977788,45.339841515603979],[-122.65619428028207,45.339841498745876],[-122.65619232648662,45.339841472830472],[-122.65619038511092,45.339841437683624],[-122.65618844403674,45.339841410632395],[-122.6561865026611,45.339841375485449],[-122.65618454886568,45.339841349569951],[-122.6561826074565,45.339841313523429],[-122.65618066641584,45.339841287371598],[-122.65617871262043,45.339841261455994],[-122.65617676993574,45.339841225433013],[-122.65617482889516,45.339841199281082],[-122.65617288785451,45.339841173129088],[-122.65617094678042,45.339841146077568],[-122.65616899298496,45.339841120161807],[-122.65616705194437,45.33984109400977],[-122.65616663036602,45.339841083816644],[-122.65616511087022,45.339841066958151],[-122.6561631694946,45.339841031810792],[-122.65616121533068,45.339840996000206],[-122.65615927462507,45.339840978843228],[-122.65613593077893,45.339840725375055],[-122.6561345391661,45.339840715148547],[-122.65613399040836,45.339840717212816],[-122.65610910654162,45.33984020422254],[-122.65610441852969,45.339840102935774],[-122.65607731585794,45.339838308733881],[-122.65607494486362,45.339838047506781],[-122.65605660229193,45.339836025316217],[-122.65605467939071,45.339835800795292],[-122.65605330759233,45.33983563717684],[-122.65605275451045,45.339835557408044],[-122.65605084335898,45.339835305665183],[-122.65604894529736,45.339835062681225],[-122.65604703377741,45.339834801043587],[-122.65604512229099,45.339834540305453],[-122.65604320949561,45.339834278691356],[-122.65604131109897,45.33983402671204],[-122.65603939961261,45.339833765973793],[-122.65603748809271,45.339833504336006],[-122.65603557660637,45.339833243597724],[-122.65603367659939,45.339832982646719],[-122.65602753227851,45.339832162116508],[-122.65600561083403,45.339829009924891],[-122.6559808296318,45.33982546153122],[-122.65595131932143,45.339821119492228],[-122.6559217895049,45.33981690472703],[-122.65589595642979,45.339813591832865],[-122.65587001520819,45.339810767912319],[-122.65584497985537,45.339808277362145],[-122.65582282803295,45.339806101555503],[-122.65579682947342,45.339803485713126],[-122.65577275609553,45.339801121352544],[-122.6557457981538,45.339798414351115],[-122.65574237463498,45.339798028588916],[-122.65574045240615,45.339797822053178],[-122.65573853017742,45.33979761551749],[-122.6557366079151,45.33979740808217],[-122.65573468568633,45.339797201546382],[-122.65573276218208,45.339796995034149],[-122.65573083991983,45.339796787598765],[-122.65572891769112,45.33979658106287],[-122.65572699546239,45.339796374526905],[-122.65572507320016,45.339796167091478],[-122.65572316339131,45.339795951324042],[-122.65572123951873,45.339795734916876],[-122.65571793374367,45.339795391980282],[-122.65571548421417,45.339795078192061],[-122.65571356098066,45.339794844670287],[-122.65571164889147,45.33979460194071],[-122.65570973837929,45.339794367283126],[-122.6557078151458,45.339794133761266],[-122.65570589154392,45.339793890344623],[-122.65570398073028,45.339793647591293],[-122.65570206864123,45.339793404861545],[-122.65570015745915,45.339793152213389],[-122.65569824631064,45.33979290046473],[-122.65569633549707,45.339792657711264],[-122.65569303852199,45.3397922425997],[-122.65568903494483,45.339791669548205],[-122.65567109388158,45.339789117779468],[-122.65565105905186,45.339786208723737],[-122.65563100611708,45.339783498931013],[-122.65560510757138,45.339780826285285],[-122.65557601809961,45.339780140830719],[-122.65557546930894,45.33978014199284],[-122.65557204871564,45.339780143231998],[-122.65554972485305,45.339780167803305],[-122.65552879773806,45.339779346475133],[-122.65552685432172,45.339779256446448],[-122.65552491093894,45.339779167317253],[-122.65552296752263,45.339779077288483],[-122.65552157393526,45.339779013982998],[-122.65552103689461,45.339778987923012],[-122.65551909317684,45.339778889798524],[-122.65551714909076,45.339778781779287],[-122.65551521685231,45.339778683442127],[-122.65551327313463,45.33977858531749],[-122.65551132904847,45.339778477298154],[-122.65550939808556,45.339778378937275],[-122.65550745436785,45.339778280812581],[-122.6555055102818,45.339778172793153],[-122.65550357931883,45.339778074432182],[-122.65550163399078,45.339777967335792],[-122.6554997029944,45.339777868075224],[-122.65549775894183,45.339777760955208],[-122.65549442193831,45.339777607620157],[-122.65547211733586,45.339776469738275],[-122.65544725298352,45.339775794220429],[-122.65544680626462,45.339775794391855],[-122.655420187594,45.33977431422521],[-122.65541976571485,45.339774295933722],[-122.65541826402746,45.339774071703388],[-122.65539308556906,45.339770170485963],[-122.65536335488798,45.339761998681155],[-122.65536284941365,45.339761792007828],[-122.65536115113876,45.339761121346825],[-122.65535946659276,45.339760442330338],[-122.65535775616895,45.339759753891485],[-122.65535607001262,45.339759065903358],[-122.65534128236398,45.339753141371581],[-122.65532194680901,45.339746798776275],[-122.65529523876305,45.339740586396964],[-122.65526810001701,45.339735147106516],[-122.65525115589581,45.339731945814492],[-122.65523328442411,45.339728519553915],[-122.65521178977887,45.339724144121384],[-122.65518758290901,45.339718946669741],[-122.65516431742547,45.339713973919935],[-122.65514277779958,45.339709761333012],[-122.65511530964962,45.339705381271102],[-122.65509134553432,45.339702555675998],[-122.65508116818205,45.339701432611854],[-122.65507924595876,45.339701226065188],[-122.65507732336718,45.339701009623802],[-122.65507540114392,45.339700803077079],[-122.6550734772769,45.339700586659262],[-122.65507155505374,45.339700380112504],[-122.65506963249568,45.339700164570502],[-122.65506826137299,45.339700018930834],[-122.65506770990417,45.339699948128917],[-122.65506578634154,45.339699705601241],[-122.65504477122779,45.339696896505416],[-122.65504287213683,45.339696625619929],[-122.65504055083264,45.339696327446298],[-122.65501773605355,45.339692832454681],[-122.65499021753827,45.33968847039872],[-122.65495217100676,45.339682822527031],[-122.6549204669041,45.339679511900954],[-122.65490924568016,45.339678805110317],[-122.65490730096229,45.33967867999003],[-122.65490536930059,45.339678562729148],[-122.65490342458278,45.339678437608768],[-122.65490149258619,45.339678311352664],[-122.65489954659296,45.339678186255853],[-122.65489913710108,45.339678157831571],[-122.65489885515694,45.339678127045872],[-122.6548764691799,45.339675830276221],[-122.65487509805835,45.339675684634322],[-122.65487264786881,45.339675352837922],[-122.65487073669422,45.339675100176152],[-122.65486882427776,45.339674848437468],[-122.65486692589151,45.339674596439039],[-122.65486500196225,45.339674344013332],[-122.65486309082127,45.33967409225091],[-122.65486119243508,45.339673840252374],[-122.65485927965032,45.339673578618843],[-122.65485735541984,45.339673318097297],[-122.65485545700018,45.339673065199129],[-122.65485354552442,45.339672804441342],[-122.65485163371389,45.339672534688404],[-122.65484972092922,45.33967227305466],[-122.65484782220835,45.339672012060696],[-122.65484591073267,45.339671751302831],[-122.65484399888874,45.339671480650217],[-122.65483977759015,45.339670921502126],[-122.65480463636221,45.339665830090318],[-122.65480357135532,45.339665678780342],[-122.65477209360287,45.33966124774949],[-122.65477154116378,45.339661150860088],[-122.65474693307944,45.339657139929592],[-122.65474558478959,45.339656921852225],[-122.65474130005238,45.339656029922921],[-122.65473943524424,45.339655651281113],[-122.6547375701012,45.339655263644076],[-122.65473570364929,45.339654875131131],[-122.65473383850639,45.339654487493995],[-122.65472599194082,45.339652888282359],[-122.65470278463901,45.339647762240553],[-122.65470114442516,45.339647279524755],[-122.65466257939322,45.339636032382664],[-122.65458618479829,45.339613750381559],[-122.65435976543378,45.339547713448624],[-122.65415199901551,45.339498032965643],[-122.65404468916,45.339445671201581],[-122.653937479699,45.339374699780997],[-122.65391386805254,45.339355510972958],[-122.65388978245313,45.339336618975935],[-122.6538652484103,45.339318023317539],[-122.653840241084,45.339299742460007],[-122.65380301707586,45.339273653011851],[-122.65375465014307,45.339246899309828],[-122.65369839597284,45.339200913310854],[-122.65369400961541,45.339197322802868],[-122.65366949679904,45.339186018748741],[-122.65365051740478,45.339177265915787],[-122.65360652165882,45.339157739511116],[-122.65354257041206,45.339130667386108],[-122.6535232404069,45.339118355564047],[-122.65350361175662,45.33910628420108],[-122.65348368697855,45.339094452350402],[-122.65346346385637,45.339082869054202],[-122.65344297078478,45.339071542788417],[-122.65341887283753,45.339058727772453],[-122.65336035978881,45.339029274878726],[-122.65330259715714,45.338999097862377],[-122.65323046135528,45.338959782955712],[-122.6532263564244,45.338957546436113],[-122.65322429200586,45.338956604374857],[-122.65314438846389,45.338920136239892],[-122.65307834482748,45.338898117255042],[-122.65301275053157,45.338885982463786],[-122.65295923708366,45.338866545465542],[-122.65285267613426,45.33881301569474],[-122.65285206056915,45.338812937066663],[-122.65283318684261,45.338810348110108],[-122.65281379604916,45.338807274537366],[-122.652813706098,45.338807258198322],[-122.65279640860084,45.338804153105301],[-122.65278813192677,45.338802652635039],[-122.65278751502385,45.338802538025767],[-122.65276904489755,45.338798789414263],[-122.65274172540549,45.338792623774182],[-122.65271670684899,45.338787170788407],[-122.65269144258997,45.338782352439836],[-122.65266593450971,45.338778150690786],[-122.65264528632221,45.338775208362854],[-122.65257993952723,45.338748647606359],[-122.65253474771362,45.338764008058703],[-122.65253463426036,45.338764046162488],[-122.65253353460764,45.338777173441819],[-122.65252069728429,45.338787712960283],[-122.65249386149343,45.338796031475063],[-122.652466767877,45.338803903781361],[-122.65243935858528,45.338811215730786],[-122.65239632867261,45.338821629482595],[-122.65227850498535,45.338834501983733],[-122.65222970820308,45.338833474414912],[-122.65220721964893,45.338826758447624],[-122.65218440745967,45.338820606547259],[-122.65216130989859,45.338815018006144],[-122.65213547560704,45.33881096709591],[-122.65211580518103,45.33881159725388],[-122.65209616164947,45.33881264187589],[-122.6520765689925,45.338813990701382],[-122.65205703034813,45.338815762490803],[-122.65202957570924,45.338818834621208],[-122.65199017572824,45.338820907917537],[-122.65195872531795,45.338821588426605],[-122.65192727237577,45.338821891815314],[-122.65189581871776,45.338821798246975],[-122.6518643749494,45.338821318327227],[-122.65182191007847,45.338820324745065],[-122.65182153986105,45.338820322588226],[-122.65177935659554,45.338819350788512],[-122.65173690335529,45.338817330800815],[-122.65169455163544,45.338814264758454],[-122.65169402635701,45.338814211459386],[-122.65166289983159,45.338811312345221],[-122.651631557919,45.338807769103667],[-122.65160031025681,45.338804701185651],[-122.65156913787216,45.338801254709082],[-122.65153806620793,45.338797427403442],[-122.65150708254362,45.338793220404064],[-122.65147621077917,45.338788624267941],[-122.65144546688929,45.33878365670256],[-122.65140326641182,45.338776176173525],[-122.65129805320203,45.338753717228521],[-122.65119284004038,45.338731257288657],[-122.65116861537875,45.338722845842554],[-122.65116833076719,45.338722743086059],[-122.65113679278436,45.338710967056542],[-122.65113661121214,45.338710889399763],[-122.65110882254842,45.338699682266792],[-122.65093104390272,45.338475651880067],[-122.65090837290221,45.338447081839831],[-122.65089682124828,45.338432526719934],[-122.6508875869917,45.338420880332329],[-122.64856798250248,45.335982565495449],[-122.64840203630901,45.3359112286875],[-122.64767929811296,45.335574121605582],[-122.64761801215603,45.335545535289555],[-122.64751224193158,45.335631205449509],[-122.64741990008298,45.335705997980995],[-122.64739930969364,45.335722674932356],[-122.64735238226312,45.335760685060301],[-122.6472148555201,45.3358460551067],[-122.64718757864156,45.335862938191035],[-122.64716595472628,45.335876321649764],[-122.64698578602471,45.335705268490848],[-122.64651207335062,45.335966251571001],[-122.64552380950062,45.336508736913956],[-122.64540501745293,45.336573943676463],[-122.6449465779653,45.336825585773319],[-122.64479379515852,45.336909448085564],[-122.64478191080629,45.336915971664034],[-122.64500507580641,45.337137304147014],[-122.64512132887391,45.337252601775752],[-122.64308499210377,45.338178902598607],[-122.64307841890322,45.338169141017829],[-122.64298050828788,45.338023729861142],[-122.64219116867424,45.336851405420603],[-122.64017228466103,45.337760188739573],[-122.64000848556341,45.337834238502822],[-122.64030830190322,45.338052139521956],[-122.63837063427293,45.338991695805689],[-122.63787541496659,45.339231811114253],[-122.63723445995045,45.339542590284665],[-122.63710622814183,45.339604755244864],[-122.63614961317037,45.340068570439492],[-122.63639789411265,45.340279650765254],[-122.63509390999457,45.340911834729361],[-122.63454926549905,45.341175874346789],[-122.6344851514812,45.341206955246498],[-122.6343129280754,45.341319915304922],[-122.63497285324429,45.341969041123399],[-122.63488473746212,45.342011793426124],[-122.63481725222897,45.34204423790753],[-122.63472216586104,45.34208951858291],[-122.63463808501564,45.342129137135309],[-122.6345737206361,45.342159201890205],[-122.63445775095053,45.342212798184534],[-122.63439411796054,45.342241898882598],[-122.6342713572398,45.342297462082811],[-122.63412480859229,45.342363568890612],[-122.63377948387756,45.34251933989691],[-122.63346926095473,45.342659275815691],[-122.63324247751729,45.342761572880733],[-122.63306361377553,45.342842254088673],[-122.63303320691254,45.342855969442873],[-122.63284075251366,45.342942780809906],[-122.63266661853162,45.343021326012781],[-122.63253348190864,45.343081380937122],[-122.63241796867581,45.343133607543315],[-122.63237976479419,45.343151264117189],[-122.63231273818268,45.34318299477269],[-122.63228387439518,45.343196958895753],[-122.63224080686535,45.34321813942212],[-122.63218223629323,45.343247614190219],[-122.63214296215099,45.343267822359678],[-122.63207288594317,45.343304787191975],[-122.63200055992414,45.343344194740411],[-122.63194879847809,45.34337320891882],[-122.63190061753637,45.343400841501939],[-122.63188562873668,45.34339163043019],[-122.63183791329482,45.343362308495855],[-122.63179385710839,45.343335231065446],[-122.63175267412315,45.343309919266197],[-122.63170706244628,45.343281881945678],[-122.63119676557572,45.342968229956242],[-122.63119655655186,45.342968099663565],[-122.63115635551289,45.3429434078733],[-122.63125775578646,45.342802073998911],[-122.63125894290519,45.342800342011522],[-122.63172393645287,45.342151820226114],[-122.63172009174487,45.341944715172666],[-122.63172008909486,45.341944643210525],[-122.63172023466123,45.341941040013246],[-122.63172540635365,45.341812163286811],[-122.63174484064898,45.341326981310786],[-122.63167608598306,45.341278426231689],[-122.63164663835457,45.341257622473414],[-122.63083645036245,45.34068540122329],[-122.63080874769064,45.340665833600688],[-122.63065579778404,45.340557803711761],[-122.63056613279853,45.340494468918713],[-122.63050834161791,45.340453649856507],[-122.63044577677505,45.340409462530502],[-122.63031431631271,45.340316604868974],[-122.63023872076914,45.340263208130622],[-122.62848739564207,45.339026187879888],[-122.62848230868997,45.339022591259983],[-122.62838035216029,45.338950571880133],[-122.62802494005507,45.338701848561975],[-122.62805243383805,45.338681029870415],[-122.6280919192224,45.338651130105468],[-122.62823631747547,45.338541811430325],[-122.62844573335532,45.338383267967757],[-122.62863924741717,45.338236758965635],[-122.62879734593855,45.338117057965015],[-122.62879838883906,45.33811626387498],[-122.62880038836829,45.338114759184883],[-122.62885927285564,45.338070176890795],[-122.62901943177279,45.337948915749038],[-122.62907928591297,45.337903604490791],[-122.62921682852782,45.33779947045165],[-122.62926889938329,45.337760056030746],[-122.62929665280329,45.337739033339425],[-122.62934131263447,45.337705220979331],[-122.62948209516107,45.337598632067447],[-122.62950372808405,45.337582557725632],[-122.62956902557531,45.337534038435358],[-122.6296615947445,45.337465254045725],[-122.62969177226188,45.337442827693181],[-122.62979757794282,45.337364200148812],[-122.62979780105444,45.337364367091645],[-122.62993401263167,45.337461925306307],[-122.63007014521125,45.337559439804195],[-122.63007043375124,45.337559650555761],[-122.63023921887525,45.337430926068969],[-122.6302954604618,45.337388030517552],[-122.63029835180913,45.337385825374533],[-122.63033447561804,45.337358274462119],[-122.63040219542602,45.337306621982442],[-122.63059851597933,45.337156906744291],[-122.63086255544859,45.336955529388376],[-122.63094650468409,45.336891494216957],[-122.63112659177284,45.336754150536827],[-122.63125464376751,45.33665649223817],[-122.63139063937911,45.336552780727061],[-122.63169891513253,45.336360408076359],[-122.63169951640059,45.336360100019022],[-122.63170181060842,45.33636174935328],[-122.63170415813514,45.336363425615119],[-122.6323044868153,45.336793430144418],[-122.63230471105715,45.336793281114311],[-122.63230495984658,45.336793105530589],[-122.6332848707677,45.336113969178946],[-122.63340444922106,45.336031084616252],[-122.63340708646938,45.33602926210601],[-122.63340737285141,45.336029067827859],[-122.63346111564255,45.335991816199332],[-122.63347904241292,45.335979392453659],[-122.63351069086379,45.335957460167961],[-122.63381189742532,45.335748703666169],[-122.63381213477795,45.335748564294107],[-122.63381238327756,45.33574841571631],[-122.63383569064312,45.335734469247242],[-122.63497244789789,45.335054239429759],[-122.6352342327222,45.334897588255615],[-122.63558865167079,45.334685502988485],[-122.63562365428709,45.33466455089723],[-122.63572520393075,45.334603785126738],[-122.63594849932959,45.334470155656625],[-122.63680710538581,45.333956344717549],[-122.63680734272383,45.333956205339206],[-122.6369342632572,45.333884603932788],[-122.63775520155349,45.333421466357542],[-122.64007756415832,45.332111221377502],[-122.6400777067705,45.332111281764767],[-122.64185441378149,45.332817748771184],[-122.64185469167859,45.332817395302584],[-122.64189309947407,45.332832658713869],[-122.64270339160592,45.331818286374478],[-122.64277538130712,45.331728163815342],[-122.64303168173221,45.331407301450128],[-122.64311475333646,45.33130330323106],[-122.64311700209579,45.331300376867127],[-122.64312181852516,45.331294106901801],[-122.64313815646919,45.331273950718057],[-122.64319110443641,45.331207719007033],[-122.64428032476876,45.329843828608062],[-122.64431849772208,45.329796034298042],[-122.64505563267453,45.328872972343703],[-122.64638924087977,45.329153444324405],[-122.64663181354679,45.329204458379067],[-122.64785517191767,45.329461726344441],[-122.64883726314103,45.329668243737572],[-122.65095846406298,45.330114266701088],[-122.65093230633914,45.328879372715186],[-122.65091790520692,45.328199335820969],[-122.65090964413574,45.327809174972103],[-122.65090864552604,45.32776205914805],[-122.65090770937005,45.327714941268383],[-122.65088281340094,45.326462116800862],[-122.65087605693171,45.326122066813063],[-122.65087319829757,45.325978155769356],[-122.65086109217201,45.32536931212362],[-122.650835438545,45.325365804058926],[-122.64958381108961,45.325194626799295],[-122.64937260535714,45.325165739540779],[-122.64885070389592,45.325094355600676],[-122.6480203381377,45.324980778001752],[-122.64778268936605,45.324948270451337],[-122.64671570624844,45.324802315887858],[-122.64558590414399,45.324647755996615],[-122.64510812941789,45.324582391868127],[-122.64467693032059,45.324523397322125],[-122.64467697003019,45.324495047439427],[-122.64467827826427,45.323555653003552],[-122.6446792122041,45.322884146461142],[-122.64538971262942,45.32296334764434],[-122.64578735599449,45.323009000552616],[-122.64627088573243,45.323064509689814],[-122.64627085945878,45.32306156309771],[-122.64626899016059,45.322845124248545],[-122.64626254274637,45.322098345333458],[-122.64626230344378,45.322070544236034],[-122.64626212975429,45.322050538093059],[-122.64626153732777,45.321981777860096],[-122.64625612105408,45.321354562253369],[-122.64625171282339,45.32084405167091],[-122.64625433890797,45.320844057239121],[-122.64634158528698,45.320844239156017],[-122.64778021462571,45.320847228816092],[-122.64815524071915,45.320847502255674],[-122.64822405938185,45.320848147198298],[-122.64910929001793,45.320849973893786],[-122.64964311705646,45.320851072815586],[-122.64999538714613,45.320851795848753],[-122.65015903620936,45.32085213205918],[-122.65015478023915,45.320311252456172],[-122.65015454693808,45.320281635598036],[-122.65081880383235,45.320282995697546],[-122.65089568932315,45.320283152374401],[-122.65096415561311,45.320283291815009],[-122.65096644344928,45.319973341968122],[-122.65096732655677,45.319853838145676],[-122.65096763061645,45.319812695741824],[-122.65096803525657,45.319757841316651],[-122.65097101033456,45.319354650289938],[-122.65097222409983,45.319190083373876],[-122.65097627252879,45.318641528040907],[-122.6509763038046,45.318637251755121],[-122.64962571235972,45.318634483584766],[-122.64962565109218,45.318634482916423],[-122.64943117334749,45.31861371243869],[-122.6485915392563,45.318524033971968],[-122.6468041044991,45.31833299153709],[-122.64651593049543,45.318302196291427],[-122.64574695802544,45.318219990935411],[-122.645221395172,45.318105975136909],[-122.64495228384412,45.318047594211613],[-122.64494119682257,45.318045191780548],[-122.64493108471751,45.318043000012892],[-122.645079255244,45.317947568426248],[-122.64508551088302,45.317943539250486],[-122.64510291949645,45.317932326503318],[-122.64522310891587,45.317864430335554],[-122.64528454131599,45.317829725717132],[-122.6454751865062,45.317735625760321],[-122.645475908078,45.317735782582325],[-122.64548265841962,45.317732193435113],[-122.64573088474381,45.317618310835492],[-122.6457883604854,45.317395638891632],[-122.64584668403265,45.317218895711044],[-122.64633999645376,45.315723721945488],[-122.6456294886123,45.315727092371048],[-122.64567103827707,45.315179312822565],[-122.64144147256883,45.315209691431292],[-122.64058989133783,45.315215406330253],[-122.64035908933099,45.315216954004164],[-122.63936573410577,45.315223610912355],[-122.63935531699637,45.316169772308868],[-122.63910904714609,45.315998928512201],[-122.63878578525743,45.316246031662587],[-122.63870758301,45.316305797840258],[-122.63756074539123,45.317182387102442],[-122.63666445549417,45.317867452507173],[-122.636544596634,45.317959062306826],[-122.63589392874566,45.318462296309555],[-122.63581290673393,45.318528724592674],[-122.63545998952307,45.318818072041047],[-122.63530514673646,45.318936525732752],[-122.63530252951085,45.318938522577646],[-122.63491509983881,45.319234180608625],[-122.63481098854656,45.319313630205819],[-122.63418598834244,45.319790572992595],[-122.63402986419734,45.319909710843071],[-122.63394305270972,45.319975955839162],[-122.63305512364472,45.320653515805077],[-122.63244517600116,45.321118942263503],[-122.63217016279303,45.321328801443471],[-122.63205656018543,45.321465647025065],[-122.63179277562071,45.321783389431808],[-122.63163558906314,45.321972730894579],[-122.63128395159694,45.322396293494599],[-122.63123161324778,45.322459334916026],[-122.63124587839144,45.322468656538511],[-122.63127440332737,45.322487292675355],[-122.63081537216586,45.322861357791211],[-122.63080771793115,45.322867296669592],[-122.6308064909344,45.322868246284443],[-122.63077619491877,45.32284919419785],[-122.63073419023013,45.322822780922678],[-122.63010055171254,45.322424322974548],[-122.62980702662692,45.322239563698943],[-122.62950173306268,45.322047561411146],[-122.62923014291346,45.321876752022412],[-122.62906405740863,45.321772295371829],[-122.62883218077667,45.321626465532617],[-122.62864685083241,45.321509906938381],[-122.62842863056684,45.321372662265553],[-122.62821081743962,45.321235669887024],[-122.62803914414634,45.321127696344099],[-122.6278004507344,45.320977571276799],[-122.62747213767494,45.320771296242995],[-122.62734991933262,45.320694508375631],[-122.62674296379997,45.320312787815595],[-122.62666869764757,45.320265811269252],[-122.62666732724641,45.32026098005484],[-122.62666458611439,45.320251308630588],[-122.62668660536319,45.32023433996681],[-122.62659113432188,45.320166603931327],[-122.62633953422717,45.320004288982624],[-122.62622403347329,45.319929776072698],[-122.62596007785866,45.319759489420143],[-122.62577717583463,45.31964149038054],[-122.62508608188487,45.319195629671007],[-122.62490318345465,45.31907763012395],[-122.62472028449467,45.318959630305741],[-122.62453738755481,45.3188416301698],[-122.6243544900192,45.318723627963642],[-122.62417159456969,45.318605627238867],[-122.62398869855744,45.318487625343387],[-122.62380580459829,45.318369624029735],[-122.62362291135136,45.318251621522144],[-122.62344001884956,45.31813361872014],[-122.62325712715889,45.318015617422773],[-122.62293797772807,45.317809693747229],[-122.62287824533927,45.317771152213638],[-122.62282322394283,45.317735650886625],[-122.62155592476006,45.316917930212313],[-122.62150374853175,45.316958276311453],[-122.62119590795483,45.317196314640974],[-122.62050832520646,45.31772798028986],[-122.62050235482135,45.317732597007989],[-122.62059214759495,45.317790448950319],[-122.62053214929371,45.317836450497957],[-122.61921561208123,45.318845430558021],[-122.61894053451385,45.319056223258222],[-122.617713652009,45.319996443880605],[-122.6176240784912,45.320065083192041],[-122.61821211761058,45.320446865137235],[-122.61826417466001,45.320480655586032],[-122.61847696986513,45.320618813376363],[-122.61849404390901,45.32062989556173],[-122.61857495416591,45.320682427102334],[-122.61857384749649,45.320683251976675],[-122.61855743148881,45.32069549391958],[-122.61839707124763,45.32081506710081],[-122.61823671034438,45.320934640053885],[-122.61808792101633,45.321045584026663],[-122.61807635129624,45.321054211832809],[-122.61791598906879,45.321173784329595],[-122.61775562617926,45.321293356598197],[-122.61759526386982,45.321412927715947],[-122.61743489968899,45.321532500427779],[-122.61734403169612,45.321600252938623],[-122.61727453481316,45.321652072011936],[-122.61711417051747,45.32177164244515],[-122.61695380435032,45.321891214472558],[-122.61679367546846,45.32201059381417],[-122.61679344007126,45.32201078622537],[-122.61671936728955,45.321963033042366],[-122.61668073604929,45.321938127784279],[-122.61668057291652,45.321938202762865],[-122.61662079650671,45.321966493219229],[-122.61629399872965,45.322121154591606],[-122.61517329730238,45.322651528479497],[-122.61478571025035,45.322834952541236],[-122.61478558470927,45.322835008831099],[-122.61489568215903,45.322908950526809],[-122.61500197082356,45.322980333852122],[-122.61500206271067,45.322980404192897],[-122.6151881036036,45.323105054318297],[-122.61561624191347,45.323392431047154],[-122.61563030167261,45.323402307355273],[-122.61563040631248,45.323402377463658],[-122.61561098062748,45.323417391182936],[-122.614636023011,45.324170876705651],[-122.61443809052955,45.324323835835237],[-122.61432425154155,45.324411815150405],[-122.614260352976,45.324461191064024],[-122.61418913054078,45.324413248600088],[-122.61381731610093,45.324163669157016],[-122.61284589159062,45.323511621773797],[-122.61312376885819,45.323297039428233],[-122.6130769796257,45.323265487826902],[-122.61264774868005,45.322977509730293],[-122.61259993976996,45.322945274348911],[-122.61238833954539,45.322803231797728],[-122.61215764012844,45.322648515995738],[-122.6118796770339,45.322863169664728],[-122.61162448540405,45.322691729064168],[-122.61138506809601,45.322531014846589],[-122.61067772585827,45.322056185742682],[-122.61204838162334,45.320997637191908],[-122.61198688854367,45.320956220120479],[-122.61192819931675,45.3209168125384],[-122.61103973454578,45.32032038974662],[-122.61023779167688,45.319782021608788],[-122.61019498449957,45.319753113264987],[-122.60926131738461,45.319125842782746],[-122.60833323007776,45.318502226441474],[-122.60835987821304,45.318481172728298],[-122.60838153947725,45.318464058361521],[-122.60851886002244,45.318355566152547],[-122.60867997424214,45.318228273441086],[-122.6090411010822,45.317975427858265],[-122.6083442054428,45.317512544629174],[-122.6071544013902,45.316722224815052],[-122.60650067244282,45.3162879816838],[-122.60643108526216,45.31633940263437],[-122.6058941177662,45.316736133524365],[-122.60556419776482,45.316979902841759],[-122.60535715599202,45.317132870622459],[-122.60482018653552,45.317529596168484],[-122.6044174481676,45.317827145517846],[-122.60339447470322,45.3185829124264],[-122.6033283209524,45.318538722615116],[-122.6031607986876,45.318661806452759],[-122.60284016710817,45.318902603687548],[-122.6025337747373,45.319132694785189],[-122.60224628629366,45.319348593076363],[-122.60194552443006,45.319574453639412],[-122.60175730451367,45.319715801167114],[-122.60162870811295,45.319812370800399],[-122.60143516077933,45.31995771877142],[-122.60127408989726,45.320078679442418],[-122.60123206951218,45.320110226488872],[-122.60111301046362,45.320199633724521],[-122.600951934313,45.320320591305411],[-122.60091532034426,45.320348079116179],[-122.60079085748966,45.320441548656007],[-122.6006297799935,45.320562505776316],[-122.60043199574257,45.32071155416407],[-122.60026281139265,45.32083822530354],[-122.60019384612258,45.32088985511561],[-122.60017181860711,45.320906354296142],[-122.60010282832555,45.320958002503694],[-122.60005024142417,45.320997378334205],[-122.59993753078056,45.321081766655205],[-122.59982214885015,45.321168148253236],[-122.59977754604199,45.321201534398128],[-122.59961223468221,45.321325307297982],[-122.59944410250064,45.321451183142834],[-122.599151472995,45.321670269540988],[-122.59902868767506,45.321762195444663],[-122.59929015681995,45.321936843323755],[-122.59936654209412,45.321987869103772],[-122.59940302807456,45.322012234494373],[-122.59944489003607,45.322040200620116],[-122.59936896663079,45.322093145394568],[-122.59928795414517,45.322149632140025],[-122.59921900810245,45.32219770542563],[-122.59913575649928,45.322255753677048],[-122.59898355829561,45.322361875009406],[-122.59887176656194,45.322439836645074],[-122.59875375408187,45.322522123888277],[-122.59866944380509,45.322580911881104],[-122.59858721032523,45.322638248244125],[-122.5984703303449,45.322719767642198],[-122.59846907441745,45.322720637316642],[-122.59846669698382,45.322722283327842],[-122.59837449903372,45.322786588929297],[-122.59835674603245,45.322798968149627],[-122.5977612882576,45.322385418549423],[-122.59737660701015,45.322130226564198],[-122.59686639223005,45.321792760626813],[-122.59682134868464,45.321761881393819],[-122.59682113913065,45.321761732147657],[-122.59653785741159,45.321573868182988],[-122.59639622453352,45.321479925902594],[-122.59617252121713,45.321331577287573],[-122.59601023692403,45.321223943819618],[-122.59595034798858,45.321184225940783],[-122.59588235118169,45.321139129065664],[-122.59572817749101,45.321036883131484],[-122.59559125533376,45.320946076619471],[-122.59550600812376,45.320889539887112],[-122.59541027142014,45.32082604674769],[-122.59528383988692,45.320742196207746],[-122.5952203949315,45.320700121541897],[-122.59514748107678,45.320651757096172],[-122.59514767955719,45.320651600499687],[-122.59564492959142,45.320275227800501],[-122.59587512391332,45.320100988884754],[-122.59612424678814,45.319912423109436],[-122.59632843111591,45.319757869626201],[-122.59639403891447,45.319708211788921],[-122.5965365124846,45.319600363306797],[-122.59663288036245,45.319527411895017],[-122.59663358825534,45.319526877061747],[-122.59670576113722,45.319472247214179],[-122.59672198604426,45.319459968660759],[-122.596615893221,45.319389617765708],[-122.59653833695054,45.319338189156767],[-122.5964673471473,45.319291113142171],[-122.59646724253807,45.31929104301642],[-122.59637926373186,45.319232702749844],[-122.59618644827061,45.319104842734546],[-122.59598442545644,45.318970877943421],[-122.59589472191831,45.318911389214044],[-122.5958540743766,45.318884434216436],[-122.59578613108019,45.318839364223209],[-122.59558783858085,45.318707877142799],[-122.59538952083014,45.318576372184182],[-122.5953870093533,45.318574699059866],[-122.59519125566456,45.318444884851026],[-122.5949929655406,45.318313387735557],[-122.59499288708635,45.318313335140196],[-122.59498463577957,45.318307859680466],[-122.59469701035887,45.318117117996131],[-122.59467063973099,45.318099129224223],[-122.59462543610188,45.318068297045542],[-122.59458151454683,45.318038341002243],[-122.59455726412797,45.318021789354376],[-122.5943458007405,45.317877542987475],[-122.59424229355911,45.317806945404335],[-122.59415012113105,45.317744071191896],[-122.59395445514093,45.317610597929338],[-122.59375877825225,45.317477115539837],[-122.5936232093223,45.317384635160948],[-122.59349740452151,45.317298817249977],[-122.59326227141737,45.31713842070166],[-122.5931299508519,45.317048157754932],[-122.59311906212773,45.317040723216962],[-122.59306799708236,45.317005884086306],[-122.59298993520159,45.316952643091746],[-122.59294338568483,45.316920881244478],[-122.59247827009635,45.316603590693447],[-122.59244995043069,45.316584268280074],[-122.5924497412317,45.316584128021148],[-122.59244905916844,45.316584636261268],[-122.59236762795699,45.316645004567647],[-122.59226966615864,45.316717639155577],[-122.59191525031797,45.316980405101056],[-122.59191512574213,45.316980488352883],[-122.59191334348326,45.316981267508162],[-122.59188742753747,45.316993029241146],[-122.58858886191967,45.318490544425785],[-122.58832990872077,45.31860810504012],[-122.58832979591352,45.318608161072689],[-122.58832963242911,45.318608227016206],[-122.58820015405978,45.318521931181593],[-122.58820004946196,45.318521861048389],[-122.58819993178938,45.318521782148508],[-122.58738435362731,45.318766810813138],[-122.58730175289513,45.318791631269889],[-122.58699294432775,45.318884424972154],[-122.58692539017186,45.318891912384707],[-122.58692493378099,45.318891993481323],[-122.58450274466863,45.319378274916467],[-122.58434525270665,45.318980538557874],[-122.58420103490356,45.318616352348023],[-122.58270571739489,45.318917693242575],[-122.57983416540138,45.31948345998255],[-122.57978048523168,45.319349877312298],[-122.5796949342128,45.319137002174116],[-122.57930277874067,45.318161118134455],[-122.57927939891553,45.318102915059121],[-122.57915457395974,45.317792290602078],[-122.57923308717724,45.317777092167852],[-122.57940826877217,45.317743178809124],[-122.57957632949716,45.317710645438353],[-122.58040096911424,45.31755102196913],[-122.58042912375225,45.317512400753934],[-122.58055881910535,45.317334480710301],[-122.5805968429075,45.317282316037932],[-122.58063730459567,45.317226808778685],[-122.58069437069213,45.317148526519468],[-122.58078920599159,45.317018428781118],[-122.5807980225046,45.317006335381819],[-122.58082132001257,45.316980545857461],[-122.58103845693699,45.316740182801425],[-122.58123904847299,45.316518135856171],[-122.58145029752248,45.316284293367659],[-122.58166625712447,45.31605288382115],[-122.58173894982842,45.316025123833342],[-122.58195658713144,45.315942014399454],[-122.58177895704176,45.315391448662801],[-122.58160194967154,45.314842815705063],[-122.5816209295412,45.314838843187438],[-122.58169911431008,45.314822478689933],[-122.58181443677255,45.31479833677426],[-122.58200260063539,45.314758961706659],[-122.58202117377593,45.314755068411721],[-122.5820480676428,45.31474943927644],[-122.58203923250642,45.314588630514415],[-122.58202142315227,45.314264594987591],[-122.5820090240742,45.314039029694889],[-122.58200783738094,45.314017374863845],[-122.58200223063974,45.314002191866656],[-122.58199224663845,45.313975116353305],[-122.58190636193348,45.3137422464102],[-122.58189013232024,45.313698217054693],[-122.58188053140691,45.313672177926762],[-122.58185430488788,45.31360106426834],[-122.58183140711296,45.313538972465942],[-122.58182463800934,45.313520623791675],[-122.5826371296772,45.313475698932308],[-122.58263500888246,45.313380319305736],[-122.58258341794368,45.311061085560326],[-122.58253621768829,45.308976113267626],[-122.58253480762973,45.308914116578727],[-122.58253365560583,45.308863376845352],[-122.5824243093254,45.308864609689131],[-122.5821838345896,45.308867310123311],[-122.5821839177211,45.308890523989085],[-122.58218399077867,45.308907212064128],[-122.58219290996492,45.311138988093155],[-122.58192672440468,45.311192087367196],[-122.58103869435024,45.311369230320416],[-122.58088298691052,45.31140029050453],[-122.57919836766186,45.311736311673357],[-122.57919566922438,45.311745578150258],[-122.57919732016246,45.311763209229952],[-122.57919919288315,45.311783393620132],[-122.57912339600257,45.311797309596216],[-122.57851431330505,45.311909117839981],[-122.57848556810009,45.311914320193132],[-122.57740772494223,45.312112227372623],[-122.57720641524455,45.312149178093911],[-122.57648613146806,45.312281383086152],[-122.57554523227148,45.312452990224699],[-122.57503346720316,45.312546581237612],[-122.57452170044907,45.312640169095864],[-122.57404161649886,45.312727960090058],[-122.57364752019727,45.312800027698778],[-122.57357076568317,45.312814062387609],[-122.57347193118216,45.312832135177032],[-122.57337306366476,45.312850213870476],[-122.57334211166147,45.312855874623722],[-122.57327610863562,45.312867942450715],[-122.57195635251543,45.313118282380692],[-122.57176479522298,45.313154616896547],[-122.57170030661932,45.313166848574795],[-122.57137283813006,45.312727684443985],[-122.57132710546787,45.312666996463292],[-122.57154802949664,45.312597301212428],[-122.57167306086025,45.312557856262039],[-122.57268892224712,45.312237351795815],[-122.57262491506779,45.312168567358597],[-122.57139156464525,45.312181708837599],[-122.57102946335982,45.311675144712794],[-122.57073803929913,45.311278338027968],[-122.57039086112098,45.311406671043962],[-122.57030732349811,45.311413672796412],[-122.57004621622083,45.311385980198153],[-122.56892989124894,45.311386803340362],[-122.56892943224305,45.311447237169581],[-122.56892776674223,45.311667318633162],[-122.56892400809792,45.311954978466126],[-122.56892270463959,45.312150054158685],[-122.56892142256093,45.312342050111603],[-122.56892013916674,45.312534045169151],[-122.56891883751211,45.312729386310551],[-122.56891887368418,45.312843896411614],[-122.56664587882646,45.312835324599931],[-122.56658584513441,45.312835097538439],[-122.56659871115548,45.313756332324303],[-122.56636494248319,45.313756034360345],[-122.5661317016926,45.313755155871284],[-122.56589846450932,45.313754270549929],[-122.56566522730111,45.313753383861524],[-122.56543197738263,45.313752497831516],[-122.56519874018866,45.313751610208087],[-122.5649810451232,45.31375078470294],[-122.56496550303396,45.313750723016746],[-122.56473226617496,45.31374984345392],[-122.56449901596439,45.31374894655827],[-122.56424879637228,45.313747994735543],[-122.56392871643017,45.31374678033049],[-122.56377128561138,45.313746179621717],[-122.56373049185429,45.313746023830504],[-122.56372561405543,45.313415434415667],[-122.56372336092825,45.313179163190703],[-122.56371891370752,45.312824171703106],[-122.56368003358409,45.312823963057369],[-122.56355972821108,45.31282330573643],[-122.56318036180795,45.312821240770973],[-122.56305300039344,45.312820546936607],[-122.56286842212889,45.312819552432785],[-122.56286800108427,45.312819550897245],[-122.56257596765721,45.312817963369938],[-122.56254631666353,45.312817912067224],[-122.56228536484579,45.312817500112047],[-122.56199511968966,45.312817048692068],[-122.56199469864515,45.312817047153374],[-122.56191158929391,45.31281691522782],[-122.56170446624279,45.312816594782426],[-122.56170404519828,45.312816593242722],[-122.56143189201876,45.312816165448304],[-122.56143147097421,45.312816163907598],[-122.56135299934022,45.312815506544446],[-122.56135257829567,45.312815505003421],[-122.5611864330205,45.312814112816881],[-122.56118437850678,45.312814096109342],[-122.56118395746228,45.31281409456772],[-122.56102120825277,45.312812740090962],[-122.56102078720832,45.31281273854875],[-122.56086855252141,45.312811455022967],[-122.56079591299287,45.312810854194908],[-122.56079549194845,45.312810852651886],[-122.56053548400288,45.312808673809108],[-122.56053506295841,45.312808672265128],[-122.56017880762676,45.312805695815875],[-122.56017838658235,45.312805694270658],[-122.55971656999444,45.312801960010326],[-122.55971614895009,45.312801958463439],[-122.55967584001489,45.312801747672886],[-122.5596754189705,45.312801746125793],[-122.55945184631291,45.312800583237667],[-122.55945142498062,45.312800573593769],[-122.55913996012161,45.312798947870469],[-122.55913953939708,45.312798955317049],[-122.55897049226547,45.312798071293791],[-122.5589700699462,45.312798069766743],[-122.55887513447371,45.312797571591005],[-122.55862835047689,45.312796276018396],[-122.55861256641113,45.312796181765094],[-122.55861236242349,45.312796185374616],[-122.55861214536684,45.31279618021415],[-122.55861003228358,45.312568142859405],[-122.55860823843929,45.312375790719166],[-122.55856550302848,45.312375533373249],[-122.55823728979874,45.312373567040964],[-122.55804436632373,45.312373183318989],[-122.55792931442883,45.312371704458606],[-122.5579288934196,45.31237170380475],[-122.5578089823251,45.312370978673812],[-122.55773495979335,45.312370535426773],[-122.55773453875217,45.312370533872667],[-122.55735060021068,45.312368217582687],[-122.55735017916953,45.312368216027203],[-122.55729461884087,45.312367881670156],[-122.55703581053369,45.312366330922032],[-122.55703538917304,45.312366320369811],[-122.5570236119397,45.312366253169884],[-122.55702319089856,45.312366251613206],[-122.55680479446529,45.312364945340136],[-122.55659508844589,45.312363681258432],[-122.55659466708539,45.312363670704634],[-122.5562007381359,45.31236130399823],[-122.55610710094402,45.312360735624623],[-122.55610667958365,45.312360725069098],[-122.55603339589211,45.31236028568464],[-122.55603297488292,45.312360285023985],[-122.55578834383974,45.312358808594134],[-122.55578792283066,45.312358807932583],[-122.55561129165739,45.312357739824698],[-122.55561087061639,45.312357738262918],[-122.55510816988581,45.312354701864301],[-122.55510774884483,45.312354700300695],[-122.55491381533248,45.312353527220921],[-122.55491339301661,45.312353525679114],[-122.55458507903042,45.312351542728322],[-122.55458465798948,45.312351541162833],[-122.55446255256177,45.312350807231567],[-122.55446213120172,45.312350796670025],[-122.55428888144124,45.312349746953153],[-122.55428846040027,45.312349745386584],[-122.55401825747109,45.312348112795746],[-122.55401783643019,45.312348111228218],[-122.55399267271517,45.312347959622201],[-122.55399225167429,45.312347958054602],[-122.5535739490356,45.312345434902319],[-122.55357352799476,45.312345433333171],[-122.55356372845068,45.312345374979643],[-122.55356330709087,45.312345364414853],[-122.55312564763722,45.312342718665661],[-122.55312522659641,45.312342717094907],[-122.55313507249633,45.311862779709038],[-122.55314230417505,45.311804291607203],[-122.55314668884118,45.311786479971168],[-122.55313706213872,45.311786256510622],[-122.55239186825952,45.311768977610441],[-122.55206388815925,45.311766989816334],[-122.5516812048117,45.311764676859816],[-122.55144020027367,45.311763216491165],[-122.55105926483557,45.311760905773099],[-122.5509815159896,45.311760434828102],[-122.55069776381717,45.311758712999584],[-122.55055343071365,45.311757833024672],[-122.55041399891262,45.311756990703763],[-122.5501302467739,45.311755267491307],[-122.54997418758305,45.311754318000439],[-122.54967665358711,45.311752507085835],[-122.54955206250115,45.311751749709643],[-122.54894428616645,45.31174805534328],[-122.54871619797494,45.31178542540485],[-122.54878856674948,45.311882537143283],[-122.54886149821289,45.311980402231185],[-122.54903281829937,45.312210272038008],[-122.54931776887157,45.312592620078171],[-122.54945323524363,45.312774377349378],[-122.54966927780838,45.313064260780074],[-122.54967956486784,45.313077875729036],[-122.54968299261697,45.313082342057683],[-122.54969493127486,45.313097890175577],[-122.54970067003605,45.313105259190337],[-122.54970832042322,45.313115095967255],[-122.54971938872912,45.313128400107857],[-122.54973042932654,45.3131413176827],[-122.54974552754427,45.313158511361401],[-122.54976097762705,45.313175553918946],[-122.54977272135024,45.313188152159704],[-122.5497849578647,45.31320094064403],[-122.54980155159208,45.313217855031702],[-122.54982279192421,45.313238745302336],[-122.5476699044506,45.313240403275714],[-122.5472810543759,45.313240696461556],[-122.54683387724805,45.313241041507041],[-122.54642558427338,45.313241346256468],[-122.54603674693547,45.313241635059995],[-122.54539533600224,45.313242115690727],[-122.54452331990618,45.313242758857768],[-122.54313956621596,45.313245003515888],[-122.5431344994864,45.313601558458316],[-122.54312943396947,45.313958113314484],[-122.54312405680705,45.314336611320329],[-122.5431186805003,45.314715099336631],[-122.54666266306292,45.316843640688639],[-122.54631492417302,45.316843951429838],[-122.54310980029152,45.316846789045421],[-122.54317245517804,45.318963391791478],[-122.54320511691657,45.320066893544073],[-122.54321971881204,45.320494065383201],[-122.54443866478789,45.320493495453817],[-122.54669813221943,45.320492419826081],[-122.54839270633515,45.320491577356528],[-122.54838931364124,45.321375463182434],[-122.54837992710918,45.32382233565891],[-122.54837981304368,45.323932050327578],[-122.54842187345754,45.323932107416276],[-122.54924098244351,45.323933186028711],[-122.55002973344251,45.323934216740781],[-122.55002694155544,45.32411269635886],[-122.54997803116412,45.326049623915246],[-122.54664129964966,45.326043006476738],[-122.54659318844998,45.327558153798542],[-122.54681465605955,45.327558471189604],[-122.54860183102375,45.327563670425867],[-122.54936927563695,45.327565897968256],[-122.55117725396678,45.327571116157138],[-122.55198359673024,45.327573440130244],[-122.55278994048271,45.327575748599635],[-122.55375032827034,45.327578502258298],[-122.55374050548414,45.328483153187086],[-122.55626594734258,45.328495496153828],[-122.55746665632213,45.328501347408881],[-122.55859816233445,45.328506846087137],[-122.55858670661318,45.330359850926378],[-122.55858145308184,45.331210113818052],[-122.55858045188434,45.33131981711724],[-122.56001186647688,45.331325923978689],[-122.56059514136005,45.331328402070874],[-122.5610539796273,45.331330351932493],[-122.5619761119866,45.331334267196297],[-122.56252020145863,45.331336575713742],[-122.56251859011461,45.332083480900224],[-122.56349074326825,45.332086851623387],[-122.56348543452278,45.332849008207084],[-122.5639212717434,45.332850515888076],[-122.56420200666288,45.332851253576244],[-122.56422612825472,45.333290863720094],[-122.56424720028203,45.33367481867181],[-122.56429477366125,45.334541503646626],[-122.56432381865827,45.33507079927503],[-122.56438796432339,45.336239150935818],[-122.56445422103926,45.336930168861457],[-122.56346265558243,45.336952710407616],[-122.56293013782029,45.336964814545581],[-122.56246370486733,45.336975421170159],[-122.56175740509332,45.336991468806872],[-122.56175919841355,45.337052647594419],[-122.56175959804925,45.337066521196128],[-122.56177212235382,45.337496501387697],[-122.56108407714687,45.337511045900349],[-122.56109174641261,45.337774179337892],[-122.56109727070675,45.337963905851211],[-122.56110175474277,45.338117816296794],[-122.5611056719893,45.338252185374721],[-122.56110804210422,45.338333598388047],[-122.56111030931069,45.338411403760524],[-122.56112026240514,45.338753160349185],[-122.56112200515089,45.338812971802362],[-122.56113406857695,45.33922718976229],[-122.5611662846924,45.340335898261372],[-122.56117103455394,45.340787698245109],[-122.5610932455447,45.340789784104714],[-122.56086112171727,45.34079600765817],[-122.56065310660705,45.340801583410233],[-122.56043918495308,45.340807313752926],[-122.56022472264529,45.340813238694757],[-122.56001134183823,45.340818782254573],[-122.55979721451044,45.340825047922408],[-122.55958626038112,45.340830172411231],[-122.55958688640153,45.340940540408845],[-122.55959091578774,45.341095266959002],[-122.5595912094286,45.3411065338789],[-122.55959206542968,45.341139454768587],[-122.5595920929901,45.341140516414313],[-122.55959327009838,45.341185763169918],[-122.55959631257137,45.341302561102424],[-122.55960141410726,45.341498470420426],[-122.55960265393679,45.341546053651193],[-122.55960634264876,45.341687686841325],[-122.559606344345,45.341687734517286],[-122.55961229382505,45.341916192170487],[-122.55961261093422,45.341928369584515],[-122.55961505147579,45.342022076733969],[-122.55961561548108,45.342043740566247],[-122.55961612462015,45.342063288304189],[-122.55961612446477,45.342063319810883],[-122.55961739465963,45.342112006929078],[-122.55961926662692,45.342183885599717],[-122.5596194891302,45.342192399427809],[-122.55962317267569,45.342333885045193],[-122.55962379229037,45.342357685657255],[-122.55962672205645,45.342470236084971],[-122.55962789706052,45.342515314526736],[-122.55962865532015,45.342544446749464],[-122.55962780221481,45.342544469045478],[-122.5596287371734,45.34254760829613],[-122.55980135693262,45.342542786861621],[-122.55987477026902,45.342540735237883],[-122.56003622761764,45.342536224402778],[-122.56010182963276,45.342534391888655],[-122.56013609193796,45.342533435352877],[-122.56036037275489,45.342527168578442],[-122.56038640542394,45.342526440448388],[-122.56041446424751,45.342525655744872],[-122.56068710114828,45.342518039114019],[-122.56070683990076,45.342517488043995],[-122.56081278896571,45.342514527682681],[-122.56082357002568,45.342514226095219],[-122.56094163518556,45.342510926889929],[-122.56102940496574,45.34250847452811],[-122.56106213581771,45.342507560137655],[-122.56109046115439,45.342506768751583],[-122.56111927101705,45.342505963378365],[-122.56113372314438,45.342505559853365],[-122.56113794883427,45.342505440922466],[-122.56116230222264,45.342504761256421],[-122.56118160102048,45.342504221496661],[-122.56120569170318,45.342503548273669],[-122.56121035733841,45.342503417949139],[-122.56121164260664,45.342503380787903],[-122.5612185649224,45.342503179898081],[-122.56121891427007,45.342503169211312],[-122.56122223730024,45.342503078863167],[-122.56122789769253,45.342502925522069],[-122.56122962175886,45.342502880590395],[-122.56124142987957,45.342914221949158],[-122.56126763991348,45.343826866109978],[-122.56128436199057,45.344400778526889],[-122.56181875046988,45.344386235944455],[-122.56183534342864,45.34460413731594],[-122.56131679439113,45.344620428303422],[-122.56133881462894,45.345443392161606],[-122.56134125631921,45.346122132817804],[-122.56100436023739,45.346599942547435],[-122.56023378855224,45.347667532977553],[-122.56023342847735,45.347667458340197],[-122.55956640006376,45.347534779353623],[-122.55905539830798,45.347122519768632],[-122.55891145968216,45.346994475878915],[-122.55822748261593,45.347126570244917],[-122.55745865777783,45.347275055187772],[-122.55746960139368,45.34877411979911],[-122.5568861615716,45.348774441418335],[-122.55688690081307,45.348807241822215],[-122.55690654979306,45.349676597550918],[-122.55692458969523,45.350474759385229],[-122.55762676179046,45.350452695429986],[-122.55855653732512,45.350423470453983],[-122.56060945077381,45.350358523503225],[-122.56078709371178,45.350352903739633],[-122.56389465533471,45.350278171887879],[-122.56455935472054,45.350263700819397],[-122.56551997101238,45.350242774372731],[-122.5655196711667,45.349669538848048],[-122.56551938503891,45.349096293910847],[-122.56551887612243,45.348053312532421],[-122.56716791152965,45.348043251888534],[-122.56723561897647,45.347578580956117],[-122.56734178178179,45.346849927822809],[-122.56737919659703,45.346593174118631],[-122.56739865041783,45.346451407415564],[-122.56743897992175,45.346157514515113],[-122.56755233538242,45.345331405375333],[-122.56757850027408,45.345157236770149],[-122.56760742977981,45.344964628816989],[-122.56764563117808,45.344710273070618],[-122.56784900528959,45.34335623925508],[-122.56785185392602,45.34333729345061],[-122.56786017810778,45.343336278763445],[-122.56798278345096,45.343116919240451],[-122.56829310203459,45.342561730017536],[-122.56802440397882,45.342307415106347],[-122.56768744824544,45.341988502916706],[-122.56740754670864,45.341723578838547],[-122.56613983384068,45.340523689149698],[-122.56578094455061,45.340183986552532],[-122.56574175182736,45.339536503700096],[-122.56568764666466,45.338642473545647],[-122.56568725899916,45.338636008592822],[-122.56567215351497,45.338386647533305],[-122.56565358288272,45.338079728809141],[-122.56563533963914,45.337778295836507],[-122.56561607063081,45.337459840919877],[-122.5655907293087,45.337041155028899],[-122.56574432507172,45.337016195240558],[-122.56585783599444,45.336997747094941],[-122.56759896099805,45.336960682907929],[-122.5686356866626,45.33693860412847],[-122.56898164838064,45.336931229609114],[-122.57041353774858,45.336900717207463],[-122.57084700079018,45.336891484422779],[-122.57131456080101,45.336881373183488],[-122.57144121421828,45.336878659163084],[-122.57144164690509,45.336878624458741],[-122.57144206780295,45.336878616967752],[-122.57255867948416,45.336854832956227],[-122.57255908762728,45.336854825688341],[-122.57278475880419,45.336850021086526],[-122.5727851797017,45.336850013590656],[-122.57284315701864,45.336848783921887],[-122.57442714351012,45.336815099121267],[-122.57442756440715,45.336815091619492],[-122.57460219702357,45.336811370477186],[-122.57464110720676,45.336810539185862],[-122.57464152810371,45.336810531683334],[-122.57467105210385,45.33680989829579],[-122.57467148607761,45.336809899561203],[-122.57467193248355,45.336809891603835],[-122.57504810533059,45.336801851583857],[-122.57504852622748,45.336801844079829],[-122.57652031381475,45.336770397490021],[-122.57703535896927,45.336759410630272],[-122.57703577986561,45.336759403119075],[-122.57809138670292,45.336736841842047],[-122.57809180759888,45.336736834326992],[-122.57887007820963,45.336720189567338],[-122.57896668571367,45.336718121024219],[-122.57896710660941,45.336718113506002],[-122.57916391572627,45.336713910172698],[-122.57922733790483,45.336712552148306],[-122.57922775909124,45.336712552725068],[-122.57922816755554,45.336712554429198],[-122.57922858877434,45.336712555905535],[-122.57929012232734,45.336711204582748],[-122.57934156496881,45.33659146692974],[-122.57934198746216,45.336591468382814],[-122.58012534558398,45.336594994116972],[-122.58262684517697,45.3366062245777],[-122.58262658017735,45.336696741932514],[-122.58260507616914,45.337981584275703],[-122.58257941858942,45.339514543497813],[-122.58258005207446,45.33952037394279],[-122.58258005401611,45.339520427915289],[-122.58258348446674,45.33955245671833],[-122.58258464608876,45.339563282381327],[-122.58295776246085,45.339563662722824],[-122.58295194200475,45.339623351240895],[-122.58285047638088,45.340543755601381],[-122.58280120773118,45.340990622198397],[-122.58272110124021,45.341012656627449],[-122.58241910461425,45.341044927602844],[-122.5822756300807,45.341174711830924],[-122.5820907480413,45.34121722200139],[-122.58188858179861,45.341341410887964],[-122.58180897109207,45.341390315158534],[-122.58179613320685,45.341910800910775],[-122.58177932736217,45.342592011541996],[-122.58177397925787,45.342808905219947],[-122.58177329216822,45.342836543041798],[-122.58176788218906,45.343055941027195],[-122.58176468585897,45.343185731335396],[-122.58176247181305,45.343275329092826],[-122.58175706012051,45.343494717156524],[-122.58175166241848,45.343714104944503],[-122.58175208368822,45.343714106411682],[-122.58183606169781,45.343714038400577],[-122.58235525663504,45.343713620411584],[-122.58235567790476,45.343713621876574],[-122.58244240002659,45.343713548443773],[-122.58245637763633,45.343713536914734],[-122.58245642766755,45.34374565403612],[-122.58245597728326,45.343758822721107],[-122.5824551240604,45.343783998087801],[-122.58245179967125,45.343882653799632],[-122.58245180467064,45.343887334324286],[-122.58245180661231,45.343887388296636],[-122.58245180392049,45.343887668281539],[-122.58245192227605,45.343964935900225],[-122.58245139895649,45.343964936261173],[-122.58245097771722,45.343964935696093],[-122.58206340692955,45.343965229420867],[-122.58206298565796,45.343965227954804],[-122.58206424036686,45.344788076066841],[-122.58206466164441,45.344788077532911],[-122.58206476369388,45.344788075707591],[-122.58215245783352,45.344788011237078],[-122.58218491814064,45.344787988682398],[-122.58218533941826,45.344787990147999],[-122.58221321865194,45.344787969418611],[-122.5824531821889,45.344787775012747],[-122.5824531844542,45.344787837980483],[-122.58245436397902,45.345554723293617],[-122.58245490148732,45.345904248107779],[-122.58245660920477,45.347022170862907],[-122.58245703049865,45.347022172327485],[-122.58492175517999,45.347005224597581],[-122.58492217647371,45.347005226053277],[-122.58499212735047,45.347004745493926],[-122.58499254861182,45.347004746049841],[-122.58517637866699,45.347003479511962],[-122.58536903978828,45.34700215079593],[-122.58536946108208,45.347002152250028],[-122.58542918844542,45.347001739357687],[-122.58542963525247,45.34700174035445],[-122.58543006930292,45.347001741579746],[-122.58546590549774,45.347001494733462],[-122.58563773951141,45.347000310057368],[-122.5856381225352,45.347000312196101],[-122.58566022558692,45.347000152917325],[-122.58566064688064,45.347000154370328],[-122.58566364723438,45.347000135718673],[-122.58570742088672,45.346999824895413],[-122.58570784214808,45.346999825448698],[-122.58575063452145,45.346999524089718],[-122.58575105581519,45.346999525542422],[-122.58605748125595,45.346997411134687],[-122.58605790251731,45.34699741168675],[-122.58668416435371,45.346993080470867],[-122.58668458564742,45.346993081920196],[-122.58726593776447,45.346989061126052],[-122.58726635905818,45.346989062573293],[-122.58788836769014,45.34698533310862],[-122.58800272268361,45.346984643886792],[-122.58800314397737,45.346984645331354],[-122.58896873950529,45.346978841389898],[-122.58896914836697,45.346978852055216],[-122.58950421607331,45.346975637145619],[-122.589504637367,45.346975638584709],[-122.58958251575508,45.346975171390731],[-122.58958293704875,45.346975172829545],[-122.58962673939848,45.346974914024074],[-122.58962716069212,45.346974915462731],[-122.59093002564745,45.34696706406411],[-122.59093044694113,45.346967065498056],[-122.59100955029973,45.346966585247614],[-122.59100997159342,45.346966586681319],[-122.59103599471212,45.346966426176124],[-122.59103641600575,45.346966427609722],[-122.59104494251004,45.346966379763195],[-122.5911653210908,45.346965649441898],[-122.59116655557223,45.347121329862894],[-122.59116946240306,45.347488410962427],[-122.59116997429231,45.347553105910606],[-122.59117534187565,45.348230574728404],[-122.59117575106407,45.348250415891485],[-122.59117668481289,45.348295658876907],[-122.59118889155438,45.34888855819473],[-122.59119114557639,45.348998256515664],[-122.59119163163888,45.349019518476887],[-122.59119249562404,45.349058695901668],[-122.59120389030005,45.349574167936197],[-122.59120493500464,45.349599479387919],[-122.591205884484,45.349622579159956],[-122.5912068225323,45.349645327190984],[-122.59120841353821,45.349683780450583],[-122.591213178852,45.349898068709578],[-122.59122120993899,45.350259699745941],[-122.59122253015497,45.350319276416819],[-122.59122364267888,45.350369394781005],[-122.59123044871444,45.350676093769842],[-122.59123642665773,45.350945315001347],[-122.59123739912235,45.350989189051809],[-122.59123885945533,45.351055009997538],[-122.59124255059946,45.351220907303492],[-122.59124525812187,45.351342974860103],[-122.59124781229379,45.35145807735767],[-122.591250417998,45.351575277095634],[-122.59077556405711,45.351582981512664],[-122.59070667721869,45.351584094422485],[-122.59070596279057,45.351584107252549],[-122.5903174360468,45.351590405277925],[-122.59031706607497,45.351590411920817],[-122.59026112507752,45.351605061206804],[-122.59014392024797,45.351636887376053],[-122.59014461498988,45.351554599736708],[-122.58999078256379,45.351434029306674],[-122.58983140147421,45.351630527163323],[-122.58972346465873,45.351763587359862],[-122.58975523663042,45.351851485897129],[-122.5897552650689,45.35185156639713],[-122.58970275920815,45.351872903717378],[-122.58961656891869,45.351626146453917],[-122.58936972916894,45.351622069751897],[-122.58936930751669,45.351622059316966],[-122.58901973685769,45.351616291684437],[-122.58901931520559,45.351616281248283],[-122.58866973090751,45.351610521812169],[-122.58866930925549,45.351610511374709],[-122.58844170777428,45.351606748237671],[-122.58834247662315,45.35160510966648],[-122.58834205497122,45.351605099227811],[-122.58832822839788,45.352383591145333],[-122.58755072770029,45.352377643562761],[-122.58755026841827,45.352377651798228],[-122.5871234468317,45.352238620688169],[-122.58712331763179,45.352238577998619],[-122.587122904192,45.352238441392089],[-122.58680154513965,45.352133764247498],[-122.58579511033491,45.351805925314622],[-122.58579315311721,45.351915627735202],[-122.5854819790914,45.351912876305605],[-122.58529492417901,45.352186691760068],[-122.58483011986932,45.352075636776057],[-122.58473125068626,45.352202865288881],[-122.58460499210392,45.352126236460364],[-122.58452852480386,45.352171744584886],[-122.58431756584827,45.352297294591281],[-122.58428480403694,45.352271443864069],[-122.58428887924654,45.352043015380701],[-122.58429941875156,45.351451576255286],[-122.58418270136602,45.351453871072728],[-122.58379359984171,45.351461516797613],[-122.58340449818229,45.35146916032275],[-122.58320996024973,45.351472986316843],[-122.58246414757721,45.351487635661911],[-122.58233446904258,45.351490182071508],[-122.58232546665212,45.351994006631749],[-122.58232056978497,45.352268259122518],[-122.58241530209584,45.35240764767839],[-122.58241534295867,45.352407718956613],[-122.58241445877505,45.352456874703897],[-122.58240431650874,45.353024803027658],[-122.58240064131219,45.353230495268036],[-122.58317760206025,45.353247596298637],[-122.5831782791754,45.353247610286132],[-122.58327548953037,45.35324974942327],[-122.58326588134783,45.353617426167688],[-122.58325806200874,45.35391637865478],[-122.58299652684101,45.353910773511863],[-122.58299610517325,45.353910763053875],[-122.58299602862418,45.353910764423439],[-122.58299560695639,45.35391075396543],[-122.58293741815082,45.353909489845755],[-122.58293699648308,45.353909479387546],[-122.58288740934482,45.353908418695177],[-122.58278096249478,45.353906132114069],[-122.58278054082712,45.353906121655299],[-122.58254813648055,45.353901128505647],[-122.58243940273741,45.353898793408739],[-122.58243912173366,45.353898789433792],[-122.5824389810699,45.353898782948718],[-122.58243870006609,45.353898778973836],[-122.58242935938158,45.353898579701607],[-122.58242893774644,45.35389857014107],[-122.58235313098827,45.353896941268978],[-122.58215097032416,45.353892586434235],[-122.58215054865676,45.353892575973155],[-122.58204290130092,45.353890274184074],[-122.58200308802665,45.353889422674428],[-122.58200266635929,45.353889412212823],[-122.58184550625009,45.353886021718388],[-122.58184508458275,45.353886011256208],[-122.58181933830191,45.353885470712989],[-122.58181891631101,45.353885451255344],[-122.58181057301597,45.353885261102235],[-122.58149934734453,45.353878583377551],[-122.58135061957012,45.35387537179858],[-122.58135019790292,45.353875361334616],[-122.58131731050246,45.353874654007853],[-122.58115786417027,45.353871231448764],[-122.58115744250311,45.353871220984097],[-122.58115719977413,45.353871216321949],[-122.581156778107,45.353871205857288],[-122.58124305332626,45.35414949975425],[-122.58132210563581,45.354404457642282],[-122.58135094946364,45.354497479033071],[-122.58137200894656,45.35456541931508],[-122.58137597528297,45.354578228122513],[-122.5814116063133,45.354693090008709],[-122.58141624978825,45.354723377700957],[-122.58141677110585,45.354726797810834],[-122.58145809957647,45.354996132380407],[-122.58150635250735,45.355310673677373],[-122.58154451807221,45.355559452122066],[-122.58155468979628,45.355625735469971],[-122.58155470481961,45.355625798209225],[-122.58155424421685,45.355625770439651],[-122.58147632118055,45.355617293834356],[-122.58044793582864,45.355505809193076],[-122.58038502368773,45.355498985369877],[-122.58038501383939,45.355499066555957],[-122.58038486230888,45.355502948747038],[-122.58038082798389,45.355606405915367],[-122.5803402286557,45.356646590445472],[-122.58033655178318,45.356740959035854],[-122.58031621017714,45.357262352010608],[-122.58031682389957,45.357262377049395],[-122.58032445805854,45.357262715905158],[-122.5815850300383,45.357319222816201],[-122.58177831374461,45.357334002433021],[-122.5817793380198,45.357334083131313],[-122.58197545647748,45.357343229244123],[-122.58205107000747,45.357346779133167],[-122.58248966891141,45.357367279670704],[-122.58249012920471,45.357367298441211],[-122.58254755575653,45.357369990554083],[-122.58274203842994,45.357379084528688],[-122.58274246044657,45.357379103982943],[-122.58290992956623,45.357386932882292],[-122.58299435538352,45.357390879880725],[-122.58299477740032,45.357390899334028],[-122.58313477368655,45.357397437186087],[-122.58324472828602,45.357402576255311],[-122.58333948754397,45.357407009595924],[-122.58334007575132,45.357407035075447],[-122.58350139382119,45.357414579840842],[-122.58360166221782,45.35741915651424],[-122.5840771812439,45.357440860811415],[-122.58405376473588,45.358728946874756],[-122.58486672571306,45.358782172113322],[-122.58486767249052,45.358782227169272],[-122.58486650983642,45.358845322428046],[-122.58485952982994,45.359221053257095],[-122.58541395612129,45.359257626945734],[-122.58673096598191,45.359344530635667],[-122.58672318246013,45.359756173461726],[-122.58711054444952,45.359781730984977],[-122.58710119962183,45.360275048222704],[-122.58664724329719,45.360244555202655],[-122.58664894826165,45.360300479192297],[-122.58667399731246,45.361122738509373],[-122.58543509746377,45.361036014285943],[-122.5841702527951,45.360947463164656],[-122.58346756368077,45.360898257846941],[-122.58337424521505,45.360860094998486],[-122.58293004367339,45.360678443688421],[-122.58328538649909,45.360475774161863],[-122.58329469353245,45.360356729119879],[-122.58232165033967,45.360564847463287],[-122.58164515843849,45.360662727708267],[-122.58101490444791,45.360531878766565],[-122.58071328881874,45.360494293218068],[-122.58070392490514,45.360493122085529],[-122.58071482935114,45.3605074522998],[-122.58088943808399,45.360736955455657],[-122.58088015756181,45.360738069125489],[-122.58087985262274,45.360738110579511],[-122.5808570056914,45.360741127396942],[-122.58085690393719,45.360741138216461],[-122.58082908162754,45.360745369980513],[-122.58079182057617,45.360751961279668],[-122.58075542410192,45.360759481331925],[-122.58074462589394,45.360762027183441],[-122.58072414096249,45.360766818187109],[-122.58072382458958,45.360766896749553],[-122.58070645507809,45.360771334141688],[-122.58068921076563,45.360776022224861],[-122.58068892020307,45.360776108426961],[-122.58065844811787,45.36078505186876],[-122.58062858782334,45.360794640550374],[-122.5806282851478,45.360794744970946],[-122.58060696446375,45.36080214410385],[-122.58060281735762,45.360803633180169],[-122.58039855554765,45.360768310855491],[-122.58041354711064,45.360456933544675],[-122.57832798744468,45.36019697274466],[-122.57716815583805,45.360052384930725],[-122.57716759113573,45.359633278926083],[-122.57716619600423,45.358588323366078],[-122.57831078425508,45.358731018110873],[-122.57933509034315,45.358858700013606],[-122.57935223871878,45.358831456166222],[-122.57940689899368,45.358846810697209],[-122.57941755870799,45.358809008312065],[-122.57939907140891,45.358773013624905],[-122.57938373592692,45.358745035736561],[-122.57934551089215,45.358717481926078],[-122.57932883732941,45.358698988987108],[-122.57931865653023,45.358687688091976],[-122.57931792039253,45.358667519862834],[-122.57932727590138,45.358659014165127],[-122.57934285972694,45.358644868759399],[-122.5793818082724,45.358613889869737],[-122.57938708922369,45.358563051829755],[-122.57938588318105,45.358558374791798],[-122.57938212208188,45.358544877296339],[-122.57938081458043,45.358539472980738],[-122.57938026752245,45.358536755415876],[-122.57937982413746,45.358534045000596],[-122.57937948250301,45.358531323767011],[-122.57937820803687,45.358520194158665],[-122.57937772052928,45.358514550171151],[-122.579377618379,45.358511742750601],[-122.57937763174036,45.358508952169409],[-122.57937781131176,45.358506203625431],[-122.57937815932164,45.358503488077716],[-122.57937872614515,45.358500821728754],[-122.57937953801161,45.358498223912484],[-122.57938060761569,45.358495692602034],[-122.57938192161633,45.35849321183359],[-122.57938342858874,45.358490771724291],[-122.57938512791885,45.358488355182928],[-122.5793869813614,45.358485963792717],[-122.57938898949797,45.358483613745129],[-122.57939111311377,45.358481279637367],[-122.57939335285509,45.358478979460095],[-122.57939568288036,45.358476704673706],[-122.57940053722739,45.358472232640729],[-122.57940552243025,45.358467849181679],[-122.57941293726442,45.358461440287613],[-122.57941555865688,45.358459457333623],[-122.57941842764559,45.358457613975382],[-122.57942146702881,45.358455893589365],[-122.57942461234715,45.358454243320203],[-122.57943100601122,45.358451003049225],[-122.57943728230524,45.358447729769736],[-122.57944383395893,45.358444622593041],[-122.5794538196793,45.358440084116623],[-122.57945709519069,45.358438539534582],[-122.57946029380642,45.35843695132025],[-122.57946339956914,45.358435301756494],[-122.57946637515384,45.358433582508646],[-122.57946919534839,45.358431767023845],[-122.57947183208259,45.358429855803358],[-122.57947429809867,45.358427812615211],[-122.57947669676309,45.358425671617773],[-122.57947900223421,45.358423424271372],[-122.57948122824095,45.358421097334229],[-122.57948332374652,45.35841869171783],[-122.57948528910637,45.358416217317014],[-122.57948709938411,45.358413690779194],[-122.57948872941679,45.358411122454974],[-122.57949016644524,45.358408512572247],[-122.57949139871246,45.358405889244395],[-122.57949238755279,45.358403242360751],[-122.57949312124154,45.358400600934168],[-122.57949364918392,45.358397954181136],[-122.57949408840918,45.358395290110238],[-122.57949443738265,45.35839260154799],[-122.57949470915445,45.358389896362397],[-122.57949489128869,45.3583871837766],[-122.5794950478393,45.358381698407022],[-122.57949494922147,45.358376182490396],[-122.57949463112868,45.358370634489141],[-122.579493815992,45.358362304122181],[-122.57949273359156,45.358353997430768],[-122.57949108247347,45.358343045570358],[-122.57949060080719,45.358340335838847],[-122.57949003014998,45.358337636697826],[-122.57948864545862,45.358332251763628],[-122.5794870075064,45.358326889354814],[-122.57948520273249,45.358321538926511],[-122.57948040057737,45.358308204943462],[-122.57947857028631,45.358302854970759],[-122.57947514067853,45.358292151800185],[-122.57946723998273,45.358268089830574],[-122.57946476280719,45.358260051078908],[-122.57946247637322,45.358251990918362],[-122.57946039406946,45.358243891107563],[-122.57945775227158,45.358233082955024],[-122.57945523709658,45.358222245537611],[-122.57945344568658,45.358214104526901],[-122.57945122332715,45.35820324387749],[-122.57944968645481,45.358195080318502],[-122.57944873396545,45.358189642658999],[-122.57944699548571,45.35817874636416],[-122.57944649944764,45.358175991883492],[-122.57944533796434,45.358170422939878],[-122.57944275656649,45.358159163652616],[-122.57944158101493,45.358153522951341],[-122.57944063546822,45.358147923147804],[-122.57944030432985,45.358145138718676],[-122.57944006219917,45.35814237970321],[-122.57943994990548,45.358139645372248],[-122.57943997893189,45.358136935520697],[-122.57944014956931,45.358134258244327],[-122.57944050015979,45.358131614658554],[-122.57944101695921,45.358129013109938],[-122.57944174076435,45.358126451969667],[-122.57944268312303,45.358123932831752],[-122.57944381877557,45.358121463348169],[-122.57944512129878,45.358119018787754],[-122.57944659062787,45.358116597351454],[-122.57944820163247,45.358114210289386],[-122.57944994116551,45.358111847035019],[-122.5794518089362,45.358109499492542],[-122.57945379283176,45.358107185880463],[-122.57945587912337,45.358104879440731],[-122.57945806848979,45.358102599063457],[-122.579460335025,45.358100334410068],[-122.57946266600202,45.358098086607846],[-122.57946753339451,45.358093623338668],[-122.57947255678778,45.358089202288674],[-122.57948781904706,45.35807606172208],[-122.57949269062074,45.35807167938701],[-122.57949736891682,45.358067283401567],[-122.57950217800332,45.358062974190943],[-122.5795096725619,45.358056653875444],[-122.57952495999932,45.358044178935714],[-122.57952993818267,45.358039956714777],[-122.57953476070237,45.358035666165087],[-122.57953710669565,45.358033481100776],[-122.57954398896234,45.358026820675455],[-122.57955577496146,45.35801567832511],[-122.57956039768645,45.358011157313889],[-122.57956263804938,45.358008875123438],[-122.57956695096684,45.358004259733065],[-122.57956901043907,45.35800191776557],[-122.57957097998326,45.357999560302133],[-122.57957285888833,45.357997167553037],[-122.57957463475066,45.357994749640994],[-122.57957629448798,45.357992297798539],[-122.57957783813261,45.357989812925318],[-122.57957924042499,45.357987302673209],[-122.57958051350997,45.3579847497234],[-122.57958285330375,45.357979585402028],[-122.57958394585394,45.357976982570079],[-122.57958598800276,45.357971742554902],[-122.57958695163639,45.357969105120958],[-122.57958875005187,45.357963797450061],[-122.57959118832363,45.357955760016083],[-122.5795933959442,45.357947663693857],[-122.57959544723981,45.357939516157018],[-122.57960070252996,45.357917708918549],[-122.57960281886241,45.357909559319673],[-122.57960511419405,45.357901452429275],[-122.57960766856856,45.357893412920838],[-122.57960956777646,45.357888103449127],[-122.57961056936162,45.357885456335879],[-122.5796127403715,45.357880214018216],[-122.57961389639058,45.357877601051079],[-122.57961638863949,45.357872416003367],[-122.57961771051103,45.357869835178228],[-122.5796205112397,45.357864707628323],[-122.5796219757063,45.357862151259447],[-122.57962502111928,45.357857082346818],[-122.57962823398363,45.35785205454858],[-122.57963157608664,45.357847070347553],[-122.57963503431367,45.357842120076711],[-122.57963859651983,45.357837221055064],[-122.5796422359757,45.357832375560236],[-122.57964595484519,45.357827572752242],[-122.57964789850658,45.357825205848251],[-122.57964992096792,45.357822864540012],[-122.57965202035611,45.357820567763397],[-122.57965639963379,45.357816023192399],[-122.57966096044684,45.357811556388683],[-122.57967268617247,45.35780051501299],[-122.57967729994168,45.357796065264885],[-122.57968174430381,45.357791555534689],[-122.57968595580201,45.357786960852742],[-122.57968795146641,45.357784620022443],[-122.57968985652424,45.357782244805996],[-122.57969343377624,45.357777409421537],[-122.57969686773643,45.357772494686266],[-122.57970179203038,45.357765033019938],[-122.57970491367945,45.357759989746349],[-122.57970790736482,45.357754902852683],[-122.57971219741124,45.357747200483693],[-122.57971490751919,45.357742038545226],[-122.57971750022639,45.357736842699232],[-122.57971999149015,45.357731630662933],[-122.57972236759882,45.357726411682378],[-122.57972464131146,45.357721185529698],[-122.57972566777714,45.357718555972831],[-122.57972660526796,45.357715901902083],[-122.57972742724846,45.357713230992196],[-122.57972885275393,45.357707849869236],[-122.57973004534867,45.357702417999811],[-122.5797321488517,45.357691496284581],[-122.579733252471,45.357686039901125],[-122.57973453597725,45.357680615408782],[-122.57973527951256,45.357677928797919],[-122.57973610116885,45.357675248892605],[-122.57973702557619,45.357672586054257],[-122.57973999173475,45.357664637298164],[-122.57974208263168,45.35765933340037],[-122.57974536876665,45.357651406831948],[-122.57974769123231,45.35764615190422],[-122.57975013080683,45.357640922787994],[-122.57975268650515,45.357635727601895],[-122.57975538449185,45.357630583880756],[-122.57975821168463,45.357625482857095],[-122.5797611801807,45.357620441417019],[-122.57976276208453,45.357617955857087],[-122.57976444699779,45.357615494560378],[-122.57976620911167,45.357613049886815],[-122.57976806186383,45.357610640498748],[-122.57977196095118,45.357605879472167],[-122.57977400731866,45.357603528733172],[-122.57977821717954,45.357598889070722],[-122.57978256929607,45.357594299973641],[-122.57978919145299,45.35758750916046],[-122.57979170457878,45.357585357109052],[-122.57979447579402,45.357583281457345],[-122.57979744065712,45.357581265354249],[-122.57980350215817,45.357577311803929],[-122.5798064293902,45.357575314375012],[-122.57980913810248,45.357573275843826],[-122.57981155012466,45.357571152601302],[-122.57981357582042,45.357568937247414],[-122.57981509877469,45.357566587756338],[-122.57981605480451,45.357564094473247],[-122.57981667557647,45.357561509066727],[-122.57981718051509,45.357558897825925],[-122.5798175827675,45.357556271317279],[-122.57981789473692,45.357553619418042],[-122.57981810238861,45.357550942378857],[-122.57981828860977,45.357545537485876],[-122.57981826593561,45.357542810554357],[-122.57981806458704,45.357537314472431],[-122.57981745355954,45.357528980457509],[-122.57981585798568,45.357512185883245],[-122.57981529637837,45.357503805979846],[-122.57981514412648,45.357498255014079],[-122.57981515843645,45.357495491417438],[-122.5798152499468,45.357492744443945],[-122.5798154170262,45.35749000422156],[-122.57981568813226,45.357487281043269],[-122.57981619019314,45.357484589743841],[-122.57981690977107,45.357481911661047],[-122.57981782141256,45.357479249049725],[-122.57981885998224,45.357476601273142],[-122.57982351832158,45.357466038967253],[-122.5798245964759,45.357463391383632],[-122.57982553327921,45.357460718421514],[-122.57982631540767,45.35745804012133],[-122.57982690577857,45.357455319340907],[-122.57982731593964,45.357452557674101],[-122.57982761029999,45.357449771072545],[-122.57982831111788,45.357438542269115],[-122.57982856657183,45.35743577436471],[-122.57982892631097,45.35743303070069],[-122.5798294411298,45.357430339173263],[-122.57983013683717,45.357427707422325],[-122.57983106443666,45.357425133636703],[-122.57983225048062,45.357422646145665],[-122.57983382121826,45.357420240893738],[-122.57983578083288,45.357417927707431],[-122.57983806170182,45.35741570779463],[-122.57984061374179,45.357413573048902],[-122.5798433600757,45.357411515842308],[-122.57984626210323,45.357409527863418],[-122.57984925635296,45.357407619246999],[-122.57985525323977,45.357403999888604],[-122.57985824151886,45.357402280401928],[-122.57986132264938,45.357400622264343],[-122.57986446791502,45.357399007986551],[-122.57986769327323,45.357397455285692],[-122.57987096997532,45.357395945773007],[-122.57987431404328,45.357394498964702],[-122.57987768364626,45.357393087704615],[-122.57988109474152,45.35739172970991],[-122.57988798426754,45.357389146633864],[-122.57989494343929,45.357386725233397],[-122.57989847680007,45.357385572079572],[-122.57990564816426,45.357383371015572],[-122.57990927536345,45.357382342200651],[-122.57991294150318,45.357381366696707],[-122.57991662361749,45.357380444913908],[-122.579920320398,45.357379575975578],[-122.57992404499173,45.357378770448165],[-122.57992778493059,45.357378036655369],[-122.57993152617983,45.357377374847971],[-122.57993535104559,45.357376872666585],[-122.57993923215219,45.357376514398311],[-122.57994315669097,45.357376263367307],[-122.57995896342041,45.357375580442472],[-122.57996284772734,45.357375311227237],[-122.57996667682789,45.357374926883722],[-122.57997041111958,45.357374391214933],[-122.57997406239141,45.357373677006834],[-122.57997765486823,45.357372747822332],[-122.57998126508858,45.357371637398337],[-122.57998485771536,45.357370357167547],[-122.57998836669293,45.357368916410941],[-122.5799917569427,45.357367333757495],[-122.57999494903588,45.357365601625034],[-122.57999789382677,45.357363737993651],[-122.58000054194329,45.357361754546758],[-122.58000282736228,45.357359661464891],[-122.58000482720209,45.357357437567991],[-122.58000664356675,45.35735508193212],[-122.58000828986185,45.357352612319957],[-122.58000976676638,45.357350047621836],[-122.5800110876212,45.357347403801306],[-122.58001225186172,45.357344700670993],[-122.58001327570395,45.357341963144307],[-122.58001417101895,45.357339201810433],[-122.58001492562968,45.357336433089031],[-122.58001555205388,45.357333685559965],[-122.58001607894312,45.357330974913381],[-122.58001650411636,45.357328275985182],[-122.58001722396344,45.357322799450088],[-122.58001747937546,45.357320030645631],[-122.58001778737959,45.357314462455797],[-122.58001782622777,45.357311671417001],[-122.58001776169608,45.357308881324862],[-122.58001760948333,45.357306102700448],[-122.5800173555223,45.357303334894809],[-122.58001698610153,45.357300587154079],[-122.58001650409601,45.35729786842797],[-122.58001589547099,45.35729517896722],[-122.58001516022648,45.35729251877185],[-122.58001428465096,45.357289897087952],[-122.58001320785716,45.357287324904391],[-122.58001192785792,45.357284782454293],[-122.58001047020353,45.357282270181258],[-122.58000887317077,45.357279787401573],[-122.58000714795175,45.357277325814195],[-122.58000534806939,45.357274882662743],[-122.57999772660862,45.357265128395625],[-122.57999408730797,45.35726020769431],[-122.57999238755838,45.357257708747127],[-122.579990827543,45.357255190201514],[-122.57998941835689,45.357252641057912],[-122.57998896465874,45.357251740050728],[-122.57998679198111,45.357247485334035],[-122.57998425270483,45.357242301950905],[-122.57998181609749,45.357237097831252],[-122.57997945350743,45.357231857284887],[-122.5799771811506,45.357226605225271],[-122.57997499618411,45.357221333602162],[-122.57997081732812,45.357210742836955],[-122.5799688364884,45.357205431562683],[-122.57996596605734,45.357197463750062],[-122.57996417595581,45.357192131065979],[-122.57996333639784,45.357189445730398],[-122.57996179921216,45.357184045520363],[-122.57996109935598,45.35718133968679],[-122.57995985465598,45.357175907248276],[-122.57995930885967,45.35717318966141],[-122.57995838153381,45.357167742552051],[-122.57995801403909,45.357165012778829],[-122.5799566609985,45.357153830564542],[-122.57995637669109,45.357150964288486],[-122.5799562088131,45.357148104933636],[-122.57995616949418,45.357145270285486],[-122.57995632378974,45.357142494286165],[-122.57995669600619,45.357139778301764],[-122.57995732823304,45.357137156684686],[-122.57995825808527,45.357134645865024],[-122.57995955006866,45.357132264492968],[-122.57996135884189,45.357130053010813],[-122.57996368379072,45.357127994327541],[-122.57996639698541,45.357126045722829],[-122.57996939347953,45.357124200070388],[-122.57997259637911,45.357122413738409],[-122.57997917251993,45.357118927142004],[-122.57998235087099,45.357117168251584],[-122.57998827181261,45.357113568244053],[-122.57999432422214,45.357110073900884],[-122.58000976694618,45.357101538598599],[-122.58001585924633,45.35709808854719],[-122.58002178180043,45.357094533514591],[-122.58002465134875,45.357092708130828],[-122.58002744240366,45.357090830142496],[-122.58003015688763,45.357088917517657],[-122.58003276543795,45.357086934776341],[-122.58003526933038,45.35708488189578],[-122.58003765418961,45.357082714127195],[-122.58003992033885,45.357080440465971],[-122.58004203014809,45.357078079586564],[-122.58004400981405,45.357075649923402],[-122.58004582131869,45.357073159356496],[-122.5800474780998,45.357070626548158],[-122.58004894191315,45.357068053081726],[-122.58005023885853,45.357065454692972],[-122.58005133169374,45.357062860850796],[-122.58005226914402,45.357060241881058],[-122.58005310453802,45.357057589630301],[-122.58005384961741,45.357054911089541],[-122.58005449136472,45.35705219929045],[-122.58005504344408,45.357049479192113],[-122.58005551675654,45.357046734397755],[-122.5800562477388,45.357041212657016],[-122.58005670850604,45.35703566784025],[-122.58005696708589,45.357030145537948],[-122.5800570470262,45.357024661531405],[-122.58005692259324,45.357021945418062],[-122.58005650470594,45.357019234547394],[-122.5800558702409,45.357016536547015],[-122.58005509382903,45.357013832081456],[-122.58005336493294,45.357008426295884],[-122.58005257703827,45.35700572203546],[-122.58005191545662,45.357003015518359],[-122.58005148448746,45.357000295880226],[-122.58005029092847,45.356986482491429],[-122.58004994662571,45.356980916952914],[-122.58004987093322,45.356978136060903],[-122.58004988490848,45.356975363468131],[-122.58004998788989,45.356972616288587],[-122.58005022005925,45.356969875802179],[-122.58005058107818,45.356967168118175],[-122.58005108312372,45.356964476817019],[-122.58005175265107,45.356961827529339],[-122.58005261322312,45.356959200931811],[-122.58005370670283,45.356956625080159],[-122.58005501834418,45.356954080435258],[-122.58005650993518,45.356951569480081],[-122.58005815557004,45.356949081876074],[-122.58005992944015,45.356946609983282],[-122.58006179359208,45.356944163480897],[-122.58006956984883,45.356934390662644],[-122.58007143367661,45.356931935164766],[-122.5800732072546,45.356929455175909],[-122.58007485256482,45.356926958576302],[-122.58007633071647,45.356924428958571],[-122.58007762930623,45.356921876445554],[-122.58007872050599,45.356919272730785],[-122.58007956930223,45.356916638242382],[-122.58008032778409,45.356913977463982],[-122.5800817034949,45.356908633227626],[-122.58008232033585,45.35690593897526],[-122.58008341181227,45.356900536809029],[-122.58008477273022,45.356892365586837],[-122.58008581368908,45.356884137072988],[-122.58008660966027,45.356875876931539],[-122.58008720051967,45.356867593451085],[-122.58008776772243,45.356856556052207],[-122.58008840470467,45.356840071732222],[-122.58008843396208,45.356834598531755],[-122.58008829827467,45.356829118376929],[-122.58008799483225,45.356823624116977],[-122.5800875526418,45.356818141336973],[-122.58008698158716,45.356812660859141],[-122.58008595336669,45.356804442308764],[-122.58008476123648,45.356796245589003],[-122.58008341569466,45.356788078613313],[-122.58008233590388,45.356782652229846],[-122.58008046981975,45.356774530558347],[-122.58007841172449,45.356766430319354],[-122.58007411694433,45.356750233931976],[-122.58007210956274,45.356742123785693],[-122.58007045779485,45.356733926276128],[-122.58006795138901,45.356720208349181],[-122.58006682054834,45.35671474687301],[-122.5800661841637,45.356712030904369],[-122.58006474937497,45.356706637866139],[-122.58006392450069,45.356703970270523],[-122.58006302244426,45.356701322056061],[-122.58006202024001,45.356698693632978],[-122.58006091693518,45.356696094019398],[-122.58005969948009,45.356693515347544],[-122.58005698479896,45.356688424209551],[-122.5800555395931,45.356685902713053],[-122.58005250983712,45.356680890112898],[-122.58005092430209,45.356678407127838],[-122.58004764131054,45.356673453058391],[-122.58004245640143,45.35666609366487],[-122.58003705751862,45.356658783999457],[-122.58002027491359,45.356636962681911],[-122.58001478573981,45.356629662729524],[-122.58000948728549,45.356622305363032],[-122.58000610127769,45.35661736213391],[-122.58000448988821,45.356614834604486],[-122.58000294038533,45.356612252862867],[-122.57999998861891,45.356606958933376],[-122.57999718706384,45.356601546205859],[-122.57999038067769,45.356587896994334],[-122.57998756862871,45.356582547461855],[-122.57998610583765,45.356579927266331],[-122.57998459522716,45.356577361931805],[-122.57998303519813,45.356574842485664],[-122.57998141399398,45.356572397041418],[-122.579979718468,45.35657001503256],[-122.57997794805556,45.356567716271719],[-122.57997608004941,45.35656550836535],[-122.57997412599717,45.356563392907418],[-122.57997206063997,45.356561377550044],[-122.57996989712441,45.356559472859658],[-122.57996751167761,45.35655778726067],[-122.57996455083006,45.35655675192028],[-122.57996108564063,45.35655628365879],[-122.57995721623759,45.356556255572031],[-122.57995303850124,45.356556529130053],[-122.57994424846493,45.356557417950256],[-122.57993985609204,45.356557758350014],[-122.57993559504607,45.356557845272349],[-122.57993160108292,45.356557548476317],[-122.57992794466266,45.356556732586569],[-122.57992448428351,45.356555652162257],[-122.57992104555997,45.356554499342067],[-122.57991763009112,45.356553283098513],[-122.5799142630713,45.35655199398046],[-122.57991090814656,45.356550650639541],[-122.57990758860603,45.356549261660838],[-122.57990098295258,45.356546348089267],[-122.57989120114979,45.356541736938695],[-122.57987170375887,45.356532296525344],[-122.57986514589426,45.356529256082453],[-122.57985851505092,45.35652635195968],[-122.57985503126535,45.356525010919086],[-122.5798513102183,45.356523782130168],[-122.57983968121232,45.356520348014925],[-122.57983592223006,45.356519164908732],[-122.57983237723774,45.356517896969827],[-122.57982910873608,45.356516507077146],[-122.57982621750222,45.356514957426199],[-122.57982380558923,45.356513210189384],[-122.57982191983164,45.35651121862449],[-122.57982055896878,45.356508947649679],[-122.57981967584259,45.356506435012008],[-122.57981919446721,45.356503733375099],[-122.57981906519743,45.356500882330685],[-122.57981921243538,45.356497945336862],[-122.57981957623201,45.356494959468961],[-122.579820093748,45.356491987957277],[-122.57982071435347,45.356489078511906],[-122.57982205935593,45.356483589908287],[-122.57982292026972,45.356480937202562],[-122.57982396042031,45.356478298397107],[-122.57982512723827,45.356475667230207],[-122.57982775846118,45.356470443685787],[-122.57983334081217,45.356460016985395],[-122.57983463710703,45.356457400607518],[-122.5798358170061,45.356454778207876],[-122.57983686991442,45.356452139174415],[-122.5798377563446,45.356449486012671],[-122.57983845106996,45.356446827274326],[-122.57983892757096,45.356444135529671],[-122.5798391996408,45.356441439335903],[-122.57983987063973,45.356433253436158],[-122.57984023100151,45.356427756318091],[-122.57984050232569,45.35642223288707],[-122.57984068212518,45.356416684987771],[-122.57984072212582,45.35640834833972],[-122.57983808179927,45.356377970833023],[-122.57983702787995,45.356372552985704],[-122.57983643203178,45.356369863294816],[-122.57983504864833,45.356364514340619],[-122.57983346498733,45.356359240973042],[-122.57983251451327,45.356356630526086],[-122.57983143611338,45.35635404846753],[-122.57983021928993,45.356351486883945],[-122.57982890104321,45.356348945114341],[-122.5798274686468,45.356346424286222],[-122.57982593351903,45.356343922395311],[-122.5798226374837,45.356338959551245],[-122.5798208880267,45.35633649749343],[-122.57981722265266,45.35633159525355],[-122.57980767359287,45.356319391097472],[-122.57980390742702,45.356314490657653],[-122.57980030615552,45.356309560268841],[-122.57979693164954,45.356304580823526],[-122.57979537163607,45.356302061374514],[-122.57979388785179,45.356299531562691],[-122.57979251668289,45.356296973635899],[-122.5797912481809,45.356294394972821],[-122.57978900301167,45.356289187427883],[-122.57978702256067,45.356283921147508],[-122.57978610874967,45.356281265039598],[-122.57978444628026,45.356275930071192],[-122.57978224854469,45.356267850322652],[-122.57978032956198,45.356259711587917],[-122.57977624911902,45.35624063010134],[-122.57977439328511,45.356232472236137],[-122.57977304719989,45.356227059606951],[-122.57977083606252,45.356218962095205],[-122.57977016205045,45.356216228794523],[-122.57976955023284,45.356213485381758],[-122.57976842895636,45.356207933719929],[-122.5797659505767,45.356193927248086],[-122.57976489180145,45.356188338465259],[-122.57976371853843,45.356182796733115],[-122.5797630438806,45.35618004544164],[-122.57976153033543,45.356174626802414],[-122.5797606672389,45.356171960787208],[-122.57975971576907,45.356169322453795],[-122.57975867628139,45.356166721697143],[-122.57975752198273,45.356164158995817],[-122.57975626818349,45.356161634076315],[-122.57975488844595,45.356159157312092],[-122.57975338270556,45.356156726904153],[-122.57975175099462,45.356154343751932],[-122.57974996719875,45.356152027224347],[-122.57974804559386,45.356149748262744],[-122.57974602356821,45.356147517000629],[-122.57974388829842,45.356145331866763],[-122.5797416650433,45.356143185209142],[-122.57973932822077,45.356141075684455],[-122.57973692860709,45.356138995184814],[-122.57973442789378,45.356136943494377],[-122.57973186464787,45.356134928025291],[-122.57972653634492,45.356130965499865],[-122.57972378401432,45.356129017316057],[-122.57971814059191,45.356125167532426],[-122.57970941734925,45.356119493328848],[-122.57969167932643,45.356108203233923],[-122.57968299142341,45.356102446487],[-122.57967739616419,45.356098515731155],[-122.57967466770553,45.356096521214155],[-122.57966939900135,45.356092440607064],[-122.57966687177297,45.356090361485407],[-122.57966199117153,45.356086102924408],[-122.579654834621,45.356079616734945],[-122.57965015487835,45.356075227669962],[-122.57964325916849,45.356068574800553],[-122.57963874173481,45.356064083823625],[-122.57963212279017,45.356057281092028],[-122.57962565279854,45.356050395589541],[-122.57961934768444,45.356043444133896],[-122.57961323005779,45.356036416419975],[-122.57960727766408,45.3560293326478],[-122.57960150096889,45.356022199831372],[-122.57959592742698,45.356015000378171],[-122.57959232877768,45.356010141944871],[-122.5795871057099,45.356002783212261],[-122.57958208419616,45.355995348870373],[-122.57957722726871,45.355987840479642],[-122.57957254603933,45.355980283044815],[-122.57956801594344,45.355972668003567],[-122.57956362653242,45.355965024346006],[-122.5795579673949,45.355954802944531],[-122.57955110256708,45.355941973851543],[-122.57954570745461,45.355931638820067],[-122.57954048837934,45.355921228635154],[-122.57953675468502,45.355913393242275],[-122.57953436631644,45.355908143244186],[-122.57953208097001,45.355902882404877],[-122.57952990856185,45.355897602446205],[-122.57952786466076,45.355892310290912],[-122.57952594674738,45.355887006884217],[-122.57952417016429,45.355881692852172],[-122.57952255781237,45.35587636598553],[-122.57952182228536,45.3558736967898],[-122.57952113746973,45.355871017687143],[-122.57952054164136,45.355868327993974],[-122.57952002044259,45.355865618965609],[-122.57951918376529,45.355860170231111],[-122.57951861245073,45.3558546807525],[-122.57951840987766,45.355851921027501],[-122.5795181948028,45.355846397282583],[-122.57951817052744,45.355843625371925],[-122.57951827540325,45.355838087811314],[-122.57951837772917,45.3558353217404],[-122.57951873874717,45.35582980660817],[-122.57951923977141,45.355824315078543],[-122.57951985822433,45.355818858356038],[-122.57952029519855,45.35581613221364],[-122.57952089735609,45.355813384218528],[-122.57952165072693,45.355810616420484],[-122.57952253292758,45.355807845421218],[-122.57952352934156,45.355805055279887],[-122.57952461503341,45.355802262643863],[-122.57952697655259,45.35579667487572],[-122.57953184314961,45.355785550781917],[-122.57953403087812,45.355780065130027],[-122.57953497913327,45.355777355958637],[-122.57953582632143,45.35577467649594],[-122.57953651977668,45.35577201778127],[-122.5795370623418,45.355769387864918],[-122.57953741485288,45.35576679824775],[-122.57953757727761,45.355764248030212],[-122.57953751134031,45.355761737895975],[-122.57953720424992,45.355759267173369],[-122.57953662963368,45.355756848034922],[-122.57953573826545,45.355754460657288],[-122.57953450273811,45.355752088427799],[-122.57953294856884,45.355749730890807],[-122.5795310891952,45.355747406708545],[-122.57952896250501,45.355745104402928],[-122.57952659504997,45.355742852303308],[-122.57952399955623,45.355740649282303],[-122.57952120055616,45.355738503002648],[-122.5795182389419,45.355736414534206],[-122.57951512648719,45.355734391767683],[-122.57951190211413,45.355732452010116],[-122.57950857858147,45.35573059503362],[-122.57950518172953,45.355728829377789],[-122.57950173739877,45.355727163582145],[-122.57949828386496,45.355725596963069],[-122.5794948230504,45.355724147488452],[-122.57949140343774,45.355722814292427],[-122.57948459878003,45.355720399313945],[-122.57947767298407,45.355718130516564],[-122.57947417311188,45.35571705078484],[-122.57946708824237,45.355714973851441],[-122.57945990518311,45.355713006684844],[-122.5794489768095,45.355710235102642],[-122.57944159704761,45.355708478473808],[-122.57943043527979,45.355705962189631],[-122.57941917598437,45.355703538557513],[-122.57938900501294,45.355697199659296],[-122.57937399651455,45.35569389876612],[-122.57936655361037,45.355692161262539],[-122.5793591722373,45.355690359651739],[-122.57935183866714,45.35568846717554],[-122.5793445908848,45.355686475054597],[-122.57934100332278,45.355685441890628],[-122.57933385208347,45.35568329412569],[-122.57932316964295,45.355679905163477],[-122.57931256780464,45.355676307735116],[-122.57930558193722,45.355673787969209],[-122.57929866779106,45.355671167909691],[-122.57929524913874,45.355669825689716],[-122.5792884822793,45.355667040979071],[-122.5792818407273,45.355664155017848],[-122.57927856873214,45.355662666160384],[-122.5792721366609,45.355659605436294],[-122.57926587868604,45.355656415587021],[-122.57925350483667,45.355649691307264],[-122.57924719562885,45.355646141427158],[-122.57924405202252,45.355644317234457],[-122.57923786332424,45.355640568077227],[-122.5792348437494,45.35563864265697],[-122.57923189943361,45.355636679888114],[-122.5792290427799,45.35563466964804],[-122.57922627449929,45.355632631726344],[-122.57922361943034,45.355630546777277],[-122.57922108937876,45.355628423591028],[-122.57921871205806,45.355626251771469],[-122.57921647382156,45.355624042363665],[-122.57921441255721,45.355621783889674],[-122.57921254108817,45.355619477920669],[-122.579210859673,45.35561713165302],[-122.57920939321478,45.355614727539852],[-122.57920687459442,45.355609759795847],[-122.57920447607823,45.355604545976675],[-122.57920334379311,45.355601848759953],[-122.57920117575007,45.355596333787943],[-122.57919921943254,45.355590671016827],[-122.57919747773218,45.355584905400747],[-122.57919600042406,45.355579072055193],[-122.57919536941853,45.355576148959436],[-122.57919481591708,45.355573215478429],[-122.57919435204889,45.355570289397846],[-122.57919396410263,45.355567379963645],[-122.57919366706541,45.355564477907066],[-122.57919346030765,45.355561601241646],[-122.57919334255359,45.355558749990081],[-122.57919334187197,45.355555923651131],[-122.57919344487472,45.355553140466185],[-122.5791936512063,45.355550390540301],[-122.57919396030189,45.355547693686049],[-122.57919439987475,45.355545039507263],[-122.57919496926303,45.355542445117891],[-122.57919564301424,45.355539912772706],[-122.57919645969497,45.355537449883983],[-122.57919740651424,45.355535055780031],[-122.57919849661842,45.355532741027375],[-122.57919975481363,45.355530485380619],[-122.57920128255435,45.355528269925792],[-122.57920306679118,45.355526086794846],[-122.57920508194228,45.355523934644538],[-122.57920734144486,45.355521832137114],[-122.5792097936183,45.355519762193346],[-122.57921245282022,45.355517733557853],[-122.57921529130491,45.355515755727332],[-122.57921828450792,45.355513820139272],[-122.5792214330756,45.355511944784332],[-122.57922471244358,45.355510121100124],[-122.5792280945106,45.355508348688367],[-122.57923159369898,45.355506638092834],[-122.57923517329971,45.355504998070039],[-122.57923881735617,45.35550341090272],[-122.57924252935732,45.355501902631865],[-122.57924626789402,45.35550045779496],[-122.57925003580897,45.355499084442158],[-122.57925380535643,45.355497792070203],[-122.57925756629727,45.355496579961738],[-122.57926130433862,45.355495441171193],[-122.57926500606008,45.355494393040331],[-122.57926864814075,45.355493426084465],[-122.57927221661095,45.355492542353204],[-122.57927575068349,45.355491767249589],[-122.57927932723298,45.355491108401864],[-122.57928295806522,45.355490574600204],[-122.57928663164844,45.355490129146006],[-122.57929036049941,45.355489800619324],[-122.57929413181051,45.355489552344274],[-122.57929794335321,45.355489393361779],[-122.57930179575702,45.355489305658352],[-122.57930567623104,45.355489288562374],[-122.57931352025874,45.355489434708787],[-122.57931748408643,45.355489570042863],[-122.57932545195807,45.355489965107914],[-122.57934551822153,45.355491230535115],[-122.57935352663161,45.355491687882107],[-122.57936148079109,45.355492021081872],[-122.57936542958272,45.355492128779403],[-122.57936936370901,45.355492183632094],[-122.57938105944551,45.355492187173816],[-122.57938890250421,45.35549230632909],[-122.57940461861432,45.355492633213544],[-122.57941246067124,45.355492724481728],[-122.57941636861712,45.355492725793709],[-122.57942416464157,45.355492601856376],[-122.57942802786475,45.355492459948842],[-122.57943188914861,45.355492264069063],[-122.57943573508834,45.355491996454305],[-122.57943955289295,45.355491656432882],[-122.57944334198069,45.355491227813097],[-122.57944712815952,45.355490718235075],[-122.57945466979622,45.355489554709365],[-122.57946224553893,45.355488274459525],[-122.57946980236646,45.355486858630194],[-122.57947359257666,45.355486105949097],[-122.5794811184072,45.355484502549174],[-122.57948861321034,45.355482781788304],[-122.57949233380947,45.355481868329811],[-122.57949972070871,45.355479951470826],[-122.57950702528761,45.355477910966144],[-122.57951062556452,45.355476846637039],[-122.57951775746167,45.355474619292352],[-122.57952475728008,45.355472269190749],[-122.57952821171759,45.355471054446909],[-122.57953161251976,45.355469803756378],[-122.57953496165645,45.355468500881933],[-122.57953821665188,45.355467100676634],[-122.5795413921699,45.35546558487615],[-122.57954447354662,45.355463971744811],[-122.57954748917409,45.355462269776602],[-122.57955044990565,45.355460496779834],[-122.57955334425847,45.355458652959605],[-122.57955902732274,45.355454832189103],[-122.57957017898632,45.355446942446584],[-122.57957580712024,45.355443049747258],[-122.57957866285547,45.355441161610571],[-122.57959704815764,45.355413553523029],[-122.57802803668942,45.355376338175077],[-122.57718863750543,45.355342304183701],[-122.5763809873995,45.355309542270518],[-122.57640753958252,45.354639924181569],[-122.57643934949525,45.353837184548333],[-122.57569347463389,45.353806493827186],[-122.57495739547893,45.35377620613086],[-122.57496068449453,45.352971886053489],[-122.57496653673547,45.351540564702617],[-122.57400094821342,45.351545475107493],[-122.57400064202852,45.351545480562166],[-122.57340146717635,45.351544741679874],[-122.57248376758082,45.351543524543821],[-122.57144140999658,45.351542132084042],[-122.57139886973269,45.351751639243211],[-122.5713101066475,45.352188740976104],[-122.57125497190633,45.352460251193811],[-122.57118439870618,45.352807784826901],[-122.57112852772894,45.353082905718026],[-122.57108902746251,45.35308382083938],[-122.57107782852985,45.353138962818619],[-122.57092466286413,45.353893213064822],[-122.570963953502,45.35389330986191],[-122.57084264799522,45.354490632116267],[-122.57080653065327,45.354668471069367],[-122.57075984909061,45.354664738706205],[-122.57070510377788,45.355005574957069],[-122.57069535716653,45.355066253679595],[-122.57059701027525,45.355678535365804],[-122.5705969018838,45.355679216876055],[-122.57059679221651,45.355679898409022],[-122.57059668382509,45.355680579919273],[-122.57059657543361,45.355681261429524],[-122.57059646959385,45.355681942894385],[-122.57059636120239,45.355682624404665],[-122.57059625408679,45.355683305892235],[-122.57059614824708,45.355683987357089],[-122.57059604240727,45.355684668821972],[-122.57059593529169,45.355685350309521],[-122.57059583072775,45.355686031751723],[-122.57059572619612,45.355686714093437],[-122.57059562163218,45.355687395535604],[-122.57059551706827,45.355688076977792],[-122.57059541512047,45.355688760173656],[-122.57059531055656,45.355689441615823],[-122.57059520726855,45.355690123035373],[-122.5705951065644,45.355690805308953],[-122.57059500327637,45.355691486728468],[-122.57059490129635,45.355692169024785],[-122.57059480183591,45.355692850376244],[-122.57059470113174,45.355693532649894],[-122.57059459915173,45.355694214946183],[-122.57059450096715,45.355694896274933],[-122.57059440026298,45.35569557854857],[-122.57059430083471,45.355696260799512],[-122.57059420140638,45.355696943050489],[-122.57059410328611,45.355697626178262],[-122.57059400513369,45.355698308406538],[-122.57059390694907,45.355698989735281],[-122.57059381134836,45.355699671918153],[-122.57059371447177,45.355700354123741],[-122.57059361631933,45.355701036351995],[-122.57059352202667,45.355701719411712],[-122.57059342515012,45.355702401617286],[-122.57059333082525,45.35570308377747],[-122.57059323650036,45.355703765937662],[-122.57059314217551,45.355704448097825],[-122.57059304660692,45.355705131180258],[-122.57059295355793,45.355705813317741],[-122.57059286050892,45.355706495455237],[-122.57059276876797,45.355707178469565],[-122.57059267447528,45.355707861529297],[-122.57059258401017,45.355708544520958],[-122.57059249223703,45.355709226635739],[-122.57059240049601,45.355709909650102],[-122.5705923100309,45.355710592641756],[-122.57059221953367,45.355711274733864],[-122.57059212906854,45.355711957725489],[-122.57059203860342,45.355712640717165],[-122.5705919506578,45.355713322763883],[-122.57059186146859,45.35571400573285],[-122.57059177355519,45.3557146886791],[-122.57059168560959,45.355715370725818],[-122.57059159776053,45.355716055471198],[-122.57059150981496,45.355716737517909],[-122.57059142445327,45.355717420418785],[-122.57059133784792,45.35571810424193],[-122.57059125117816,45.355718786265939],[-122.57059116712453,45.35571947004366],[-122.5705910817307,45.355720152045002],[-122.57059099640119,45.35572083584546],[-122.57059091103946,45.355721518746321],[-122.57059082822954,45.3557222016018],[-122.57059074414369,45.355722884480059],[-122.57059066136588,45.355723568235035],[-122.57059057855598,45.355724251090578],[-122.57059049577818,45.35572493484559],[-122.5705904142762,45.355725618577949],[-122.57059033274213,45.355726301410748],[-122.57059025124018,45.3557269851431],[-122.57059016970608,45.355727667975906],[-122.57059009075586,45.355728351662869],[-122.57059001049755,45.355729034472994],[-122.57058993027151,45.355729718182651],[-122.57058985132129,45.355730401869614],[-122.57058977361476,45.355731084634371],[-122.57058969466453,45.355731768321306],[-122.57058961571431,45.355732452008283],[-122.57058953928365,45.355733134750309],[-122.57058946160932,45.355733818414613],[-122.57058938521077,45.35573450205618],[-122.57058931008817,45.355735185675051],[-122.5705892337218,45.355735870216201],[-122.57058915732331,45.355736553857774],[-122.57058908347655,45.355737237453958],[-122.57058900835391,45.355737921072873],[-122.57058893319906,45.355738603792226],[-122.57058885810858,45.355739288310659],[-122.57058878681357,45.355739971861468],[-122.57058871296677,45.355740655457645],[-122.57058863912002,45.355741339053893],[-122.57058856782493,45.355742022604687],[-122.57058849656205,45.355742707055008],[-122.57058842399111,45.355743390628518],[-122.57058835397189,45.355744074156668],[-122.57058828267688,45.355744757707441],[-122.57058821268981,45.35574544213511],[-122.57058814397867,45.355746126540076],[-122.57058807395947,45.355746810068233],[-122.57058800397243,45.355747494495901],[-122.57058793526124,45.355748178900889],[-122.57058786651791,45.355748862406273],[-122.57058777653764,45.355749666003966],[-122.57058764163483,45.355751033868955],[-122.57058750800788,45.355752401711314],[-122.57058737824072,45.355753770385107],[-122.57058724844136,45.355755138159374],[-122.57058711998222,45.355756507710019],[-122.57058699276679,45.35575787633843],[-122.57058686810305,45.355759244921472],[-122.57058674471519,45.355760613481799],[-122.57058662384682,45.355761981097196],[-122.57058650428657,45.355763349589466],[-122.57058638603431,45.355764718958561],[-122.57058626902572,45.355766087405442],[-122.57058615335735,45.35576745762873],[-122.57058604017639,45.355768826007541],[-122.57058592702758,45.355770195285871],[-122.57058581770632,45.35577156449618],[-122.57058570966096,45.355772933683745],[-122.5705856016156,45.355774302871318],[-122.57058549739784,45.355775671990813],[-122.57058539193632,45.355777042032543],[-122.57058529030243,45.355778412006231],[-122.57058518991225,45.355779781057663],[-122.57058509083011,45.355781150985955],[-122.57058499299164,45.355782519991983],[-122.57058489646121,45.355783889874843],[-122.57058480375831,45.355785259689689],[-122.57058471105549,45.35578662950455],[-122.57058461832044,45.3557879984198],[-122.57058452950953,45.355789369965635],[-122.57058444318605,45.355790739666993],[-122.57058435558662,45.355792109391089],[-122.57058427181478,45.355793479047044],[-122.57058418807513,45.355794849602574],[-122.57058410685507,45.35579621921319],[-122.57058402821887,45.355797589677948],[-122.57058394830683,45.355798960165401],[-122.57058387219017,45.355800329685202],[-122.57058379868964,45.355801700958743],[-122.57058372515687,45.355803071332765],[-122.57058365417591,45.355804441661384],[-122.5705835831949,45.355805811989988],[-122.57058351479779,45.35580718317275],[-122.5705834476444,45.355808553433256],[-122.57058338307483,45.355809924547948],[-122.57058331847318,45.355811294763129],[-122.57058325642321,45.355812664932891],[-122.57058319698928,45.35581403685638],[-122.57058313752324,45.355815407880286],[-122.57058307930085,45.355816777982],[-122.57058302493824,45.355818148915148],[-122.57058297185152,45.35581951982563],[-122.57058291876476,45.355820890736098],[-122.57058286819758,45.355822260701643],[-122.57058281769476,45.355823632466297],[-122.57058277098734,45.355825003263284],[-122.57058272686383,45.355826374914486],[-122.57058268143223,45.355827745688799],[-122.57058263855245,45.355829116417723],[-122.57058259825655,45.355830488000841],[-122.57058253799731,45.355831872540463],[-122.57058250152899,45.355833244055539],[-122.57058246375266,45.355834614693698],[-122.5705824298682,45.355835987062854],[-122.57058239719527,45.355837357610312],[-122.57058236583045,45.355838729034552],[-122.57058233574143,45.355840100436126],[-122.57058230820419,45.355841471792324],[-122.5705822806669,45.355842843148487],[-122.57058225695721,45.355844214436601],[-122.57058223193955,45.355845584847884],[-122.57058221081377,45.355846956990142],[-122.57058219220752,45.355848328187527],[-122.57058217229329,45.355849698507974],[-122.57058215627097,45.355851070559517],[-122.57058214021656,45.355852441711477],[-122.57058212674596,45.355853813717609],[-122.57058211579496,45.355855184778804],[-122.57058210487614,45.355856556739546],[-122.57058209520099,45.355857927778047],[-122.57058208935342,45.355859298748527],[-122.57058208350587,45.355860669718922],[-122.57058208024223,45.355862041543524],[-122.5705820769786,45.355863413368112],[-122.57058207623456,45.355864784247821],[-122.57058207807439,45.355866155981637],[-122.57058207988204,45.355867526815935],[-122.57058208430578,45.355868899403916],[-122.57058209121692,45.355870270147456],[-122.57058209688435,45.355871641813224],[-122.57058210634719,45.355873012511339],[-122.57058211584226,45.355874384109022],[-122.57058212916486,45.355875755638628],[-122.57058214376337,45.35587712714554],[-122.57058215708604,45.355878498675189],[-122.57058217547997,45.355879869214476],[-122.57058219390609,45.355881240653311],[-122.57058221360805,45.355882612069479],[-122.57058223586179,45.355883983440258],[-122.57058225814762,45.355885355710548],[-122.57058228419677,45.355886726113717],[-122.57058231155398,45.355888097393745],[-122.57058233891119,45.35588946867373],[-122.57058236882008,45.355890839908362],[-122.57058240128076,45.355892211097611],[-122.57058243374142,45.355893582286853],[-122.57058246875386,45.35589495343072],[-122.5705825050421,45.355896324551878],[-122.57058254388207,45.355897695627689],[-122.57058258272214,45.355899066703472],[-122.57058262283796,45.35590043775656],[-122.57058266678148,45.355901808741613],[-122.57058271203303,45.355903180603441],[-122.57058275725238,45.355904551565771],[-122.57058280629933,45.35590592246006],[-122.57058285407045,45.355907293376973],[-122.5705829056691,45.355908664225865],[-122.57058295854368,45.355910035052069],[-122.57058301141824,45.355911405878253],[-122.57058306812043,45.355912776636345],[-122.57058312609851,45.355914147371777],[-122.57058318280068,45.355915518129891],[-122.57058324460631,45.355916888797239],[-122.57058330637983,45.355918258565062],[-122.57058336946132,45.355919629209737],[-122.57058343637047,45.355920999786314],[-122.57058350203594,45.355922371285111],[-122.57058357149683,45.355923741816305],[-122.57058364223357,45.355925112324812],[-122.57058371297036,45.355926482833347],[-122.5705837875347,45.355927853273769],[-122.57058386082321,45.355929223736915],[-122.57058393921515,45.355930594109282],[-122.57058401760715,45.355931964481634],[-122.57058409599914,45.355933334853994],[-122.57058417949457,45.355934705135603],[-122.57058426295791,45.355936074517679],[-122.57058434645337,45.355937444799274],[-122.57058443377645,45.355938815012806],[-122.57058452106737,45.355940184326798],[-122.57058461094219,45.355941554494933],[-122.57058470209287,45.355942924640424],[-122.57058479324354,45.355944294785857],[-122.57058488822187,45.355945664863242],[-122.57058498575194,45.355947034895266],[-122.57058508197392,45.35594840405038],[-122.57058518205574,45.355949774036986],[-122.57058528210536,45.355951143124074],[-122.57058538470669,45.355952512165793],[-122.57058548989197,45.355953882061613],[-122.5705855950773,45.355955251957482],[-122.57058570278214,45.355956620908394],[-122.57058581176292,45.355957989836654],[-122.57058592201948,45.355959358742197],[-122.57058603358415,45.355960728524607],[-122.57058614766832,45.355962097362038],[-122.57058626302845,45.355963466176846],[-122.57058637963226,45.355964834069397],[-122.57058649757626,45.355966203738326],[-122.57058661803985,45.355967572462369],[-122.57058674108737,45.355968942040519],[-122.57058686410269,45.355970310719201],[-122.57058698966978,45.3559716793524],[-122.57058711520472,45.355973047086145],[-122.57058724332354,45.355974415673998],[-122.57058737399412,45.355975784216497],[-122.5705875046647,45.355977152758967],[-122.57058763785483,45.355978520356565],[-122.5705877736289,45.355979888808285],[-122.57058790809491,45.355981256383167],[-122.5705880476644,45.355982623867256],[-122.57058818599023,45.355983992273615],[-122.57058832683565,45.35598535973503],[-122.57058847026499,45.355986728050631],[-122.57058861366211,45.355988095466664],[-122.57058876088691,45.35598946281462],[-122.57058890938747,45.355990830139916],[-122.57058905788813,45.355992197465191],[-122.57058920894056,45.355993564745063],[-122.57058935999291,45.35599493202497],[-122.57058951356487,45.355996298359948],[-122.57058966972077,45.355997665549062],[-122.57058982718476,45.355999033615056],[-122.57058998589238,45.356000400758766],[-122.57059014711956,45.356001766957597],[-122.57059030834684,45.356003133156428],[-122.57059047215797,45.356004500209409],[-122.57059063852083,45.356005867216979],[-122.57059080357568,45.356007233347746],[-122.57059097245821,45.356008599410409],[-122.57059114261648,45.356009965450404],[-122.57059131529445,45.356011330545485],[-122.5705914880045,45.356012696540098],[-122.57059166199051,45.356014062511989],[-122.57059183980412,45.356015428415816],[-122.57059201761768,45.356016794319686],[-122.57059219667498,45.356018159301264],[-122.57059237831622,45.356019525137015],[-122.57059256123333,45.356020890950099],[-122.57059274539417,45.356022255840955],[-122.57059293210672,45.356023620686429],[-122.57059311881927,45.35602498553186],[-122.57059330808363,45.356026350331966],[-122.57059349993183,45.356027715986201],[-122.57059369171574,45.356029079841335],[-122.57059388608356,45.356030444550655],[-122.57059408172732,45.356031809237258],[-122.57059427989056,45.356033172978968],[-122.57059447805382,45.356034536720692],[-122.57059467880104,45.356035901316538],[-122.57059488079194,45.356037264990171],[-122.57059508536679,45.356038629517926],[-122.57059528987728,45.356039992246629],[-122.57059549700389,45.35604135672903],[-122.57059570534201,45.35604271938967],[-122.5705959149882,45.356044082927141],[-122.57059612849417,45.356045447296111],[-122.57059634065992,45.356046809888646],[-122.57059655540965,45.356048173335353],[-122.57059677271107,45.356049536736684],[-122.57059698998036,45.356050899238483],[-122.57059721107723,45.356052261672168],[-122.57059743217421,45.35605362410589],[-122.57059765454693,45.356054986516945],[-122.57059787947153,45.356056348882582],[-122.57059810563979,45.356057710325999],[-122.57059833311607,45.356059072646275],[-122.57059856311197,45.356060434021579],[-122.5705987944159,45.356061796273764],[-122.57059902696348,45.356063157603735],[-122.57059926206296,45.356064518888296],[-122.57059949591861,45.356065881095091],[-122.57059973481351,45.356067241412063],[-122.57059997246463,45.356068602651256],[-122.57060021394344,45.356069963822364],[-122.57060045666596,45.356071324071259],[-122.57060069938846,45.356072684320139],[-122.5706009446949,45.356074045423178],[-122.57060119252095,45.356075405581286],[-122.57060144034692,45.356076765739409],[-122.57060169069248,45.356078124952596],[-122.57060194237837,45.356079485942203],[-122.57060219655163,45.356080845087348],[-122.57060245200071,45.356082204209756],[-122.57060270748207,45.356083564231717],[-122.57060296675883,45.356084923286083],[-122.57060322603553,45.356086282340449],[-122.5706034865882,45.356087641372113],[-122.57060375096854,45.356089000335672],[-122.57060401407291,45.356090359321982],[-122.5706042809728,45.356091717340647],[-122.57060454914851,45.356093075336588],[-122.57060481735648,45.356094434232098],[-122.5706050893599,45.356095792160033],[-122.57060536260695,45.356097149165706],[-122.5706056358863,45.356098507070918],[-122.57060591171734,45.356099864930727],[-122.57060619010014,45.356101222745181],[-122.57060646845078,45.356102579660096],[-122.57060674935312,45.356103936529607],[-122.57060703025556,45.356105293399111],[-122.57060731498557,45.356106650200623],[-122.57060760099149,45.356108006979348],[-122.57060788696522,45.356109362858568],[-122.57060817679879,45.356110719569237],[-122.57060846660019,45.356112075380373],[-122.5706087576775,45.356113431168843],[-122.57060905130655,45.356114786911895],[-122.57060934621144,45.356116142632246],[-122.57060964239226,45.356117498329937],[-122.57060994109261,45.356118853082727],[-122.57061023982517,45.356120208735014],[-122.57061054107734,45.356121563442379],[-122.57061084488124,45.356122918104397],[-122.57061114865306,45.35612427186684],[-122.57061145500869,45.356125626483475],[-122.5706117626081,45.356126980177841],[-122.57061207151554,45.356128334749044],[-122.57061238294261,45.356129688375354],[-122.57061269564551,45.35613104197899],[-122.57061300962435,45.356132395559904],[-122.57061332612274,45.356133748195909],[-122.57061364137746,45.356135101754127],[-122.57061396170349,45.356136454322069],[-122.57061428075369,45.356137806912692],[-122.57061460366367,45.35613916033477],[-122.57061492778517,45.356140511935045],[-122.57061525318258,45.356141863512697],[-122.57061557988808,45.356143215967151],[-122.57061590783725,45.356144567499378],[-122.5706162383382,45.35614591898625],[-122.57061657011506,45.356147270450379],[-122.57061690316773,45.356148621891869],[-122.57061723746419,45.356149972411096],[-122.57061757434457,45.356151323784466],[-122.57061791119278,45.356152674258311],[-122.57061825056054,45.356154023787241],[-122.57061859251226,45.356155374170321],[-122.57061893443183,45.356156723653868],[-122.57061927893534,45.356158073991558],[-122.57061962465036,45.35615942250751],[-122.57061997170567,45.356160772799846],[-122.57062032124833,45.356162121247664],[-122.57062067082322,45.356163470595078],[-122.57062102419356,45.356164818974875],[-122.57062137759608,45.356166168254127],[-122.57062173224233,45.356167516611251],[-122.570622090684,45.356168864000722],[-122.57062259954061,45.35617077578393],[-122.5706315771524,45.356204388216746],[-122.57064266048246,45.356247968812163],[-122.57065266460117,45.356291680212777],[-122.5706615838877,45.356335508117169],[-122.57066941785685,45.356379439032381],[-122.57067616219581,45.35642345953373],[-122.57068181641935,45.356467556128337],[-122.5706863787663,45.356511715345981],[-122.57068984623187,45.356555924638691],[-122.57069221829862,45.356600169614005],[-122.57069349575706,45.356644436756135],[-122.57069367812197,45.356688712572172],[-122.57069276238842,45.356732984513933],[-122.57069075189889,45.356777239020275],[-122.57068764737944,45.356821460776366],[-122.57068344716554,45.356865639010394],[-122.57067815325945,45.356909758384674],[-122.57067177027923,45.356953805315278],[-122.5706642964961,45.356997767231199],[-122.57065573652841,45.35704163054843],[-122.57064608989081,45.357085381773729],[-122.57063536378587,45.357129008177154],[-122.5706235589399,45.357172494443589],[-122.57061068006789,45.35721582968754],[-122.57059043627348,45.357277411492184],[-122.57053945053875,45.357424173599348],[-122.57053005686741,45.35745226831785],[-122.57052136165483,45.357480473028964],[-122.57051336595254,45.357508781413408],[-122.57050607323517,45.357537183508299],[-122.57049948190607,45.357565670341181],[-122.57049359936423,45.357594234579722],[-122.57048842398069,45.357622866351754],[-122.57048395808307,45.357651559315293],[-122.57048020249779,45.357680300854184],[-122.57047715952017,45.35770908372686],[-122.57047483020195,45.357737901613916],[-122.57047321412583,45.357766742821497],[-122.57047231103536,45.357795600153217],[-122.57047212440533,45.357824463646196],[-122.57047265133107,45.357853323450954],[-122.57047389292856,45.357882175047003],[-122.57047584747251,45.357911005863578],[-122.57047851722606,45.3579398077595],[-122.57048189679701,45.357968572729511],[-122.5704859922763,45.357997292564427],[-122.57049079434744,45.358025956628467],[-122.57049630658176,45.358054557657226],[-122.57050252483064,45.358083086723326],[-122.57050944877338,45.358111534831302],[-122.57051707808904,45.358139892985605],[-122.5705254061095,45.35816815320382],[-122.57053443378973,45.358196306467661],[-122.57054646169556,45.358230701733738],[-122.57056582621877,45.358312035884985],[-122.57057937721675,45.358364698758535],[-122.57068331225173,45.358628603707594],[-122.57070300932061,45.358683933191365],[-122.57087873791924,45.359226659392618],[-122.57087916611195,45.359227992937569],[-122.5708793803049,45.359228662408626],[-122.57087959194592,45.359229331925071],[-122.57087980103513,45.359230001486935],[-122.57088001140023,45.359230671026104],[-122.57088021793754,45.359231340633315],[-122.57088042450708,45.359232011140037],[-122.57088062980061,45.359232681669525],[-122.57088083381824,45.359233352221651],[-122.570881035284,45.359234022819201],[-122.5708812367819,45.359234694316292],[-122.57088143569584,45.359235364959197],[-122.57088163460969,45.359236035602102],[-122.57088182972797,45.359236707212659],[-122.57088202743032,45.359237379677332],[-122.57088221999666,45.359238051333271],[-122.57088241256304,45.359238722989183],[-122.57088260516163,45.359239395544627],[-122.57088279520829,45.359240068145468],[-122.57088298270311,45.359240740791691],[-122.57088317150613,45.359241414314766],[-122.57088335644907,45.359242087006379],[-122.57088354011606,45.359242759720686],[-122.57088372381529,45.359243433334541],[-122.57088390627078,45.359244107870609],[-122.57088408614216,45.359244781552505],[-122.57088426601355,45.359245455234436],[-122.57088444205709,45.359246128984395],[-122.57088461813288,45.35924680363398],[-122.57088479420864,45.359247478283507],[-122.57088496770037,45.359248152078905],[-122.57088513998048,45.359248827696049],[-122.57088530964445,45.359249501559511],[-122.5708854806486,45.359250177199371],[-122.57088564779285,45.359250852007762],[-122.5708858150014,45.359251528615189],[-122.57088598086965,45.359252203446275],[-122.57088614425047,45.359252880121851],[-122.57088630632312,45.359253555920517],[-122.57088646839576,45.359254231719198],[-122.57088662794874,45.359254908462823],[-122.57088678619357,45.359255584329603],[-122.5708869444706,45.359256261095929],[-122.57088710019569,45.359256937907602],[-122.57088725336899,45.359257614764722],[-122.57088740785039,45.359258292498637],[-122.57088755850398,45.359258970300644],[-122.57088770912536,45.359259647203103],[-122.57088785722705,45.359260325050499],[-122.5708880052966,45.359261001998377],[-122.57088815084639,45.359261679891141],[-122.57088829642844,45.359262358683438],[-122.57088844070232,45.359263036598932],[-122.5708885811806,45.359263715481994],[-122.57088872290258,45.359264393442864],[-122.57088886210492,45.359265072348656],[-122.57088900003133,45.359265751277107],[-122.5708891366496,45.359266429328748],[-122.57088927205629,45.359267109202129],[-122.5708894048789,45.359267788221409],[-122.57088953770153,45.359268467240646],[-122.57088967055638,45.359269147159438],[-122.57088979827529,45.35926982626944],[-122.57088992730228,45.35927050625633],[-122.57089005502117,45.359271185366325],[-122.57089017894438,45.359271865443937],[-122.57089030417579,45.359272546398422],[-122.57089042554716,45.359273226521438],[-122.57089054819444,45.359273906621802],[-122.57089066828989,45.359274586767484],[-122.57089078583343,45.359275266958598],[-122.57089090340916,45.35927594804923],[-122.57089101970899,45.359276629162558],[-122.57089113342475,45.359277309421763],[-122.57089124717265,45.359277990580438],[-122.57089135836866,45.359278671784551],[-122.57089146828878,45.359279353011338],[-122.57089157824107,45.359280035137701],[-122.57089168564153,45.35928071730941],[-122.57089179173379,45.359281398604274],[-122.57089189785829,45.359282080798685],[-122.57089200012277,45.359282762161627],[-122.57089210238725,45.359283443524589],[-122.57089220213199,45.359284125832509],[-122.57089230315273,45.359284808117671],[-122.5708924003456,45.359285490470917],[-122.57089249626259,45.3592861728469],[-122.57089259217956,45.359286855222848],[-122.57089268554462,45.359287537644207],[-122.57089277890967,45.359288220065508],[-122.5708928697229,45.359288902532292],[-122.57089295929234,45.359289585921211],[-122.5708930462777,45.359290268456064],[-122.57089313457121,45.359290951867663],[-122.57089321900476,45.359291634447906],[-122.57089330347041,45.359292317927611],[-122.570893386628,45.359293000530542],[-122.57089346854178,45.359293684055636],[-122.57089354790372,45.359294367626156],[-122.57089362723345,45.359295050297106],[-122.57089370407567,45.359295734812562],[-122.57089377957756,45.359296417551619],[-122.57089385383576,45.359297101212874],[-122.57089392685018,45.359297785796393],[-122.57089399855647,45.359298469503074],[-122.57089406771085,45.35929915325513],[-122.57089413814117,45.359299836984476],[-122.57089420477584,45.359300521681455],[-122.57089427010243,45.359301205501588],[-122.57089433542899,45.359301889321735],[-122.57089439947966,45.359302573164548],[-122.57089446097841,45.359303257052773],[-122.57089452250936,45.359303941840516],[-122.5708945814884,45.359304626673669],[-122.57089463919152,45.359305311529489],[-122.57089469558655,45.359305995508457],[-122.57089475073775,45.359306680409667],[-122.57089480330494,45.359307364456761],[-122.57089485462834,45.359308049426048],[-122.57089490719547,45.359308733473156],[-122.57089495596703,45.359309418487832],[-122.5708950034626,45.359310103525218],[-122.57089505095817,45.359310788562574],[-122.5708950959019,45.359311473645342],[-122.57089513956967,45.359312158750839],[-122.5708951832696,45.359312844755792],[-122.57089522438552,45.359313529906629],[-122.57089526294946,45.35931421510287],[-122.57089530278945,45.359314900276409],[-122.57089533880158,45.35931558551804],[-122.57089537350552,45.359316269882832],[-122.57089540951759,45.359316955124442],[-122.57089544170196,45.359317640434156],[-122.57089547261026,45.359318325766544],[-122.57089550224268,45.359319011121627],[-122.57089553059915,45.359319696499405],[-122.5708955589556,45.35932038187719],[-122.57089558348424,45.359321067323044],[-122.57089560928877,45.359321752746219],[-122.57089563126551,45.359322438237463],[-122.57089565324227,45.359323123728707],[-122.57089567394311,45.359323809242667],[-122.57089569336793,45.359324494779287],[-122.57089570896498,45.359325180383991],[-122.57089572711389,45.359325865943333],[-122.57089574143497,45.359326551570753],[-122.57089575448012,45.359327237220846],[-122.57089576752529,45.359327922870953],[-122.57089577674257,45.359328608589124],[-122.57089578595993,45.359329294307315],[-122.57089579390129,45.359329980048166],[-122.57089580056675,45.359330665811761],[-122.57089580468029,45.359331351620682],[-122.57089580751786,45.35933203745239],[-122.57089581163146,45.359332723261332],[-122.57089581188494,45.359333408238797],[-122.57089581089471,45.359334094138532],[-122.57089580990454,45.359334780038274],[-122.57089580636243,45.359335465983364],[-122.57089580154437,45.359336151951183],[-122.57089579541818,45.359336837042171],[-122.57089578804823,45.359337523055366],[-122.57089577809421,45.359338208214425],[-122.57089576941615,45.359338893350774],[-122.57089575694243,45.359339579454733],[-122.57089574319279,45.359340265581395],[-122.57089572941091,45.359340950808537],[-122.57089571435317,45.359341636058367],[-122.57089569546753,45.359342321376239],[-122.57089567789002,45.359343007570999],[-122.57089565900441,45.359343692888913],[-122.57089563629094,45.359344378274919],[-122.57089561360969,45.359345064560436],[-122.57089558962026,45.359345749969073],[-122.57089556435494,45.359346435400461],[-122.57089553653771,45.359347120877246],[-122.5708955087205,45.359347806353973],[-122.57089547835136,45.359348491876133],[-122.57089544795002,45.359349176498732],[-122.57089541502904,45.359349862066281],[-122.57089538210801,45.359350547633845],[-122.57089534535922,45.359351233269408],[-122.57089530857816,45.35935191800553],[-122.57089527182934,45.359352603641106],[-122.57089523118825,45.359353287545758],[-122.57089519061162,45.359353973249455],[-122.57089515000273,45.35935465805359],[-122.57089510556605,45.359355342925802],[-122.57089505985341,45.359356027820773],[-122.57089501414077,45.359356712715666],[-122.57089496590841,45.359357398555545],[-122.57089491636793,45.359358083518551],[-122.57089486551934,45.359358767604725],[-122.57089481470292,45.359359452590411],[-122.57089476133461,45.359360137621522],[-122.57089470665814,45.35936082177578],[-122.5708946507058,45.359361505952741],[-122.57089459347743,45.359362190152353],[-122.5708945337294,45.359362875296931],[-122.57089447394917,45.359363559541926],[-122.57089441161706,45.35936424383236],[-122.57089434928498,45.359364928122758],[-122.57089428567689,45.359365612435873],[-122.57089421948479,45.359366295894802],[-122.57089415077287,45.359366980298688],[-122.57089408206105,45.35936766470256],[-122.57089401331702,45.359368348206921],[-122.5708939420533,45.359369032656183],[-122.5708938682055,45.359369716251315],[-122.57089379563362,45.359370399823732],[-122.57089371923392,45.359371083464232],[-122.57089364283419,45.359371767104726],[-122.57089356515858,45.359372450767935],[-122.57089348362288,45.359373133599661],[-122.57089340339535,45.35937381730826],[-122.5708933218597,45.359374500139985],[-122.57089323777208,45.359375183017157],[-122.57089315240859,45.359375865916974],[-122.57089306452542,45.35937654976167],[-122.57089297785375,45.359377231784656],[-122.57089288869456,45.359377915652111],[-122.5708927969513,45.359378598665394],[-122.57089270645183,45.359379280756443],[-122.57089261212448,45.35937996291559],[-122.57089251655343,45.35938064599695],[-122.57089242095013,45.359381328178799],[-122.57089232279495,45.359382010406016],[-122.57089222460762,45.359382691733721],[-122.57089212390059,45.359383374006327],[-122.57089202191759,45.359384056301629],[-122.57089191862642,45.35938473772007],[-122.57089181281557,45.359385420083449],[-122.57089170821627,45.35938610062508],[-122.5708916011295,45.359386783011132],[-122.57089149145864,45.35938746454309],[-122.57089138178777,45.359388146075005],[-122.57089127080873,45.35938882673009],[-122.57089115727784,45.359389507430556],[-122.57089104377913,45.359390189030592],[-122.57089092766412,45.359390868876915],[-122.57089081033759,45.359391550544949],[-122.57089069167071,45.359392230436676],[-122.570890573036,45.359392911227893],[-122.57089045184941,45.359393592064556],[-122.57089032804654,45.359394271147501],[-122.57089020558396,45.359394952006809],[-122.57089007926145,45.359395632034669],[-122.57088995293887,45.359396312062543],[-122.57088982661635,45.359396992090424],[-122.57088969515779,45.35939767130953],[-122.57088956497518,45.359398350505927],[-122.57088943351661,45.359399029725061],[-122.57088929950621,45.359399708989521],[-122.57088916421984,45.359400388276732],[-122.57088902765743,45.359401067586639],[-122.57088889106294,45.359401745996976],[-122.57088875194873,45.359402425352222],[-122.57088861152637,45.359403103830651],[-122.57088847107175,45.359403781409497],[-122.57088832682159,45.359404459956039],[-122.57088818129542,45.35940513852524],[-122.57088803698085,45.359405815272645],[-122.57088788890275,45.359406493887285],[-122.57088773951659,45.359407171624959],[-122.57088759009818,45.359407848463192],[-122.57088743943608,45.359408526223646],[-122.57088728618983,45.359409203129893],[-122.57088713169985,45.359409880958431],[-122.5708869759017,45.35941055791011],[-122.57088682007142,45.359411233962241],[-122.57088666041325,45.359411910082443],[-122.57088650206323,45.359412587079539],[-122.57088634112912,45.359413263222436],[-122.57088617888687,45.359413938488501],[-122.57088601412489,45.359414614699489],[-122.57088584933076,45.359415290010965],[-122.57088568329286,45.359415966244626],[-122.57088551467089,45.359416641624158],[-122.57088534608108,45.359417317903215],[-122.57088517615094,45.35941799240593],[-122.57088500366893,45.359418666953978],[-122.57088483118692,45.35941934150204],[-122.57088465615296,45.359420016095534],[-122.57088447856717,45.359420690734346],[-122.57088430225728,45.359421365350521],[-122.57088412336333,45.35942203911253],[-122.57088394316122,45.359422711997716],[-122.57077154242518,45.359400550377785],[-122.57068247107061,45.359625071310553],[-122.57079728060363,45.359647708642882],[-122.57077573049322,45.359702024552703],[-122.57073210852015,45.359811992391208],[-122.57063264376448,45.360062712965174],[-122.57063219713707,45.36006379023523],[-122.57063216070438,45.360063878193557],[-122.57063205376512,45.360064136625908],[-122.57063201844743,45.360064220063812],[-122.57063191551774,45.360064447821181],[-122.57063165183538,45.36006503577989],[-122.57063162222158,45.360065100214186],[-122.57063142127285,45.360065550240947],[-122.57063134674524,45.360065715385836],[-122.57063132771393,45.360065754428909],[-122.57063111597807,45.360066188445572],[-122.57063101256557,45.360066402709926],[-122.57063074625538,45.360066952910856],[-122.57063069744932,45.360067051890518],[-122.57063062613813,45.360067199876148],[-122.57063055562003,45.360067334346098],[-122.57063036682854,45.360067695946178],[-122.57063002619314,45.360068345580544],[-122.5706299605214,45.36006847276343],[-122.57062985535011,45.360068673557464],[-122.57062968373465,45.360068979945552],[-122.57062933221566,45.360069610871172],[-122.5706292661577,45.360069727259649],[-122.57062903935636,45.360070132740773],[-122.57062896583575,45.360070254662645],[-122.57062868517738,45.360070725009123],[-122.57062858882978,45.360070886941671],[-122.57062846228897,45.360071097116766],[-122.57062821179153,45.360071518321128],[-122.57062817566926,45.360071579270702],[-122.57062801006801,45.360071839646352],[-122.57062781545299,45.360072145543278],[-122.57062761841486,45.360072455083774],[-122.57062741649821,45.360072771011765],[-122.57062730532179,45.360072946709579],[-122.57062726422437,45.360073011348035],[-122.57062700717476,45.360073392164111],[-122.57062673316285,45.360073798484805],[-122.57062658885521,45.360074011676218],[-122.57062656822603,45.360074041746579],[-122.57062630754162,45.36007442802795],[-122.57062616405931,45.360074628603122],[-122.57062580659728,45.360075129118897],[-122.57062572631069,45.360075240359777],[-122.57062530437697,45.36007583023256],[-122.57062528731826,45.360075853038609],[-122.5706250204034,45.360076207927015],[-122.57062483508344,45.360076452451388],[-122.57062437175118,45.360077062862722],[-122.57062425715385,45.360077214318466],[-122.57062420702816,45.360077276417144],[-122.5706238990366,45.360077660839444],[-122.5706238306084,45.360077746666427],[-122.57062342121826,45.360078258906924],[-122.57062336257921,45.360078332858414],[-122.57062316462839,45.360078581207837],[-122.57062293558313,45.360078852612887],[-122.57062278622449,45.360079031689992],[-122.57062249350079,45.360079378936376],[-122.57062243961161,45.360079442902197],[-122.57062202807646,45.360079930877973],[-122.57062193971564,45.360080030561001],[-122.57062169915459,45.360080301270713],[-122.57062159851692,45.360080414673732],[-122.57062142300687,45.360080612218056],[-122.57062090881782,45.360081192930117],[-122.57062084743377,45.360081261529793],[-122.57062068145544,45.360081440002361],[-122.570620575714,45.360081553496094],[-122.57062037650782,45.360081766763635],[-122.57061984164592,45.360082340642478],[-122.57061973590444,45.360082454136226],[-122.5706196239763,45.360082573140645],[-122.57061941331867,45.360082787511907],[-122.57061929631884,45.360082907506595],[-122.57061875188145,45.360083463553615],[-122.57061835891555,45.360083863888711],[-122.57061821330889,45.360084005094592],[-122.57061818368366,45.360084033524778],[-122.57061776414785,45.360084440633081],[-122.57061761241894,45.36008458914872],[-122.57061705228379,45.360085134673589],[-122.57061697689635,45.360085204422361],[-122.57061674454737,45.360085419179391],[-122.57061645288353,45.360085688997628],[-122.57061586467719,45.360086235021733],[-122.57061570398434,45.360086382796602],[-122.57061526214571,45.360086773199519],[-122.5706146557219,45.360087309646346],[-122.57061462973139,45.360087332611251],[-122.57061439211765,45.360087542961367],[-122.5706143153899,45.360087610933761],[-122.57061404148142,45.360087841731669],[-122.57061353579181,45.360088267474097],[-122.57061341805171,45.360088366779507],[-122.57061304879099,45.360088680282743],[-122.5706128888913,45.360088814541939],[-122.57061279207004,45.360088891872714],[-122.57061242229439,45.360089190983402],[-122.57061215176319,45.360089409119716],[-122.57061166647743,45.360089798495039],[-122.57061151135971,45.360089923668092],[-122.57061142200106,45.360089995465543],[-122.5706112853147,45.360090100508494],[-122.57061085535507,45.360090430392951],[-122.57061025146018,45.360090894786211],[-122.57061019804223,45.360090936240972],[-122.57061012351234,45.360090994273129],[-122.57060991848269,45.360091151837551],[-122.57060953284838,45.360091435928389],[-122.57060893691957,45.360091873176742],[-122.57060885852967,45.360091930377429],[-122.57060880377135,45.360091970055798],[-122.57060837709244,45.360092284580098],[-122.57060818156239,45.36009242217321],[-122.57060773194834,45.360092738005456],[-122.57060749282182,45.360092906077384],[-122.57060732593079,45.36009302335885],[-122.57060679907401,45.36009339277097],[-122.57060650732274,45.360093588781929],[-122.57060609833485,45.360093862486792],[-122.57060581404619,45.360094052964428],[-122.57060539383208,45.360094334069785],[-122.57060525915045,45.360094423775237],[-122.57060518560685,45.360094473688839],[-122.57060467886424,45.360094798637995],[-122.57060427073388,45.360095060626172],[-122.57060398739935,45.360095242085791],[-122.57060395869597,45.360095260598378],[-122.57060353803128,45.36009552911019],[-122.5706032306466,45.360095716398135],[-122.57060269586503,45.36009604274598],[-122.57060249595995,45.360096165115046],[-122.57060185625073,45.360096556336309],[-122.57060175868915,45.360096612977813],[-122.57060138978022,45.360096829263149],[-122.57060109336416,45.36009700195428],[-122.57060101082449,45.360097050227694],[-122.57060026168384,45.360097487500227],[-122.57060014163777,45.360097558043179],[-122.57060006276501,45.360097601750851],[-122.57059950067328,45.36009791418261],[-122.57059946185879,45.360097935575304],[-122.57059872454433,45.360098346534436],[-122.57059839406361,45.360098530632627],[-122.57059796681447,45.360098757856619],[-122.57059780268915,45.360098845385352],[-122.57059734408818,45.360099088468651],[-122.57059718997736,45.360099170418657],[-122.57059661738826,45.360099474936128],[-122.57059640921587,45.360099580350202],[-122.5705961145149,45.360099729608059],[-122.5705959602754,45.360099807959877],[-122.57059562044454,45.360099980522953],[-122.5705948191067,45.360100386319843],[-122.57059455801986,45.360100511577144],[-122.57059439985589,45.360100587298469],[-122.57059402707534,45.360100766748225],[-122.57059322506163,45.360101153654853],[-122.57059313846871,45.360101195699535],[-122.57059297156613,45.360101276976884],[-122.57059266002021,45.360101419333446],[-122.5705924125505,45.360101532647178],[-122.57059169910224,45.360101861272085],[-122.57059159860245,45.360101907164534],[-122.57059110618282,45.360102132847082],[-122.5705908962516,45.360102224790758],[-122.57059077808155,45.360102276398102],[-122.57059024630017,45.360102508181257],[-122.57058995213491,45.360102636727085],[-122.5705892129421,45.360102959509021],[-122.57058911480118,45.36010299995889],[-122.57058877636349,45.36010314009328],[-122.57058828569104,45.360103343242102],[-122.57058744653419,45.360103691204436],[-122.5705872943316,45.360103755118367],[-122.57058659930317,45.360104027609026],[-122.57058579095097,45.360104344419945],[-122.57058574939138,45.360104360460802],[-122.57058545729527,45.360104475468262],[-122.57058535028693,45.360104517875975],[-122.57058489290678,45.360104688028848],[-122.57058427553947,45.360104918633631],[-122.5705840348887,45.360105008423282],[-122.5705836001539,45.360105169172378],[-122.57058338090472,45.360105250480501],[-122.57058317032984,45.360105324433519],[-122.57058274666026,45.360105473284428],[-122.57058230155691,45.360105629717332],[-122.57058172029117,45.360105834477125],[-122.57058143157235,45.360105936822961],[-122.57058138870465,45.360105951986981],[-122.57058120447431,45.360106012869984],[-122.57058055086513,45.360106229717537],[-122.57057982153512,45.360106471314353],[-122.57057966001459,45.360106524592666],[-122.57057937355796,45.360106618797303],[-122.57057878389622,45.360106803003916],[-122.57057807937734,45.36010702435717],[-122.57057790385343,45.360107078784587],[-122.57057733817744,45.360107255363779],[-122.57057700208711,45.360107354051465],[-122.57057649793548,45.360107501633244],[-122.57057610497405,45.360107616634082],[-122.57057596852209,45.360107656865104],[-122.57057528371048,45.360107858065533],[-122.57057520658496,45.360107879239415],[-122.57057490564219,45.360107961100127],[-122.57057429999304,45.360108126688736],[-122.57057401550898,45.360108204656363],[-122.57057339343319,45.360108375037619],[-122.57057330367688,45.36010840003653],[-122.57057320884884,45.360108426025739],[-122.5705724801074,45.360108612705496],[-122.57057204487835,45.360108723957431],[-122.57057168683916,45.36010881583455],[-122.57057156665284,45.360108846775219],[-122.57057111624096,45.360108961897588],[-122.57057064908072,45.360109072817259],[-122.57057006166976,45.360109212878498],[-122.57056972748758,45.360109293530101],[-122.57056900709856,45.360109463859409],[-122.57056880314941,45.360109508891121],[-122.5705684281687,45.36010959116831],[-122.57056806205533,45.360109671487649],[-122.57056787456494,45.360109712626226],[-122.57056694598047,45.36010991636136],[-122.57056688138931,45.360109931011571],[-122.57056678378402,45.360109950749425],[-122.5705660498629,45.360110099716763],[-122.57056601184162,45.360110107593705],[-122.57056513084245,45.360110285279603],[-122.57056507760612,45.360110296127502],[-122.57056474169735,45.360110364208282],[-122.57056413794498,45.360110475756656],[-122.57056402378444,45.360110496688975],[-122.57056346953696,45.360110600156176],[-122.57056319681476,45.360110650011272],[-122.5705625892666,45.36011076252727],[-122.57056225421542,45.360110818891442],[-122.57056198643612,45.360110864158081],[-122.5705618011436,45.360110895356407],[-122.57056130871013,45.36011097792202],[-122.57056042285315,45.360111126890828],[-122.57056036189667,45.360111136075773],[-122.57056012697052,45.36011117175714],[-122.57055994030544,45.360111200279526],[-122.57055941074043,45.360111279905013],[-122.57055844302883,45.360111424928746],[-122.57055824618834,45.360111454532216],[-122.57055788150036,45.360111503322372],[-122.57055750542533,45.360111555015351],[-122.57055675445466,45.360111655680043],[-122.57055654986186,45.360111682721076],[-122.57055605936876,45.360111748150061],[-122.57055581525336,45.360111776794007],[-122.5705555927649,45.360111803253112],[-122.5705550600364,45.360111865832792],[-122.57055463285853,45.360111916634288],[-122.57055386363818,45.36011200682217],[-122.57055374149999,45.360112018895286],[-122.57055367279123,45.360112025517758],[-122.5705533623903,45.360112057140611],[-122.57055271102963,45.36011212272998],[-122.57055174671605,45.360112219987528],[-122.57055166020824,45.360112228726742],[-122.57055078319569,45.360112303729416],[-122.57054995195675,45.360112373417543],[-122.5705498170268,45.360112384818024],[-122.57054957262174,45.360112405366102],[-122.57054944914319,45.360112415662833],[-122.5705488492279,45.360112456034464],[-122.57054824044532,45.360112498363947],[-122.57054788126813,45.360112522753184],[-122.57054748004866,45.360112549690236],[-122.57054723423886,45.360112566662899],[-122.57054691180707,45.360112583197854],[-122.5705465269498,45.360112603543222],[-122.57054594326794,45.360112633724953],[-122.57054538382937,45.36011266347559],[-122.57054501425141,45.360112682649088],[-122.57054497217692,45.360112684297427],[-122.57054481150247,45.360112689854958],[-122.57054400050654,45.360112718678216],[-122.5705432851433,45.36011274400073],[-122.570543093878,45.360112751002326],[-122.5705430288362,45.360112753059056],[-122.57054279039251,45.360112761799698],[-122.57054205677959,45.360112776645437],[-122.57054137417293,45.360112789684045],[-122.57054118277888,45.360112793087495],[-122.57054108452989,45.36011279483462],[-122.57054056524615,45.360112804968921],[-122.57054011205489,45.360112806727024],[-122.57053965372762,45.360112807676401],[-122.57053928223003,45.360112808881922],[-122.57053914056617,45.360112810500929],[-122.57053908183987,45.360112810645141],[-122.57053834012058,45.360112813033474],[-122.57053816767278,45.360112810699384],[-122.57053793391454,45.360112807655327],[-122.5705371956048,45.360112798281634],[-122.5705369797422,45.360112795819489],[-122.57053655181261,45.360112789927513],[-122.57053621584882,45.360112785100512],[-122.57053611367546,45.36011278421708],[-122.57053525098596,45.360112759953125],[-122.57053487776183,45.360112748587845],[-122.57053449560594,45.360112737381364],[-122.57053427961461,45.360112731321031],[-122.57053388980295,45.360112720250712],[-122.57053330795357,45.360112694593099],[-122.57053277854725,45.36011267160341],[-122.5705323373432,45.360112651545769],[-122.57053166850318,45.360112621134355],[-122.57053136781565,45.360112603078505],[-122.57053106326808,45.360112584191221],[-122.57053068193758,45.360112560368542],[-122.5705303978698,45.360112542917314],[-122.57052943947185,45.36011248435095],[-122.57052934983278,45.360112476943854],[-122.57052858930531,45.360112417559201],[-122.57052846384279,45.36011240808881],[-122.57052763929201,45.360112343541914],[-122.57052749590166,45.360112332590134],[-122.5705272372887,45.360112312885967],[-122.57052651605848,45.360112245601634],[-122.5705259331792,45.360112191158919],[-122.57052556677399,45.360112156269523],[-122.57052503129839,45.360112106384456],[-122.57052460316433,45.360112059091215],[-122.57052441986519,45.360112038947918],[-122.57052423015404,45.360112018018491],[-122.57052364306061,45.360111952849394],[-122.57052283167648,45.360111863765432],[-122.57052268289263,45.360111844808571],[-122.57052253155685,45.360111825897086],[-122.57052234430108,45.360111802223742],[-122.5705217260697,45.36011172320665],[-122.57052083981085,45.360111611151169],[-122.57052076797083,45.360111601627388],[-122.57052064097488,45.360111584983379],[-122.5705202777539,45.360111532035233],[-122.57051981576899,45.36011146644163],[-122.57051915354351,45.360111371104779],[-122.57051886222686,45.360111329479487],[-122.57051845925803,45.360111271837482],[-122.57051821655664,45.360111232948157],[-122.57051791222293,45.360111184353457],[-122.57051747173627,45.360111112976917],[-122.57051696323748,45.360111032008433],[-122.57051628904559,45.360110923382756],[-122.57051616826845,45.360110902127687],[-122.5705160166431,45.360110875120384],[-122.57051579818494,45.360110835799922],[-122.57051507476631,45.360110707347118],[-122.57051413033759,45.360110539619257],[-122.57039643762495,45.360090451963352],[-122.57027766029825,45.360073841686592],[-122.57015800489258,45.360060736617051],[-122.57015766923966,45.360060704780189],[-122.57014897991104,45.360059894354713],[-122.57014853360759,45.360061016622339],[-122.57002794453419,45.360053896630767],[-122.56990703828986,45.360050330375593],[-122.5697860255144,45.360050317711632],[-122.56976205511579,45.360050737507706],[-122.56973808845974,45.360051297649072],[-122.56971412927743,45.360051995369027],[-122.56947009418869,45.360059827160683],[-122.56924987253993,45.360060458337479],[-122.56903032489046,45.360048301003488],[-122.5688129443207,45.360023437549188],[-122.56859920651249,45.359986035294902],[-122.56839056346071,45.359936349302281],[-122.56818843689625,45.359874717089497],[-122.5678677302225,45.359765605454974],[-122.56731274002064,45.359564558391845],[-122.56711008877484,45.359488595856128],[-122.56691743853618,45.359400647841746],[-122.56673621177876,45.359301360628649],[-122.56656774988156,45.359191470151444],[-122.56641329468562,45.359071786123266],[-122.56627398855748,45.358943193832488],[-122.56615085872534,45.358806644517564],[-122.56604481686327,45.358663143671073],[-122.56595664515429,45.35851375398552],[-122.56591221561163,45.35842826438293],[-122.56585033515427,45.358317362038044],[-122.56578120706543,45.358208608987496],[-122.565704978962,45.358102241128705],[-122.56570143029333,45.358097573125882],[-122.56562283103845,45.357999773993427],[-122.56553819808046,45.35790450943567],[-122.56544769390523,45.357811967380449],[-122.56539272236077,45.357759742612885],[-122.56533588062122,45.357708522209741],[-122.56527720566608,45.357658340616659],[-122.56467084892677,45.357153014725618],[-122.5643185367569,45.35685939919825],[-122.56426806033794,45.356818212332122],[-122.56422495869106,45.356784377285479],[-122.564181028481,45.35675107807478],[-122.56413627902424,45.356718325335194],[-122.56409072719609,45.356686126867643],[-122.56404438492883,45.356654495061129],[-122.56399726654584,45.356623437761812],[-122.56394938640246,45.356592963715386],[-122.56390076022609,45.356563084343506],[-122.56385140109607,45.356533808414532],[-122.56380132588714,45.356505143729322],[-122.5637505451587,45.356477100001023],[-122.56369908216465,45.356449684917528],[-122.56359461774076,45.356396998102838],[-122.56345584411793,45.356551428117776],[-122.56350542247924,45.356575793842119],[-122.56355437134947,45.356600764773304],[-122.56360270447543,45.356626332567458],[-122.56365040775896,45.356652495675],[-122.56369744234661,45.35667923858346],[-122.56374380948274,45.356706560371492],[-122.56378950725028,45.356734443071623],[-122.56383449740511,45.35676288826275],[-122.56387876680344,45.356791885377305],[-122.56392232762713,45.356821417998233],[-122.56396514255458,45.356851477786904],[-122.56400721024571,45.35688206296755],[-122.56404851640899,45.356913166593557],[-122.56408903868045,45.356944770159863],[-122.56414394871763,45.356989419519962],[-122.56429432561454,45.357114748673737],[-122.56385322372469,45.357691434130835],[-122.56267747083105,45.359228513074399],[-122.56248011035797,45.359486504106044],[-122.56205062557828,45.360047959162287],[-122.56099642343467,45.359942177205156],[-122.56067250008982,45.360099749033672],[-122.56094556998436,45.360813568428227],[-122.56221430084663,45.360833039220331],[-122.56238726008098,45.361026808043398],[-122.56276524207507,45.361450261749397],[-122.56290457335899,45.361371267377592],[-122.56377474687883,45.362346050083325],[-122.56438040180539,45.362111035896085],[-122.56437418653793,45.362997984819856],[-122.56436765859422,45.363930576842648],[-122.56436727560839,45.363985160527363],[-122.56341955414261,45.363982832722606],[-122.56256579718573,45.363980732089914],[-122.5617950368146,45.363978832570346],[-122.5616860048822,45.364539369642266],[-122.56167743460051,45.364583415792296],[-122.56154093794865,45.365206871674864],[-122.56072401755735,45.365218523816694],[-122.56006878896541,45.365227858016915],[-122.55926175427815,45.365224054776768],[-122.55859001005165,45.365220885870144],[-122.55859902267221,45.36699171262363],[-122.55859918631199,45.367023374377382],[-122.55859920985826,45.367027984277485],[-122.55665809949386,45.367031520721284],[-122.55665808940256,45.367033859360028],[-122.55665757054553,45.367149167764161],[-122.5566553228343,45.367652976383432],[-122.55665342953857,45.368075362787707],[-122.55665085318549,45.36865381322135],[-122.5566504264152,45.368746996357309],[-122.55665003213166,45.368835776528734],[-122.55657433677028,45.368818645977719],[-122.55610447986096,45.368712316757765],[-122.55562843144644,45.368604583691443],[-122.55489331763036,45.36843822346021],[-122.55488469456255,45.369394522782102],[-122.55480703527226,45.369377146706981],[-122.55481092891603,45.368945767776587],[-122.55481565390092,45.368420650361443],[-122.55399879941808,45.368235784232247],[-122.55368331381456,45.368164376334192],[-122.55328591441118,45.369036798970932],[-122.55326058174376,45.369107392988091],[-122.55313114720826,45.369076186847991],[-122.55307310287697,45.369062188421644],[-122.55307287619729,45.36906213391152],[-122.55307212287434,45.369061956371482],[-122.55307304083686,45.369065082431469],[-122.55307197199096,45.369114457266477],[-122.55307114177566,45.369152923202449],[-122.55306546268935,45.369449993630397],[-122.55306205375511,45.369628259653346],[-122.55305865063868,45.369806546259049],[-122.55305209203254,45.370149370560476],[-122.55305067139258,45.370223416948761],[-122.55304925725767,45.370297466819814],[-122.55304272595812,45.370638940403794],[-122.5530393193723,45.37081720447226],[-122.553035647233,45.371009182589049],[-122.55303197755796,45.371201158842567],[-122.55302856969362,45.371379424680306],[-122.55302515663955,45.371557688792464],[-122.553021488235,45.371749666767613],[-122.55301781211681,45.371941643958998],[-122.55301440413328,45.372119908828459],[-122.55301073434921,45.372311885870268],[-122.5530065023332,45.372533041337491],[-122.55300366506437,45.372681469588215],[-122.55299930097378,45.372909809210228],[-122.55299536432535,45.373115502044342],[-122.55299143390259,45.373321191145706],[-122.5529870583027,45.373550216765956],[-122.55298421882331,45.373698297537999],[-122.55297897383007,45.373972571863334],[-122.55297329928179,45.374269364218421],[-122.55298346797697,45.374269345189973],[-122.55319430524358,45.374268895869193],[-122.55332127417795,45.374268624168394],[-122.55554162278305,45.374263873124839],[-122.55627201258001,45.374262301446308],[-122.5578543445461,45.37425824872895],[-122.55845737134308,45.37425903967727],[-122.5585685122915,45.374257331818178],[-122.55857203536378,45.374636697478955],[-122.55880071524862,45.374809085175528],[-122.55887974309002,45.374868659857775],[-122.55902939525161,45.374981473329861],[-122.55937083315,45.375238859028237],[-122.55945973208006,45.375305872707727],[-122.5595682189488,45.37538765257159],[-122.56002134659931,45.375729224890023],[-122.56018926707503,45.375855803904166],[-122.56051038040309,45.376097858946409],[-122.56053574163852,45.376116975680738],[-122.56093642924986,45.376419007476066],[-122.56105813460452,45.376510747478505],[-122.5610827638865,45.376529311787692],[-122.56109142735444,45.376096467372207],[-122.56111163943858,45.376096620946512],[-122.56272847103064,45.376108856522258],[-122.56353890099192,45.376114980619533],[-122.56365307333019,45.376115843449512],[-122.56365540341625,45.376115860670659],[-122.56365555542619,45.37611586157773],[-122.56365555572563,45.376115762561625],[-122.56366942246403,45.37547154887244],[-122.5638850495419,45.375473627297232],[-122.56602723986865,45.375494249637896],[-122.56626724913319,45.375496558114044],[-122.56626586069675,45.375696905161341],[-122.56626475500688,45.375806834047189],[-122.56626367229173,45.375914688691566],[-122.56626342969659,45.375952021891223],[-122.56626321855867,45.375987375214947],[-122.56626296720768,45.376027931822044],[-122.56626276577957,45.376060052717676],[-122.56626232316273,45.376131226872573],[-122.5662610756996,45.376331588454065],[-122.56625748593882,45.376908555831221],[-122.56664664704755,45.376910581174279],[-122.56685290026562,45.376911653100542],[-122.56724206141602,45.376913676454627],[-122.56763122131723,45.37691569853127],[-122.56775081973312,45.376916318833317],[-122.56783747584808,45.37691676869175],[-122.56793398821303,45.376917269415017],[-122.56814116533876,45.376952720833685],[-122.56825820350488,45.376972748103505],[-122.56876994606604,45.377098645702731],[-122.56883440626744,45.37711450451522],[-122.56883218199424,45.377086947890895],[-122.56883457591167,45.377087427426368],[-122.56883498462851,45.377087428267409],[-122.56884424442974,45.377087442009355],[-122.56947976419529,45.3770880565109],[-122.56948018570772,45.377088058022444],[-122.5698385931873,45.377088859459874],[-122.56983901469971,45.377088860970083],[-122.57012419178558,45.377089480429312],[-122.57012461326579,45.377089481038986],[-122.57026943651331,45.377089799840277],[-122.5702698580258,45.377089801349008],[-122.57076631940848,45.377090904770746],[-122.57093657686325,45.377091681443595],[-122.57109176051085,45.377092396473017],[-122.57124487448139,45.377092734955525],[-122.57140309730264,45.377093080489139],[-122.5714020419059,45.377871411658354],[-122.57140060277547,45.378014631340129],[-122.57146082096379,45.377982807598997],[-122.57151632101287,45.377945912869912],[-122.57160348523639,45.377882182838071],[-122.57170220432964,45.377800778981914],[-122.57182988852023,45.3777051278879],[-122.57190018858144,45.377664581722904],[-122.57198062614667,45.377626839003696],[-122.57205445526715,45.377597573915729],[-122.57211115868832,45.37757949925976],[-122.57241524667069,45.377491628153265],[-122.57251822833486,45.377459491182591],[-122.57257422124863,45.377439238094809],[-122.57262641926202,45.377415229785463],[-122.57271676885451,45.377374409131839],[-122.5727659023658,45.377345467838651],[-122.57281903042693,45.377311206051132],[-122.57286271833097,45.377280561427931],[-122.57290925469364,45.377241695884173],[-122.57292648507581,45.37722730536138],[-122.57299497394212,45.377123490300491],[-122.57303065923571,45.377069400016083],[-122.57306277457758,45.377020719853903],[-122.57308773798682,45.37698287817058],[-122.57313432791263,45.376922780007213],[-122.573180032156,45.376884299992312],[-122.57321378859079,45.376867949172563],[-122.5732644494488,45.376838381895659],[-122.57333941221536,45.376812606163419],[-122.57337870342481,45.376802697796485],[-122.57351031935593,45.376799671568662],[-122.5736697017489,45.376796007721701],[-122.57388034715136,45.376791163551886],[-122.57476423429351,45.376770837543845],[-122.57486629205643,45.376768490230411],[-122.57501492575258,45.376765070927242],[-122.5752105565207,45.376760571052117],[-122.57553365530457,45.376866828691021],[-122.57576205883176,45.376941943769943],[-122.57610719444796,45.377132087153015],[-122.5762095954375,45.377130069193321],[-122.57634467857019,45.37712740731677],[-122.57658908241594,45.377122589221862],[-122.57665503250806,45.377135841992867],[-122.5767775173799,45.377160454974735],[-122.57695193565452,45.377195504631132],[-122.57715360079401,45.377236028584484],[-122.57739916351947,45.377135964617693],[-122.57772285587974,45.377004063164911],[-122.57774665324366,45.376989846389947],[-122.57830529736626,45.377158161566776],[-122.57826045280382,45.37743326317127],[-122.57824371561811,45.377535936644989],[-122.57817389267883,45.377964301212259],[-122.57816012976646,45.378063811722683],[-122.5778565055095,45.378062538228832],[-122.5778560839898,45.378062536747585],[-122.57760441402763,45.378061482465874],[-122.57760399250789,45.378061480983746],[-122.57759997872317,45.378535974104246],[-122.57759977575559,45.378559804289551],[-122.57759928316534,45.378617000971197],[-122.57764563020979,45.378617195870085],[-122.57764478129425,45.378717137484514],[-122.57764344206649,45.378875013810422],[-122.5776423243576,45.379007834575653],[-122.5776275723953,45.379089368683005],[-122.57766632968601,45.379100700889182],[-122.57767104203987,45.379102074094043],[-122.57767188102103,45.379102319257505],[-122.57767820693721,45.379104167735981],[-122.57802698474518,45.379206115355259],[-122.57808238141347,45.37922676003722],[-122.57887556813409,45.379522534841293],[-122.57887656820776,45.379522642105968],[-122.57910869198432,45.379547543380433],[-122.57910877116095,45.379549000130133],[-122.57910893470364,45.379552093557052],[-122.5791129527661,45.37962643675224],[-122.57910928554887,45.379792492454463],[-122.57910641853164,45.379926974536858],[-122.57898873724787,45.37992512182705],[-122.57876365001788,45.379921562105601],[-122.57875397489893,45.379921413440137],[-122.57870437428902,45.379920629855867],[-122.57870392658144,45.379920610842824],[-122.57864716982704,45.379919722719322],[-122.57864674829378,45.379919721240938],[-122.57854759594278,45.379875755663349],[-122.57847865593205,45.379845185336812],[-122.57805118624958,45.379655639261252],[-122.57769016976918,45.379492126219894],[-122.5776200759714,45.379460378843177],[-122.57760255636317,45.379452441923974],[-122.57757216540652,45.379438680512393],[-122.57736985880288,45.379347047436283],[-122.57736523546936,45.379344952551321],[-122.57735842974705,45.379341871374962],[-122.57734311078053,45.379333364109954],[-122.57700783164638,45.379146986477259],[-122.57690938783136,45.379092266903022],[-122.57686809090728,45.379073976951901],[-122.57682157426865,45.379053378589184],[-122.5767601024089,45.379026145791833],[-122.57674904122162,45.379021252045021],[-122.57670197951666,45.379000410425832],[-122.57668581666464,45.378993259271546],[-122.57668411553472,45.378993190590528],[-122.5766604378227,45.378992233792076],[-122.57661080656466,45.378990216740007],[-122.57657818833519,45.378988899064339],[-122.57647865619622,45.378984860674883],[-122.57639339987165,45.378981409302618],[-122.5763775578383,45.378994973592199],[-122.57622296578879,45.379127261851721],[-122.57614223393622,45.379196362310275],[-122.57608571540486,45.379244725774811],[-122.57601878314181,45.379287020924707],[-122.57561003344087,45.379545370375027],[-122.57558966397669,45.379558773099014],[-122.57546340650512,45.379641840147514],[-122.57520588609201,45.379811277238296],[-122.57518041541869,45.379828030930497],[-122.57514513857005,45.379874343966542],[-122.57507434228407,45.379967297457704],[-122.57502373392386,45.380000907751899],[-122.57482435919943,45.380133329291354],[-122.57457056930049,45.380335102874902],[-122.57430294039187,45.380668567331774],[-122.57418490476569,45.381012475452572],[-122.57404773949008,45.381343587054019],[-122.57391776585416,45.381871739562172],[-122.5738389142457,45.382267515989753],[-122.5738011767677,45.382767714209137],[-122.57372425018724,45.383216033457209],[-122.57375724435398,45.383609786811647],[-122.57378593296356,45.38388531877542],[-122.57382133395539,45.384344757817956],[-122.57388349852931,45.385027166563589],[-122.57401401969483,45.38553746304563],[-122.57404463663251,45.385865537697768],[-122.57400642098399,45.386352593144387],[-122.57404644364776,45.386692676701223],[-122.57406045115395,45.386811694506903],[-122.57408628327246,45.387008405960742],[-122.57411640972106,45.387323338699218],[-122.57413860325727,45.387461885900599],[-122.57416469808761,45.387624800319067],[-122.57423187277308,45.387959343442148],[-122.5742330737686,45.38796533469467],[-122.57423088663271,45.38798349435632],[-122.57419719462854,45.388263773641668],[-122.57418059893152,45.388290745247311],[-122.57405229880005,45.388499256624272],[-122.5740460400914,45.388509424813869],[-122.5739478421078,45.388669016403867],[-122.57385619263502,45.388817949401947],[-122.57364206370063,45.389122421535838],[-122.57362901806631,45.389140966171801],[-122.57347818015938,45.389355456705808],[-122.57340736926865,45.389456132439321],[-122.57309280110127,45.389852966500605],[-122.57247081014513,45.390255528103552],[-122.57240012789329,45.390291777531942],[-122.57161663035806,45.390693527630091],[-122.5712991977712,45.390856304678273],[-122.57106951759501,45.390968193051833],[-122.57095089306637,45.3910259842676],[-122.5702489183589,45.391367939568482],[-122.56987483043366,45.391594647461638],[-122.56982238078196,45.391626433581294],[-122.56955797431185,45.391782694663512],[-122.57001330968151,45.39179743600743],[-122.57069117540898,45.391819372727589],[-122.57191112277519,45.391870747387323],[-122.57290716896145,45.391909199505243],[-122.57331694847514,45.39192502205789],[-122.57391529442874,45.391948125676485],[-122.57418109512797,45.391958385696235],[-122.57414743088745,45.392070910751805],[-122.57406881596813,45.392321018710213],[-122.57393228683553,45.392631090230019],[-122.57377176315451,45.39290605655065],[-122.57352198600321,45.393253308897179],[-122.57325938729504,45.39354257887976],[-122.57299677227185,45.393753589051698],[-122.57278118321642,45.393917255983936],[-122.57242644056822,45.39414628634654],[-122.57208241739772,45.394368397621783],[-122.57213494940694,45.394384443562217],[-122.5719058688435,45.394518052503365],[-122.57178985241303,45.394578182312671],[-122.57160675011372,45.394663999045122],[-122.57109788675703,45.394966643055639],[-122.57079416955368,45.395188940151854],[-122.57022705073651,45.395604026925398],[-122.56977169601917,45.395937311610254],[-122.56933673301623,45.396266932463789],[-122.5691061173076,45.396467606883171],[-122.56562911861306,45.396786037875479],[-122.56440074554224,45.396899185885069],[-122.56423022165369,45.396699677344394],[-122.56384077147251,45.396244020147769],[-122.56344405916828,45.395779940321766],[-122.56328577547772,45.395624290062393],[-122.56323049902565,45.395548034130329],[-122.56321906664681,45.395532253705561],[-122.56320709723026,45.395515743816844],[-122.56320303517452,45.395510137089474],[-122.56184696973891,45.39618495518004],[-122.56160836076228,45.396285247454799],[-122.56147319799747,45.396342055609139],[-122.56133408401702,45.396400528460774],[-122.56119870686931,45.396457430085405],[-122.56106850437313,45.396503383151369],[-122.56098226572612,45.396533819467642],[-122.56033380732012,45.396762689899717],[-122.55991480916207,45.396910570515331],[-122.55955488768599,45.397037593506262],[-122.55936860501819,45.397099458441083],[-122.55923854292425,45.397142652648405],[-122.559069796944,45.397198702219306],[-122.55847741482575,45.39739543607763],[-122.55847277730842,45.397395798836278],[-122.55763990587616,45.39746111313714],[-122.5575104612541,45.39747126670273],[-122.55714959714628,45.397563265568763],[-122.55701846218665,45.397596700348053],[-122.55693964806743,45.397637847647843],[-122.55635720266734,45.397941923792636],[-122.55613910438387,45.398094098757504],[-122.55597733804338,45.398206980659609],[-122.55556982675323,45.398730774560654],[-122.55536077822019,45.39914282008796],[-122.55507074273658,45.399631237249856],[-122.55501569650248,45.399698745043608],[-122.55500753520319,45.399708747606887],[-122.55484326097347,45.399910201546689],[-122.55456589719076,45.400048403142549],[-122.55403509082592,45.400124623339181],[-122.55367104759257,45.400181210854271],[-122.55325758609749,45.400163582162811],[-122.55279217392471,45.400055310749067],[-122.55272694027585,45.399993882566292],[-122.55247177623414,45.400096287695916],[-122.55222984249727,45.40018925587227],[-122.55156332995696,45.400445357498448],[-122.55135721479492,45.400410564501783],[-122.55115562434243,45.400376535772359],[-122.55103925511493,45.400356887700021],[-122.55075428315826,45.400336412278328],[-122.55068068468874,45.400268336385217],[-122.55056517740755,45.40017224122667],[-122.55047161916801,45.400093476942381],[-122.55038161342037,45.400023551893099],[-122.55029259291793,45.399955463610198],[-122.55019378270006,45.399880906700552],[-122.55011015548801,45.399827015803474],[-122.55002070936719,45.399762329018614],[-122.54996818941606,45.399729890553246],[-122.54983789484733,45.399643573222434],[-122.54970931321508,45.399565777305654],[-122.54964843118177,45.399529977273893],[-122.549590876891,45.399496143862358],[-122.54953642383299,45.399467511458205],[-122.54941581226235,45.399403794545215],[-122.54925241404688,45.399327051549164],[-122.54918938576195,45.399300867713364],[-122.54907343579862,45.39925269391216],[-122.54886915100593,45.39917592593747],[-122.54877964236213,45.399147055423448],[-122.54864939209101,45.399114771596565],[-122.54854029712018,45.399089455867156],[-122.54844688392583,45.399071393538534],[-122.54836514472341,45.39905813667179],[-122.54824703600863,45.399056798925287],[-122.54809589662933,45.399029515317373],[-122.5480128986465,45.399006504531776],[-122.5477361331635,45.398929778145146],[-122.5474563110387,45.398849441485616],[-122.54722647719618,45.398782334672752],[-122.54701707695884,45.398729850308186],[-122.5469254572496,45.398706875918222],[-122.54673245961752,45.398666016389363],[-122.5465381363109,45.398624873801147],[-122.54616068491832,45.398498244713878],[-122.54598064575363,45.398436792023389],[-122.54579660204155,45.398359567017806],[-122.5457056751971,45.398321006289294],[-122.54538584307589,45.398168529811912],[-122.54504442904305,45.398024836244296],[-122.5448324966098,45.397935901315499],[-122.54461500145935,45.397790247714539],[-122.54449688881598,45.397714743983705],[-122.54439018508441,45.397651664511663],[-122.54430709525819,45.397591873569972],[-122.54421461912327,45.397514732543733],[-122.5441590591187,45.397472218923035],[-122.54408523681448,45.397415736853006],[-122.54402020898939,45.397341563246684],[-122.54395963209599,45.39727247709763],[-122.54390298477531,45.397170158440169],[-122.54383053473917,45.397032288266892],[-122.54378162315074,45.396948285544212],[-122.54381107290864,45.396908783676359],[-122.54374702546697,45.396875738198752],[-122.54363791991433,45.396841767452798],[-122.5434845821904,45.396777925469621],[-122.54334950250072,45.396733318286614],[-122.54321442238049,45.396636331545722],[-122.54288235612681,45.396466828999877],[-122.54243305956631,45.396247996683357],[-122.54211821202063,45.396094640073535],[-122.54183773603108,45.395958033876063],[-122.54164541303159,45.395864368919604],[-122.54150317916398,45.39579508772443],[-122.54132722742924,45.395709376552901],[-122.54114155964416,45.395616727383043],[-122.54097529529804,45.395530689364023],[-122.54083865928557,45.395459976291306],[-122.54068883659026,45.395382449081183],[-122.54056594834138,45.395318853977095],[-122.54043580960712,45.395251508167505],[-122.54029592084328,45.395179123277785],[-122.54012965776781,45.395093084954318],[-122.53996795225895,45.395009404023845],[-122.53980342632185,45.394958934894397],[-122.53963143328842,45.394906176834539],[-122.53946410444919,45.394854857119057],[-122.53927305733393,45.394796253906577],[-122.53913966550431,45.394755338734036],[-122.53910419879513,45.39472718292803],[-122.53893239785191,45.394687589597737],[-122.53876779789027,45.394683855304145],[-122.53854961232031,45.394678310420964],[-122.53844648149196,45.394666813427776],[-122.53833796783546,45.394667005377244],[-122.53805524137621,45.39467366061173],[-122.53776254674359,45.394680979148902],[-122.53761930166621,45.39468456003442],[-122.53756867338257,45.394692499399774],[-122.53747327200215,45.394707444894657],[-122.5373722884315,45.394693505284224],[-122.5373170276541,45.394685882121507],[-122.53726370857352,45.394668970337463],[-122.5371655717997,45.394637849510538],[-122.53706035802819,45.394596728215539],[-122.53741406351024,45.394908590122029],[-122.53698975053614,45.395046272775069],[-122.53579066052345,45.395435361312096],[-122.53555425775568,45.395512074274244],[-122.53555545420041,45.395358011678724],[-122.53461403413952,45.39565848401746],[-122.53457523129069,45.395683467398982],[-122.53446045902596,45.39575736279685],[-122.53434785863068,45.395829851129221],[-122.53406435932469,45.396012371400118],[-122.53341051748797,45.396429015727158],[-122.53327882256251,45.396491363763687],[-122.53214633076023,45.397027476424327],[-122.53142462575326,45.397369124235233],[-122.53032449839537,45.398185146444753],[-122.5303235293711,45.398478510576297],[-122.53032299291451,45.398643254950109],[-122.53032241598369,45.398821511988075],[-122.53032209744534,45.398917535173041],[-122.53013168915889,45.398915956443965],[-122.52848740039779,45.398902302714603],[-122.52828368125628,45.398901900479935],[-122.52761296247419,45.39889503244671],[-122.52663546340636,45.399159241027654],[-122.52666481824527,45.399297893149317],[-122.52669706273784,45.399450239168168],[-122.52647160212226,45.400119868922161],[-122.52598988408528,45.400115860673267],[-122.5256271308386,45.400112836340213],[-122.52560645124622,45.400112661192317],[-122.5255233869118,45.400111968378098],[-122.52387180513198,45.400098196626026],[-122.52354437670549,45.400134175377922],[-122.52353182890494,45.400134171868324],[-122.52352567071804,45.400134172603835],[-122.52351680569122,45.400158687103641],[-122.5235162878015,45.400159587172276],[-122.52346279778014,45.40025217437617],[-122.52330952568117,45.400517468074199],[-122.52324652517716,45.400575099349446],[-122.52286065978033,45.40092801988046],[-122.52278460313833,45.400998321072834],[-122.52218062022312,45.401556232571977],[-122.52189101649296,45.401823765686814],[-122.52188779979629,45.401826739543111],[-122.52166124588963,45.402036244675934],[-122.52118345214593,45.402478066493963],[-122.52053983375791,45.403073239483753],[-122.52046431635075,45.403143043594731],[-122.52002603587454,45.403613913386437],[-122.51950951233727,45.404168827886572],[-122.51857733497941,45.405435693361156],[-122.51856574260988,45.405451451906089],[-122.51853705717973,45.405505920696399],[-122.51802932311546,45.406469865704217],[-122.51782177261902,45.406940814361775],[-122.51774728566227,45.407109847593802],[-122.51769776588486,45.407222219258699],[-122.51767366238231,45.407276912648655],[-122.51765463214923,45.407320084597011],[-122.51745072957904,45.407782741574451],[-122.51723936964008,45.408128871717146],[-122.51708960488833,45.408374137310751],[-122.51704294778519,45.408450542640857],[-122.51694256772322,45.408614917207096],[-122.51688380792842,45.408711139939236],[-122.51669970644548,45.408793931720524],[-122.51662565509803,45.408827234029673],[-122.51653991816895,45.408865782482472],[-122.51650170491027,45.40888297167929],[-122.5159917233311,45.409112309186952],[-122.51590916882574,45.409149433097944],[-122.51587546921104,45.40916458995266],[-122.51585583799456,45.409164520895146],[-122.51565800393996,45.409163830358537],[-122.51556320777047,45.40916349875053],[-122.51533202686645,45.409162683237703],[-122.51529645700109,45.409162534185789],[-122.5147583472225,45.409160701794931],[-122.51471757532833,45.40916055339288],[-122.51467837709896,45.409160423675431],[-122.51458018175575,45.409160087026372],[-122.51454035864776,45.409140848799375],[-122.51450785451701,45.409125154524638],[-122.5144554061557,45.409099818724769],[-122.51435851725462,45.409053021150065],[-122.51330216099832,45.40854276110727],[-122.51260899112714,45.408089964681054],[-122.51252952319285,45.408038061985991],[-122.51251069853778,45.408025763607021],[-122.51248876117936,45.408001314043204],[-122.51140230510907,45.406790396788239],[-122.51128412225808,45.406658673679779],[-122.51089000811675,45.40621305163824],[-122.51035700850414,45.405610368903943],[-122.51033939890669,45.405590460732284],[-122.51021711801944,45.405452192627713],[-122.50965107814481,45.404754086883727],[-122.50956572155182,45.40469297793377],[-122.50953512272562,45.404671074066286],[-122.50907568386485,45.404342168350375],[-122.50856204531573,45.404024508083843],[-122.50797585725623,45.403248363454168],[-122.50794451848226,45.403206876501912],[-122.50789394471248,45.403139909673406],[-122.50760653793979,45.402442576517707],[-122.5075040177974,45.401910051979797],[-122.50765867579371,45.401491688872547],[-122.50767633386128,45.401324377390402],[-122.50768395563441,45.401252116188921],[-122.50768626247104,45.401230238922302],[-122.50769726465504,45.401125954352096],[-122.50770922343372,45.401012570675555],[-122.50772142237706,45.400896942575251],[-122.50762100145147,45.400423879876705],[-122.50697145339763,45.399564506133231],[-122.50601788505408,45.398696720835417],[-122.50639307879872,45.398665933632437],[-122.50654556659504,45.398649254038645],[-122.50644908488179,45.398542095914557],[-122.50634722813663,45.398462467155497],[-122.50625965771253,45.39839001971378],[-122.5061731362663,45.39831108622969],[-122.50612564685518,45.398251788081026],[-122.50606899107663,45.398181042202523],[-122.50603845643361,45.398142913422589],[-122.5059548441529,45.398071256277042],[-122.50590569336049,45.398029132111382],[-122.5058411212342,45.397950439760294],[-122.50577639757893,45.397884907233959],[-122.50572077443449,45.39782858866517],[-122.50563971267762,45.397753789343525],[-122.50554833136427,45.397679814744883],[-122.50547089050204,45.397610057290755],[-122.50530323667316,45.397440822949008],[-122.50523342412363,45.397366034958438],[-122.50508588584297,45.397193451474458],[-122.50492682642647,45.397010374096169],[-122.50470974486255,45.396827323646903],[-122.50465966588257,45.396764740989568],[-122.50460305016225,45.396693987409193],[-122.50453464459216,45.396618089307758],[-122.50442447651474,45.396508550268493],[-122.5043459912829,45.396438395107424],[-122.504272376546,45.396378828268929],[-122.50420095142624,45.39632264579501],[-122.50412633196694,45.396240381023524],[-122.50405683556181,45.396137135607326],[-122.5039689770754,45.396088817859798],[-122.50389608264689,45.396048503546595],[-122.50378867317211,45.395982381862019],[-122.5036703801705,45.395899875113017],[-122.50358291627884,45.395830845029742],[-122.50352361676535,45.395767668885647],[-122.50347224339802,45.39569520538253],[-122.50340194337369,45.395643721259624],[-122.50325414519224,45.395566765433344],[-122.50314567449433,45.395497693874887],[-122.50305879534244,45.395432084427611],[-122.50294996902834,45.395302710351011],[-122.50284597810447,45.395213789615056],[-122.50272879687552,45.395131908167443],[-122.50255935697339,45.395027126008856],[-122.50239729868154,45.394939413530317],[-122.50225902758558,45.394829838817223],[-122.50216720648579,45.39476016971156],[-122.50207311007392,45.394712117971032],[-122.50193897744805,45.394622014144808],[-122.5018003099315,45.394493335368971],[-122.5016787912255,45.394413793791635],[-122.50148383665501,45.39426030178771],[-122.50113648633679,45.394076778753835],[-122.50104665099568,45.394015025915216],[-122.50097099596455,45.393960915006154],[-122.5008219159299,45.393876263649759],[-122.5006891226422,45.393792708641236],[-122.50052674677488,45.393686544878392],[-122.50036936711768,45.393613826415034],[-122.50030929726007,45.393574415702346],[-122.500259754132,45.393490943893937],[-122.50018950357864,45.393433118708082],[-122.50003359228995,45.393351184850729],[-122.49986958945928,45.393267353717874],[-122.49975113567081,45.393215265577268],[-122.49958057692659,45.393123616932925],[-122.49948305764002,45.393081431856743],[-122.49933109672982,45.393027871574461],[-122.49911737190746,45.39297124947808],[-122.49894853715163,45.392903077538726],[-122.49875847976551,45.392863539828774],[-122.49864351429382,45.392834378588475],[-122.49851599219672,45.392790894659633],[-122.49833541455448,45.392735725010716],[-122.49820579714266,45.392715699271378],[-122.4980047315788,45.392719237596985],[-122.49792170527671,45.392721232060715],[-122.49781446026552,45.392711450284125],[-122.49773752978763,45.392763625324399],[-122.49769703617139,45.392797968863782],[-122.49757719207268,45.392899611316707],[-122.49749927987601,45.392965689331085],[-122.49740619598589,45.393044632003146],[-122.49729297611836,45.393140659326711],[-122.49710236280687,45.393092556171936],[-122.49707307696669,45.393085162740299],[-122.4970151615198,45.393073767778958],[-122.49689897342398,45.393077222788889],[-122.49669334542257,45.393083999879522],[-122.49649147912304,45.393077479289936],[-122.49638782941973,45.393059210813291],[-122.49620892792973,45.393082399121525],[-122.49610135528779,45.393139864830573],[-122.49594847406043,45.393151644955019],[-122.49579042659688,45.393174973087426],[-122.49567634882412,45.393185393279424],[-122.49551236437658,45.393206970379531],[-122.49542858839628,45.393216656202796],[-122.49517607835372,45.393277848996732],[-122.49500286572678,45.393330334337008],[-122.49488200636259,45.393383115608778],[-122.49481416299018,45.393407401854816],[-122.49475590806618,45.393419865272861],[-122.4946989967016,45.393444394513729],[-122.49462802464852,45.393454531091507],[-122.49456339690907,45.39346519716414],[-122.49443571594954,45.393497627125143],[-122.4943805118252,45.393510730281456],[-122.49429200283689,45.393518805061397],[-122.49420293357785,45.393530156621075],[-122.49408957153949,45.393515863243856],[-122.49399174609474,45.39351286616558],[-122.49388461811887,45.393526620113221],[-122.49361881648893,45.393581947060433],[-122.49342033735289,45.393647345423624],[-122.49338139969629,45.393651793726022],[-122.49332061685355,45.39369678591617],[-122.49328571944618,45.393751670723972],[-122.49320445427925,45.393842880863339],[-122.49311754883466,45.39386062106459],[-122.49301431178972,45.39385051606979],[-122.49292691410695,45.393854195546645],[-122.4928403293514,45.3938373115448],[-122.49277897410408,45.3938528431229],[-122.4927088180543,45.3938797157683],[-122.49263447553821,45.393885896247575],[-122.49255332777246,45.393895857250328],[-122.49245263412344,45.393892719808811],[-122.49237483160925,45.393898959292144],[-122.49230484615954,45.393930717053728],[-122.49224043400005,45.393948335675418],[-122.49216660347022,45.393969161141939],[-122.49209217550774,45.393972902642773],[-122.49197107223642,45.3939560681548],[-122.49178935919163,45.393966552666278],[-122.49171497333795,45.393971517301303],[-122.49162324794077,45.393976773794719],[-122.49152954299542,45.393974738382937],[-122.49146234668953,45.393986896631318],[-122.49139755689745,45.394018563227654],[-122.49134287558032,45.39404150365047],[-122.49128298259872,45.394064534020558],[-122.49122115343849,45.394081494975573],[-122.49118315639208,45.394085818450414],[-122.49106234862816,45.394049660669829],[-122.49099459405069,45.394040782752135],[-122.49094453794656,45.394055361502929],[-122.49090170917155,45.394091741532108],[-122.49085475499852,45.394120875369616],[-122.49080668993413,45.394155518594403],[-122.49075754751,45.394196571601348],[-122.49074109660422,45.394245284542031],[-122.49070023988989,45.394300812177804],[-122.490655566257,45.394358242053301],[-122.49057787895995,45.394398881712434],[-122.49053369574963,45.394433448590242],[-122.49048034455659,45.394427983973635],[-122.49042893337054,45.394404203977828],[-122.49038229104762,45.394368468774246],[-122.49032408629043,45.394335669984507],[-122.49026716899056,45.394304235280444],[-122.49021859603664,45.394274276336134],[-122.49017213508664,45.394250301860652],[-122.49012755361804,45.394225629211633],[-122.49007323788618,45.394194428098103],[-122.49002254015909,45.394157808849066],[-122.48996912352932,45.39412526022803],[-122.48993242131607,45.394093555695505],[-122.4898917146204,45.394045934310036],[-122.48987904295755,45.394015666276289],[-122.48984132512551,45.393993277679996],[-122.48979527158015,45.393974004363145],[-122.48974159186454,45.393947427594064],[-122.48969335374841,45.393925959373263],[-122.48964750713147,45.393912623824392],[-122.48958503687739,45.39387653215536],[-122.48953936855929,45.393837925867238],[-122.48950305696577,45.393795430797951],[-122.48947421438989,45.393755038550616],[-122.4894295928532,45.393716405344584],[-122.48938276138487,45.393674839626676],[-122.48933192262717,45.393639293573393],[-122.48929082245236,45.393602344523963],[-122.489268979229,45.393574648808062],[-122.48924326280567,45.393544355912681],[-122.48922713697846,45.39351723582265],[-122.48920227346298,45.393484254248854],[-122.48917260180397,45.393449348505328],[-122.48912379760831,45.3934127766492],[-122.48912924267317,45.393367882718508],[-122.48876808461048,45.393071623888545],[-122.48871954621715,45.393041167802558],[-122.48871704599973,45.393061743770517],[-122.48868429530208,45.393039259219293],[-122.48865173181223,45.393018094566131],[-122.48862199738137,45.392992678290057],[-122.48858701264896,45.392959647024121],[-122.48857080983765,45.3929478482439],[-122.48852889499655,45.3929215444576],[-122.48851479346401,45.392913939232905],[-122.48849438491547,45.392899900845833],[-122.4884382583683,45.392864679577372],[-122.48843989017601,45.392864210692828],[-122.4884026845257,45.392836690601349],[-122.48836390186869,45.392808631268316],[-122.48830460992917,45.392791432051027],[-122.4882678926282,45.392765442702377],[-122.48822136264697,45.392743116670346],[-122.4881735330123,45.39271241424796],[-122.48811285370185,45.392684022841415],[-122.48804176916194,45.392644470779047],[-122.48798638808326,45.392621073393549],[-122.4879374547311,45.392600139264538],[-122.4878795203949,45.39258191669272],[-122.48782360102591,45.392569429160048],[-122.48774291343926,45.39254390543914],[-122.48766319852996,45.39252058824087],[-122.48764099806498,45.392514095860399],[-122.48749621468275,45.392486686224544],[-122.48739752144235,45.392467216373142],[-122.48731833055794,45.392451595499281],[-122.48596768525323,45.392150179439312],[-122.4858504518397,45.392149968990715],[-122.48578010424755,45.392156372256707],[-122.48494737957338,45.391799876393804],[-122.48486111008877,45.391762943823061],[-122.484840603688,45.391747132440159],[-122.48483367161187,45.391741788918537],[-122.48479335113544,45.391734025083004],[-122.48470373595148,45.391728987546635],[-122.48464763292931,45.391728078329528],[-122.48459650787336,45.39171673889232],[-122.48455374740338,45.391715597845064],[-122.48450029300824,45.391713697467367],[-122.48442430347542,45.391734139897927],[-122.48441433065844,45.39173682455823],[-122.48440636803633,45.39173856410828],[-122.48432555532347,45.391756228205793],[-122.48424314116663,45.391766124922505],[-122.48416084675841,45.391779773729283],[-122.48410029301542,45.391804332796198],[-122.48403369357494,45.39180831209994],[-122.48397844289727,45.391831842920254],[-122.48392826694123,45.391847761820287],[-122.4838645326781,45.391857325767603],[-122.48379684135296,45.39186884000334],[-122.4837799675542,45.391878781462353],[-122.48375802189661,45.391891690399561],[-122.48374440011635,45.391912125287988],[-122.48370492411807,45.391937399928935],[-122.48367536108688,45.391965581307886],[-122.48363697052294,45.391990846443449],[-122.48359737359479,45.392013044868726],[-122.48354061873451,45.392043235489858],[-122.48349478021611,45.392074003490386],[-122.48345716482901,45.392121541968095],[-122.48340165423178,45.392156320585634],[-122.48334027973766,45.392171270578608],[-122.48328324020652,45.392223790316322],[-122.48323115734668,45.392264918085189],[-122.48319872982984,45.392306956945148],[-122.48313464192233,45.39236210957295],[-122.48308591412699,45.392396886881706],[-122.48301603842833,45.392439573897825],[-122.48297256105795,45.392471749698153],[-122.48292399528741,45.392511556458807],[-122.48287522406406,45.392545074315784],[-122.48283365290111,45.39258098800358],[-122.48279469246361,45.392589205343569],[-122.48274347775128,45.392603917295801],[-122.48272277944231,45.392624384272089],[-122.48269856229543,45.392646172123385],[-122.48265509605272,45.392678346706695],[-122.4826280045169,45.392720293682153],[-122.48260146568086,45.392725297844194],[-122.48257661469388,45.39272997625573],[-122.48253656711344,45.39275832133039],[-122.48251287527913,45.392795177242789],[-122.48246548453194,45.392817365668293],[-122.48243922908478,45.392831645572812],[-122.48239718896741,45.392853742024464],[-122.4823430540312,45.392887361708404],[-122.48229256930735,45.392923420548641],[-122.48225070396094,45.392950545351056],[-122.48220656835208,45.392963873817187],[-122.48219302985135,45.392994775773317],[-122.48214835861418,45.393014729728982],[-122.48209537767201,45.393056124245511],[-122.48205253022174,45.393099477703402],[-122.48200676960587,45.393145724916351],[-122.48197956469957,45.393168689416179],[-122.48195859095708,45.393186388719187],[-122.48185802339339,45.393237085665163],[-122.48176903299664,45.393281955671704],[-122.48169039253114,45.393303784243912],[-122.48164136666095,45.393328530218142],[-122.48158839173226,45.393354757343523],[-122.48153747057397,45.393382353619167],[-122.48153076347604,45.393419032939782],[-122.48151214127049,45.39345731271122],[-122.48127154022228,45.393588047588871],[-122.48125290733019,45.394031160695221],[-122.48123139723721,45.39402505139094],[-122.48117538193992,45.394010915186328],[-122.4811205150481,45.394002258838604],[-122.48107035948235,45.393988715096896],[-122.48103202808994,45.393979079992278],[-122.48098014583405,45.393971740032804],[-122.48093687955833,45.39396012855012],[-122.48090530634559,45.393949008596458],[-122.48088158335435,45.393939121467554],[-122.48084049666932,45.393934340405117],[-122.48080756836841,45.39393971559393],[-122.48076752353013,45.393936968946321],[-122.48072258999238,45.39393363214559],[-122.48068942407497,45.393932143827961],[-122.48064323723486,45.39393466073853],[-122.48060127551224,45.393932640572594],[-122.48056316066017,45.39392917609495],[-122.48052425224083,45.393931225404934],[-122.48048723915248,45.393931172329587],[-122.48042862173055,45.393926693619122],[-122.48037889537271,45.393925491207945],[-122.48031848100059,45.393925167093563],[-122.48027222234143,45.393925623924069],[-122.48022643841627,45.393925730641946],[-122.48009989813337,45.393927286349857],[-122.48008719125072,45.393927442901322],[-122.48003860222784,45.393931027373718],[-122.47991174210948,45.393946153221748],[-122.47983549541118,45.393956750196409],[-122.47983293996857,45.393957109544388],[-122.47981511919754,45.393960099070256],[-122.47980923812112,45.393961082871698],[-122.47973729586649,45.393973153852052],[-122.4796308066249,45.393983696630151],[-122.47954725161,45.393980342345799],[-122.47946675903898,45.393967329558194],[-122.47939674454224,45.39396133743621],[-122.47931326027835,45.393960384961211],[-122.47922825704013,45.393964246585568],[-122.47914333756395,45.393970518903764],[-122.47905999142819,45.393973155166961],[-122.47900187608191,45.393966957084928],[-122.47894526403935,45.393954738995767],[-122.47890948484711,45.393954158623437],[-122.47886233457106,45.393969365929365],[-122.47881566402708,45.393980747885188],[-122.47876303712397,45.393986508359696],[-122.4787090232368,45.393985819986668],[-122.47865709543163,45.393978632782776],[-122.47858832635107,45.393977227366612],[-122.47852816986958,45.39398765373933],[-122.47848676474122,45.39398069099591],[-122.47842734662262,45.393977448968094],[-122.47835273185289,45.393989826389223],[-122.47826488940076,45.394004988150847],[-122.47818777255105,45.394014842759503],[-122.47812613678273,45.394017616472269],[-122.47805588759969,45.394016263772976],[-122.47800961345381,45.394008537462803],[-122.47797710178948,45.394013365633256],[-122.4779306045664,45.394033780954906],[-122.4778828057909,45.394051663064197],[-122.47782276796879,45.394065490205406],[-122.47776995413506,45.394080956116518],[-122.47770222803997,45.394107364321258],[-122.4776415062897,45.394121031063705],[-122.47756162284821,45.394141329778584],[-122.47747134343419,45.394162869663049],[-122.47738351516347,45.394169641893029],[-122.47733946977228,45.39419037538579],[-122.47728035214277,45.394207173944388],[-122.4772209183149,45.394214500142041],[-122.47715587425002,45.39423245408782],[-122.47710127483097,45.39425021905658],[-122.47703805374202,45.394277592693577],[-122.476995013436,45.39428464509399],[-122.4769326827539,45.394307125205302],[-122.47688015712394,45.394315114365419],[-122.47651428162615,45.394401480743241],[-122.47650832388247,45.394386280692693],[-122.47641396666933,45.394373523505593],[-122.47633549115635,45.39438734310874],[-122.47628161974809,45.394403619228349],[-122.4762327736284,45.394408295542732],[-122.4761876837901,45.394396759144499],[-122.47615772919654,45.394400200530157],[-122.47612312339305,45.394417629513029],[-122.47608442597627,45.394425381069794],[-122.4760330907941,45.394431576523672],[-122.47598436429975,45.394440391006405],[-122.47592669750325,45.394444931466786],[-122.4758905374163,45.394442557391507],[-122.47588385279879,45.394442123515489],[-122.47583847429817,45.394438477353617],[-122.4757944389231,45.394437462690881],[-122.47574386354113,45.394429477198777],[-122.47570356445286,45.394427516178588],[-122.47565208825885,45.394429285532269],[-122.47559934838266,45.394431085291387],[-122.47555157673652,45.394431016855222],[-122.47549510060436,45.394433763783539],[-122.4754485817589,45.394433683063831],[-122.47539973460484,45.39443979014905],[-122.47541015743492,45.396686003776225],[-122.47541170060173,45.397017943864221],[-122.47541241456626,45.397172483597558],[-122.47541289619092,45.397274702926197],[-122.47541315767108,45.397330083042576],[-122.47541387729417,45.397485872843731],[-122.47541392567334,45.397496826703609],[-122.47541401509646,45.397515602324532],[-122.47541401847637,45.397515701274273],[-122.47542189165499,45.398863613095969],[-122.47542020161821,45.398867584026043],[-122.47539428818942,45.398928249292155],[-122.47536836412073,45.399000012511436],[-122.4753464896483,45.399075469333567],[-122.47534460730886,45.399081964599326],[-122.4753420428956,45.39909347668025],[-122.47533419539187,45.399128770690474],[-122.4753295430137,45.399149697727012],[-122.47532366740504,45.399185083415063],[-122.47532047451826,45.399204266587383],[-122.47531958832812,45.399209628886453],[-122.47531865321066,45.399218421255931],[-122.47531300484623,45.399271382224434],[-122.47531142333796,45.399286198873831],[-122.47531116165759,45.39929409776439],[-122.47530872800381,45.399365357421281],[-122.47530865918729,45.399367419732613],[-122.47530830035205,45.399378047461248],[-122.47530922207739,45.399531233382305],[-122.47534762714901,45.399531165557953],[-122.47534797290504,45.399586022142394],[-122.47532846359553,45.399586052255941],[-122.47370299249816,45.399588670483823],[-122.47283604701455,45.39959005278741],[-122.47144304004046,45.399592265817162],[-122.47144644604552,45.40015453357524],[-122.47145033794195,45.40079907296915],[-122.47145257377309,45.401169345600529],[-122.47146320561843,45.402927439173645],[-122.47146466166478,45.4031671258305],[-122.47287890578509,45.403164620155387],[-122.47287676956489,45.403888717241522],[-122.47287572802615,45.404242313665094],[-122.47287237619173,45.405383179295413],[-122.47232724996461,45.405384149715047],[-122.4714394967897,45.405385715714246],[-122.47047157839916,45.405387419922612],[-122.47043181520252,45.405387491037139],[-122.4704321695005,45.4053888891385],[-122.47043173858269,45.405387492332686],[-122.47042331228661,45.405362605069094],[-122.47041454071656,45.405337371719661],[-122.47040123867477,45.405309336584217],[-122.47039355534955,45.405292978315799],[-122.470378400146,45.405267891603096],[-122.47036704891448,45.405248959077959],[-122.47034925377889,45.405223980002063],[-122.47033412376651,45.405204806245656],[-122.47031798665714,45.405186037440558],[-122.47030022610011,45.405191958601336],[-122.47027707427601,45.405168764894967],[-122.47026527948867,45.405156950326159],[-122.47025423177951,45.40514602408421],[-122.47024423899907,45.405137896290242],[-122.47023217726579,45.405127959254429],[-122.47021619540099,45.405114795178903],[-122.47020748136083,45.405107446814739],[-122.47019544931976,45.405099093377189],[-122.47017767697768,45.405086967633991],[-122.47016509966984,45.405078398397208],[-122.47014735873417,45.405066444029764],[-122.47012914404286,45.405056297787311],[-122.47010880061536,45.405044837442112],[-122.47008955040125,45.405033961651164],[-122.4700608513308,45.405020683128846],[-122.470031282205,45.405007031382766],[-122.47001725368969,45.405001169739897],[-122.47000605566649,45.404997005459833],[-122.46998377864018,45.404988719887477],[-122.46995554494353,45.404978223655711],[-122.46991955851685,45.404967779268418],[-122.46989240046489,45.404959902011484],[-122.46987141199205,45.404953808781322],[-122.46984049631395,45.404946985996759],[-122.46981035165689,45.404940329282852],[-122.46978458558795,45.404934642616993],[-122.4697381555754,45.404927437606695],[-122.46969570910667,45.404920858291398],[-122.46960547763408,45.404912569159428],[-122.46951456760024,45.404909828589453],[-122.46804462778573,45.404910366654988],[-122.46801679201954,45.404909485766112],[-122.46798706325043,45.404908546833703],[-122.46796996097984,45.404906896028237],[-122.46793366474385,45.404903404718617],[-122.46792883188638,45.404902939097681],[-122.46792020912044,45.404901529412541],[-122.46788794200523,45.404896286937905],[-122.46787157067646,45.404893624709565],[-122.46786831106914,45.404892869701619],[-122.46781169741128,45.404879755102577],[-122.46775422082051,45.404866438133716],[-122.46774311803104,45.404863865134686],[-122.46771248249107,45.404858882180136],[-122.46766859798055,45.404851750375791],[-122.46759284025009,45.40484445377944],[-122.4675164573939,45.404842028904788],[-122.46750953220835,45.404842030621374],[-122.46640377929931,45.404842446965894],[-122.46570836608606,45.404842704706297],[-122.46559797829188,45.404842427281139],[-122.46519148490803,45.404842887266398],[-122.46519104068324,45.404884030104178],[-122.46518801857023,45.404880148715954],[-122.46518359014382,45.404874400921926],[-122.46517923799007,45.404869731911006],[-122.46517525956563,45.404865532728046],[-122.46517278291891,45.4048630012282],[-122.46516893664433,45.404859682773242],[-122.46516415313822,45.404855480065507],[-122.46515747280212,45.40485039218612],[-122.46515347402611,45.404847436325561],[-122.4651492082518,45.404844556972073],[-122.46514193547004,45.404840045218961],[-122.46513881435742,45.404838100623422],[-122.465135964539,45.404836619482957],[-122.46512824858225,45.40483260213378],[-122.46512328487074,45.404830202579092],[-122.46511504789667,45.404826644944194],[-122.46510827074076,45.404823933947512],[-122.46510142866758,45.404821530964909],[-122.46509418853486,45.404819107692703],[-122.46508582840727,45.404816776211256],[-122.46507991956135,45.404815139640668],[-122.46507232604064,45.404813559380116],[-122.46506380450678,45.404811779654267],[-122.46505475073617,45.404810467932286],[-122.46504811209242,45.404809501608845],[-122.4650435482655,45.404809093436171],[-122.46503150244159,45.404808093183256],[-122.4650244173271,45.40480790033638],[-122.46501693595623,45.404807740272631],[-122.46501368907769,45.404807696916649],[-122.46500508866664,45.404808032752548],[-122.46499720181617,45.404808348455056],[-122.46499317787838,45.404808750229272],[-122.4649892180955,45.404809159922159],[-122.46498474846548,45.404809606113879],[-122.46498054666637,45.404810037888566],[-122.46497186803782,45.404811456010421],[-122.46496414283901,45.404812731146727],[-122.46495500315713,45.404814832085009],[-122.46494814423743,45.404816407633348],[-122.46493996205741,45.404818861448845],[-122.46493265113152,45.404821047656647],[-122.46492793369787,45.404822812109025],[-122.46492334146302,45.404824538447826],[-122.46491839628017,45.404826368844006],[-122.46491197846296,45.404829269038096],[-122.46490830601805,45.404830952865417],[-122.46490282402435,45.404833530359809],[-122.46489754430714,45.404836420363566],[-122.46489295501166,45.404838947703041],[-122.46488988266482,45.404840656513521],[-122.4648841975029,45.404844399407352],[-122.46487846192635,45.404848125149762],[-122.46487409290947,45.404851494828605],[-122.46486925174956,45.404855258593003],[-122.46486424992958,45.404859520997952],[-122.46486082007472,45.404862703829941],[-122.46485844289276,45.404864904050612],[-122.4648549608029,45.404868429785068],[-122.4648519709,45.404871775309637],[-122.46484878468006,45.404875322156947],[-122.46484505295062,45.404880112181168],[-122.46484231881763,45.404883840417774],[-122.46483897351541,45.404888722032553],[-122.46483671772928,45.404892577212287],[-122.46483381870654,45.404897469303421],[-122.46483245209194,45.404900418433584],[-122.46483142036122,45.404902731876909],[-122.46483028222917,45.404905298230311],[-122.46483001083452,45.404905959848449],[-122.46482808176539,45.404910781581592],[-122.46482670472264,45.404914927964384],[-122.46482541518066,45.404919054870618],[-122.46482473975321,45.404921325403912],[-122.46482354317101,45.404927736889526],[-122.4648231012694,45.404930111492256],[-122.46482247416562,45.404933804202088],[-122.46482235682936,45.404936668364179],[-122.46482209098755,45.404940840113959],[-122.46482190738713,45.40494363428872],[-122.46482194500159,45.404946207819776],[-122.46482218878747,45.404950298972167],[-122.46482234683288,45.40495303248305],[-122.4648226280421,45.404957096902784],[-122.46482316918457,45.404959823954314],[-122.46482390819159,45.404963861753991],[-122.46482432382915,45.404966617923357],[-122.46482497898405,45.404969316050817],[-122.46482627931017,45.404973290382763],[-122.46482706705478,45.404976130283835],[-122.46482780419589,45.4049782329908],[-122.46482825146745,45.404979701544114],[-122.46483070560491,45.404985293626837],[-122.46483245287868,45.404989260422809],[-122.46483362640438,45.404991796800203],[-122.46483521284645,45.404994452223512],[-122.46483737385586,45.404998186128928],[-122.46483881463311,45.405000690998435],[-122.46484043357792,45.405003174862678],[-122.46484313031306,45.405006881734018],[-122.46484404304189,45.405008135425973],[-122.46484580062221,45.405010562949201],[-122.46484719599249,45.405012483546678],[-122.46485116625541,45.405017195010736],[-122.46485432753164,45.405020660034182],[-122.4648565140937,45.405022927314306],[-122.46485991274837,45.405026271327678],[-122.46486225007409,45.40502846316101],[-122.46486588866129,45.405031686121156],[-122.46486837620041,45.405033786315855],[-122.46487093941172,45.405035857332798],[-122.46487355251077,45.40503789240632],[-122.46487622820636,45.405039889521937],[-122.46487895375921,45.405041849794507],[-122.46488172889416,45.405043765128212],[-122.4648845666257,45.405045642503993],[-122.46488891592919,45.405048385449817],[-122.46489189076796,45.405050161507305],[-122.46489490269407,45.405051900937032],[-122.46489951410796,45.405054423449073],[-122.46490264976005,45.40505604378491],[-122.46490743317443,45.405058401386107],[-122.46491068039394,45.405059920834198],[-122.46491397558231,45.405061385469899],[-122.46491563678029,45.405062104507479],[-122.46492067885785,45.405064177828713],[-122.46492582855959,45.405066034221221],[-122.46493100808084,45.405068016118761],[-122.46493452126198,45.405069090053331],[-122.46493811259113,45.405070207672985],[-122.46494264490478,45.405071605544933],[-122.46494591331798,45.405072620602319],[-122.46495211100392,45.405074108300319],[-122.46495571931467,45.405074973616927],[-122.46495908158023,45.405075780078178],[-122.4649616594323,45.405076401753341],[-122.46496719897445,45.405077359613372],[-122.46497317736433,45.405078409979701],[-122.4649788458831,45.405079365664349],[-122.46498649037859,45.405080189023217],[-122.46499423725456,45.405081054758107],[-122.465001994777,45.40508144418235],[-122.46500890765007,45.40508179384539],[-122.46501417430203,45.40508186524761],[-122.46502641183058,45.405081737198302],[-122.46503310681152,45.405081352486754],[-122.46504107294663,45.405080774428804],[-122.4650463082121,45.405080298223616],[-122.46506075722803,45.405078357965273],[-122.46506671049706,45.405077202708831],[-122.46507289148479,45.405075980608032],[-122.46507737172614,45.405075094106152],[-122.46508082726201,45.405074170880219],[-122.46508761438037,45.405072361620427],[-122.46509505633988,45.405070308202696],[-122.46510025879431,45.405068490562194],[-122.46510560508024,45.405066769502362],[-122.46511075092813,45.405064827707918],[-122.46511749223521,45.405062084058883],[-122.46512407354658,45.405059144194681],[-122.46513046968909,45.405056019340577],[-122.46513669401369,45.405052726372645],[-122.46514123009584,45.405050136917254],[-122.4651471117015,45.405046534707843],[-122.46515278379063,45.40504278302155],[-122.46515823170506,45.405038864104348],[-122.46516217757835,45.405035826471732],[-122.46516844951806,45.405030588574093],[-122.46517548099156,45.405024013882439],[-122.46518294752943,45.40501599176087],[-122.46518971952864,45.405007459317922],[-122.46517366500349,45.406490199430436],[-122.46517046015362,45.406785890715121],[-122.46260354102237,45.406785016414211],[-122.46080827627763,45.406784368598451],[-122.46004915813171,45.406784087148182],[-122.45624828702508,45.406807018355742],[-122.45577743285314,45.406809856836553],[-122.45580228476598,45.405636532443559],[-122.4549846270401,45.4056390530369],[-122.4549643756218,45.405639110157743],[-122.45493978057868,45.405639187039263],[-122.45429735844903,45.405641163422487],[-122.45416697048969,45.405641566973287],[-122.4533418627926,45.405644094762437],[-122.45331778162546,45.406778771857525],[-122.45125036081517,45.406785084493855],[-122.45125030878084,45.406785814408302],[-122.45124437901644,45.406867384721039],[-122.45123346550085,45.407703897693992],[-122.45121694603201,45.408969806641927],[-122.44997636315479,45.408973932456199],[-122.44969826076192,45.408974852849241],[-122.44678705512858,45.408984481304273],[-122.44595213340199,45.408987229721177],[-122.44447207359408,45.408992083093707],[-122.44447965834212,45.408141974731599],[-122.44537135016854,45.408139047761388],[-122.44538249906132,45.40688866946094],[-122.44460767958155,45.406887292156284],[-122.44224223655546,45.406895012646856],[-122.44223067114596,45.406569295123354],[-122.44222553242545,45.406424751549942],[-122.44207083359149,45.406432106281407],[-122.43996028432771,45.406573486133524],[-122.43871989111358,45.406656562842251],[-122.43851263912686,45.406670444818793],[-122.43755258747937,45.406734727210122],[-122.4369668437634,45.406773948214948],[-122.43636462616017,45.406814263537292],[-122.43574438092718,45.406855789634065],[-122.43510448724179,45.406898624233961],[-122.43444415578986,45.406942817915954],[-122.43444490583221,45.406918259331711],[-122.4338042016563,45.4069196322721],[-122.43310416328779,45.406923856235267],[-122.43290823264257,45.406924279093836],[-122.43249025122989,45.406922439198077],[-122.43223326999353,45.406922989437305],[-122.43219529533589,45.406923070937175],[-122.4318830243452,45.406923732456718],[-122.43059553129349,45.406928979377554],[-122.42738232984834,45.406933893843629],[-122.42659513028225,45.406935087478615],[-122.42570022517516,45.406936428323725],[-122.4242867990005,45.406938543571847],[-122.42405326330808,45.406932939138727],[-122.42402520900539,45.408470420537348],[-122.42402420136239,45.408525272444081],[-122.42401319464705,45.409128629432452],[-122.42398550675571,45.410646040958049],[-122.42396661394837,45.411682077807036],[-122.42213650392608,45.411695744776985],[-122.42212147686978,45.412518498051028],[-122.42168146845692,45.412521776534597],[-122.42122976938205,45.412525149764981],[-122.42077807123286,45.412528512228505],[-122.42027186870835,45.41253228134935],[-122.41891586445085,45.412542368225203],[-122.41890113781885,45.413378832547032],[-122.41889873468605,45.413515959279643],[-122.41888400631102,45.414352424087191],[-122.4188682312282,45.415248771969878],[-122.41885231336398,45.416153808056507],[-122.4197557750712,45.416148779250676],[-122.42298944397785,45.416130728523598],[-122.42299190994271,45.416130713940433],[-122.42298891278492,45.416177039025392],[-122.42297890137246,45.416725543627187],[-122.42387461120528,45.416723420864415],[-122.42387087464628,45.416927772150366],[-122.42385443529439,45.417169538087343],[-122.42383358991952,45.417476032967699],[-122.42382886920812,45.417734767389213],[-122.42367327540843,45.417834552398133],[-122.42069412157888,45.417869007167695],[-122.42042170121432,45.417910788091497],[-122.41882131752827,45.417914530292009],[-122.41882325303304,45.417804811494776],[-122.4171104484623,45.41780879051597],[-122.41633663165105,45.417783340967745],[-122.41624939042555,45.417783358586718],[-122.41496221790138,45.41778631473727],[-122.41447540854655,45.417787437904252],[-122.41367504708892,45.417789273746621],[-122.41357864317385,45.417789342594737],[-122.41358097096783,45.417652217730677],[-122.41334729197504,45.417652380785263],[-122.41334497610217,45.417789496439482],[-122.4120487242695,45.417790366161739],[-122.41204861754639,45.417708080138922],[-122.41100967769553,45.417708769981161],[-122.41100828761475,45.417791053519736],[-122.40990674658005,45.417791768898844],[-122.40924192497438,45.417639000412265],[-122.40905426572716,45.417539602158321],[-122.40854522436585,45.417269959991749],[-122.4083111245162,45.417489151124748],[-122.40852733100638,45.417603683474688],[-122.40795939156266,45.41771072183527],[-122.40779606887962,45.417710828227655],[-122.40651916807727,45.41771161857779],[-122.40581742819433,45.417712048350417],[-122.40533848712857,45.417762940534061],[-122.40503863099954,45.417794806797076],[-122.4042597203423,45.417795266166095],[-122.40415806727198,45.417793101687366],[-122.40354044106614,45.417779905818676],[-122.40336817419715,45.417776220714991],[-122.40297447433403,45.417767811873411],[-122.40269231596355,45.417761782356159],[-122.40085004142567,45.417924211341798],[-122.400831797348,45.417929005436598],[-122.40080812043909,45.41793531197974],[-122.40076815991345,45.417946180825076],[-122.40073918741768,45.417954248674697],[-122.40070847237905,45.417962957855742],[-122.40067605426815,45.417972342824513],[-122.40064732398741,45.417980820717212],[-122.400613299425,45.417991060795245],[-122.40058116548563,45.418000927122229],[-122.4005526933658,45.418009833698378],[-122.4004346312195,45.418018450430083],[-122.40038189749599,45.418022294716479],[-122.40029986525383,45.418056561698229],[-122.40021500210784,45.418100236032501],[-122.40016923967411,45.418127952499937],[-122.40010983252944,45.418169252392907],[-122.39996467619267,45.418230703131343],[-122.39982263887632,45.418295684983285],[-122.39968392607649,45.418364112707181],[-122.39954867339493,45.418435913001865],[-122.39941706943279,45.418510991901854],[-122.39928926607725,45.418589265941137],[-122.39916541305443,45.418670624688055],[-122.39904567247598,45.418754984510514],[-122.39897574877153,45.418807070127237],[-122.39849272329211,45.419326953215212],[-122.39836110909394,45.419508306077198],[-122.39833114830218,45.419549594340161],[-122.39808370679071,45.419890570282064],[-122.39766919089952,45.420389955181669],[-122.39752812080258,45.420560022339622],[-122.3979464179201,45.42070827000888],[-122.39814218095972,45.4207887944833],[-122.39814622362931,45.421015687260564],[-122.39819490187358,45.422127820040444],[-122.398211894089,45.422515959470779],[-122.39821738460044,45.422824530676387],[-122.39822329816784,45.423156453470391],[-122.39822847332962,45.423447127175663],[-122.39823613945728,45.423877176064401],[-122.39824077728632,45.42413758765273],[-122.39824141280074,45.424173482257046],[-122.39820247817073,45.424173857038156],[-122.39820284765109,45.424186821374015],[-122.39820479538544,45.424196158985119],[-122.39820811516128,45.424246617388356],[-122.39822241146553,45.424318793917422],[-122.39824524647993,45.424389865668488],[-122.39825560071,45.424971550104438],[-122.40186872496362,45.424944597357864],[-122.40348090297765,45.424932534500698],[-122.40861932465418,45.42492330025788],[-122.40863284711025,45.4249266204938],[-122.40863523628698,45.425104076109164],[-122.40866385242281,45.425113164143568],[-122.40869212902849,45.425122768949215],[-122.40872004284313,45.425132882806992],[-122.40883379059365,45.425171017824049],[-122.40895186255284,45.425201956355792],[-122.40907334200313,45.425225458691791],[-122.40919728726568,45.425241342235744],[-122.40939647680341,45.425241771812466],[-122.41021680074259,45.425243540685294],[-122.41043444812028,45.425244008949043],[-122.41121344787116,45.42524568209285],[-122.4116029470653,45.425246514924424],[-122.41211319030012,45.425247607118116],[-122.4121658473984,45.425247718143737],[-122.41221056993056,45.425248337312404],[-122.41307535128131,45.425260299446364],[-122.41371205614134,45.425269102544938],[-122.41372430715266,45.42660964590192],[-122.41372859180545,45.427078646311919],[-122.41373694220887,45.427992462874727],[-122.41374529293584,45.428906280788581],[-122.4137502174639,45.429446328613615],[-122.41375053052938,45.429480723627961],[-122.41375090585285,45.429521863365267],[-122.41375326887923,45.429780935890584],[-122.41375358322597,45.429815330877766],[-122.41371464171232,45.429815267173922],[-122.41371712852637,45.430087387195826],[-122.4137196172793,45.430359680852746],[-122.4137221048079,45.430631975390348],[-122.41372459360777,45.430904268967574],[-122.41372683254239,45.431149210135132],[-122.41372858402379,45.431341015090375],[-122.41373081023191,45.431584682864944],[-122.41373331740479,45.431859034374881],[-122.41373381955393,45.431913887559688],[-122.41373845269734,45.432421000851441],[-122.4137453628997,45.432785626899893],[-122.41375002064436,45.432972930630456],[-122.41379811218218,45.434906271987643],[-122.41383010074132,45.43619076097189],[-122.41384530696399,45.436801123734561],[-122.41384556315268,45.436811407764054],[-122.41385350468903,45.437130201855418],[-122.41385376215837,45.437140485862095],[-122.4138706241923,45.437817316167212],[-122.41392044022365,45.439816723203904],[-122.41391894190046,45.440270151157897],[-122.41391744316654,45.440723567306883],[-122.41389791484751,45.440723394614309],[-122.41389690793676,45.441029301620368],[-122.41389599388715,45.441307670722907],[-122.41389498865473,45.441613281495691],[-122.41389444562894,45.441778242839241],[-122.41389344093916,45.442084140633732],[-122.41389243754639,45.442390039256267],[-122.41389152101395,45.44266837309317],[-122.41389063400712,45.442938140853272],[-122.41388897231894,45.443444897262935],[-122.41357244313058,45.443443039186505],[-122.41269730109883,45.443437895718247],[-122.41155644850448,45.443431182114466],[-122.4111728155373,45.443428919848436],[-122.41041065097289,45.443424425862844],[-122.4088885741466,45.443415435588641],[-122.40888844328489,45.443399088780396],[-122.4063779425334,45.443382655403198],[-122.40622206126258,45.443381633224973],[-122.40623616474407,45.4442474056981],[-122.4062375052509,45.444329706252539],[-122.40625160773916,45.445195472903514],[-122.40626643251089,45.446106025983646],[-122.40628059052834,45.446975347793632],[-122.40628085516333,45.447071347954044],[-122.40627426815426,45.447918790466048],[-122.40627023158802,45.448438375131488],[-122.40626754799099,45.448783984086006],[-122.40626690534029,45.448866281754775],[-122.40625878242511,45.449912013265653],[-122.4062535411835,45.450585973297805],[-122.40565379164582,45.45058115182993],[-122.40505403962257,45.450576326420581],[-122.4044567370653,45.450571517332648],[-122.40385453971074,45.450566666288474],[-122.40369857261705,45.450578836119952],[-122.40369796430255,45.45066112317366],[-122.40369166327127,45.451525895672525],[-122.40368994080286,45.451762828708084],[-122.40368891999735,45.451902648977558],[-122.40368537450603,45.452390657661418],[-122.40368477896392,45.452472945325049],[-122.40367847724137,45.453337707976686],[-122.4036722923279,45.454188013119527],[-122.40367137831943,45.454242861645824],[-122.4036912328433,45.454243018199058],[-122.40374982134597,45.454243468653139],[-122.40374285044575,45.455148556806257],[-122.40373962782536,45.455566758505221],[-122.40373766380434,45.455820536090748],[-122.40373097870915,45.45668719437009],[-122.40372212572402,45.457834789968338],[-122.40352728519478,45.457832467967449],[-122.40352464560011,45.458175302950714],[-122.40371948731486,45.458177625855164],[-122.40371435316835,45.458842753142797],[-122.40392543408998,45.458845274214667],[-122.40391490274604,45.45885467487372],[-122.40385679086705,45.45891365010138],[-122.40383368244397,45.458943915896242],[-122.4038172770103,45.458965421331371],[-122.40380050351733,45.458987400779122],[-122.40377421395031,45.459031545423684],[-122.40375236511197,45.459076867706663],[-122.40374928623054,45.459085388005185],[-122.40374633641999,45.459093556090927],[-122.4037314500098,45.459134846967217],[-122.40371595868747,45.459205788831923],[-122.40371479194687,45.459222891972608],[-122.40371303473088,45.45924869980189],[-122.40371108232726,45.459277471868006],[-122.40371272847375,45.459301423221014],[-122.40371408377476,45.459321283348963],[-122.40371518076377,45.459337224524049],[-122.40372207177505,45.45936540855331],[-122.40373594213074,45.4594221279742],[-122.40374110179887,45.459443257134609],[-122.40378788144898,45.459540078751282],[-122.40379265109486,45.459549954178861],[-122.40383280781326,45.459631574601971],[-122.4038546338283,45.459691690417642],[-122.40386484800325,45.459719810295816],[-122.40386849791015,45.459729857898232],[-122.40388127649702,45.459778395072284],[-122.40388335113747,45.45978841438405],[-122.40388423591097,45.459792675916795],[-122.40388913562921,45.459816392355059],[-122.40388530395877,45.459851704001125],[-122.40387805854455,45.459857630057925],[-122.40387385189806,45.459861074675082],[-122.40386644475893,45.459867138373028],[-122.40383321597517,45.459874781833548],[-122.40376880994874,45.4598745900783],[-122.40296589916434,45.459872188576959],[-122.40203443334026,45.459869391970514],[-122.40021606782284,45.459863919883929],[-122.40015761064357,45.459863744429406],[-122.3985363119771,45.459858835705724],[-122.39593918782775,45.459850935445786],[-122.39334206278858,45.459842967497792],[-122.39326412470471,45.459842731282301],[-122.39074835491746,45.459834956559767],[-122.38820532826038,45.459827043208321],[-122.38808864413254,45.459826676509792],[-122.38808671712624,45.459924628948684],[-122.38684952516965,45.458903219386833],[-122.38696633994438,45.457715458696235],[-122.38699061815068,45.457468569667903],[-122.38628942326669,45.457469618570229],[-122.38498748996727,45.457471547388359],[-122.38459887960718,45.457150675185005],[-122.38430059794324,45.456904375527493],[-122.38429819189813,45.456902398369266],[-122.38424589714828,45.45685921636899],[-122.3840429716967,45.456690386779826],[-122.3840427610302,45.456690201180081],[-122.38396028535222,45.456621582597663],[-122.38383739702623,45.456512555406967],[-122.38369701295346,45.456388019025255],[-122.38361755693499,45.456317541512348],[-122.38352190344706,45.456225214007254],[-122.38344933032447,45.456155162542004],[-122.38337360047447,45.456082066861249],[-122.38335412631376,45.45606326864786],[-122.38333146808186,45.456037924753737],[-122.38311914046982,45.455800490751621],[-122.38308632549111,45.455762730416296],[-122.38277516773634,45.455931615081347],[-122.38259518444011,45.455931975853602],[-122.38051321333205,45.455936079020937],[-122.37796019358321,45.455941058294179],[-122.37780678217351,45.455941353760011],[-122.37643578556448,45.455944001629909],[-122.37786278831548,45.4570072931242],[-122.3779536634292,45.457094572878724],[-122.37860702450612,45.457722168195012],[-122.37878950649879,45.457897452700202],[-122.37887468190753,45.457973169314336],[-122.37908607904168,45.458161102545077],[-122.38116514595382,45.460009328005569],[-122.38188820856777,45.460652063945723],[-122.38231096696325,45.461027848667221],[-122.38216279003797,45.461130224343215],[-122.38188538867082,45.461129380829121],[-122.38115851190339,45.461127182748967],[-122.38088568964393,45.461126352114803],[-122.38012309491006,45.461206315598567],[-122.3788564315014,45.461202456316414],[-122.37793040016848,45.461199626913988],[-122.37792839960481,45.461360918994394],[-122.37791678389681,45.464002491302288],[-122.37791088765881,45.464880567021879],[-122.37791064244044,45.464914962915451],[-122.37790512448422,45.465753023236879],[-122.3778990646791,45.46667922943972],[-122.37289336010816,45.466686047032013],[-122.37265950083676,45.466687161442117],[-122.37265888143058,45.46678211283011],[-122.37265582622629,45.467747726619628],[-122.37265351685731,45.46847860436359],[-122.3726494772767,45.469444278952395],[-122.37264702234772,45.470029391235954],[-122.372646238426,45.470217980452041],[-122.37264566377463,45.470352740744872],[-122.37264463762884,45.470599587365612],[-122.37264395311642,45.470762837164202],[-122.37264183606297,45.471268934227282],[-122.37264172552824,45.471271798007713],[-122.37264138614384,45.471274665461259],[-122.3726408400768,45.471277510132104],[-122.37263941286979,45.471281583948269],[-122.37264018038114,45.471626716953018],[-122.37263875425953,45.472000417852293],[-122.37263812424597,45.472166493554802],[-122.37263636792896,45.472577157297437],[-122.37181010014913,45.472585501080772],[-122.37084973037723,45.472595187471363],[-122.37026494027835,45.472601079035911],[-122.36914615457957,45.472612332146312],[-122.368951228464,45.472614299116692],[-122.36847429802211,45.472619092011293],[-122.36767965554357,45.472627089067245],[-122.36767828593726,45.47268351039461],[-122.36767842074052,45.472717188937906],[-122.36767855928848,45.472754108320693],[-122.36767874126735,45.472802457907306],[-122.36767878136952,45.472813429165114],[-122.3676704890221,45.473784588716541],[-122.36766822638566,45.474049357066257],[-122.36766607803509,45.474301243658587],[-122.36766272169039,45.474694300006902],[-122.36765939949606,45.475082954728371],[-122.36765907789218,45.475120637427516],[-122.36765790235812,45.475349996630797],[-122.36765731248153,45.475465540704043],[-122.36765593010892,45.475736883605848],[-122.36765593185429,45.475736937577828],[-122.3676558013985,45.475744256653918],[-122.36765461106209,45.475814689789672],[-122.36765326879414,45.475893360340294],[-122.36765256168242,45.476049742781498],[-122.36765106536241,45.47624129537428],[-122.36764847700469,45.476577921726189],[-122.36764882698046,45.476588546002006],[-122.36764954252595,45.476610316302754],[-122.36763468387238,45.478531310125959],[-122.36763107690884,45.478966196918428],[-122.36762879191303,45.479241954724067],[-122.36762866161189,45.479289391139041],[-122.36762866335738,45.479289445110922],[-122.36762834921598,45.479406397513159],[-122.36760913157403,45.481202619698323],[-122.36760541305496,45.481565195682016],[-122.36759215752834,45.482862343341289],[-122.3675914245858,45.48291088729917],[-122.36759157012744,45.48298694984107],[-122.36759219935367,45.483321058349318],[-122.36759219949499,45.483321814342652],[-122.36759261182848,45.483540310253538],[-122.36759343867919,45.484418808567177],[-122.36759371075308,45.484700771472134],[-122.36759384926641,45.484796870617963],[-122.36759644158413,45.486500639382591],[-122.36759645374643,45.48650453615835],[-122.3675964685977,45.486505390914203],[-122.3680512974927,45.486499676565664],[-122.36933016146077,45.486483591989909],[-122.37032070648341,45.486471117208843],[-122.37033526244491,45.486470934330953],[-122.37033531451782,45.486473687477627],[-122.37033534007338,45.486475226957566],[-122.37034383263268,45.486563331648263],[-122.37034382134573,45.486603827050288],[-122.37034378752,45.487056449713457],[-122.37034398404187,45.487253266146183],[-122.37034453301064,45.487433984127613],[-122.37034523253362,45.487667461783978],[-122.37034805727374,45.48807592521004],[-122.37035325120679,45.488546229583534],[-122.37025028723767,45.488546556636514],[-122.37001536672135,45.488547303323998],[-122.37001650616709,45.489076845217426],[-122.37110068640118,45.489073551619519],[-122.37154018340722,45.489072213372111],[-122.37162829392676,45.489071605901039],[-122.37174197053632,45.489070941144014],[-122.37175582483313,45.489071552346545],[-122.37175549222148,45.48928560568276],[-122.37260773964657,45.489282783009756],[-122.37274886683285,45.489280220642499],[-122.37274886870281,45.489287655455158],[-122.37274887833941,45.489645093806296],[-122.3727488772662,45.490060075090611],[-122.37274888314998,45.490060650991502],[-122.37278065735086,45.490061042031762],[-122.3730203566973,45.490065296344866],[-122.37337306307813,45.490069876491468],[-122.37366593093948,45.490073685539862],[-122.37417553052877,45.490080302885225],[-122.37440932881479,45.490083336919405],[-122.37465091037681,45.490086476767083],[-122.37491462768388,45.490089904012123],[-122.37514582596135,45.490092897340908],[-122.37562915558776,45.490099172615054],[-122.37587087924081,45.490102307656556],[-122.3761126272485,45.490105442706458],[-122.37636999396956,45.490108780651852],[-122.3770674828644,45.490117822996325],[-122.37789577505239,45.490128548290052],[-122.37888067962642,45.490141305060789],[-122.37978946095313,45.490153057530677],[-122.38073300189828,45.490165260700778],[-122.38171840705435,45.490178002581921],[-122.38192918576881,45.490180723109333],[-122.38231708792422,45.490185734724079],[-122.38231550410093,45.490455819948394],[-122.38231409101969,45.490743427975694],[-122.38277515211237,45.490747094416136],[-122.38305476162817,45.490749170562772],[-122.38303628704044,45.492114967381518],[-122.38302197175999,45.493254144257982],[-122.38301592185788,45.493736506091828],[-122.38301291281374,45.493975076272292],[-122.38300903091211,45.494284227164847],[-122.38300655832627,45.494481061340778],[-122.38299629815691,45.495297790350982],[-122.38299035347632,45.495770600111463],[-122.38298337320795,45.496326072728024],[-122.38298252275368,45.496393457154689],[-122.38297991834744,45.496601400023323],[-122.38297142531231,45.49727764236178],[-122.38297957555464,45.498759478775881],[-122.38297965230028,45.498759477537867],[-122.38489162134893,45.498783842162418],[-122.38488277863934,45.499324682567888],[-122.38488271457953,45.499328913560333],[-122.38488377711914,45.499328923402885],[-122.38501098936385,45.499330552861451],[-122.38501150159392,45.499330562589584],[-122.38501194448453,45.499492002134104],[-122.38501217131757,45.499576002731018],[-122.38501361108867,45.500109618252658],[-122.38501375169157,45.500159740964122],[-122.38501375272426,45.500162476919122],[-122.3851734006855,45.500264743201775],[-122.3854485202711,45.500440972060268],[-122.38544814680569,45.500558492568189],[-122.38543841533219,45.502134374183747],[-122.38579904332553,45.50213892231551],[-122.38641921857969,45.502146758845612],[-122.38800095292731,45.503389811230718],[-122.3883795463844,45.503687292052476],[-122.38961477210987,45.504657903498732],[-122.38961499546707,45.504658079881331],[-122.3896165599522,45.504659305543576],[-122.38961593774609,45.505391285992054],[-122.38961463036351,45.506880262186982],[-122.38961460666098,45.506899947118157],[-122.38961460631427,45.50690415906972],[-122.38961459550278,45.506911531050079],[-122.38961447116137,45.507059001563498],[-122.38954711453844,45.507059812756012],[-122.38675435903703,45.507096326792507],[-122.38560366817575,45.507111340092983],[-122.38547643369206,45.507108811381968],[-122.38522638941342,45.506638502027279],[-122.38522050480627,45.506627429107908],[-122.38511240789968,45.506626430554554],[-122.38214560673585,45.506599073756995],[-122.37964229608646,45.5065759205226],[-122.37964000289455,45.50657589534466],[-122.37922909151807,45.506572095773713],[-122.37755193460534,45.506556549900857],[-122.377463607664,45.506555733912506],[-122.37746650150403,45.506620816629365],[-122.37747182098273,45.506740286058324],[-122.37747881698053,45.506897721402275],[-122.37748293283792,45.507022250987113],[-122.37748764801412,45.507164890328838],[-122.37749841933916,45.507431856115709],[-122.37750920227742,45.507698821676499],[-122.37751997939034,45.507965959188745],[-122.37752527206158,45.508097031564255],[-122.37752700750866,45.508139837531736],[-122.37753076252811,45.508232924667659],[-122.37754153428109,45.508499891190233],[-122.37755230482506,45.508766856792931],[-122.37756309513014,45.509033993935489],[-122.37757375749901,45.509311635911764],[-122.3775739683723,45.50931721332261],[-122.37757343193135,45.509317248949024],[-122.37671861655892,45.509376624665968],[-122.37667470920532,45.509378215128436],[-122.37668461838032,45.509543262293533],[-122.37671569290353,45.509950973833703],[-122.3767256350942,45.510081403445923],[-122.37713538944759,45.510084294837554],[-122.37708905230869,45.51106666347426],[-122.37706992283911,45.511472080408986],[-122.37706787374735,45.511515461932071],[-122.3760877767773,45.511524954384058],[-122.37608659945536,45.511524964301948],[-122.37612943486803,45.514071407989377],[-122.3761462535946,45.515070727052525],[-122.37615341431705,45.51549635332654],[-122.37506245813499,45.516233742952913],[-122.3745674205732,45.51656833905129],[-122.37456824846103,45.51657246566738],[-122.37457442252072,45.516603201656189],[-122.37458323319144,45.516633921415313],[-122.37459205666647,45.516664640967846],[-122.37460088015094,45.516695360519186],[-122.37461164417707,45.516725877019333],[-122.37462240141264,45.516756223531047],[-122.37463513802612,45.516787562440449],[-122.37473676294059,45.5170290234663],[-122.37473729134028,45.517030274954138],[-122.37484906241539,45.517298292454953],[-122.37496353671534,45.517574024241341],[-122.37506945235947,45.517827087849902],[-122.37509053807301,45.517874754149823],[-122.3751135519769,45.517921874693734],[-122.37476722505487,45.517971494959689],[-122.37442000558757,45.5180053590828],[-122.37397335565024,45.5180489168227],[-122.37293470242827,45.517954477697366],[-122.37270818824933,45.517933885042275],[-122.37270919318559,45.517974084469898],[-122.37269277611283,45.518795882235523],[-122.37268264416282,45.519468940282728],[-122.37266199877611,45.520953788686427],[-122.37264546052974,45.522141953042528],[-122.37264353705031,45.522280846651483],[-122.37292777786125,45.522282803197236],[-122.37374315261503,45.522288375167953],[-122.37374544488628,45.522288392386422],[-122.37369976962792,45.522548672199498],[-122.3736994573551,45.522550450163607],[-122.37410885933687,45.523281678663551],[-122.37412326080977,45.523307950047219],[-122.37412828287424,45.523316959212067],[-122.37412384913793,45.523493364502414],[-122.3741151652024,45.523839726455236],[-122.37410732759137,45.524145410249268],[-122.37348548267555,45.524304835108317],[-122.37335613582194,45.524337996133831],[-122.37322728409318,45.524371032074363],[-122.37304678360796,45.52441546737014],[-122.37320435346038,45.524476300123389],[-122.37337489474993,45.524542141744938],[-122.3735507046699,45.52472496829899],[-122.37305673548262,45.524666713170213],[-122.37163656142353,45.524499199645057],[-122.37109841561551,45.524435723345867],[-122.37082222103834,45.524403146636097],[-122.37079431322724,45.524399856109731],[-122.37078720265252,45.524510086436997],[-122.37078559434462,45.524535117100669],[-122.37078045675548,45.524614703171999],[-122.37077908109335,45.524635931313867],[-122.37077881096148,45.524640157422652],[-122.37077879561012,45.524640868648589],[-122.3707781197563,45.524678232026183],[-122.37077335183533,45.524681235121975],[-122.37062088942955,45.52477693720936],[-122.37058240000648,45.524801073654956],[-122.37056520024606,45.524811866253195],[-122.37056668831686,45.524817800250062],[-122.37071513176394,45.525406531127999],[-122.37071634056291,45.525411353626851],[-122.3707231654131,45.525438541424435],[-122.37051859230112,45.525685691403133],[-122.37042789678567,45.525796525956871],[-122.37033671259458,45.525907305255657],[-122.37026940151947,45.525989082088522],[-122.37005644649042,45.526247789615788],[-122.36985071896333,45.52649773762316],[-122.36972769199093,45.526647197661156],[-122.36957401824739,45.526833877863098],[-122.36926381766334,45.526880741467529],[-122.36919419453376,45.526891189426124],[-122.36919452428815,45.526895360924009],[-122.36920040055855,45.526971185911222],[-122.36921115192268,45.527109873387829],[-122.36915506330531,45.527216795099548],[-122.36906104907186,45.52721568709412],[-122.36905530941385,45.527215618754731],[-122.369044049194,45.527215486668524],[-122.36894573160376,45.52721434034266],[-122.368618635475,45.527210533191742],[-122.36861513203853,45.527188898099872],[-122.36858388331501,45.527013686457394],[-122.36848344393218,45.526310305761839],[-122.36847792161926,45.526274797468758],[-122.36847462157627,45.526255841929348],[-122.36847392314054,45.526252145213483],[-122.36823886188006,45.526258027853366],[-122.36823859314109,45.526258032152356],[-122.36750687275018,45.526260744428242],[-122.36750616920098,45.526260764678192],[-122.36750613723289,45.526280783290758],[-122.36750592516918,45.526410594294497],[-122.36750383165581,45.530489658050499],[-122.36750338500273,45.531364097433809],[-122.36750303049179,45.532047856446802],[-122.36750301530466,45.532089043822452],[-122.36750288987584,45.532323873214793],[-122.36750288792454,45.532339399528261],[-122.36750278395614,45.532528171685478],[-122.36750274241074,45.532605928846742],[-122.36750271634965,45.532649114316186],[-122.36750220041792,45.532682902032626],[-122.36750252959833,45.533016038563396],[-122.36750229002709,45.533452934402256],[-122.3675092943182,45.533452927709689],[-122.36807733236824,45.533452076185199],[-122.36819594563856,45.53345200241975],[-122.36819620221225,45.53345241230199],[-122.36846235728129,45.533451830447518],[-122.37067998347426,45.537047450455496],[-122.37068252738308,45.537051576568885],[-122.37263460930744,45.537051580061217],[-122.37263576184392,45.537051579583697],[-122.372636312484,45.537051578855831],[-122.37263747781994,45.53705157817307],[-122.37263555814963,45.536543009474329],[-122.37271173211616,45.536605771558214],[-122.37276240624128,45.536644845755056],[-122.37281113294425,45.536680379176119],[-122.37289775236049,45.536739092099502],[-122.37295761190687,45.536776648281666],[-122.37300379343704,45.536804148811051],[-122.37306226808617,45.536837029308266],[-122.37312633668084,45.536870980133664],[-122.37326300521865,45.536936545340026],[-122.37348772769772,45.537036732901655],[-122.37354784963834,45.537065193990003],[-122.3736315890766,45.537108373205967],[-122.3737021811236,45.537148652062967],[-122.37378669238775,45.537201629351785],[-122.37391636701236,45.537295084442441],[-122.37397505058694,45.537343550402106],[-122.3740470401423,45.537409053465019],[-122.37411375321842,45.537477261849716],[-122.37414355819021,45.53751068188577],[-122.37449202832963,45.537940064309829],[-122.37469969620632,45.538196895539805],[-122.37477273774091,45.538287223108661],[-122.37483615707295,45.53835840973796],[-122.37489955675353,45.538411964460636],[-122.37494924413522,45.538451711432806],[-122.37499906640483,45.538487765447236],[-122.37503458344835,45.538511433302681],[-122.37509719158511,45.538549529262752],[-122.37516275102895,45.53858508310001],[-122.37521218145227,45.538609271827873],[-122.37526619419175,45.538633385172638],[-122.37532497144788,45.53865707911487],[-122.37537848505389,45.538676511584697],[-122.37543996984679,45.538696507228693],[-122.37551329015304,45.538717281180347],[-122.37558809167186,45.538735241400751],[-122.37564594981653,45.538747005556331],[-122.375722851893,45.538759891238151],[-122.37577462028683,45.538766841087032],[-122.37582673800607,45.538771930467931],[-122.37586657399245,45.538773584780955],[-122.37591843222668,45.538772387506256],[-122.3759676447161,45.538767884814092],[-122.37600294736924,45.538762574127752],[-122.37604764078866,45.538752727064768],[-122.37609235329188,45.538740710752975],[-122.37633180163374,45.53865289861097],[-122.37636696176207,45.538708371305397],[-122.37640632722204,45.538762020597723],[-122.3764400832861,45.538801765467014],[-122.37647023340222,45.538833567528322],[-122.37652980356677,45.538874646334541],[-122.37655270210716,45.538890446423387],[-122.37666188307189,45.538942173082532],[-122.37670306548914,45.538962850623321],[-122.37677116892277,45.538997038847633],[-122.37681958519499,45.539016869351109],[-122.37690053812693,45.539050010479365],[-122.37700507504489,45.539088284908289],[-122.37705690854318,45.539107257633418],[-122.37714600532871,45.53914417269705],[-122.37725670617978,45.539187988857634],[-122.37734089473921,45.539219403745044],[-122.37740926847415,45.539244325679057],[-122.37750808549282,45.539277724664927],[-122.37763547704354,45.539338593909903],[-122.37777812143592,45.539386631765723],[-122.37796961961129,45.539473887681581],[-122.37809628184101,45.539529359343575],[-122.37818984957954,45.53958291506477],[-122.37825417716147,45.53963222232818],[-122.37832463980959,45.539664121805437],[-122.37839031012781,45.539686656727667],[-122.3784660862983,45.539743643710416],[-122.37856122464683,45.539788541380283],[-122.37866462356841,45.539845788693853],[-122.37871441241927,45.539873353182386],[-122.37882177347893,45.539937699489563],[-122.37890862255834,45.539991364504488],[-122.37900964033057,45.540066821989051],[-122.37909040628297,45.540139468766462],[-122.37916399502126,45.540198066334824],[-122.37923677076036,45.54025721691746],[-122.37928628435692,45.540307801397553],[-122.37934156033248,45.540354115496278],[-122.3793969284324,45.540403568978086],[-122.37944678779077,45.540421636453637],[-122.37948554972643,45.540443036848323],[-122.37951963542801,45.540458212686822],[-122.37954466901779,45.540470395070479],[-122.37959525756114,45.54051048468817],[-122.37966551426642,45.540536086001822],[-122.37971130903452,45.540566812932234],[-122.37977041605271,45.540594180239161],[-122.37984984178034,45.540625922881233],[-122.37990980510449,45.540668676605442],[-122.37992321161769,45.54067823181817],[-122.37999805085428,45.540718446679996],[-122.38004181672873,45.540743968316328],[-122.38010109306427,45.540776048570294],[-122.38016094327648,45.540825419658631],[-122.38018248650769,45.540867559547948],[-122.38021495703305,45.540901654227952],[-122.38026591171696,45.54095275418355],[-122.38029192118644,45.540968853565637],[-122.38031192917053,45.540979723527727],[-122.38032751928363,45.540987938592309],[-122.38036566369487,45.541011156676532],[-122.38041652023807,45.541038416174416],[-122.38045061636559,45.541050396688874],[-122.38050253783227,45.541066909579932],[-122.38052996816751,45.541083769009937],[-122.38055823316856,45.541125798822748],[-122.38057206040605,45.541143420808716],[-122.38058627627071,45.541161531519492],[-122.38062072834548,45.541187726661001],[-122.3806708476897,45.541213656964445],[-122.38071482145121,45.541257004285974],[-122.38073372127111,45.541286595167705],[-122.38075633103904,45.541301761016165],[-122.38076911676168,45.541310336162056],[-122.38078997031974,45.541323919334957],[-122.38080469460598,45.541334209205147],[-122.38082796292011,45.541343332846928],[-122.38084042046329,45.541348205397853],[-122.38088181673847,45.541364422300717],[-122.38092533421423,45.541393610482963],[-122.38095296120848,45.541416767329466],[-122.38095791296976,45.541447144339159],[-122.38095909530028,45.541466593424303],[-122.38096004433564,45.541487882201785],[-122.38096295210478,45.541515746110271],[-122.38100037394672,45.541563917355482],[-122.38102353372557,45.541587147015157],[-122.38105756789675,45.541600748297142],[-122.38107791458528,45.541606715946699],[-122.38111382464844,45.541609269589834],[-122.38118137287435,45.541620756215558],[-122.38119975097965,45.541634613171361],[-122.3812050532206,45.541659709809018],[-122.38122708473495,45.541682544512526],[-122.38127229134788,45.541729426647606],[-122.38133375684654,45.541759896085779],[-122.38139298334004,45.541790393451969],[-122.38141842199526,45.541815161277789],[-122.38142438978952,45.541818683937919],[-122.38145723472151,45.541838106356238],[-122.38148502623463,45.541865979863559],[-122.38149897452176,45.541881487563884],[-122.3815143823616,45.541941036016489],[-122.38155633001301,45.541990707335444],[-122.38159567726252,45.542029405808279],[-122.38160571737086,45.542071707309219],[-122.38161650334361,45.542117203382659],[-122.3816230239737,45.542175168821963],[-122.38163235597708,45.542265805529027],[-122.38163992948964,45.542351296637086],[-122.38164993452691,45.542450275100137],[-122.38168230470508,45.542548887015073],[-122.38173117869523,45.542604746475945],[-122.38176994262213,45.542626136191551],[-122.38177109463409,45.542664001799345],[-122.38177004863836,45.542696952086779],[-122.38183864300012,45.542807554797662],[-122.38188673560174,45.542907484720573],[-122.38194200684097,45.543021464474897],[-122.38201867728017,45.543105184517927],[-122.38207993897689,45.543197022976649],[-122.38213390612785,45.543271682438963],[-122.38220322456169,45.543365810141388],[-122.3822323845295,45.543405404198722],[-122.3822634526792,45.543464695701886],[-122.38232112926994,45.543532992831636],[-122.38236832654528,45.54358887993412],[-122.38243963020464,45.543645937323944],[-122.38248975692427,45.543739542526339],[-122.38255023746262,45.54380779435828],[-122.38259983050618,45.543885665872367],[-122.38269632725098,45.543959628000756],[-122.38278168866657,45.544035339056144],[-122.38285578822607,45.544087814395404],[-122.3829816072073,45.544178396788531],[-122.38600868818455,45.545468460369037],[-122.3860437563232,45.545509972235656],[-122.38607280770157,45.545568144235638],[-122.38611304264911,45.545641028342786],[-122.38614500432402,45.545727054139128],[-122.38618918192876,45.545805229371823],[-122.38619258494988,45.54581125821182],[-122.38619536163839,45.54585394745046],[-122.38619717810609,45.545881999816444],[-122.38622435869965,45.54595866301316],[-122.38625756831144,45.546014768094658],[-122.38633386999661,45.546087483777406],[-122.38639550822937,45.546190330402659],[-122.38641721475706,45.546237183212398],[-122.38643519213967,45.546317498528317],[-122.38644346205373,45.546353203501383],[-122.38645834240013,45.546397017536947],[-122.38648229083572,45.546443841330323],[-122.38651436272173,45.546465340253732],[-122.38653842153906,45.546502378706016],[-122.38655683642531,45.546530743508129],[-122.38657651246236,45.546583920744169],[-122.38655741884416,45.546615709930535],[-122.38652745050044,45.546657118973371],[-122.38656284828791,45.546711612780015],[-122.38662707421258,45.54675777623163],[-122.38665378524517,45.546820288602291],[-122.38670166977785,45.546875828974144],[-122.38671867762963,45.546895395890552],[-122.38674662447316,45.546925710848825],[-122.38680958741249,45.546993982494975],[-122.38686377375896,45.54707492699783],[-122.38689738187183,45.547142195839591],[-122.38692614627915,45.547199805255623],[-122.3869812873068,45.547309058948663],[-122.38701180111774,45.547413127888667],[-122.38704191068199,45.547515799396962],[-122.38706607163415,45.547604833478452],[-122.38708987062196,45.547690318528389],[-122.38709983050362,45.547724024312167],[-122.38710703856891,45.547774390633371],[-122.38710951671544,45.547848920067644],[-122.3871192889534,45.547910126467364],[-122.38713436400892,45.547992865315003],[-122.38713552138692,45.547999191386857],[-122.38715643773442,45.548029918589201],[-122.38717200279889,45.548066169825809],[-122.38717653847617,45.548084690776555],[-122.38718223065682,45.548107944870928],[-122.38718830509167,45.548144604095647],[-122.38719468280931,45.548183094352787],[-122.38721123325182,45.548215440908749],[-122.38721820122525,45.548225425081256],[-122.38721796517471,45.548251837519032],[-122.38722135145622,45.548275471744645],[-122.38722373736756,45.548292137487266],[-122.38722245127062,45.548320123828049],[-122.3872231676159,45.548364017132904],[-122.3872250256818,45.548463786223913],[-122.38721290651677,45.548531562280381],[-122.38718977642787,45.548600301861356],[-122.38716036013241,45.548666038988131],[-122.38714050023849,45.548707147156854],[-122.38711337146488,45.548762352808069],[-122.38709574884227,45.548804467890321],[-122.38708164009269,45.54883821862299],[-122.38706941408942,45.54887967775457],[-122.38706277136909,45.548902225707643],[-122.38704744225987,45.54893665311986],[-122.38701743673667,45.549001616738728],[-122.38699182062751,45.5490526391727],[-122.38698323126006,45.549069755763192],[-122.3869714836694,45.549105600360512],[-122.38695814374924,45.549146294491869],[-122.38694873872025,45.549188203021771],[-122.38694466534453,45.549206325730971],[-122.38694799018074,45.549239672478187],[-122.38694363350132,45.549274702026828],[-122.38693410671971,45.549320681265222],[-122.38691895843404,45.549363656306959],[-122.38690291231576,45.549446256952137],[-122.38687705083271,45.549499498122309],[-122.38685842717466,45.549543132254357],[-122.38684602833079,45.549573992532878],[-122.38683806455415,45.549598802711245],[-122.38681700323565,45.549668120729443],[-122.38679151335712,45.549752578386325],[-122.38674245958268,45.549839609776242],[-122.38670375901094,45.549905490350994],[-122.38668521565521,45.549945361287449],[-122.38666662433076,45.549985332890422],[-122.38663302369237,45.550072110179663],[-122.38664049071673,45.550130239881923],[-122.38663551029104,45.550180041605238],[-122.38660684053445,45.550246324433672],[-122.38658743741371,45.550296569630298],[-122.38657414752693,45.550395434843594],[-122.38651925649494,45.550465649997221],[-122.3864632342862,45.550537314329013],[-122.38641890597052,45.550613889927533],[-122.38636408538846,45.550708594610761],[-122.38624976891744,45.550906090844457],[-122.38615778010271,45.551058873515494],[-122.38606880059677,45.55120584683965],[-122.38602142112248,45.551268549037438],[-122.38596092500578,45.551348611765455],[-122.38591522745841,45.551409089948379],[-122.38587516170003,45.551462112796997],[-122.38581743585998,45.551580841802476],[-122.38577437526337,45.551669403950733],[-122.38574073882951,45.551738585332309],[-122.3857173571794,45.551772064295271],[-122.38567938657819,45.551826457189051],[-122.38564601389427,45.551874249320996],[-122.38560190417074,45.551937436717715],[-122.38557118561364,45.551981432238591],[-122.38552362706032,45.552049545863476],[-122.38532494275883,45.552231997859089],[-122.38516641269248,45.552377572665037],[-122.38513043602828,45.552410619326423],[-122.38503693599067,45.55249647875673],[-122.38494304936984,45.552557584531684],[-122.38488175395491,45.552597481501401],[-122.38483406493889,45.552628522892462],[-122.38478120816821,45.552662926192355],[-122.38467201042219,45.552734012726368],[-122.38460118428942,45.552780104726274],[-122.38453632617285,45.552822318775355],[-122.38441672951592,45.552877310433466],[-122.38425097174154,45.552953517857851],[-122.38414631432752,45.55299854420339],[-122.38402982061881,45.553048669706975],[-122.38388438993522,45.553111239263693],[-122.38373738006581,45.553174492864848],[-122.38355230623328,45.553351155875468],[-122.3833864454993,45.553569853027412],[-122.3832187942634,45.553776319459715],[-122.38313456815156,45.553908964408855],[-122.38310240185405,45.553959633241234],[-122.3830696992087,45.554011139571735],[-122.38304254804348,45.554053887983777],[-122.38302526666169,45.554144258149087],[-122.38299031791192,45.554326913496098],[-122.382980229661,45.554379632982382],[-122.38294094645377,45.554529353813102],[-122.38289656532619,45.554697654590079],[-122.38288276268329,45.555017241214593],[-122.38288451345694,45.55504410657182],[-122.38294941615163,45.555203164868495],[-122.38301756738423,45.555370172332061],[-122.38316940121291,45.555548606974071],[-122.38322935433339,45.555619054512285],[-122.38327380076502,45.555678990200732],[-122.38339731428788,45.555846377668871],[-122.38344409669041,45.555933034204138],[-122.38350259015159,45.556041371019099],[-122.38358228021332,45.556168738696201],[-122.38367395659509,45.556315261367097],[-122.38373285169857,45.556409396486259],[-122.3837986598929,45.556514562549403],[-122.38382021720152,45.556591578411208],[-122.38385274964469,45.556707819443304],[-122.38392072545396,45.556766344175706],[-122.38402274211118,45.556854175345066],[-122.38421574401292,45.55695801208126],[-122.38426187101095,45.556982827183511],[-122.38440162363595,45.55703604357025],[-122.38458977759691,45.557107683459215],[-122.38477370074241,45.557173406547363],[-122.38493573652639,45.557231306267504],[-122.38506626492097,45.557277922755773],[-122.3852389699274,45.557339580975992],[-122.38540046067503,45.557397237765436],[-122.38552861989324,45.557426889897286],[-122.38573472498202,45.557474571118213],[-122.38579294314127,45.557488043576029],[-122.38592805614046,45.55750683571052],[-122.38613935748951,45.55753621263657],[-122.38638985374077,45.557571040193096],[-122.38661028335895,45.55760175204982],[-122.38680182873316,45.557628428279408],[-122.38690933876181,45.557669723051511],[-122.38705600232558,45.557726045676205],[-122.38716402482838,45.557760401335635],[-122.38732742947438,45.557812362029274],[-122.38744181138453,45.557848746732013],[-122.38764281775995,45.557885958528914],[-122.38783687585507,45.557921880097204],[-122.38793052766248,45.557950981057004],[-122.38810539094081,45.558005308737847],[-122.38827993222975,45.558059182383211],[-122.38847531960597,45.558118843119345],[-122.38861312052903,45.558205200184787],[-122.38884968624811,45.558277163215358],[-122.38907144485437,45.558360754167126],[-122.38923410221867,45.558422058718882],[-122.38941207669475,45.558468934684903],[-122.38955884914174,45.558507601499166],[-122.38974266825883,45.558546415994428],[-122.38998416350749,45.558597413420017],[-122.39019733836761,45.558655537176008],[-122.39035423013534,45.558698312336645],[-122.39059102102954,45.558749971400417],[-122.39085079925367,45.558806633503359],[-122.39087246672763,45.558843990412001],[-122.39129452169449,45.558986189466076],[-122.39142025433861,45.559038558038594],[-122.39154138800563,45.55908901200533],[-122.39164391605202,45.559131724973454],[-122.3917703899069,45.55918136239054],[-122.39190748518901,45.559235162829253],[-122.39208212591224,45.559303709450624],[-122.39229866185052,45.559389855628638],[-122.3924715951303,45.559458655216929],[-122.39266927714021,45.559544579577057],[-122.39291627336549,45.559651950962632],[-122.39313939943119,45.5598310899544],[-122.39332684819298,45.559981573102554],[-122.39337936486028,45.560023731407149],[-122.39341200891963,45.560047441169594],[-122.39350327294355,45.560112678402682],[-122.39369714309947,45.560251254809415],[-122.39377540546363,45.560404498333178],[-122.3938024665018,45.56045749863523],[-122.39382506648413,45.560495045981],[-122.39395790647528,45.560715659786425],[-122.39412454537177,45.560815280090353],[-122.39419208568621,45.560855669081761],[-122.39419202056997,45.560855519843571],[-122.39419475430705,45.560856292697267],[-122.39451194203193,45.560945847599946],[-122.39477275993907,45.56100218099408],[-122.39491776293525,45.561051173540797],[-122.39517515677611,45.561215161037147],[-122.39540068559998,45.561326953134341],[-122.39564055224099,45.561524466698252],[-122.39577525448692,45.561664617749855],[-122.39587385331932,45.561754324727183],[-122.39602186885944,45.561835157207121],[-122.3961746065691,45.561942774945322],[-122.39627640045963,45.562013625039562],[-122.39634010011898,45.562203297809191],[-122.39638851372325,45.562393223086588],[-122.39644462446148,45.562470198821195],[-122.3965075889127,45.562529231460928],[-122.39650764792586,45.562529272801449],[-122.39670635419357,45.562635115178807],[-122.39686453165524,45.562790995073613],[-122.39689108042035,45.562818604248974],[-122.39703489496976,45.562968162626298],[-122.39716488169344,45.563081527462408],[-122.3973343492988,45.563231847066376],[-122.39736816298212,45.563268841777941],[-122.3973685151652,45.563269226643342],[-122.39738576315538,45.563284074062274],[-122.39741634769689,45.563321557669013],[-122.39750400671909,45.563423181789638],[-122.3975820200407,45.563551714720049],[-122.39761995258111,45.563610999319849],[-122.39762000783566,45.56361108211906],[-122.3977231392617,45.563765367163541],[-122.3977840641147,45.563871811601068],[-122.39791247829523,45.564052356251906],[-122.39791448470893,45.564054225285652],[-122.39815326279037,45.564276712708583],[-122.3982927875671,45.564446329136715],[-122.39852250533508,45.564569006089854],[-122.39853411430073,45.564571331990663],[-122.39900044599385,45.564661541546805],[-122.39956711580419,45.56473511424327],[-122.39960501670382,45.564740032954226],[-122.40020741743899,45.564863311623469],[-122.40037711153951,45.564878633476631],[-122.40037769885794,45.564878687823501],[-122.40048252809061,45.564888153470186],[-122.40066005358558,45.564904183625409],[-122.40099712604621,45.564920102277874],[-122.40141846784405,45.564939999210672],[-122.40175689069693,45.564996185896348],[-122.40225346524349,45.565092737361397],[-122.40262948127973,45.565129496830274],[-122.40303243456574,45.56517117933663],[-122.40330673322741,45.565139777468715],[-122.40348156226688,45.565107336617643],[-122.40383420086384,45.565131033846875],[-122.40414407356549,45.565133952815877],[-122.40443263821535,45.565185565971696],[-122.40463876839304,45.565174090909387],[-122.40480658544585,45.565160564359125],[-122.40507549756008,45.565196387821736],[-122.40551722700627,45.5652535138274],[-122.40600253680473,45.565355568137832],[-122.40628018086431,45.565423472306435],[-122.40659315356332,45.56540484763363],[-122.40689737302509,45.565466936816748],[-122.4069704485794,45.56547915119296],[-122.40701941233307,45.565456853015839],[-122.40713116398767,45.565481852827766],[-122.40713661521463,45.565530103576329],[-122.40720195591351,45.56553976034251],[-122.40756342101407,45.565598211903449],[-122.40770561645857,45.565637129862473],[-122.40780241104925,45.565663902228309],[-122.40818759208781,45.565670694734827],[-122.40822511277554,45.565672250116215],[-122.40838060096179,45.565682568083254],[-122.40842071970508,45.565683648095423],[-122.40847289449984,45.565682386606298],[-122.40851683957739,45.565677984523276],[-122.40853887689838,45.565674450472095],[-122.40871063991565,45.56564215895412],[-122.40885660484962,45.565614713671636],[-122.40903119001644,45.565522357926476],[-122.40910841798873,45.565481148816815],[-122.40912052071744,45.565472595851311],[-122.40913313610822,45.56545944289644],[-122.40914623684232,45.565437885352914],[-122.40915467026653,45.565414712121409],[-122.40916251653708,45.565379803957754],[-122.40917026148028,45.565328911396833],[-122.40917550234607,45.565303775297735],[-122.40917757472234,45.565295666970556],[-122.40918182383288,45.565283337353428],[-122.40918639469554,45.565273334285237],[-122.40919114638849,45.56526527128387],[-122.409195952106,45.565258801235103],[-122.40920072387614,45.565253627688129],[-122.40921044241104,45.565245779633365],[-122.40921899486878,45.565240984404447],[-122.40922617388603,45.565238048437884],[-122.40923828874405,45.565234778045678],[-122.40925211773903,45.565232972688129],[-122.40931566275005,45.565229181556226],[-122.40942446743938,45.565222704309171],[-122.40947197003669,45.56522007876071],[-122.40988560283552,45.565201698554702],[-122.41014534092746,45.565189868654855],[-122.41027791484863,45.565183417894644],[-122.41037156058509,45.565178865077364],[-122.41050242834389,45.56517157888598],[-122.4105881660001,45.56516586102417],[-122.41066627128707,45.565159487612142],[-122.4107134251873,45.565154500352968],[-122.41076307334882,45.56514787935761],[-122.41084683236437,45.565133607098907],[-122.41092435991692,45.565117728539747],[-122.41105411664579,45.565086977131074],[-122.41124802916053,45.565038211165394],[-122.41134120469057,45.56501669913073],[-122.41137997296205,45.565008899561718],[-122.41144437188218,45.564996208853152],[-122.41153257326404,45.564980719582728],[-122.41175300192717,45.564942007234606],[-122.41186078343162,45.564923087136179],[-122.41226878663059,45.56488033670729],[-122.41232216603127,45.5648748941395],[-122.41238243745993,45.564869805849419],[-122.41244172096712,45.56486656962236],[-122.41264982951897,45.564858527274396],[-122.41270157447492,45.564855146101749],[-122.41273739739229,45.564851958002748],[-122.41276523323383,45.564848660327279],[-122.41279523523474,45.564845002303692],[-122.41282631338424,45.564840182803302],[-122.41284854683967,45.564836050741469],[-122.4129242872114,45.564820011097076],[-122.4129843801185,45.564805798874566],[-122.41308822488507,45.564778842389373],[-122.41328506197067,45.564722688602423],[-122.41337650577785,45.564696595451444],[-122.41354776218219,45.564648273934232],[-122.4135922256434,45.564635743749342],[-122.41361416037611,45.564629563610417],[-122.41380375917952,45.564570064385101],[-122.41384480991474,45.564556240040901],[-122.41389066932643,45.564538330286744],[-122.4139268605159,45.5645225443754],[-122.41396428734635,45.564504613398213],[-122.41400397492491,45.564483421707315],[-122.41403418211699,45.564465727743197],[-122.41407410822215,45.56444022128732],[-122.41411325167826,45.564412405725406],[-122.41417009297119,45.564369813533546],[-122.41419513783116,45.564351035024828],[-122.41420904606748,45.564333333489238],[-122.41423564611392,45.564299497377313],[-122.41426778434452,45.564258504914577],[-122.41427167465963,45.564253039598938],[-122.41427452273371,45.564248212331229],[-122.41427783016142,45.564241398515385],[-122.41428024116782,45.564235408451765],[-122.41428855882111,45.564211130636053],[-122.41429793600288,45.56418484474041],[-122.4143046374233,45.564165103123614],[-122.41430910387041,45.564152022761391],[-122.41432268586536,45.564111761720014],[-122.41432509101072,45.564103665831801],[-122.41432702262169,45.564095199714757],[-122.41432805318235,45.564089656145796],[-122.41432896800383,45.564080703603672],[-122.414329075827,45.564076696091298],[-122.41432883264712,45.564070220323529],[-122.41432829774453,45.564065377371882],[-122.41432670723857,45.564054710935878],[-122.41432426165738,45.564038433722388],[-122.41432069239538,45.564014668303244],[-122.41431592814057,45.563982848868022],[-122.41431244454724,45.563965445700759],[-122.41430856023204,45.563946006175549],[-122.41430743655303,45.56393851796971],[-122.41430690985885,45.563930911989026],[-122.41430699491769,45.56392544690511],[-122.41430765442335,45.563917641500709],[-122.41430863316432,45.563912080780852],[-122.41431047317981,45.563904715021401],[-122.41431223722306,45.563899267432959],[-122.4143159747839,45.563890050860152],[-122.41431867417329,45.563884218964127],[-122.41432592700336,45.563870552076686],[-122.41433479061187,45.563854886978277],[-122.41434276945257,45.563841091201333],[-122.41434817725725,45.563833134217809],[-122.41435381547932,45.563826290316783],[-122.41435856169061,45.563821521948647],[-122.41436423235501,45.563816774435431],[-122.41437118581774,45.563812113004168],[-122.41437889610594,45.563807826160009],[-122.41438875853657,45.563803144074313],[-122.41439990564231,45.563798566038244],[-122.41442500541407,45.563788976118182],[-122.41443977633521,45.563783950829162],[-122.41445195983533,45.563780102781493],[-122.41446745722621,45.563775695563997],[-122.41447797596658,45.563772991642864],[-122.4144963997897,45.563768742572606],[-122.41451512473785,45.563765073543962],[-122.41453147189324,45.563762335332349],[-122.41454328164984,45.563760698313693],[-122.41455215590832,45.563759749260726],[-122.41456151638135,45.56375881924054],[-122.41456807385227,45.563758323025809],[-122.41457837063831,45.563757809648337],[-122.41459011364435,45.563757596564244],[-122.4146012325717,45.563757842786103],[-122.41460470843862,45.563757955934157],[-122.41461021747658,45.563758296762408],[-122.41462649759892,45.563759636480206],[-122.41463866482177,45.56376100938035],[-122.41464392638673,45.563761614351556],[-122.41465399447543,45.563763049540135],[-122.41466979447188,45.563765711067973],[-122.41468136897203,45.563768101636285],[-122.41469157274382,45.563770497561933],[-122.41469778914291,45.563772076849155],[-122.41470142540649,45.563773123330719],[-122.41470656290947,45.563774622197769],[-122.41471299643936,45.563776566912615],[-122.4147223998793,45.563779515927713],[-122.41475300156006,45.563789113957405],[-122.41478077147215,45.563810432731735],[-122.41483091577663,45.563848931527758],[-122.41484136745088,45.563877658174526],[-122.41485345678927,45.563910867714505],[-122.41485811148482,45.56394512783595],[-122.41483945229761,45.56396138816028],[-122.41484070708226,45.563981078647757],[-122.41484313889781,45.564018966953043],[-122.41485287929726,45.56405281795535],[-122.414864900162,45.564094651183595],[-122.41487174129243,45.564126885652087],[-122.41487320328548,45.564133756333042],[-122.41487953950882,45.564145694050985],[-122.41488850297328,45.564162591628609],[-122.41490675728984,45.564196985293947],[-122.41493570946136,45.564227160118556],[-122.41498102503465,45.564231895667696],[-122.41502680369909,45.564236686608474],[-122.41505605173293,45.564232329377866],[-122.41507670665695,45.564229248712131],[-122.41510844064304,45.56422451684373],[-122.41515602194328,45.564217424747078],[-122.41519355689493,45.564211831020017],[-122.41524182491958,45.564211026493211],[-122.4152933198901,45.56421016906053],[-122.41534709546121,45.564209273327677],[-122.41539765213847,45.564207207273682],[-122.41542450795028,45.564202962055276],[-122.41545842496035,45.564197608433616],[-122.41548428489472,45.564185908908946],[-122.41552033099444,45.564169592988691],[-122.41558052855437,45.564146035144994],[-122.41561853288336,45.564131163038965],[-122.41562431141391,45.564095495372634],[-122.41563789885922,45.564084234569812],[-122.4156687205637,45.56406654719386],[-122.41568294729876,45.564062458533051],[-122.41570321330242,45.564056621235061],[-122.41572750239531,45.564049628125844],[-122.41574217642675,45.56403640467191],[-122.41575800596594,45.564022135412827],[-122.41577472813843,45.563998599869372],[-122.41578800165055,45.563979935674922],[-122.41579215616071,45.563970164137238],[-122.41579841200974,45.563955460537223],[-122.41580902608888,45.563930523075804],[-122.41580778374262,45.563893748335978],[-122.41580521469044,45.563869255580443],[-122.415820109359,45.563836028554171],[-122.41583517204245,45.563802421684976],[-122.41585124611773,45.563766555517091],[-122.41585229459331,45.563764216416303],[-122.41585570656329,45.563742701691829],[-122.41586379944374,45.563691667840068],[-122.41586473546917,45.563664388923669],[-122.41586582417747,45.563632103692449],[-122.41586645451613,45.563607115700307],[-122.41586663851733,45.563558707107518],[-122.41586682237028,45.563520127045955],[-122.41586788000438,45.563500595741523],[-122.41587102826436,45.563442417115105],[-122.4158721485886,45.563421687826967],[-122.41586080215043,45.563381661551546],[-122.41585432923337,45.563358826629795],[-122.41585034302116,45.563344779609253],[-122.41584614763283,45.563327136152871],[-122.41583406632033,45.563276366424162],[-122.41581374133007,45.563238695851041],[-122.4157980631729,45.563209658969825],[-122.41578714170788,45.563189400676194],[-122.41577634288248,45.563169401361165],[-122.41574069623911,45.563122714093161],[-122.41570327915392,45.563073716823844],[-122.41565018271552,45.563038139471033],[-122.41561397330088,45.563013882250111],[-122.41555791237293,45.562983476058086],[-122.41551083220104,45.562957951647306],[-122.41548906692978,45.562952778109022],[-122.41543782479583,45.562940617090049],[-122.41539183978377,45.562929700034502],[-122.41536024465037,45.562922197377688],[-122.41534395634152,45.562918328993902],[-122.41533090133592,45.562915719766323],[-122.41526551142466,45.56290311017338],[-122.41523646658385,45.562897517713566],[-122.41519733233179,45.562886063522562],[-122.41515933688945,45.562874950642183],[-122.4151412577427,45.562869662633268],[-122.41511994253771,45.562852385204657],[-122.41510937647436,45.562843821485906],[-122.4150961889351,45.562833131807217],[-122.41507305552317,45.562814382122433],[-122.41506109540529,45.562798253628507],[-122.41502003053067,45.562742899161861],[-122.41500929902163,45.562693745164196],[-122.41499805006639,45.562640621792447],[-122.41498978617905,45.562600418018349],[-122.41498524768136,45.56257829741854],[-122.41497339745355,45.562520647163787],[-122.41496996504955,45.562504017131893],[-122.41495976300278,45.562457995331144],[-122.41494948741872,45.562411687644243],[-122.41495602731419,45.56236703393752],[-122.41496083897187,45.562334226909293],[-122.41496623072813,45.562318926422705],[-122.41497718609075,45.562287790751988],[-122.41498472682964,45.56226636947541],[-122.41501657394781,45.562238071930487],[-122.41505083525423,45.56220762799186],[-122.41507369709583,45.56219556367752],[-122.41509886210825,45.562182291658004],[-122.41512891862476,45.562170792501881],[-122.41515917731894,45.562159209027385],[-122.41523365855903,45.562142028371689],[-122.41526949974255,45.562143995971525],[-122.41529304212604,45.562145286764448],[-122.41531935821959,45.562146730085118],[-122.41536995886335,45.562137633650401],[-122.41543213626569,45.562126453913194],[-122.41554561645277,45.562106490109755],[-122.41555768842531,45.562104272704062],[-122.41559307789491,45.562096653962911],[-122.41565412538472,45.562083512700504],[-122.4156974337513,45.562080442143333],[-122.41574336131896,45.562077192737561],[-122.41576732947172,45.562075488565043],[-122.41580804144024,45.562078258117353],[-122.41586881315722,45.562082384427185],[-122.41591798030095,45.562100673847112],[-122.41595720664426,45.562115258170493],[-122.41599337374718,45.562152675300133],[-122.41599637038509,45.562189419513906],[-122.41602020879398,45.562223369604176],[-122.41603560432614,45.562266037501097],[-122.41603535235791,45.562310198503759],[-122.41603691074154,45.562321432437372],[-122.41604922181681,45.562410541489385],[-122.41605623863904,45.562488919740474],[-122.41604888173092,45.562551489052126],[-122.41606484450953,45.562589709902859],[-122.41608289037492,45.562631974345287],[-122.41608388349545,45.562661398670485],[-122.41609586193273,45.562698119800999],[-122.41611245935907,45.56274907556422],[-122.4161228378269,45.562780945105452],[-122.41612700164086,45.562786995706574],[-122.41614233625906,45.562809278535589],[-122.41616103907536,45.562836455051247],[-122.41617949818185,45.562863275573292],[-122.41619627477365,45.562887657772109],[-122.41620544424003,45.562907972659104],[-122.41621847771816,45.56293688186436],[-122.41623185584693,45.562966523389079],[-122.4162396674451,45.562983836650773],[-122.41626029489292,45.563017533346745],[-122.41630803281963,45.563095530020007],[-122.41633877129127,45.563169849180376],[-122.41634984981764,45.56319663950643],[-122.41635280926725,45.563212171195296],[-122.41635794628941,45.563239060750121],[-122.41636187228667,45.563259696497482],[-122.41636585671171,45.56328054817827],[-122.41637107301754,45.56330789541439],[-122.41636553258405,45.563352522903109],[-122.41636146332814,45.563385325907198],[-122.41635663764374,45.563449185651841],[-122.41634985974521,45.563503842852732],[-122.41634153893907,45.563570865688746],[-122.41633068546457,45.563663033708337],[-122.4163324655616,45.563715747934978],[-122.41633776474998,45.563743660785647],[-122.4163452177456,45.563782986786521],[-122.41631351075303,45.563852208324533],[-122.41630996561557,45.563878153980298],[-122.41630511652161,45.563913670556893],[-122.41634956147094,45.563988976286517],[-122.41638309302256,45.564013935068466],[-122.41645416311772,45.564066835978664],[-122.41651072339702,45.564108943015228],[-122.41657222995471,45.564125667263006],[-122.4166462560472,45.564145801316656],[-122.41672103335689,45.564166138995027],[-122.41679967653182,45.564187527377207],[-122.41684128392711,45.564193251792759],[-122.41694845726263,45.564207999250037],[-122.41703821194787,45.564220346844536],[-122.41711381373649,45.564212758302205],[-122.41721757365991,45.564202333659367],[-122.41735286329285,45.564188746635061],[-122.41738965539828,45.564185055215347],[-122.41749318452599,45.564162491768684],[-122.41769529426618,45.564118438460802],[-122.41776590351844,45.564103048612509],[-122.41784370977949,45.564083740954892],[-122.41803309309677,45.564036622723677],[-122.41813478707667,45.564011326820406],[-122.4181690568261,45.564002798734094],[-122.41824882673204,45.563987759510724],[-122.41848570424906,45.56394309812125],[-122.4186686458049,45.563908606725825],[-122.41877632316488,45.563875010623413],[-122.41892320731732,45.563829176376473],[-122.41905258076433,45.563788808796552],[-122.41918971068537,45.563745557991645],[-122.41936996342262,45.563688401668649],[-122.41950745498573,45.563635783984317],[-122.41957936955275,45.563608256222501],[-122.41961123517248,45.563596068328977],[-122.41971472985431,45.563552091424206],[-122.41989113539282,45.563477122322212],[-122.41996575354418,45.563445418148667],[-122.42000095061995,45.56343439846755],[-122.42019311824973,45.563374242582121],[-122.42036305855672,45.563321036686773],[-122.42053139185752,45.563284716037252],[-122.42068736029009,45.563251058873519],[-122.42083673537728,45.563218707727401],[-122.42094246815404,45.563195078978701],[-122.4210716500961,45.563166197637578],[-122.42121040942722,45.563135176971855],[-122.42132225242892,45.563115675470556],[-122.42144113933597,45.563094940286348],[-122.42153547863404,45.563078485670971],[-122.42163039238923,45.563061931535579],[-122.42170779695824,45.563046372621358],[-122.42181937414325,45.563023941113514],[-122.42194297814503,45.562999094182217],[-122.42212280878944,45.562962938501805],[-122.42223754279827,45.56293728587832],[-122.42235360041293,45.562911332377126],[-122.42246965631281,45.562885368887144],[-122.42257327630146,45.562862197279514],[-122.4226804775695,45.562843033613738],[-122.42278565514763,45.562824236133174],[-122.42292883699498,45.562798638533359],[-122.42306581630849,45.562774151688238],[-122.42318142413633,45.562753478567558],[-122.42328470367495,45.562735018756484],[-122.42333626593178,45.562727882968616],[-122.42343728729642,45.562713898830815],[-122.42354269704273,45.562699309591039],[-122.42363737976947,45.562686195485163],[-122.42374934312282,45.562670695407647],[-122.4238202160474,45.56266088719795],[-122.42388936589907,45.562651314304425],[-122.42395697597074,45.562645089404015],[-122.42404142273428,45.56263730390711],[-122.42413912789023,45.562628306483859],[-122.42433608327808,45.562610159052696],[-122.42440969618298,45.562603373357305],[-122.42460955405707,45.562576726058367],[-122.42478710518198,45.562563331577437],[-122.42482371173601,45.562561800770908],[-122.42491036266014,45.56255933315245],[-122.42500688347498,45.562556583192361],[-122.42508981579986,45.562547651920021],[-122.42522256500226,45.562533350554283],[-122.42547155387474,45.562488714646875],[-122.42555600630631,45.562484141744278],[-122.42568183345742,45.5624773363554],[-122.4258146826588,45.562470142420565],[-122.42589395882649,45.562462955566978],[-122.42594778347629,45.562457517372749],[-122.42601616474097,45.562450611686145],[-122.42608607807232,45.562443545712689],[-122.42615235220207,45.562436845669289],[-122.42623636047749,45.562433899538441],[-122.42631372470154,45.56243119066162],[-122.42637057514837,45.562429194276191],[-122.42641801722141,45.562427526651057],[-122.42648426066422,45.562425201675701],[-122.42654514218098,45.562423064954622],[-122.42662392809959,45.562420305435261],[-122.42667536410498,45.562418498062321],[-122.42673225166098,45.562416500888766],[-122.42677648181591,45.562414949971483],[-122.42681721638361,45.562411927624694],[-122.42687151065,45.562407894211795],[-122.42693870159786,45.562402907444756],[-122.42701437833544,45.562397282127584],[-122.42708912374546,45.562391736916908],[-122.42718538954561,45.562376612974255],[-122.42727978634601,45.562360386713202],[-122.42738679785434,45.562341365808948],[-122.42748440646319,45.562332574156223],[-122.42758956560638,45.562323107096589],[-122.42768605416605,45.562316799666483],[-122.42779857905538,45.562309945023927],[-122.4279159025979,45.562320237429766],[-122.42798261028697,45.562329694448216],[-122.42805713271548,45.562340245555298],[-122.42814042438842,45.562352044181779],[-122.42822030744539,45.562359723131507],[-122.42830466441912,45.562367822287349],[-122.42840138881745,45.562377109554291],[-122.42849382150082,45.562391346302455],[-122.42855230008283,45.56240033851811],[-122.42867067022925,45.562393915755742],[-122.42868298685772,45.56239324089816],[-122.42873095547868,45.562394983528471],[-122.42880281128727,45.56239758554063],[-122.42886825328186,45.562399953184084],[-122.42897619559942,45.562390960020132],[-122.42907178177794,45.562382993296453],[-122.42908996421428,45.562381490791005],[-122.42916762846764,45.56237699312814],[-122.4292445880323,45.562372533146188],[-122.42926791301473,45.562371178807631],[-122.42934946339288,45.562371322811337],[-122.42940059116002,45.562371410163216],[-122.42954245868781,45.562384142320603],[-122.42963801423569,45.56239222300767],[-122.42964747334271,45.562393027984804],[-122.42966751122356,45.562392988702278],[-122.42977864863686,45.562392797743641],[-122.42980933557081,45.562392750878629],[-122.42989643584369,45.562390704121235],[-122.42998510987728,45.562388594409036],[-122.43001530944333,45.562386656601433],[-122.43011401278811,45.562380301586742],[-122.43026216572927,45.562393980227107],[-122.43032765636373,45.562400018130276],[-122.43036290333282,45.562402963795975],[-122.43044162171277,45.56240951840951],[-122.43052373198522,45.562416357125869],[-122.43060619840503,45.562411408387483],[-122.43069685965851,45.562405971413575],[-122.43072233257445,45.562404445402244],[-122.43077937040003,45.562399706963284],[-122.43085933196174,45.562393072387181],[-122.43092600317189,45.562387533027724],[-122.4309949485867,45.562382532032608],[-122.43107840157941,45.562376477693121],[-122.43110188251636,45.562374769422242],[-122.43112320235898,45.562373987829481],[-122.43119485603502,45.562371353883435],[-122.43125440195253,45.562369165679357],[-122.4313209104205,45.562366725582045],[-122.43135062936825,45.562365740340766],[-122.43147148817093,45.562365807393277],[-122.43148912033611,45.562365817459458],[-122.43152676088916,45.562363798573571],[-122.43159319296014,45.562360225620665],[-122.43163707570108,45.562357868629817],[-122.43169418389544,45.562349573694526],[-122.43174713707599,45.562341888296991],[-122.43178621707958,45.562336218650259],[-122.43181431918356,45.562332137119192],[-122.43188791356962,45.562313511481904],[-122.43195245015905,45.562297189171822],[-122.43200697553448,45.562283392960069],[-122.43207766203257,45.562268569054197],[-122.432139608013,45.562255575263507],[-122.4322376714165,45.562227420030766],[-122.43230798350875,45.562207238346289],[-122.43236228514451,45.562205695170761],[-122.43243553341456,45.562203627172863],[-122.43252619045396,45.562201059748588],[-122.43255595132781,45.562200181502114],[-122.43261970327391,45.562196581185347],[-122.43284153855734,45.562184059294083],[-122.43301095838358,45.562164910842846],[-122.43310768608497,45.562153987113753],[-122.43325164428832,45.562162610521206],[-122.43329698054357,45.562165322695115],[-122.43336730286252,45.562169532119064],[-122.43337425911564,45.56216874925456],[-122.43347757623292,45.562157146519326],[-122.43358248753344,45.562145365219436],[-122.43375442687764,45.562126056099821],[-122.43400931850664,45.562121769599749],[-122.4342034269205,45.562110467157524],[-122.4342153583742,45.562109771090839],[-122.43428669243745,45.562103044760519],[-122.43438298327158,45.562093964043108],[-122.43447942642236,45.562084879824411],[-122.43448867414979,45.562084004062356],[-122.43452556848356,45.5620788826565],[-122.43463635676019,45.562063220534739],[-122.4346711159899,45.562058577215339],[-122.4347080950092,45.562054453317856],[-122.43479706592295,45.562044522373299],[-122.43487070133057,45.562040673490252],[-122.43491727176499,45.562038242861647],[-122.43502634120544,45.562020997876829],[-122.43510757759643,45.562009352522978],[-122.43517309792428,45.562000121899061],[-122.4351871248043,45.561998149071663],[-122.43528478258843,45.561982203382577],[-122.43535036859015,45.561971495616568],[-122.43540967289739,45.561962963584705],[-122.43548713494863,45.561951858358682],[-122.43556644183239,45.561947507413691],[-122.43563663049879,45.561943653035499],[-122.43571313151911,45.561932545577257],[-122.4357695518508,45.561924359022889],[-122.43584130967757,45.561918092702186],[-122.43592757775477,45.561910438494117],[-122.43602787686447,45.561900937219953],[-122.43607213184947,45.561896745444137],[-122.43609460133803,45.561894341943173],[-122.43618844189017,45.561884076359888],[-122.43619824692811,45.561883011233327],[-122.43624510588177,45.56187628152459],[-122.43633551002868,45.561863300845118],[-122.43635760832086,45.56186018346596],[-122.43640810238202,45.561854076536811],[-122.43647831202026,45.561845586445365],[-122.43653865631109,45.56184315641336],[-122.43659959032146,45.561840699477855],[-122.43669063545259,45.561829984828954],[-122.43674070137169,45.561824101743788],[-122.436777140411,45.561819167160522],[-122.43688474899884,45.561804610352993],[-122.43697595347716,45.56180833019674],[-122.43703144871284,45.561810599841841],[-122.43704656324147,45.561810839792486],[-122.43713328686772,45.561812025667095],[-122.43717048808891,45.561812542059137],[-122.43719140823568,45.561812035971883],[-122.43730185720176,45.561808960341416],[-122.43744786403116,45.561810073944052],[-122.43753669535798,45.561810691791599],[-122.43766438234867,45.561815651157453],[-122.43782418779134,45.561812958102323],[-122.43786935634226,45.561811099422023],[-122.4379721535319,45.561806864884375],[-122.43805762588178,45.561803336067683],[-122.43812791565486,45.561798343645044],[-122.43818887498755,45.561794012615735],[-122.43827430351739,45.561792573203626],[-122.43831833089008,45.561791831244015],[-122.43836690643897,45.56179897768628],[-122.43846826995825,45.561813875614902],[-122.43857871067,45.561830105131342],[-122.43864135772706,45.561842172173264],[-122.43871788252493,45.561856903262623],[-122.43878245085325,45.561869334343669],[-122.43882805091896,45.561875621888476],[-122.43889919328642,45.561885430211163],[-122.43895892862048,45.561893657511838],[-122.439010538152,45.561900726349371],[-122.43904297466645,45.561905012894314],[-122.43908465216018,45.561910511352075],[-122.43913630572197,45.561917326511562],[-122.43917315603323,45.561922186860066],[-122.43919421353097,45.561924963936853],[-122.43920816085173,45.561926267845998],[-122.43926783136345,45.561931841145451],[-122.43934230917903,45.561938803033222],[-122.43945209843609,45.561949056821902],[-122.43951001528143,45.561950942214246],[-122.43958286411528,45.561953314123777],[-122.43960080639782,45.561953785802963],[-122.4397107929357,45.561954819451145],[-122.43975700093632,45.561955255719866],[-122.43981260287219,45.561955775429524],[-122.43986892459397,45.561953736240461],[-122.43992625728207,45.561951662242315],[-122.4400329373523,45.561947791623915],[-122.44015993848913,45.561947998799603],[-122.44026369361902,45.561948165212598],[-122.44034343349121,45.561960573032543],[-122.44042037714011,45.561972541243378],[-122.44057266043706,45.562011780296586],[-122.44063402803496,45.562027648313723],[-122.44072052433941,45.562053280382742],[-122.44078712375637,45.562073011417553],[-122.44080912477739,45.562081244373182],[-122.44089988956868,45.562115194071694],[-122.44099075088656,45.562127953125945],[-122.44106259538357,45.56213804547086],[-122.44110905478446,45.562140996957176],[-122.44118632127886,45.56214591161514],[-122.44125146006807,45.562142760529142],[-122.44132171394435,45.562139359738275],[-122.44144392962497,45.562134524174347],[-122.44150968895877,45.562131919718198],[-122.44153380068484,45.562134077750287],[-122.44169646723168,45.562148676167432],[-122.441819204673,45.562186422788116],[-122.44187936527629,45.562190591659558],[-122.44195108657588,45.562195572759428],[-122.44202660491224,45.562178590758741],[-122.4420527700843,45.562152397791046],[-122.4420705874426,45.562044393748955],[-122.44207590333185,45.562012179946073],[-122.44208473127269,45.561862392808877],[-122.44213229803339,45.561721762564346],[-122.44216997204414,45.5616398490018],[-122.44217778319766,45.561622877071223],[-122.44220326644432,45.561551304304921],[-122.44224728212346,45.561511308691685],[-122.44226933226813,45.561502628247752],[-122.4423058446353,45.561488249982801],[-122.44234533522855,45.561483784016474],[-122.44242680771177,45.561474568540312],[-122.44252491497085,45.561462461166933],[-122.44258746329547,45.561454050634467],[-122.44262584229094,45.561453402741606],[-122.44265035958401,45.561455436801587],[-122.44270278076804,45.56145700787652],[-122.44271732747596,45.561473935752595],[-122.44274889445431,45.561478307724187],[-122.44277340023817,45.561480341949874],[-122.44280888366208,45.561496916341973],[-122.4428618081331,45.561513195355928],[-122.44291779723456,45.56151715494596],[-122.44294921057092,45.561516623659379],[-122.44300810673532,45.56150336066537],[-122.44303714061267,45.561491718238024],[-122.44311471093334,45.561460614991667],[-122.44319965754953,45.561416299809174],[-122.4432692589176,45.56137965103013],[-122.44333017623531,45.561347560095143],[-122.44340334093789,45.561283975139972],[-122.44344108367424,45.561212753465497],[-122.44345780881461,45.561200913341743],[-122.44352281120744,45.561154901052639],[-122.44354897388943,45.561142884155196],[-122.44360671103368,45.561116345700846],[-122.44365303182731,45.56109505945723],[-122.44370530781543,45.561089404797194],[-122.44377185680615,45.561082214039928],[-122.44384653826823,45.561074137388616],[-122.44392323802244,45.561089105164449],[-122.44398760628869,45.561101671704122],[-122.44408449882306,45.561085938313163],[-122.44415754214521,45.56107160689168],[-122.44423272739382,45.561055826827157],[-122.44429629894849,45.561042483580735],[-122.44438328161966,45.561036710144613],[-122.44446246664134,45.561031456081871],[-122.44449483598721,45.561029306512459],[-122.44453835065492,45.561022989986022],[-122.4446094811465,45.561012651797448],[-122.44469057719054,45.56098204588536],[-122.44481551656602,45.560934892298896],[-122.44489970062536,45.560903126974971],[-122.44497573590758,45.560874424835134],[-122.44504926774859,45.560846673287664],[-122.44513475498934,45.560753545595347],[-122.4451743683919,45.560732839263885],[-122.44525667782267,45.560689800287385],[-122.44527825336064,45.560678922220191],[-122.4453155976254,45.560664555238041],[-122.44542489954331,45.560622499553268],[-122.44548629333218,45.56059912117545],[-122.44554728111771,45.560579241428016],[-122.445647296857,45.560546640477618],[-122.44575008778652,45.560513137353816],[-122.44580860502262,45.56048884462394],[-122.44589623386888,45.560448108737241],[-122.445931932509,45.560420520414958],[-122.44598654534263,45.560384025042772],[-122.44608506928085,45.560355373340393],[-122.44616227316588,45.560344670247567],[-122.44623621118015,45.560334417485223],[-122.44632680004128,45.56032920350178],[-122.44638752102438,45.560318364402576],[-122.44647675864317,45.560324207410574],[-122.44649532251519,45.560323407704608],[-122.44656015035426,45.560320599887909],[-122.44661618798861,45.560318166157955],[-122.44668501400473,45.560301573339224],[-122.44673481569791,45.560289560595656],[-122.44675296319134,45.560285193981223],[-122.44678291585785,45.560275722227168],[-122.4468616308563,45.560250852173453],[-122.44691701114687,45.560233352854127],[-122.44698639621205,45.56019757925381],[-122.44704737049263,45.560166133337937],[-122.44710984049759,45.560133455598447],[-122.44715882835837,45.560107819793707],[-122.44723361331009,45.560067345484121],[-122.44733192008933,45.560014124278496],[-122.44742705985207,45.559963449598399],[-122.44745170791769,45.559917776331091],[-122.44745272253914,45.559917471429607],[-122.44780100239399,45.559809935155812],[-122.44784840862411,45.559817710032043],[-122.4478935551943,45.559810815143187],[-122.44796286941518,45.559796149262034],[-122.44801758562704,45.559776914519773],[-122.44806112320859,45.559765322411472],[-122.44811882575156,45.559750563817516],[-122.44819112919582,45.55973340812821],[-122.44826427611252,45.559728478010371],[-122.44832903916125,45.559733518973992],[-122.44834934769486,45.559738746722552],[-122.44838714603328,45.559748475227543],[-122.4484577654745,45.559746053966073],[-122.44848056028228,45.55974087970624],[-122.4485356734735,45.5597275608432],[-122.44855021302219,45.559721869040786],[-122.44855381689257,45.559719746200358],[-122.44863377299713,45.559686645538157],[-122.44865722211358,45.559667661890977],[-122.44870340957947,45.559630272519428],[-122.44873716251264,45.559617685055002],[-122.4488343843158,45.559581437990225],[-122.44893077080695,45.559557779247953],[-122.44899536651334,45.559541914372133],[-122.44904453062044,45.559533358165261],[-122.44917660453565,45.559512091897012],[-122.44922363879728,45.559504922005523],[-122.44928663709466,45.559500019230398],[-122.44941050126269,45.559490385948052],[-122.44946562867013,45.559486103067862],[-122.44950078262794,45.559481123808808],[-122.44961134478366,45.559465469090348],[-122.44967233239409,45.559456837748684],[-122.44971638807404,45.55944914226793],[-122.44985920073798,45.559424182533476],[-122.44987448406347,45.559421511073658],[-122.44994978776589,45.559414113964166],[-122.45010063586405,45.559399278682726],[-122.45020122799112,45.559380974653841],[-122.45030881183901,45.559361400974332],[-122.45049475875656,45.559337391790365],[-122.450613447671,45.559327448516463],[-122.45067837612575,45.559322008778707],[-122.45074787024718,45.559312243093352],[-122.45078786332414,45.559307883741816],[-122.45090835925924,45.559309511607886],[-122.45103422067186,45.559314738773757],[-122.45108993703235,45.559310831379129],[-122.4511233362129,45.559308482761203],[-122.45122902652805,45.559294259609416],[-122.45130343956528,45.559291520377613],[-122.45135279655001,45.559289701699839],[-122.45141526837789,45.559278830710689],[-122.45160490971257,45.559260886899253],[-122.45183273022826,45.559236173524376],[-122.4520482983158,45.559212118867933],[-122.45223508421826,45.559191278798977],[-122.45250338326285,45.559161089158934],[-122.45279412655208,45.559127088609273],[-122.45307347424365,45.559094423466355],[-122.45312727303343,45.559087659114475],[-122.45334634795603,45.559059787820551],[-122.45354239657377,45.559034856102407],[-122.45359034865032,45.559027992184333],[-122.45376901100302,45.559001968382198],[-122.45405406277673,45.558960464912793],[-122.45435638634426,45.55891975544764],[-122.45448139462388,45.55888757655589],[-122.45454442827578,45.558868098782469],[-122.45463647374757,45.558854274443341],[-122.45472311951409,45.55884850876776],[-122.45480796091596,45.558828668747381],[-122.45494315503167,45.558800610054185],[-122.4550779436297,45.558773781957704],[-122.45517776100522,45.558757980397957],[-122.45536067010387,45.558721755614691],[-122.4554037504885,45.558714804167693],[-122.45551777653583,45.55869639310248],[-122.45559408345183,45.558685077728036],[-122.45565323132845,45.558676303925644],[-122.4557546556988,45.558656181172495],[-122.45585495462966,45.558628714439074],[-122.45596993292183,45.558602240275484],[-122.45602724158773,45.558589141168405],[-122.45610724403252,45.558573549891619],[-122.45627470613961,45.558541232550731],[-122.45632378780414,45.558531810644766],[-122.45639784291609,45.558520253443852],[-122.45649729467608,45.558504610759194],[-122.45668503009213,45.55847278405902],[-122.45679847655961,45.558453212358749],[-122.45686511680361,45.558440610853104],[-122.45694112627143,45.558426247738517],[-122.45707745059931,45.558406142326788],[-122.45719791992992,45.558381400127637],[-122.45734039584489,45.558362422542203],[-122.45747660649918,45.558338636746981],[-122.45758948812285,45.558321989664513],[-122.45765115225085,45.558312974688306],[-122.45777349788499,45.558292493356028],[-122.45791762048665,45.558270408639409],[-122.4580303480495,45.558255230674497],[-122.45808442255526,45.558247946406205],[-122.45817122660441,45.55823419987788],[-122.45827986956276,45.558221314868426],[-122.45836077834221,45.558213807556946],[-122.45843135107503,45.558210148038931],[-122.45862605144906,45.558212349388292],[-122.45873385272402,45.558225229189127],[-122.45879776514342,45.558230891488307],[-122.45882101712661,45.558221907802491],[-122.45885957531874,45.55821388879847],[-122.45889444854947,45.558212682306042],[-122.4589230648149,45.558207289591302],[-122.4589534859811,45.558203701670628],[-122.45899050976189,45.558163827452866],[-122.45900376832218,45.558143359224111],[-122.45905300372195,45.55812841580142],[-122.45912589317071,45.558116138410377],[-122.45917475575882,45.558112659732913],[-122.45923907087837,45.55810808046369],[-122.459316604553,45.558107461724724],[-122.45939010801665,45.55810665941916],[-122.45951821639331,45.558103936117377],[-122.45954002365809,45.558103564123414],[-122.45955669015756,45.558105728080328],[-122.45969566516388,45.558111946354281],[-122.4597905062267,45.558121266217064],[-122.45989709978662,45.558131816253812],[-122.45993241687077,45.558143482524251],[-122.45995287240628,45.558154790570903],[-122.45998142223448,45.558172700999577],[-122.46000261253226,45.558179693907412],[-122.46001205538094,45.558175239012307],[-122.46002476082199,45.558163987638366],[-122.46003935566348,45.558156988477037],[-122.46005671243,45.558154243991751],[-122.46008337488919,45.558142745897264],[-122.46008650598915,45.558142521479567],[-122.46008295839572,45.559180755720483],[-122.46008153585319,45.559741585716857],[-122.4647282536185,45.55989049916289],[-122.46472893346719,45.559890523731603],[-122.46528148411348,45.559908317120389],[-122.47068264864862,45.560470184914955],[-122.47524495156172,45.560883676004813],[-122.47524494385905,45.560883451139297],[-122.4762538437858,45.560951750374286],[-122.48012568834847,45.561522979643478],[-122.48010943552629,45.559154928760471],[-122.48011728643029,45.559158474863864],[-122.48020329328152,45.559190630063732],[-122.48023027054671,45.559202164304629],[-122.48030374658296,45.559233571497522],[-122.48037688749396,45.559264544231866],[-122.48042905622529,45.559286418014551],[-122.48048111003702,45.559307555734264],[-122.48054597208552,45.559332999671241],[-122.48058477552651,45.559346354756734],[-122.48063914872283,45.559366795206202],[-122.48073519465086,45.559400163138378],[-122.48076412177966,45.559408855353261],[-122.48078978109098,45.559414947997652],[-122.48084175828889,45.559410388681883],[-122.48091642214115,45.559414521109758],[-122.48094318889592,45.559416004122845],[-122.48102295320558,45.559429688859879],[-122.48107314702763,45.559438293158891],[-122.48121304176648,45.559456701142011],[-122.4812792048704,45.559465408093367],[-122.48139890128454,45.559488854443075],[-122.48150945271152,45.55951050457648],[-122.48159953387663,45.559527566221192],[-122.48171014999987,45.559548522080959],[-122.48185458051999,45.559577554107193],[-122.48198083508822,45.55960418978691],[-122.48209167957076,45.559627643375642],[-122.48221679664954,45.559654352096715],[-122.4823377241415,45.559681088558946],[-122.48246365036313,45.559710420249736],[-122.48263326583711,45.559749935477058],[-122.48274022706606,45.559770017299236],[-122.4828562673669,45.559791796236333],[-122.48295043334085,45.559809479626729],[-122.48305792917644,45.559838282848943],[-122.48318325177129,45.559877831653523],[-122.48326102930641,45.559899163375292],[-122.48331367044796,45.559913602092131],[-122.48338183529643,45.559925279842517],[-122.4834615615175,45.559938935679916],[-122.48354703030584,45.559953384072593],[-122.48363503420967,45.55996815746348],[-122.48371197692524,45.55997511948987],[-122.48381394490498,45.559985404162298],[-122.48393813035922,45.559999733175026],[-122.48407445682469,45.56000473456087],[-122.48414290294055,45.560006892446438],[-122.48420027903737,45.560008692870163],[-122.48430500122176,45.560011629665524],[-122.4844003072006,45.560015358060866],[-122.48451320765253,45.560021699032916],[-122.48460086707779,45.560032445615583],[-122.4846573808852,45.560037816304273],[-122.48475293580076,45.560046095013767],[-122.48485471093672,45.560057839135617],[-122.48494452951022,45.560068034895927],[-122.48501223518862,45.560075029676057],[-122.48509340898659,45.560082782911145],[-122.48519832736366,45.560092789465827],[-122.4852754380192,45.56010015260911],[-122.48530955218179,45.560102884980921],[-122.48538296827896,45.560108656647927],[-122.48544439726595,45.560113482656043],[-122.48548361078659,45.56011655852916],[-122.48552103535854,45.560121258661034],[-122.48558907744368,45.560129796269031],[-122.48572523777665,45.560146886272626],[-122.4858272560176,45.560159688305824],[-122.48595911812711,45.56017439592032],[-122.48604631857879,45.560184113342636],[-122.48612554710691,45.560202519663306],[-122.48617038511323,45.560212924597074],[-122.48618887181607,45.560217222809733],[-122.48627210989807,45.560229772170871],[-122.48637903988474,45.560246017283916],[-122.48646252127939,45.560260011352455],[-122.48655048705555,45.560274756214746],[-122.48667635376195,45.56027994409552],[-122.48674842992237,45.560280391772338],[-122.48683636719659,45.560280771324329],[-122.48690654009724,45.560278037412708],[-122.48694592450282,45.56027651096246],[-122.48700631971461,45.560277798786089],[-122.48713634273003,45.560280573734076],[-122.48732332566627,45.56029811611625],[-122.48750062781495,45.560314755469967],[-122.48770553255505,45.560339151818461],[-122.48784246123618,45.560355453214605],[-122.48797417061327,45.560371609246879],[-122.48815685177982,45.560394014115154],[-122.48826797135412,45.560407636569977],[-122.48833664151475,45.560415045019731],[-122.48854352962212,45.560437156195547],[-122.48859789423535,45.560442966557559],[-122.48865905141469,45.560451333358969],[-122.4888048721135,45.560471277554626],[-122.48893638419374,45.560488345755111],[-122.48911349992574,45.560511321758014],[-122.48929543873378,45.560538102432375],[-122.48941180690295,45.560555224506032],[-122.48957395542575,45.560574498282243],[-122.48970114265019,45.560589930188122],[-122.489802655161,45.560602170395647],[-122.48993046495067,45.560617447455002],[-122.4900016852235,45.560625971591165],[-122.49007128817267,45.560632922150589],[-122.49021706212054,45.560647473572367],[-122.49030426322643,45.560658241713391],[-122.49033374734496,45.560661925373999],[-122.4904500756237,45.560671676207633],[-122.49050357363336,45.560676159469892],[-122.49059142915011,45.560688401229676],[-122.49070208702493,45.560703830126485],[-122.49080282734751,45.560719593475916],[-122.49088734869312,45.560732854803362],[-122.49099241193815,45.560748398543133],[-122.49104580019205,45.560756304280126],[-122.49122110993707,45.560777795906588],[-122.4913492275152,45.560789385233562],[-122.49142279105034,45.560796040704503],[-122.49148507582214,45.560802198953837],[-122.49161518353419,45.560815022156874],[-122.49177549642701,45.56082940035531],[-122.4918682239533,45.560837722375233],[-122.49194736748592,45.560846018480163],[-122.49211651057908,45.560863736744125],[-122.49216958748045,45.560869297412417],[-122.4922427048933,45.560876383869896],[-122.49236083685486,45.560887847138865],[-122.4925128979293,45.560902592718627],[-122.49261804385968,45.560915352637068],[-122.49273202987168,45.560929182997207],[-122.49281717950926,45.560939507266603],[-122.49293514982898,45.560954033573147],[-122.49303649522886,45.560966957832619],[-122.49317386768455,45.560984477542263],[-122.49330201230532,45.561000825215139],[-122.49339306155882,45.561012432615634],[-122.49349527729024,45.561027474604742],[-122.49360791206711,45.561044046031043],[-122.49369136161184,45.561056325546154],[-122.4938248961398,45.561063065122909],[-122.49401914460618,45.561072829301501],[-122.49406867058957,45.561074355660473],[-122.49417430361585,45.561077618205196],[-122.49426213162603,45.561080316024835],[-122.49437312685563,45.561083737976368],[-122.49445752634892,45.561092804878371],[-122.49463821142018,45.561112208897647],[-122.49472707465179,45.561121756507077],[-122.49491550956495,45.561135634184048],[-122.49500129774657,45.561141878026234],[-122.49516070411067,45.561151218152055],[-122.49532479782094,45.56116083712071],[-122.49551339829853,45.561177231877878],[-122.4957268793617,45.561197874155084],[-122.49573722947656,45.561198891676383],[-122.49573720565375,45.561199684072847],[-122.49597861342863,45.561225961665961],[-122.49615465889609,45.561242771436618],[-122.49636674195229,45.561263022438489],[-122.49654834216224,45.56128036491544],[-122.49673325872324,45.5612980176411],[-122.49692758747251,45.561316569422019],[-122.49710872547148,45.561334242927892],[-122.49731171844076,45.561354695275007],[-122.49754998412767,45.561378694177144],[-122.49776233950924,45.561400080992392],[-122.49786864301132,45.56141220353728],[-122.49815347802119,45.561444698314212],[-122.4983115149908,45.561462726271081],[-122.49852277339345,45.561486822338985],[-122.498559250884,45.561491121427864],[-122.49866945181549,45.561506523652184],[-122.49890918111514,45.561540034650946],[-122.49911893366382,45.561569349243634],[-122.49926792338754,45.561602267108753],[-122.49939463698672,45.561630271288642],[-122.49950410924555,45.561654461892729],[-122.49963269466309,45.561682864884595],[-122.49975809264365,45.561694608586535],[-122.49995022507098,45.561712598969265],[-122.50013736048879,45.561730946363248],[-122.50024493497601,45.561741632026568],[-122.50036579012198,45.561754263729505],[-122.50045922240466,45.561764681886437],[-122.5005772010075,45.561779704386616],[-122.50076507665621,45.561800873075541],[-122.50090157119882,45.561816256824791],[-122.50107035696479,45.561835281419597],[-122.50125959649631,45.561856605962035],[-122.50140289701976,45.561874570742049],[-122.50162205704423,45.561902061079742],[-122.50187857974245,45.561934229902306],[-122.50229886625146,45.561986875924575],[-122.50241230274594,45.562003155198695],[-122.50274787805297,45.562051757604983],[-122.50305788826219,45.562096663612671],[-122.50353874017047,45.562166523348488],[-122.50368502978941,45.562187835166426],[-122.50390787750663,45.562225698804546],[-122.50422040935739,45.562278811421955],[-122.50452491834555,45.562336960375987],[-122.50466004601371,45.562362561903008],[-122.50491788738492,45.562406158362592],[-122.50542111731957,45.562491236819994],[-122.50602420003008,45.562624336156048],[-122.50659588094727,45.562739016023393],[-122.50672415642376,45.562766471629409],[-122.50728959303495,45.562889618980009],[-122.50753220144058,45.562944078673297],[-122.50781294413044,45.563005721598515],[-122.5079871850207,45.563044758252801],[-122.50831505732597,45.563118339428236],[-122.50848867165682,45.563158862996382],[-122.50862123797147,45.56319122784663],[-122.50879197725966,45.563233763265984],[-122.50909669369271,45.563306181529114],[-122.50927850989284,45.563349557200056],[-122.50953001616708,45.563404002009058],[-122.51004973313739,45.563517097258369],[-122.51038974298393,45.563595267167976],[-122.51073970581041,45.563672974152404],[-122.51111483421066,45.563757864547064],[-122.51120391630039,45.563779870740234],[-122.51153461387193,45.563859892308166],[-122.51176275181581,45.563917602875584],[-122.51236485932976,45.56405194756973],[-122.51260576981703,45.564108424980532],[-122.51285524137944,45.564165318739661],[-122.51305113319646,45.564209766463506],[-122.51324563528732,45.564265263597733],[-122.5133288431574,45.564289252171335],[-122.51346393394898,45.564333394893488],[-122.51368845953736,45.564400408700877],[-122.51402372745623,45.564489137482163],[-122.51410594044529,45.564515033538264],[-122.51415648167718,45.564530953607026],[-122.5142119244133,45.564544176499261],[-122.51425938879646,45.564553588617976],[-122.5143762871697,45.56459095643126],[-122.5145757871244,45.564648163419001],[-122.51475334543122,45.564687618921816],[-122.51488343931408,45.564717661409517],[-122.51503346176167,45.564746329647235],[-122.51509130175893,45.564757376913128],[-122.51509691032753,45.564757278404464],[-122.51512067266192,45.564763172207741],[-122.51513097232487,45.564768508855771],[-122.51515005603009,45.564768957380217],[-122.51516249982863,45.564771890075406],[-122.51516387982358,45.564778967212476],[-122.51518313147619,45.564784147691022],[-122.515269028674,45.564801562690249],[-122.5153103363334,45.564810775459705],[-122.51539682592102,45.564830070132651],[-122.51554021313076,45.564855145090576],[-122.51564371932317,45.564872232717399],[-122.5156905504151,45.564880044199633],[-122.51580367805344,45.564901021996533],[-122.51585521972822,45.564910461244374],[-122.51594849113977,45.5649265938588],[-122.5159782752299,45.56493174191867],[-122.516025982041,45.564938908167086],[-122.51608768590408,45.56494802440708],[-122.51617569834998,45.564953510665653],[-122.51625746072897,45.564965263333676],[-122.51636531229255,45.564977297502715],[-122.51648105652436,45.56499548362919],[-122.51649794746619,45.56499804065178],[-122.51659801165167,45.56500985978164],[-122.51671855671982,45.565026791943218],[-122.51679036397752,45.565035694762628],[-122.5168997811907,45.565049257508988],[-122.5169826209565,45.565061729073385],[-122.51707253939882,45.565068216755698],[-122.51715934592491,45.565074749982763],[-122.51727816081056,45.565079794642436],[-122.51736941910352,45.565087185061046],[-122.51740936834835,45.56508846461697],[-122.51760123410685,45.56509484614525],[-122.51771972905161,45.56510780771108],[-122.51778026834677,45.565114424093373],[-122.51788476015999,45.565119917036817],[-122.51803315896498,45.565143559641008],[-122.51815649102545,45.565164978164859],[-122.51822071187661,45.565175299910628],[-122.51825719832391,45.565181167739887],[-122.51833588587246,45.565188220108951],[-122.51845813222191,45.56520035924904],[-122.51859230538665,45.565219246492866],[-122.51864633477844,45.565222608903198],[-122.51873027545881,45.565227823384426],[-122.51887786736496,45.565242820038108],[-122.51895081858265,45.565247452913667],[-122.51911162470226,45.565256781432211],[-122.51920508789303,45.565264186330744],[-122.51926551197928,45.565263917197868],[-122.51931665854519,45.565263694041427],[-122.51940796699817,45.565279669738231],[-122.51950211314598,45.565287548594995],[-122.51957446239052,45.565295440458286],[-122.51970002706781,45.565309716044148],[-122.51980501459201,45.565329123396552],[-122.51987724860135,45.56533664896854],[-122.51989280429297,45.565337365598083],[-122.51993470009113,45.565339303644855],[-122.51999031195908,45.565348587035729],[-122.52007517590224,45.565359554449898],[-122.52013186357647,45.565361618337732],[-122.52015664101208,45.565362524722367],[-122.52020771934052,45.565357864493635],[-122.52022629130285,45.565356170057193],[-122.52030566888304,45.565359168212538],[-122.5203641062332,45.56536033774745],[-122.52046260932519,45.565373269570216],[-122.52051655103944,45.565391782212437],[-122.52054179802273,45.565400456334189],[-122.52067855366012,45.565433220338114],[-122.52076436475589,45.565441263002619],[-122.52086145319898,45.565443949136871],[-122.52094736744522,45.565454896860523],[-122.52102369600219,45.565471610947519],[-122.5211365983869,45.56549699838942],[-122.52121923188986,45.565503611589193],[-122.5212519073024,45.565504297446068],[-122.52127731243482,45.565504831841011],[-122.52131422047006,45.565505604672921],[-122.52140106675998,45.565513601968448],[-122.52147957720962,45.565521753288884],[-122.52153119708314,45.565536228663518],[-122.52158234755214,45.565537534440139],[-122.52165936168844,45.565555119149963],[-122.52174119185973,45.565574445679516],[-122.52184931454718,45.565595128065212],[-122.52196123751904,45.565604150892369],[-122.52210305215876,45.565632431053949],[-122.52211926978947,45.565634810822438],[-122.52220998454874,45.565648138743825],[-122.52233746702549,45.565654690592943],[-122.52250176141266,45.565670119063284],[-122.52260508516279,45.56567265804798],[-122.52265530368888,45.565676905364185],[-122.52276073003341,45.565679442920718],[-122.52281505754297,45.565682151159933],[-122.52287559561962,45.565683291184413],[-122.52293341346056,45.565696189875332],[-122.52296082519622,45.565704502012615],[-122.52298907890673,45.5657069388133],[-122.52303597519237,45.565706113514707],[-122.52306216727283,45.565709316780506],[-122.52310417945253,45.565717371636396],[-122.52313680290817,45.565725591711207],[-122.52317146215839,45.565732308644755],[-122.52319443867499,45.565733371565123],[-122.52320713273271,45.5657382691655],[-122.52321676848305,45.56574543549403],[-122.52323256275024,45.565749550425529],[-122.52323986169887,45.565749422263181],[-122.52326105043711,45.565758580960512],[-122.52328399980406,45.565758906339084],[-122.52331225327086,45.565761334966503],[-122.52333303160192,45.565761499924257],[-122.52336022679224,45.565761228882792],[-122.5233779916355,45.56576238379936],[-122.52338128549231,45.56576671783769],[-122.52339715710941,45.565773036391484],[-122.52344439386611,45.565781728763632],[-122.52349808021621,45.56577865003203],[-122.52360064484,45.565776053323063],[-122.52367483764152,45.565783865744613],[-122.52377867157414,45.565796368587861],[-122.52386689097449,45.565804365485121],[-122.52388017179236,45.565805571879288],[-122.52396001237385,45.565805381671396],[-122.52403245629074,45.565806186207276],[-122.52407900827851,45.565824422014614],[-122.52414664495663,45.565849613161298],[-122.52422254055516,45.56587172544014],[-122.52428324960583,45.56587798364054],[-122.52437710124241,45.565881875826967],[-122.52443362980891,45.565883401299487],[-122.52450172307645,45.565899475500586],[-122.5245413801758,45.565907993639321],[-122.52455665701197,45.565911271363824],[-122.52464783711869,45.565923590354146],[-122.52469112101377,45.565938220465732],[-122.52473169941696,45.565964617149994],[-122.5247941468722,45.565979763904863],[-122.52482743345274,45.565987846025159],[-122.52488401841667,45.565994914264721],[-122.52494157488628,45.565993999801101],[-122.52499035185926,45.565993780131002],[-122.52504179069665,45.566003135247556],[-122.52508994804063,45.56600814713552],[-122.52512463327707,45.566015592040209],[-122.52516360017796,45.566025904817629],[-122.52524496722687,45.566037973998057],[-122.52536393270432,45.566057543669778],[-122.52541644760618,45.566067617969097],[-122.5254939874637,45.566077972219254],[-122.52557268149731,45.566090870495835],[-122.5255936630934,45.566091346528587],[-122.52560920610404,45.566091693624159],[-122.52565595998369,45.566086477778548],[-122.52569020847636,45.566087396133092],[-122.52572172404214,45.566088244849873],[-122.52576762482785,45.566088543608096],[-122.52577791835692,45.566084698605465],[-122.52584358995311,45.566083542231326],[-122.52584777850656,45.56608419681919],[-122.52585646832178,45.566093567217578],[-122.52588056065734,45.566096806255338],[-122.52589791409139,45.566101198900704],[-122.52593627855401,45.566109019884131],[-122.5259864977054,45.566113265768045],[-122.52602421275904,45.566119414992613],[-122.52604733583722,45.56612318379598],[-122.52607310570032,45.566132118572597],[-122.52608958428361,45.566137831347703],[-122.52611614188541,45.566151279426883],[-122.52617388280139,45.56616198998092],[-122.52622415353827,45.566167701859243],[-122.52629866056562,45.566180674044951],[-122.52632655627006,45.566187095124647],[-122.52639330554926,45.566202453544506],[-122.52648185882197,45.56622874226894],[-122.52658946125425,45.566262751043006],[-122.52667123010738,45.566285649098269],[-122.52676228648981,45.566311002311423],[-122.52684241553513,45.566331425803916],[-122.52689905085734,45.566345594955116],[-122.52691133843551,45.566349122218426],[-122.52697598537024,45.566367686550919],[-122.52707643283144,45.566390452057774],[-122.52711732020144,45.566401432876631],[-122.5271699847319,45.566415671673319],[-122.52720014672691,45.566423825324541],[-122.52726218922002,45.566438717703043],[-122.52731534038281,45.566451489103557],[-122.52739522337103,45.56647036940101],[-122.5274728542136,45.566488640720124],[-122.52754829853725,45.566505618831435],[-122.5276270334837,45.566519613022699],[-122.52771546928739,45.566542967983587],[-122.52776209239553,45.566564558990457],[-122.52783697021479,45.566589323595508],[-122.52786768406418,45.566599646386855],[-122.52789527563601,45.566610779343122],[-122.52791636488737,45.566619300840848],[-122.52797151897279,45.566644710007772],[-122.52802519030901,45.56665841705739],[-122.52804169162273,45.566661888181905],[-122.5280798460481,45.566669911014252],[-122.52814433388681,45.566694057433864],[-122.52821444058837,45.566729464229596],[-122.52828225118932,45.566759041972425],[-122.52831495135167,45.566774721139417],[-122.52836738658277,45.566800088210691],[-122.52844790903438,45.566841855249358],[-122.52851950035569,45.566860376508799],[-122.52861337783045,45.566903986114049],[-122.52864813602487,45.566919520566785],[-122.52870904644526,45.566946421560623],[-122.52876650647373,45.566971798430437],[-122.52886468001284,45.567001516551422],[-122.52892253819509,45.567019415583019],[-122.52902965773615,45.567053817526656],[-122.52915325021405,45.56709877558994],[-122.52929956956127,45.567149254561635],[-122.52942907147744,45.567194962021638],[-122.5295271670021,45.567230341912783],[-122.52956177965304,45.567241801652628],[-122.52964083126892,45.567267841729723],[-122.52969769595377,45.567286586532134],[-122.52974806360729,45.567301782069542],[-122.52986397003785,45.56733675694786],[-122.52989836911109,45.567346186312363],[-122.52996646246973,45.567364642355876],[-122.53001076005123,45.56737851402513],[-122.53004899199564,45.56739763270631],[-122.53009968296693,45.567415054464028],[-122.53012928935901,45.567426251802566],[-122.53024027584556,45.567461952573197],[-122.53026751447403,45.567470715125623],[-122.53029304543956,45.567479779136093],[-122.53036577219346,45.567505614509834],[-122.5304997563556,45.567545455070295],[-122.53061394304936,45.56758461796862],[-122.53063310464472,45.56759113849057],[-122.53069653125895,45.567611359989861],[-122.53082473129628,45.567652129581283],[-122.53093739124031,45.567689078612958],[-122.53101680056395,45.56771468856077],[-122.53108682032963,45.567739356444001],[-122.53120686315172,45.567785634952884],[-122.53128006871414,45.567814090328731],[-122.53131772444402,45.567817088019417],[-122.53134113412426,45.56782987055135],[-122.53136539622494,45.567837497494907],[-122.53149745150762,45.567884265312543],[-122.53162922267103,45.567926672950001],[-122.53168738199975,45.567945393394297],[-122.53171041620479,45.567953807508424],[-122.53180997137088,45.567990132134156],[-122.53189128199223,45.568018002528788],[-122.53200884955723,45.568066727147162],[-122.5320680815845,45.56809108071905],[-122.53213734303945,45.568121000935591],[-122.53218454471805,45.568141508256382],[-122.53223762282261,45.56816503455557],[-122.53225281228602,45.568181616524171],[-122.5322569094437,45.568196539185564],[-122.53225761802142,45.568199119747987],[-122.53227292669973,45.568219010720163],[-122.53232808298574,45.568244418729613],[-122.53244614517259,45.568285086565339],[-122.532528578284,45.568312064009284],[-122.53260044319242,45.568335600918829],[-122.53267557214204,45.568364381082439],[-122.5328362764417,45.568425951739499],[-122.53293987469088,45.568477469000335],[-122.53298980382772,45.568502158532354],[-122.5330295430535,45.568521456135848],[-122.53309295198579,45.568540758669549],[-122.53315923778196,45.568560937216446],[-122.53320000005954,45.568576940085777],[-122.53327350552817,45.568605812014731],[-122.53333013425902,45.568633308029938],[-122.53339876202702,45.568666622516325],[-122.53347515871791,45.568687108269216],[-122.53352511810242,45.568700509320067],[-122.53358830296773,45.568716754606939],[-122.53365403039865,45.568746376335284],[-122.53371249677608,45.568776846173819],[-122.53380327616404,45.56880638378211],[-122.5338684477727,45.568834809071845],[-122.53391575882146,45.568855439801851],[-122.53394961623667,45.568869737389669],[-122.53411483134778,45.56893512389302],[-122.53436544536297,45.569040151636997],[-122.5344809588733,45.569088973466613],[-122.53463587883989,45.56916244401183],[-122.53478818571858,45.569221298039203],[-122.53496531145589,45.569287139290275],[-122.5349957288271,45.569299112391974],[-122.5350800916388,45.56933338042252],[-122.5351454133359,45.56935629353287],[-122.53523515770485,45.569385902070607],[-122.53526592052246,45.569396042098624],[-122.53540675270391,45.56942579133311],[-122.5356826415242,45.569498587417684],[-122.53574076489552,45.569516604509225],[-122.5358088814578,45.569537729783214],[-122.53593649492046,45.569577298985067],[-122.53598220450216,45.569591475929279],[-122.53607399737132,45.56962456802647],[-122.53621206409959,45.569674347062808],[-122.53630202574416,45.569710693768926],[-122.53640521933789,45.569752521221929],[-122.53649542364766,45.569790978541135],[-122.53654715730217,45.56981302425352],[-122.53658172261194,45.569837713595746],[-122.53659500099339,45.569844184474654],[-122.5367222565885,45.569906233736539],[-122.53678030285745,45.569930643425707],[-122.53688036996657,45.569972489852354],[-122.53697031423673,45.570010096348732],[-122.53714104717866,45.570060168969157],[-122.53727487047676,45.570093081934182],[-122.53737203836629,45.570116977689054],[-122.53749883958905,45.570144191643877],[-122.53764084248549,45.570174673812261],[-122.5376775787776,45.570183797377254],[-122.53794587292796,45.570250466547385],[-122.53819257849327,45.57032978662577],[-122.53823713986688,45.57034410962504],[-122.53847773358987,45.570425921584238],[-122.53860990924223,45.570470717412334],[-122.53881654823179,45.570538774118532],[-122.53900316171104,45.570600237268295],[-122.53923342790328,45.570636758323189],[-122.53939233103542,45.570666731120156],[-122.53962444876423,45.570754740221297],[-122.53999825515865,45.570888652413508],[-122.54031138274289,45.571021919921179],[-122.54048877772094,45.571097415087905],[-122.54054533983383,45.571120722956586],[-122.54089482271597,45.571264479039435],[-122.54110506335373,45.57135237766667],[-122.54120341889661,45.571393495250277],[-122.54133248337226,45.571454274999454],[-122.54159007848573,45.571575572504536],[-122.5417452698789,45.571646158070827],[-122.54194532041448,45.571737125809186],[-122.54207255049815,45.571794984820187],[-122.54228205394595,45.57187969116594],[-122.54250518314592,45.571969807397771],[-122.54271750635239,45.572055577894375],[-122.54295783872776,45.572152912972705],[-122.54299738966523,45.572168934557411],[-122.54316957285776,45.572247550712319],[-122.54330024196564,45.572307210383734],[-122.54344383006422,45.572381123168853],[-122.54357881382009,45.572450598047773],[-122.54362244427308,45.572478122035349],[-122.54377690454589,45.572575585294544],[-122.54382673943174,45.572607031794291],[-122.54399549671466,45.572697562299496],[-122.54402739462307,45.572714574173091],[-122.5441674117329,45.572785372453019],[-122.54421640388853,45.572810496662171],[-122.54437536535551,45.572903009645962],[-122.54440713653567,45.572921500526618],[-122.54459493992597,45.573013410628981],[-122.54471521568038,45.573076575140696],[-122.54474447890178,45.573091949922357],[-122.54482836372904,45.573140379027144],[-122.54494652883953,45.57320858510424],[-122.54512094443339,45.573299175216562],[-122.54525832464014,45.573379947100108],[-122.54531172128344,45.573411328852842],[-122.54531789714432,45.573415890856509],[-122.5477518058148,45.574667046840467],[-122.54790172418032,45.574745558423594],[-122.54805190761613,45.574830329140156],[-122.54819671398837,45.574912062807527],[-122.54831712209213,45.574971548482665],[-122.5484460510807,45.57503524788212],[-122.54848183818964,45.57505304449888],[-122.54858325110774,45.575105757343323],[-122.5487039172784,45.575168478987244],[-122.54883990820571,45.575241008234663],[-122.54898423314782,45.575337367105583],[-122.54902214976714,45.575362678089746],[-122.54909904281496,45.575407888671428],[-122.54921292950593,45.57547482542715],[-122.54934193280855,45.575549026397987],[-122.54944219324017,45.575606691591176],[-122.54948368703151,45.575630957812713],[-122.54955086371785,45.575673271285261],[-122.54963304448405,45.57572502086866],[-122.54977124018187,45.575812379211804],[-122.54986451252257,45.575871681286969],[-122.54997782868466,45.575943713189282],[-122.55008099975268,45.576007401764684],[-122.55015603293639,45.576053239180737],[-122.55020552339172,45.57608346415909],[-122.55027231283006,45.576124263925081],[-122.55033868342097,45.576169390977292],[-122.55040768116638,45.576216315997691],[-122.55048077926587,45.57626603103288],[-122.5505184387526,45.576291643049451],[-122.55060768372456,45.576337370366858],[-122.55069511339376,45.576382175470506],[-122.55075050237782,45.576421701686648],[-122.55082746844081,45.576476630718354],[-122.55088943133737,45.576516462726509],[-122.55095035724028,45.576555637901393],[-122.55104536215994,45.576600785027914],[-122.55108540181077,45.576620593331576],[-122.55115429587532,45.576654666908482],[-122.55120380891873,45.576679158106792],[-122.55122616517389,45.576692000216475],[-122.55129108710992,45.576729294302268],[-122.55136726591225,45.576773057961617],[-122.55143515525805,45.57680877889981],[-122.55150462702956,45.576845353121541],[-122.55157680317686,45.576883336928901],[-122.55168343000018,45.576938987705624],[-122.55178724351741,45.576992680780684],[-122.55188299811157,45.577042215955984],[-122.55199993947014,45.577106287539934],[-122.5521366403345,45.577181878543939],[-122.55218954217902,45.577211429910115],[-122.55230243701374,45.577276977132819],[-122.55247622499613,45.577377874238955],[-122.55266207864842,45.577498358203265],[-122.55270889646448,45.577528710974029],[-122.55276508072168,45.57756714229307],[-122.55286648719782,45.577636782311565],[-122.55298172128748,45.577715932632444],[-122.55313036165148,45.577819231544858],[-122.55323648267976,45.577893404513389],[-122.55329204102642,45.577932233575694],[-122.5533697066621,45.577986527678206],[-122.55345301959764,45.578037488840828],[-122.55353339680838,45.578086658329887],[-122.55364241391953,45.578155829185633],[-122.55373361173037,45.578213229687286],[-122.55383622004608,45.578275277905405],[-122.55390906702971,45.578319333379042],[-122.55400056180447,45.578375701564013],[-122.55410871349395,45.578442853211122],[-122.55420359358416,45.578501744736492],[-122.55430075922007,45.578562837006892],[-122.55440771919719,45.578630369323896],[-122.55450343857134,45.578690820850881],[-122.55452150718158,45.578701299615204],[-122.55463187956146,45.57876535087307],[-122.55472997158188,45.57882227663336],[-122.554782761037,45.578852908817176],[-122.55484565634301,45.578895701359386],[-122.55491585861677,45.578943466587404],[-122.55501980937451,45.579014194037129],[-122.55511931996041,45.579092912214669],[-122.55518002111975,45.579140937926105],[-122.55520748679487,45.579160654516862],[-122.55526378453219,45.579201061749416],[-122.55530100175625,45.579227778022457],[-122.55532107490423,45.579239472413221],[-122.55541044067476,45.579291511973238],[-122.55544407965405,45.579311109160592],[-122.55548478727394,45.579332984128619],[-122.5555903206366,45.579389685630488],[-122.55568457180459,45.579435382310216],[-122.55577361776622,45.579478544272412],[-122.55583859514454,45.579516141802479],[-122.55592305419107,45.579565011091745],[-122.556014940797,45.579618310854727],[-122.55611399562591,45.579675883636781],[-122.556232532392,45.579744764975509],[-122.55626187458651,45.579761810429211],[-122.55632586013338,45.579801370029465],[-122.5564410594492,45.579872569757597],[-122.55653521478833,45.579930770178962],[-122.55657161891891,45.579951298494997],[-122.55669107080777,45.580017814290777],[-122.55674579321307,45.580048284696339],[-122.55681903472464,45.580085418587728],[-122.55687600788232,45.580114310339404],[-122.55694035832245,45.580146940428477],[-122.55698099057409,45.580168861211277],[-122.55711746399436,45.58024307350933],[-122.5572619374865,45.580317349156175],[-122.55743950059916,45.580408062938737],[-122.55755640415541,45.580466791863827],[-122.55765522526551,45.580516798521458],[-122.55776170811929,45.58057272539093],[-122.55783217825746,45.580609737345746],[-122.55791432149482,45.580648034151068],[-122.5580289311613,45.580701466025843],[-122.55812496123519,45.58075508631115],[-122.55822282350083,45.580809726353436],[-122.55830803498418,45.580857302710903],[-122.55841485973673,45.580909919095419],[-122.5585344112484,45.580968807432455],[-122.55872028711323,45.581066976076912],[-122.55884267750677,45.581146514889902],[-122.55895022141191,45.581216400729666],[-122.55900257841326,45.581251197536645],[-122.55906789741992,45.581296699142769],[-122.55918535934944,45.581378135203913],[-122.55926204524947,45.581431299727427],[-122.55933343403451,45.581479761445514],[-122.55945505092065,45.581561959239863],[-122.55955592029304,45.581630127930879],[-122.55966241781501,45.581701885551745],[-122.55974165793641,45.581754769864048],[-122.5598403543566,45.581820645614513],[-122.55994462164604,45.58189022829378],[-122.55997593910094,45.5819111260029],[-122.56001677534147,45.581941376107217],[-122.56013174759609,45.582026555885513],[-122.56023525931438,45.582103235484098],[-122.56038048260264,45.582186945880153],[-122.56050321259575,45.582257710151104],[-122.56059741988243,45.582307922592257],[-122.56074148202852,45.582384722156299],[-122.56089505874986,45.58246475308944],[-122.5610859712009,45.582562657351779],[-122.56132010069494,45.582681137241934],[-122.56139238005213,45.582717709291416],[-122.56144530486264,45.582743359164979],[-122.56158529319531,45.582810977601071],[-122.56172637743191,45.582879125541517],[-122.56185968607231,45.582947421258083],[-122.56194665284973,45.582991974271366],[-122.56203963985165,45.583039606111221],[-122.562138700912,45.58309035181378],[-122.56223283406686,45.583140204271729],[-122.56242835301154,45.583243748187883],[-122.56250490815076,45.583284005205442],[-122.56259946045526,45.58333197798963],[-122.5627304610725,45.583398433365311],[-122.56289857982145,45.583483385492244],[-122.56306267470715,45.583564512316748],[-122.56313845042894,45.583601983698557],[-122.56320227150617,45.583633936652305],[-122.56338479506071,45.583730079096931],[-122.56355450776692,45.583806298315146],[-122.56364006211676,45.583844728060235],[-122.5637279232012,45.583884934111865],[-122.56388170864243,45.583959215544496],[-122.56403617372328,45.584033816877124],[-122.56420118821846,45.584122171755055],[-122.56429014145822,45.584169801964315],[-122.56442384537753,45.584232894862595],[-122.56457065661975,45.584302178494006],[-122.56468065097798,45.584366506116723],[-122.56480357495084,45.584438396526288],[-122.56486598536803,45.584474891478187],[-122.56500809904429,45.584549974309823],[-122.56512896191164,45.584613826938003],[-122.56521534367884,45.584661548681588],[-122.5653564604693,45.584739511591842],[-122.56548365885858,45.584809775992774],[-122.56563492680144,45.584893289488662],[-122.56567945980487,45.584916856471615],[-122.56581040612559,45.58498617140414],[-122.56596367715922,45.585067290200236],[-122.56610718539932,45.585136892208077],[-122.56632904172872,45.585244475927539],[-122.56644804284976,45.585302186160483],[-122.56653296789646,45.585346826816128],[-122.56669676801566,45.585432913718009],[-122.5668575224565,45.585517408150629],[-122.56700374494892,45.585594260049518],[-122.56717131558148,45.585684940706301],[-122.56729987760021,45.585754864058558],[-122.56741907576657,45.585819689696002],[-122.56757193810111,45.585902830539503],[-122.56764536130221,45.58594276254702],[-122.56784865139574,45.586056365168524],[-122.56801955494969,45.586151872651762],[-122.56820235840726,45.586254861626408],[-122.56840133860159,45.586370458339466],[-122.56857138895541,45.586469248007468],[-122.56871726674834,45.58655375475827],[-122.56886177856552,45.586637332408863],[-122.56900103951997,45.586717880729871],[-122.56922466024001,45.586835867772699],[-122.56937587952181,45.586915651403089],[-122.56959879109905,45.587033479297205],[-122.57036425475721,45.58744525829669],[-122.5705206332878,45.587529304184017],[-122.5707341916972,45.587649252189777],[-122.5710312251805,45.587818137922532],[-122.57119798108511,45.587899125407084],[-122.57131644679315,45.587956660265462],[-122.57149559980266,45.588028512346312],[-122.57160264962769,45.588071446078125],[-122.57174861666472,45.588131842978157],[-122.57188031112874,45.588186826267375],[-122.57201500451522,45.588243213353124],[-122.57224260124171,45.588338106901176],[-122.57239353192053,45.588400259120618],[-122.57268436886578,45.588518244269736],[-122.57292162719403,45.588618219403877],[-122.57318185773147,45.588728303148699],[-122.57341958600205,45.58882914195248],[-122.57367889669764,45.588939969920268],[-122.573879576857,45.589026111004721],[-122.57422748394107,45.589179887120828],[-122.57437511916366,45.589244022184204],[-122.57463046055967,45.589360815273075],[-122.57493268660836,45.589483584204828],[-122.57519778995014,45.589594529260175],[-122.57547626868225,45.589709409563071],[-122.57565950115544,45.589784215043913],[-122.57607016361771,45.589955602327443],[-122.57625878889452,45.590032676312966],[-122.57669592656676,45.590211702928599],[-122.57698945259564,45.590339628744545],[-122.57725961806987,45.590461126224277],[-122.57761198105611,45.590616395479174],[-122.57791160433894,45.590755208614674],[-122.57813022498932,45.590856149906735],[-122.57827017685501,45.5909199415117],[-122.57837836553958,45.590959716026219],[-122.578597794709,45.591040343598316],[-122.57877126432234,45.591103862720452],[-122.57905679798093,45.59121145965517],[-122.57945498981393,45.591363861025236],[-122.57972320872786,45.591462074963268],[-122.5799613473943,45.591543415713858],[-122.58012563325873,45.591600806171449],[-122.58057295492738,45.591753072209364],[-122.58081437492373,45.591839553933468],[-122.58099785381876,45.59190528206156],[-122.58110377625061,45.591943322343226],[-122.58121462480689,45.59198561102145],[-122.58151727815597,45.592101074672307],[-122.58182498056372,45.592220963829533],[-122.58227751544138,45.592398323305595],[-122.58256438944507,45.592511674924978],[-122.5828112088773,45.592609189368574],[-122.58306831604857,45.592711404290164],[-122.58330105834291,45.592804005241661],[-122.58362899597849,45.592934955527404],[-122.58390427825134,45.593046371201837],[-122.58410235334956,45.59312670952086],[-122.58432505629267,45.593219203020475],[-122.58450661684424,45.59329460158979],[-122.58473866998007,45.593393782885705],[-122.58512682885272,45.593560839500803],[-122.58536603442467,45.593664436100553],[-122.58545747839004,45.593702194338526],[-122.5856800907184,45.593793831025366],[-122.58584634445907,45.593861152235071],[-122.58610538037854,45.593965980279606],[-122.58617285285941,45.593991986013833],[-122.58648278866494,45.594111039390462],[-122.58674660889253,45.594208191901508],[-122.58698690217449,45.594295222112891],[-122.58701620061267,45.594305356910539],[-122.58738524182914,45.59443231869205],[-122.58753256525827,45.594507721760465],[-122.58770493844084,45.594633894343005],[-122.58772569146896,45.594649441119635],[-122.58781201266576,45.5947036365408],[-122.58792093560658,45.594772029836328],[-122.58796015256812,45.594796656318337],[-122.58801258933738,45.594821637111167],[-122.58808012453822,45.59485381461581],[-122.58828231628154,45.594909480084993],[-122.58842786073201,45.594936505746986],[-122.58857960868001,45.594950934778616],[-122.5887227504826,45.594973314016066],[-122.58898120482189,45.595060324475924],[-122.58909205437431,45.595097781824308],[-122.58927669460049,45.595160011457907],[-122.58945182366099,45.595229298436607],[-122.58962298606548,45.595299098844855],[-122.589736373061,45.595346582100213],[-122.58979396420638,45.595370523193125],[-122.58984499636087,45.595397706273793],[-122.58996158242333,45.595453358100428],[-122.59006698964039,45.595507664342129],[-122.59014278404474,45.59554298432947],[-122.59023251095006,45.595578825603496],[-122.59026758495985,45.595595363325131],[-122.59032514815809,45.595618520764447],[-122.59038279786989,45.595644026518727],[-122.59045021259762,45.595663099992663],[-122.59054379241148,45.595698096352486],[-122.59062810537941,45.595723109072871],[-122.59077933641314,45.59578360272819],[-122.59084619514394,45.595817518753371],[-122.59088152519291,45.595833330819147],[-122.59094342426656,45.595861036405552],[-122.59096567913417,45.595868966996868],[-122.59100850311512,45.595884229215997],[-122.59109284899188,45.595902822246991],[-122.59121322088448,45.595937287638137],[-122.59127796428356,45.595955894520692],[-122.5913379129131,45.595974886824536],[-122.59137187282739,45.59599144324747],[-122.591383282758,45.595999040334867],[-122.59145308726193,45.596022758575799],[-122.59153418463359,45.596050952056324],[-122.59159972877787,45.596079428197257],[-122.59173052777122,45.596128581680176],[-122.59184075122852,45.596162491784185],[-122.5918993890327,45.596184846241158],[-122.59194122207379,45.596203168739699],[-122.59200159974618,45.59622958700097],[-122.59201240339357,45.596234322987861],[-122.59207515506378,45.596247241995954],[-122.59212884275648,45.596255635967438],[-122.59217660097164,45.596284434522076],[-122.59229112379241,45.596328519136861],[-122.5924254263455,45.596370785393582],[-122.5925277272837,45.596402985340994],[-122.59268119054322,45.596455082868715],[-122.59275185213448,45.596479072107009],[-122.59297740770444,45.596569931478925],[-122.59316680893946,45.596640015923072],[-122.59323533416689,45.596668319899628],[-122.59344153245495,45.596754372441197],[-122.59362409637247,45.596830944242711],[-122.59382997934509,45.596916083761535],[-122.5941025731079,45.597027182905897],[-122.59436885544685,45.597139558167335],[-122.59465136019958,45.597258945702322],[-122.5948879929674,45.59735447740303],[-122.59503649774504,45.597410334513754],[-122.59519068206254,45.597462730886029],[-122.59528721253315,45.597495537655426],[-122.59536669659184,45.597519833449525],[-122.59550550373626,45.597562049708834],[-122.59564703572215,45.597602335078875],[-122.59579521737233,45.59764422818958],[-122.59594658218688,45.597685864259354],[-122.59608301119874,45.597723406489528],[-122.59636562672887,45.597807422610494],[-122.59658646201825,45.59787229407317],[-122.59662697180654,45.597884192877004],[-122.59682851736807,45.597936399409676],[-122.59715680287778,45.598033478929935],[-122.5975974784257,45.598162857453573],[-122.5977502165636,45.598203790691244],[-122.5978988568173,45.598254178818365],[-122.59797526812265,45.598275747006078],[-122.59817115923636,45.598331033499008],[-122.5983827244268,45.598394395765176],[-122.59860978802874,45.598466286872103],[-122.59870632264237,45.598496992898411],[-122.59891259953571,45.598558461942204],[-122.5989995312073,45.598584329817484],[-122.59913224634855,45.598620496115231],[-122.59935064699357,45.598665801513341],[-122.59968522560037,45.598734549760145],[-122.59996923361325,45.598791825792979],[-122.60004244979341,45.598804657059645],[-122.6003990053788,45.598866737416827],[-122.60052301412725,45.59888243061139],[-122.60067228339553,45.598904693459964],[-122.60080301394596,45.598921820800349],[-122.600938522847,45.598947457116736],[-122.60106570394903,45.598974019609358],[-122.60112249519587,45.598976105962855],[-122.60122201464129,45.598961012151427],[-122.60126275809249,45.59895012354395],[-122.601320506245,45.598948285717668],[-122.60136943260223,45.598948175091017],[-122.60143017550149,45.598951746376734],[-122.60147203348524,45.598971279174847],[-122.60150741547001,45.598995620929344],[-122.60157153512144,45.599015530307305],[-122.60163647993029,45.599027620943609],[-122.60171027474125,45.599038756881797],[-122.6017892850616,45.599040437257351],[-122.60190005638562,45.599043877670617],[-122.6019908458167,45.59904887956904],[-122.60211198206575,45.599061086637647],[-122.60215427665941,45.599067802583633],[-122.60226633704985,45.599085594236833],[-122.60238552211001,45.599120887738607],[-122.60250077009739,45.599155479712287],[-122.60261507491533,45.599179152663837],[-122.60270929193256,45.599200851231018],[-122.60277268532323,45.599212610041654],[-122.60280894063492,45.599219337155098],[-122.60287178336078,45.599224156033955],[-122.60295841537418,45.599232213643482],[-122.60299838095142,45.599232860189161],[-122.60302628661448,45.59923331321626],[-122.6031196060209,45.599230832963954],[-122.60313048386774,45.599224387736946],[-122.60313575557299,45.599216478242859],[-122.6031276887751,45.599208822149265],[-122.60309935920321,45.599194506007194],[-122.60307356319312,45.599188730269525],[-122.60305091065909,45.599177434105641],[-122.60305182409641,45.599157111030912],[-122.60307033551015,45.599146627930146],[-122.60314405878374,45.599125757639953],[-122.60317094198986,45.599126616020257],[-122.60323758082781,45.599128728531674],[-122.60331046373389,45.599132184888887],[-122.60338016037727,45.599135492414973],[-122.60350687528693,45.599147658899241],[-122.6035509103765,45.599151894140483],[-122.60359267005055,45.599159754090124],[-122.60370207851852,45.599180355978035],[-122.60382381515866,45.599194520578187],[-122.60397456168674,45.599211287880465],[-122.60413476828595,45.599243489828062],[-122.60426736593989,45.599262505723729],[-122.60436170217227,45.599276036945732],[-122.60443469133158,45.599287871475553],[-122.60461820850701,45.599317630057278],[-122.60474766452236,45.599338025854557],[-122.60487627602271,45.599356042716764],[-122.60509864238064,45.599388474435784],[-122.60526770236581,45.599418729870187],[-122.60535201727812,45.599431004325062],[-122.60537727288451,45.599434682399583],[-122.60540578875896,45.59943741076966],[-122.60542525847849,45.599439268812304],[-122.60544876600527,45.599439351353247],[-122.60549754888113,45.599439511590056],[-122.6056294792339,45.599457466972879],[-122.60570989802316,45.599468408231495],[-122.60584599743208,45.599490526389459],[-122.60596827710498,45.599511691783555],[-122.60611164102841,45.599536790997426],[-122.60634027260438,45.599584920505642],[-122.60641376434769,45.599587472976573],[-122.60644119660257,45.599577599938875],[-122.60652268499348,45.599586261480191],[-122.60659874072245,45.599598136629645],[-122.60667796695597,45.599605273719305],[-122.60674778530128,45.599625948828738],[-122.60676734922309,45.599631747845635],[-122.6068080507453,45.599649742605848],[-122.60683541176243,45.599667973210167],[-122.60691840523504,45.599686760243976],[-122.60701676749949,45.599700575903917],[-122.60709677651992,45.599699101822608],[-122.60712526649932,45.599687652567042],[-122.60715187305752,45.599685599027715],[-122.60716551781069,45.599694944435306],[-122.60719594914782,45.599718141621992],[-122.60725239434512,45.599757153690234],[-122.60734047589349,45.599794848606443],[-122.6073608675236,45.599803574704247],[-122.60742170003918,45.599825017954984],[-122.60752087457404,45.599859980222917],[-122.60761386582686,45.599879663878944],[-122.60775175472027,45.599908839580188],[-122.60789971147163,45.599940486832736],[-122.60815418333586,45.599965492271068],[-122.60835940908417,45.599982029592653],[-122.60850824878001,45.599977736714578],[-122.60860064967497,45.599969850677034],[-122.60869448284892,45.599961829837973],[-122.60878493020175,45.599963799669119],[-122.60888923634332,45.599966064893131],[-122.60905878880592,45.59998014024216],[-122.60920803455812,45.599986766035975],[-122.60941817133325,45.600015704910483],[-122.60968404356811,45.600048311575989],[-122.60987471102393,45.600079847286281],[-122.60999845528065,45.60010031518398],[-122.61012366508254,45.600115391611467],[-122.61034323478283,45.600141410922774],[-122.61053765678662,45.60016324601294],[-122.61075359565288,45.60019265198855],[-122.61097081055645,45.60021359164007],[-122.61135817786166,45.600253038094259],[-122.61163183369887,45.600273508236498],[-122.61177066957605,45.600283588456882],[-122.61195628637803,45.600298616022911],[-122.61209400104255,45.600302029114452],[-122.61226459183466,45.600308142194578],[-122.61240845514415,45.600316860049311],[-122.61254624306144,45.600314330388329],[-122.61260946434842,45.600311370231722],[-122.61271053599759,45.600306624598772],[-122.61286804327899,45.600322256679085],[-122.61296278220321,45.600331660747919],[-122.61313746657365,45.600364367385311],[-122.61320473506153,45.600383978667601],[-122.61330386756865,45.600412878961627],[-122.61338514437018,45.600445734277905],[-122.61347047438865,45.60046758848403],[-122.61353089031954,45.600477415333216],[-122.61358784710836,45.600513841171086],[-122.61372413021071,45.600530078027681],[-122.61393123716073,45.600560495527596],[-122.61411347196227,45.60058656353219],[-122.61420487419956,45.600599321829151],[-122.61433874095462,45.600610912662496],[-122.61446332028521,45.600611747078659],[-122.61466032828254,45.600621330904772],[-122.61489628038953,45.600633701173855],[-122.61510953976234,45.600645145827023],[-122.61533787915207,45.60065794270399],[-122.61548730836623,45.60066631220937],[-122.61570357841983,45.600680410319043],[-122.615879692557,45.600691888422958],[-122.61608251938293,45.600703775676777],[-122.61626847838573,45.600713803345144],[-122.61649257327099,45.600725901691121],[-122.61666749818797,45.600727509130955],[-122.61675271004103,45.600728299492346],[-122.61683185370491,45.600729022339856],[-122.6169118070349,45.6007259936735],[-122.61697333434122,45.600723016828994],[-122.61712049393888,45.600715907529491],[-122.61716447935706,45.600702604764884],[-122.61725507594673,45.6006868866532],[-122.6172946150497,45.60067365714302],[-122.61732350985928,45.600673124962533],[-122.61735934772311,45.60068027906604],[-122.61736835814662,45.600683236218643],[-122.61738443879679,45.60069699136055],[-122.61740812775081,45.600735593659053],[-122.61745877426291,45.60078151262536],[-122.61751373768311,45.600824219596241],[-122.61758368885131,45.600851042819968],[-122.61766222712684,45.600869894888767],[-122.61770248536776,45.600871801034181],[-122.6177335332011,45.600873263765493],[-122.61780155134024,45.600879582048115],[-122.61793659303839,45.600891389607987],[-122.61808140933273,45.600898094261588],[-122.61815658931695,45.600897745909613],[-122.61826492461535,45.600897246022981],[-122.61834841268637,45.600896860450803],[-122.61839769892021,45.600892956206792],[-122.61843473810949,45.600890023510203],[-122.61854398162593,45.600897382821081],[-122.61871414741353,45.600902008334501],[-122.61881782364945,45.600904825154267],[-122.61890045925686,45.60091424034696],[-122.61900082372892,45.600921761920198],[-122.61909499096006,45.6009418832286],[-122.61912727997188,45.600940208194885],[-122.61918821201107,45.60093704297477],[-122.61930168102178,45.600938076296167],[-122.61938794752507,45.600925559810882],[-122.61945598290377,45.600923415910628],[-122.61950224487737,45.600921960017594],[-122.61955385540425,45.600919515259676],[-122.61968524764616,45.60091289192809],[-122.61983421802212,45.600904845493019],[-122.61990769944256,45.600897811895869],[-122.61998651010275,45.600890275736766],[-122.62008022080555,45.600886550893883],[-122.62018343191033,45.600883101025964],[-122.62027578533454,45.600882839540702],[-122.62038702356861,45.600882832253454],[-122.62055797771905,45.600882814782601],[-122.62069101576301,45.600882802484783],[-122.62081988578126,45.600882794528353],[-122.62088357651628,45.600882790495682],[-122.62090653712985,45.600881962758393],[-122.6209499730313,45.600880396447756],[-122.62098915910877,45.600878981003696],[-122.62101895763091,45.600877918519195],[-122.62105959154042,45.60087647679061],[-122.621096190516,45.600875172136554],[-122.62112331286792,45.600874204067765],[-122.6212000579102,45.600871475465304],[-122.62125119475543,45.600859091728033],[-122.62129705650392,45.60084798536306],[-122.62131709488604,45.60083315072567],[-122.62140885709648,45.600843124891028],[-122.62143088621053,45.600845517955882],[-122.62150334599788,45.600855037621045],[-122.62155008681347,45.600865022053704],[-122.62160807846757,45.600865887823858],[-122.62165830926752,45.600866645074319],[-122.6217868836477,45.600864562411026],[-122.62192688558849,45.600865995552752],[-122.62202918746172,45.600867033562515],[-122.62207162443092,45.600863757857937],[-122.62214831490262,45.600857842714973],[-122.62229617105459,45.600844026341797],[-122.62233139220687,45.600821675455109],[-122.62242624257436,45.600841168800883],[-122.62247674298882,45.600851542729892],[-122.62254917886659,45.600862844188832],[-122.62262180990109,45.600874187060981],[-122.6226888157165,45.600876082975454],[-122.62277650188905,45.600878561043444],[-122.62284564495238,45.600912506752721],[-122.62289719214736,45.600937821337588],[-122.62300622503193,45.600961121157418],[-122.62314480107538,45.600947717894378],[-122.62326766467531,45.60092735834273],[-122.62345188564244,45.600895029566523],[-122.62362622378059,45.600873728602693],[-122.62376071692849,45.600889329332347],[-122.62387613422862,45.600945059189094],[-122.62393106189171,45.600989059882359],[-122.62396232523675,45.60101410071708],[-122.62402621769232,45.601033128166257],[-122.62420837874916,45.601054302970375],[-122.62437159874294,45.601065872061334],[-122.62448733616571,45.601063735239414],[-122.62458806048831,45.60106954449288],[-122.62463297482073,45.601064988945566],[-122.62466207429095,45.601062039228829],[-122.62474022964783,45.601048317947495],[-122.62482239586035,45.601025323905219],[-122.62491175682547,45.601019074118781],[-122.62508146541664,45.601030981515173],[-122.62517915224727,45.601038907365933],[-122.6252382424084,45.601043720389292],[-122.62531940044227,45.601054715827424],[-122.62536782229164,45.60106127428466],[-122.62544994982339,45.601088227964432],[-122.62546957969619,45.601094669794534],[-122.6256037022611,45.60111673897844],[-122.62571670298802,45.601119934604206],[-122.62573268478367,45.601120386585805],[-122.62578613553683,45.601118472626325],[-122.62591492347818,45.601113509641017],[-122.62607467170801,45.601106687616827],[-122.62622147220408,45.601099915395842],[-122.62640438688101,45.6010912424887],[-122.62655052790826,45.601084320744512],[-122.62662253957966,45.601080865559673],[-122.62671123889046,45.601075796433811],[-122.62684546479527,45.60106813971219],[-122.62697385481724,45.601060806785391],[-122.62702657624757,45.60106098453069],[-122.62713226164438,45.601061623539323],[-122.62717093550989,45.601055813424253],[-122.62723017741769,45.601046914731455],[-122.62729523324882,45.601037133540231],[-122.6274166429109,45.601011873038473],[-122.62751559618331,45.600970159405946],[-122.62756911497894,45.600945091697064],[-122.62761884877106,45.60092682665605],[-122.62765585604303,45.600923073508689],[-122.62771756731934,45.600937269629085],[-122.62779924243122,45.600946633038049],[-122.6279019078861,45.600958407144255],[-122.62795661536781,45.600963309348352],[-122.62814307239766,45.600980024053804],[-122.62823199246009,45.600991421620996],[-122.62834430623785,45.600979074242886],[-122.62840569424064,45.600962124054881],[-122.62849505310562,45.600955862559928],[-122.62859262147815,45.600935650000366],[-122.62867961568162,45.600924832386596],[-122.62875523293451,45.600901956562438],[-122.62877166278844,45.600874037245866],[-122.62879091690397,45.600862942487154],[-122.62881740934093,45.600870121035328],[-122.62883993430977,45.600888111553203],[-122.62890383717355,45.600902277054907],[-122.62900074354243,45.60089861107663],[-122.6290667638357,45.600896067164207],[-122.62912946539173,45.600892917637161],[-122.6292567226797,45.600886520819685],[-122.62937055523601,45.600880795823741],[-122.629401156664,45.600879257578256],[-122.62951931805183,45.600882597652621],[-122.62958833452161,45.600888827023709],[-122.62964356746804,45.600904682722529],[-122.62970285802143,45.600912792861088],[-122.62980313424902,45.600906328831364],[-122.62987254907992,45.600892774985923],[-122.62991110063057,45.600872115213718],[-122.62995648774132,45.600858997158724],[-122.63001136391811,45.600865650339315],[-122.63009232961333,45.60086875114385],[-122.63020312670056,45.600869634460594],[-122.63029064577921,45.600872433946527],[-122.63032631258712,45.600873627394314],[-122.63038946694655,45.600867849928058],[-122.63045273630371,45.600865148347658],[-122.6304929259293,45.600869309459597],[-122.63055526738026,45.600894808370256],[-122.63060455331089,45.600907972958467],[-122.63067994499448,45.60090810770108],[-122.63076535732461,45.600901260270689],[-122.6308109964332,45.600901999159781],[-122.63084690192889,45.60090271199762],[-122.6308879216763,45.600905777842655],[-122.63092907150124,45.600908859303082],[-122.63097830446557,45.600909009734089],[-122.63100009278502,45.600909073480373],[-122.6310517146393,45.600905903429819],[-122.63108947989294,45.600903583485795],[-122.6311199922399,45.600906466336284],[-122.6311541839161,45.600909685326165],[-122.63118876953331,45.600911457119018],[-122.63121327307158,45.600912794347444],[-122.63124248767024,45.600916987824689],[-122.63127478313122,45.600921629146228],[-122.63132256959211,45.600942985606565],[-122.63134174856607,45.600957185521274],[-122.6313618191479,45.600969874274128],[-122.63151737078155,45.600969792121099],[-122.63161923131011,45.600970353691608],[-122.6316852476388,45.600970786488766],[-122.63170806144603,45.600953099515415],[-122.631729904262,45.600923549274505],[-122.63173661893241,45.600898878336508],[-122.6317986262527,45.600891591009351],[-122.63183773541265,45.600889867326536],[-122.63191860325098,45.600886298717079],[-122.6319952283132,45.60089024414625],[-122.63203361206496,45.600894141554086],[-122.63205580106352,45.600900390732164],[-122.63207446358911,45.600905652997326],[-122.63209122057488,45.600907961986458],[-122.63211165010485,45.600910770115078],[-122.63213629488821,45.600914156586491],[-122.63216780997789,45.60091849598961],[-122.63225098664228,45.600919700079466],[-122.6323113671108,45.600920975991286],[-122.63236194821991,45.600922216363365],[-122.63240489910186,45.600923068451536],[-122.63248099247704,45.600923107337593],[-122.63250552238138,45.600923111807617],[-122.63257332694586,45.600921665581474],[-122.63266396915893,45.600918842507241],[-122.63279277140845,45.600914286570656],[-122.63290945719555,45.600911835204833],[-122.63301075821238,45.600909786752162],[-122.63309798227425,45.600907449592512],[-122.63319831998304,45.600904662544814],[-122.63327156498674,45.600902637864372],[-122.63333521350044,45.600902178719373],[-122.63346962666121,45.600901233995323],[-122.63350156662551,45.600900147257072],[-122.63357398779735,45.600897688314959],[-122.63363215568765,45.600895718894947],[-122.63368777336557,45.6008941289803],[-122.63373931170673,45.600893173277683],[-122.63380449539044,45.60089196496061],[-122.63386009109011,45.600891824373576],[-122.63389846807208,45.600891761271313],[-122.63403741660329,45.600896853168877],[-122.63407189227283,45.60089603410136],[-122.6341221653089,45.600894840319846],[-122.63418477416349,45.600893346679683],[-122.63420033992814,45.60089364219624],[-122.63425236187003,45.600894631353356],[-122.63430723215383,45.60089567470083],[-122.63433040462564,45.60089710757218],[-122.63438099325279,45.600900210845843],[-122.63442221167819,45.600902749825238],[-122.6344389609137,45.600904500617709],[-122.63449489612655,45.600910340369389],[-122.63454066215812,45.600915125512721],[-122.63461960266987,45.600917919053956],[-122.63469068463449,45.600920425797504],[-122.6347340047826,45.600921899394017],[-122.63478025046585,45.600923399667096],[-122.63483165643697,45.600925064916439],[-122.63488187901706,45.600924619634462],[-122.634945433287,45.600924349435175],[-122.63499550591183,45.600924320844804],[-122.63505147049381,45.600930950900477],[-122.63512008290071,45.60092507841896],[-122.63522102235031,45.600912718786141],[-122.63529283955955,45.600903753764555],[-122.63538739570875,45.600895905275372],[-122.63542210759108,45.600893883588185],[-122.63550276764909,45.600889209283729],[-122.63559530650357,45.600880587459812],[-122.63567692909206,45.600872168531467],[-122.63578201026689,45.600868715727849],[-122.63586291278442,45.600866052758924],[-122.63590783900447,45.600864885667967],[-122.63597212281628,45.600863233574934],[-122.63607337228478,45.600853675556962],[-122.63616731764185,45.600855847458817],[-122.63618182099133,45.600856190019726],[-122.63632361634416,45.600855168356979],[-122.63648250665378,45.600863352657996],[-122.63652281834274,45.600866331367698],[-122.63659033622295,45.60087153999369],[-122.63669680100732,45.600878258157678],[-122.63685212909569,45.600883798929232],[-122.63689287129569,45.60088524773429],[-122.63695532782812,45.600890226438558],[-122.6370230523198,45.60088973400007],[-122.63708418099682,45.600894170798334],[-122.63718244288673,45.600900960133131],[-122.63732245613686,45.600903012753164],[-122.63745709891128,45.600905075170502],[-122.63754216779988,45.600906474913529],[-122.63765360455132,45.600908310590356],[-122.63769543384817,45.600903222296814],[-122.63774871156296,45.600896724089424],[-122.63778736250866,45.600892017868993],[-122.63782153626406,45.600884893268621],[-122.63794889223789,45.600858332223744],[-122.63810716697428,45.600845426720262],[-122.63819613714767,45.600838390892001],[-122.63832554117703,45.600830783024833],[-122.63842507023442,45.600824937250152],[-122.63852436089051,45.60082907772572],[-122.63858271996307,45.600831503376277],[-122.63862859665092,45.600833422879894],[-122.63879550457156,45.600855632519767],[-122.63892264601466,45.600895457937277],[-122.6389971596696,45.600931824156433],[-122.63903618085887,45.600950873631426],[-122.63909423334357,45.600970317467713],[-122.6391468318501,45.600987935931279],[-122.63922111042694,45.600998347411789],[-122.63929181888716,45.601008257154135],[-122.63933866570814,45.601008709622889],[-122.63940002012178,45.601009306156634],[-122.63946759890774,45.60101341400631],[-122.63956427493623,45.601019294355865],[-122.63963256147336,45.601020743140516],[-122.63975672296984,45.60102338529822],[-122.6398512872308,45.601023220005331],[-122.63994470921531,45.601023057539386],[-122.64009940832888,45.601022790574909],[-122.64025135900219,45.601022052605096],[-122.64029420460773,45.601021822817842],[-122.64043521951376,45.601031324345804],[-122.64054394011605,45.601038654735504],[-122.64064843530926,45.601047827289072],[-122.6407313804738,45.601055104641937],[-122.64095372382741,45.60104099538686],[-122.6411359882155,45.60097777265154],[-122.64133940418894,45.60093985481447],[-122.64147064469515,45.600943541830809],[-122.64152845616387,45.600946714950368],[-122.64177791868562,45.600960407307284],[-122.64191573897401,45.600970227465965],[-122.64201505501111,45.60097737954807],[-122.6421562485871,45.600987541737489],[-122.64228051721224,45.600999441234642],[-122.64232988464846,45.601004166365541],[-122.64238432322594,45.601009381773594],[-122.64251461190673,45.601009566030058],[-122.64253729649307,45.601009593206591],[-122.6425593037974,45.601008301676494],[-122.64266218522965,45.601002272070332],[-122.64272915294039,45.600998352165853],[-122.64281376936049,45.600989125476744],[-122.64288994546594,45.600980830103069],[-122.64298375697116,45.600970594180886],[-122.64303824837941,45.600969093357172],[-122.64316707582216,45.600965532630731],[-122.64323889905288,45.600963546661362],[-122.64332432575711,45.600961181711234],[-122.64342598306615,45.600958369795684],[-122.64352086364538,45.600955747713598],[-122.64361718014365,45.600953089331895],[-122.64367692868508,45.600951220036976],[-122.64375684439503,45.600947570684397],[-122.64404258660545,45.600934514474631],[-122.64470362870385,45.600904427317126],[-122.64503468928118,45.600889416985979],[-122.64514072744244,45.600893939287204],[-122.64527006356563,45.600899466895292],[-122.64538487404995,45.60090436534778],[-122.64543443788433,45.600914944625444],[-122.64546391936445,45.600928202661052],[-122.6454799125292,45.600935393703153],[-122.64547907291428,45.601036565586405],[-122.64547281625657,45.601790572480326],[-122.6454681293674,45.602354965365876],[-122.64545946455269,45.603399495068331],[-122.64626316390832,45.603745556804746],[-122.64782560356987,45.604418293597554],[-122.64872700478168,45.604806458345081],[-122.64899720909665,45.604922650578878],[-122.64938858956604,45.605090927880802],[-122.6497799775108,45.605259033659557],[-122.65016942135361,45.605427173898185],[-122.65056080101252,45.605595276367133],[-122.65095025483977,45.605763593874315],[-122.65134165315615,45.605931693437945],[-122.65170326390067,45.606087657768533],[-122.65184666940819,45.606112465821759],[-122.65185058787772,45.606128873764511],[-122.6518532299157,45.606140013147687],[-122.65185415934241,45.606143578077145],[-122.65185692983505,45.606148990147034],[-122.65186060921044,45.606153331584075],[-122.65186673317866,45.606158582048231],[-122.65188927026301,45.606173588992085],[-122.65189880449779,45.606181502827802],[-122.65192072789048,45.606204316025398],[-122.65193814732039,45.606223711965242],[-122.65195869365563,45.606248071507792],[-122.65197347850068,45.606265590804696],[-122.65198634251914,45.60628015741954],[-122.65199976732713,45.606294632712945],[-122.65201129816498,45.606306496833831],[-122.65202073117575,45.60631513252855],[-122.6520296860627,45.606321644002414],[-122.65204017382165,45.606328342370063],[-122.65205950721305,45.606339691202841],[-122.65206889707083,45.606344493654866],[-122.65207560337515,45.606347482472756],[-122.65208322729646,45.606350355403407],[-122.65208920756294,45.606352169570847],[-122.65209992231176,45.606354714720396],[-122.6521139180167,45.606356838588901],[-122.6521239940574,45.60635776647598],[-122.65213076863519,45.606358189012262],[-122.65215136214429,45.606359126751322],[-122.65216110104312,45.606359610835604],[-122.65217144354799,45.606359776908384],[-122.65218283523218,45.606359195566064],[-122.65219106206538,45.606358024459659],[-122.65220334297601,45.606354850928689],[-122.65220988102314,45.606352442788726],[-122.65222024527969,45.606347424412],[-122.65222598561758,45.606343914041851],[-122.65223164209704,45.606339875110017],[-122.65223836607896,45.606334240618651],[-122.65224727809399,45.606324775026643],[-122.65225204001051,45.606318448536811],[-122.65225672420445,45.60631110556821],[-122.65226289864491,45.606298758130229],[-122.65227420092094,45.606269490674208],[-122.65227878703716,45.606257531569106],[-122.65228334517094,45.606241802845709],[-122.65228457299011,45.606232931371828],[-122.65228438221038,45.606224185906356],[-122.65227880157022,45.606186970684156],[-122.6532231673373,45.606349779426559],[-122.65312818819579,45.606453378430174],[-122.65308323297467,45.606549786033817],[-122.65317406436183,45.606636821228818],[-122.65329456859354,45.606712283116629],[-122.65334341101931,45.606742873283785],[-122.6534805061937,45.606767609255627],[-122.65366059488667,45.606779999932762],[-122.6537367312561,45.60678601029435],[-122.65384963288355,45.606797713764031],[-122.65394864242667,45.606807976473192],[-122.65399994984976,45.606813290146782],[-122.65405057383852,45.606818535385294],[-122.65410506107368,45.606824185548632],[-122.65415293991227,45.606839518196665],[-122.65420480897578,45.606856559341558],[-122.6542605777657,45.606873985833253],[-122.65430940420887,45.606889624965909],[-122.65437319978406,45.606910060772528],[-122.65454808575721,45.606966068529196],[-122.65462051506709,45.606979132479097],[-122.65468518322749,45.606990802162912],[-122.65485039772044,45.606987708622896],[-122.65494970965635,45.607035284662047],[-122.65502869723996,45.607073113644304],[-122.6551179913226,45.607101055060767],[-122.65518790948758,45.60712294271881],[-122.65527751529709,45.60715098627189],[-122.65540312482598,45.607190300318827],[-122.65553195337961,45.607230616912318],[-122.65563015282949,45.607261353034367],[-122.65574972804089,45.607298771821547],[-122.65588867999257,45.607342255753935],[-122.65593418393401,45.607356498353766],[-122.65601337986014,45.607378174893803],[-122.65612090340613,45.607407611007261],[-122.65618346086526,45.607464244504428],[-122.6562205977306,45.607497870834266],[-122.65623606741197,45.607511443046469],[-122.65628819197946,45.607553401603134],[-122.65632397726679,45.607582192775489],[-122.65637091679491,45.607619982657532],[-122.65642231298281,45.60766135247988],[-122.65652139980349,45.607695824540848],[-122.65662823153632,45.607732995926312],[-122.65675740469993,45.607777939883633],[-122.65686248330883,45.607785160510893],[-122.65693383314985,45.607790069982677],[-122.65699142568721,45.60779403163405],[-122.6572131359768,45.607742087952857],[-122.65737471879783,45.607643493164943],[-122.65737134458082,45.607554821759869],[-122.65735622090301,45.607532827329585],[-122.65842194084857,45.60787707029575],[-122.65854085208137,45.607915471436932],[-122.6585618100469,45.607949562155362],[-122.65856501992729,45.607962814940457],[-122.65857404023477,45.607999965515738],[-122.65857303418626,45.608017640455785],[-122.65857095187854,45.608054265143437],[-122.65858859622244,45.608111793840585],[-122.65860758726826,45.608130997808374],[-122.65863149277378,45.608209427035789],[-122.6587147862277,45.608306895974728],[-122.65885219549639,45.608394668246149],[-122.65889916200408,45.608411454039356],[-122.65902000570341,45.608454642181144],[-122.65930319582878,45.608514849092288],[-122.65949259605068,45.608448625019989],[-122.65974396748935,45.608515093846272],[-122.65989787831941,45.608571841083595],[-122.6601880870782,45.608740432120904],[-122.66055556636309,45.608868606626743],[-122.66086232723897,45.609018674067165],[-122.66116545977913,45.609135693740058],[-122.66152649710136,45.609275065201608],[-122.6615860297627,45.609298046452544],[-122.66205364588947,45.609523819221771],[-122.66211534297577,45.609538924718578],[-122.66221011650228,45.609559424444171],[-122.66223380107844,45.609566458445556],[-122.66235561234977,45.609604747266026],[-122.66246473294869,45.609640520182282],[-122.66256913874778,45.609676093975203],[-122.66263550416065,45.609696809938548],[-122.66270379122,45.609721198367467],[-122.66275004531261,45.609737836514313],[-122.66277672448507,45.609747983962819],[-122.66290566624571,45.609797029569727],[-122.66297274022585,45.609822539189523],[-122.66303165676351,45.609841306470557],[-122.66306041792663,45.60984487948442],[-122.6630854429909,45.60984799148499],[-122.66311191931543,45.609846107688909],[-122.66313438001561,45.609844515059571],[-122.66314892169537,45.609835735618631],[-122.66318233075147,45.609815556897992],[-122.66320481873255,45.609785798864948],[-122.66321062865106,45.609760243646122],[-122.66321369360199,45.60974679212039],[-122.66320500957615,45.609721553582432],[-122.66319954215923,45.609705651644958],[-122.66317112103593,45.609687841431963],[-122.66322672831612,45.609653824882542],[-122.66372331196821,45.60948944217094],[-122.66393092302856,45.609567036624007],[-122.66491186757479,45.60984229942224],[-122.6678221148903,45.610185309899919],[-122.66782257355348,45.610185571401502],[-122.66781844235982,45.610189879822897],[-122.6678142822433,45.610194782786969],[-122.66781111390662,45.610199154362107],[-122.66780629518692,45.610207615573543],[-122.6678032243413,45.610215532281735],[-122.66780148162725,45.610222927566944],[-122.6678007455729,45.610229846088252],[-122.66780076245418,45.610236326748954],[-122.66780152365452,45.610243503721541],[-122.66780351968301,45.610253745741382],[-122.66780643838997,45.610263664655612],[-122.66781624857853,45.610289808119468],[-122.66782238311811,45.610307011509811],[-122.66782576616964,45.610320034951705],[-122.66782690577384,45.610327691815527],[-122.66782748758192,45.6103382120505],[-122.66782980255442,45.610410160953521],[-122.66783189967462,45.610475740920037],[-122.66783206101472,45.610480607884135],[-122.66783348805254,45.610492120462851],[-122.66783666170154,45.610502645756618],[-122.66784110867549,45.610512283438972],[-122.66784648467133,45.610521084892106],[-122.66785170155325,45.610528043373527],[-122.66785896318582,45.610536484971163],[-122.66786565878736,45.610543209040721],[-122.66787637439521,45.610552449725198],[-122.66788234304992,45.61055726934687],[-122.66789590113608,45.610567041448554],[-122.66790635878287,45.61057385688472],[-122.6679196090858,45.610581617766194],[-122.66793301284348,45.610588719694398],[-122.66794239386016,45.610593539061497],[-122.66795683790083,45.610600341800954],[-122.66798511899714,45.610612095505246],[-122.66800794454524,45.610620397091715],[-122.6689376690268,45.610936637348566],[-122.66905313753466,45.610975911734315],[-122.66911052093575,45.61098469631915],[-122.66933940947268,45.611019726643399],[-122.66937976335629,45.611025896527892],[-122.66939688663959,45.611028274447314],[-122.66942950524921,45.611031719460172],[-122.66948741386393,45.611036127270019],[-122.66953070567489,45.611039640676459],[-122.66956262592223,45.611043269608885],[-122.66958606935239,45.61104692347795],[-122.66960328482016,45.61105035266943],[-122.66961595646143,45.611053363042743],[-122.66963453935328,45.611058709985585],[-122.66965251133423,45.611065167170999],[-122.66994845772078,45.611183454294171],[-122.67029729949638,45.611322877812853],[-122.6707660890047,45.611510246105695],[-122.67089006360887,45.611556875021883],[-122.6712306169899,45.611677350531103],[-122.67130658545918,45.611704226652876],[-122.67283559195852,45.612245114923226],[-122.67318004814631,45.612438062210856],[-122.67352210184384,45.61257835123002],[-122.67415738037589,45.612861045414846],[-122.67460126554349,45.613108007570162],[-122.67479748321497,45.613185077606751],[-122.67495080555481,45.613245297572206],[-122.6757186165366,45.613661992010101],[-122.67682954221972,45.614189020455854],[-122.67712086517928,45.614225843858918],[-122.67772020981678,45.614719369248455],[-122.67772222717952,45.614740844643762],[-122.67772589955514,45.614780011334979],[-122.67772757017109,45.614797776141359],[-122.67773002211617,45.614823860498973],[-122.67773618773589,45.614839792893449],[-122.67774329328995,45.614858164816219],[-122.67775215006668,45.614881032086309],[-122.677760778725,45.614903326696023],[-122.67776831382669,45.614922815632454],[-122.67777313906819,45.614937927870862],[-122.67777856519756,45.614949292977059],[-122.67780708248665,45.614956395001116],[-122.67783557303376,45.614962823408334],[-122.67786454191619,45.614969692007527],[-122.67791011939273,45.61498051379774],[-122.67795556289772,45.614993524190872],[-122.67808355386279,45.615030186031866],[-122.67815508082408,45.615054405369918],[-122.67829904423071,45.61510315008335],[-122.67853601875527,45.615199776282303],[-122.67873052562426,45.615259049709572],[-122.67887470024868,45.615304603755],[-122.6790051714118,45.615345330552096],[-122.67920249802789,45.615403820768996],[-122.67936277646587,45.615468196720947],[-122.67954992924352,45.615517616612834],[-122.67975013882477,45.615578040324358],[-122.67990385465886,45.615627165661429],[-122.68009463453451,45.615710486207952],[-122.68029225556677,45.61577926615513],[-122.68057402448031,45.615875517724021],[-122.68085827096174,45.615968452692414],[-122.68145666160787,45.616228556619063],[-122.68218135930347,45.616316335919763],[-122.68264919992762,45.616600538019014],[-122.68273826894935,45.616654504739415],[-122.68419575044888,45.617762073455715],[-122.68484038945114,45.618155888071662],[-122.68750774106203,45.619497261925098],[-122.68811769234318,45.61990287037289],[-122.6893529058941,45.62050268749131],[-122.68957188962003,45.620554258948275],[-122.6903347391288,45.620868635456283],[-122.69074071818578,45.621003571416786],[-122.69090903067048,45.620755675513244],[-122.69090619395249,45.620751976495853],[-122.69004016945131,45.61961989672082],[-122.69004087986829,45.619617363387533],[-122.69010369780665,45.619392340852642],[-122.69143468201234,45.618929570895617],[-122.69162566646169,45.618998242156515],[-122.69171755883376,45.619116579383522],[-122.69227142020117,45.619840639407563],[-122.69255558462798,45.620212301562319],[-122.69270844506168,45.62043064217746],[-122.69271078049728,45.620433973445159],[-122.69261988085576,45.620661709905022],[-122.69202576733871,45.620868677982692],[-122.6918279309869,45.621162072622312],[-122.69185758423568,45.621216658900373],[-122.69188160096154,45.621255888589893],[-122.69194873667828,45.621276653894576],[-122.69211110370586,45.621308306780556],[-122.69218532782703,45.621372054163494],[-122.69229431900061,45.621425264213109],[-122.69249553991912,45.621564616379992],[-122.69274360398943,45.621727711766518],[-122.69290169489025,45.621813561415728],[-122.69305665176599,45.621916563525559],[-122.69317776241752,45.622002801879752],[-122.69328835931351,45.622097449839266],[-122.69338289983608,45.622162033273277],[-122.69376214312983,45.622347165167191],[-122.69402152405284,45.622478663177823],[-122.69415737903434,45.622522889578242],[-122.69425301050303,45.622554956953067],[-122.69435609274306,45.622606882740342],[-122.6944937794988,45.622678501342136],[-122.69462734254755,45.622747956119774],[-122.69471240006885,45.622792196149156],[-122.69483992771843,45.622858525679327],[-122.69493069257121,45.622932532547068],[-122.69500011738226,45.62298915013892],[-122.69504734245257,45.623027666514517],[-122.69510445948451,45.623046362607987],[-122.69514444152527,45.623077743664922],[-122.69521582521986,45.623101108555701],[-122.69529901515635,45.623156393051907],[-122.69536631537103,45.623256491146115],[-122.69541209237038,45.623307312506157],[-122.69544733449185,45.623346444210874],[-122.69550729394655,45.623347766951134],[-122.69557067570425,45.623328501572303],[-122.69562102056807,45.623281310490441],[-122.69570095590481,45.623252583930849],[-122.69585200170017,45.623239809958051],[-122.69602170109337,45.623253882167923],[-122.69614792222404,45.623328129728613],[-122.69625300545736,45.623402780303699],[-122.69638135162832,45.623622880473299],[-122.69643952654214,45.623760237863344],[-122.69650027706903,45.623964317793217],[-122.69659339252553,45.624093600248855],[-122.69668734057642,45.624153629135087],[-122.69682350371031,45.624232105648034],[-122.69699203913154,45.624329236093274],[-122.69732778305462,45.624495563246739],[-122.69752973925407,45.624598040362137],[-122.69779248125023,45.62475318504724],[-122.69788446041473,45.624944309604878],[-122.69798594757093,45.625108041806492],[-122.69810084488751,45.625162717814597],[-122.69902074304407,45.625528426089431],[-122.69930127199076,45.625673901796937],[-122.69955077100656,45.625837280074144],[-122.69983398778034,45.626051941850612],[-122.70008803277996,45.626214061708261],[-122.70043963562246,45.626492882063793],[-122.70077464620562,45.626685641253815],[-122.70104585530737,45.626857143705593],[-122.70131315374338,45.627019754115835],[-122.70155497128877,45.627171339494978],[-122.70179238405771,45.627295382346141],[-122.70225428744133,45.627573384144121],[-122.70254387459134,45.627679118145636],[-122.70267532705033,45.627706271646431],[-122.70299303778886,45.627890246720064],[-122.7031548531308,45.627983940870713],[-122.70359437095503,45.628209825401129],[-122.70377806463854,45.628304225334659],[-122.70421482362896,45.62852868353292],[-122.70478847040297,45.628821196989641],[-122.705152197133,45.628998460758119],[-122.70520223531948,45.6290291952999],[-122.70537093220453,45.62914326079374],[-122.70557179837741,45.629233377816092],[-122.70576456873718,45.629296447000222],[-122.70597399293577,45.629334470455511],[-122.70610830340665,45.629344265371643],[-122.70625769833786,45.629469986019927],[-122.70644606317467,45.62955496784987],[-122.70660946942419,45.629633864438041],[-122.7067429142208,45.629621414089414],[-122.70692007052469,45.629645220417494],[-122.70712997775888,45.629695591677716],[-122.70733828415152,45.629795455590447],[-122.70764626508392,45.629920609727634],[-122.70788196886117,45.630000161768564],[-122.70820432913119,45.630132455600389],[-122.70850327741462,45.630297342508207],[-122.70863131981292,45.630363520704101],[-122.70874170681012,45.630421397363769],[-122.70888493644701,45.630499967033749],[-122.70901075010879,45.630560256726305],[-122.70911098367415,45.630607147508428],[-122.70930198345064,45.630714757167873],[-122.70949435038393,45.630804751781284],[-122.70965738063511,45.630881032267794],[-122.70976076404983,45.630926737101802],[-122.7101978309947,45.631121102735371],[-122.71081310426834,45.631415218336421],[-122.71105703514304,45.631511636867323],[-122.71125833109616,45.631603770229063],[-122.71163123745337,45.631787742068276],[-122.71197320163411,45.631880079852046],[-122.71235327805293,45.632005744335196],[-122.71250928823395,45.632054513415305],[-122.71277958188237,45.632131653852888],[-122.71303711939593,45.632228086402179],[-122.71327627059304,45.63230509474873],[-122.71345878540417,45.632375766093091],[-122.7136290441494,45.632493660450486],[-122.71381938340211,45.632583965465344],[-122.71404454390937,45.632663717425679],[-122.71426582954153,45.632764156161713],[-122.71453926030668,45.63287675220397],[-122.71483058827869,45.632935444629886],[-122.71512296593504,45.633021309424926],[-122.71536057648711,45.633058774636076],[-122.71555984298395,45.633106868288799],[-122.71570733117365,45.633150522282953],[-122.71591930815111,45.633213259929207],[-122.71625581635423,45.63332839064401],[-122.71656881073251,45.63349051989038],[-122.71681617029982,45.633597032727273],[-122.71692039713221,45.63373844425989],[-122.7170501823116,45.633812609421561],[-122.71727564097098,45.633899757631717],[-122.71751983937104,45.633924732026443],[-122.71782621945329,45.634007845274198],[-122.71805824695861,45.634075566730274],[-122.71826329365591,45.634135813450641],[-122.7190258051525,45.634316674499175],[-122.71909098080425,45.634351928512011],[-122.71945202902342,45.634480970580604],[-122.71971069421005,45.634515553578105],[-122.7200345044015,45.634593383099606],[-122.72022340841387,45.634646611125021],[-122.72045534704789,45.634718803553476],[-122.72079973553474,45.634786701234624],[-122.72121919727671,45.634872215234651],[-122.72133781373307,45.634906733407512],[-122.72149017539806,45.634951068926476],[-122.72173913835042,45.635008086315821],[-122.72198392398732,45.635047865365237],[-122.72229696821697,45.635120953894059],[-122.7225872313338,45.635155893481901],[-122.72298484032493,45.635223900675868],[-122.72329930895633,45.635264573426937],[-122.72350554377402,45.635294327585122],[-122.72397406340116,45.635365373270126],[-122.72427878269704,45.635411577499148],[-122.7245302611644,45.635437107341154],[-122.72472339659581,45.635456716862556],[-122.72502821440608,45.635476687293433],[-122.7252356751503,45.63548958216554],[-122.72557598754659,45.635527885326177],[-122.72593465624263,45.63556999186234],[-122.72618303437055,45.635622375066632],[-122.72648883388786,45.635688500047152],[-122.72671692670841,45.635742796354876],[-122.72710941639508,45.63586378992045],[-122.72744251675488,45.635998298768413],[-122.72760677725515,45.636052000374626],[-122.72785605699971,45.636116415903686],[-122.72803723966504,45.636145594239608],[-122.72819329678629,45.636176653886707],[-122.72891510961443,45.636335779148673],[-122.72980466557237,45.63672657034784],[-122.73013563839147,45.636806708158716],[-122.73043620508241,45.636830555444327],[-122.73068904019863,45.636805880437734],[-122.73087931180727,45.636893684501942],[-122.73136308952421,45.637094501749864],[-122.73183523528444,45.637268340464828],[-122.73235278130072,45.63743139481042],[-122.73309436131265,45.637733540314798],[-122.73368206673079,45.637932440331511],[-122.73429423034557,45.638125686352865],[-122.73486107696289,45.638268844015045],[-122.73528740318173,45.638371006569884],[-122.73567037968198,45.638556912425962],[-122.73614313687422,45.638780391532471],[-122.73660576204864,45.638995748093656],[-122.73703793466733,45.639138197918378],[-122.73746017983747,45.639299526613726],[-122.73782869381824,45.639434407531894],[-122.73836113771766,45.639705955516554],[-122.73887716312521,45.639917465649759],[-122.73920952142403,45.64004840889082],[-122.73940142857582,45.640094212075063],[-122.73959260357141,45.640181516065553],[-122.73980921780137,45.640310829744983],[-122.73997466476366,45.640483183808705],[-122.74012661662407,45.640581610432157],[-122.74026100552858,45.640690532470394],[-122.74038580736382,45.640777677537592],[-122.74047512957175,45.640836942503896],[-122.74058108560008,45.6409313216095],[-122.74069272550581,45.640990970902692],[-122.74096416267234,45.641079654551696],[-122.74114000130301,45.64106881510456],[-122.74147983500878,45.641104236945012],[-122.74193736604653,45.641263476189245],[-122.74237278407863,45.641487441717857],[-122.74266494880742,45.641654840153805],[-122.74288619537438,45.641722244627921],[-122.74318805364128,45.64177818618532],[-122.74332042995503,45.641773186117184],[-122.74345911004633,45.641767955243999],[-122.74360387549642,45.64178576583403],[-122.74377196394337,45.641758375771516],[-122.74397963522927,45.641658913682377],[-122.74798578964464,45.640413439489748],[-122.74808578039691,45.640373365903869],[-122.74947985104617,45.641399525062084],[-122.75211495320892,45.643339064244941],[-122.75588731786938,45.646114696500767],[-122.7630430082237,45.651378686040296],[-122.76305151424137,45.651385971904936],[-122.76305758726861,45.651391172674344],[-122.76310701354369,45.651433533849996],[-122.76376514953536,45.651911728149692],[-122.76384935459801,45.651972912483934],[-122.76482030884313,45.652678349410031],[-122.76509212492886,45.652875825170909],[-122.76509337998041,45.652876736899046],[-122.76544874925489,45.652373496448583],[-122.76626198929515,45.651221826839418],[-122.76778124227333,45.649070192115914],[-122.77133434604598,45.644901319994432],[-122.77289701434135,45.643912132456244],[-122.77326555481883,45.643678829513561],[-122.78486408147313,45.636334962575262],[-122.78514445242236,45.636157422953225],[-122.78515910352058,45.636148131105458],[-122.7851810933566,45.636135641222658],[-122.78598712401831,45.635677672252136],[-122.78645116017658,45.63541401959192],[-122.787701638627,45.634703510834335],[-122.7877945200154,45.634582313500111],[-122.78792420938001,45.634404142467162],[-122.7880931920764,45.634133959287709],[-122.78833736333505,45.63373984132398],[-122.78844722722972,45.633555033436686],[-122.78848673949908,45.633488455547401],[-122.78853876937683,45.63340077181649],[-122.78863079793643,45.633209017777027],[-122.78863615959392,45.633197857782989],[-122.78866492048778,45.633137668848363],[-122.78867432539018,45.633117974842946],[-122.78872587185288,45.633010073989816],[-122.78872630877807,45.633009156408498],[-122.78879661772528,45.632861654200504],[-122.78885512243951,45.632745270228128],[-122.78887562179101,45.632704499967431],[-122.78888168979668,45.632692425204311],[-122.78897579123601,45.632505013382762],[-122.7890648415745,45.632337424531521],[-122.78916087429261,45.632149280786415],[-122.78920291856116,45.632058726503082],[-122.78923463529594,45.631990403519112],[-122.78928079777506,45.631886498503668],[-122.78929198346755,45.631861332471274],[-122.78929840618201,45.63184756767145],[-122.78937272535561,45.631688228434228],[-122.78937825087787,45.63167638925777],[-122.78937836905541,45.631676134935546],[-122.78942136012152,45.63157565982322],[-122.7894426853528,45.631525835106245],[-122.78948590080816,45.631424265623352],[-122.78948911175938,45.631416712697281],[-122.78954803844854,45.631277843385909],[-122.78957812990511,45.631200154798371],[-122.78960292390839,45.631136136999714],[-122.78966350689846,45.630990024999079],[-122.78969488256297,45.630905344055471],[-122.78972168631122,45.630832995756577],[-122.78976360667943,45.63071304392853],[-122.78980230585468,45.630602293179301],[-122.78989372673534,45.630348402979557],[-122.78989434043194,45.630346770003449],[-122.78997675528049,45.630128795482591],[-122.79003591767265,45.629977075842163],[-122.79004126467876,45.62996336803571],[-122.79005648238683,45.629924348813098],[-122.79006462384872,45.629899748071558],[-122.79006907166902,45.629886300873494],[-122.790087526622,45.629830555909109],[-122.79011224686039,45.629755873042797],[-122.79015190087884,45.629623390923797],[-122.79016008603728,45.629596052303931],[-122.79016048186257,45.62959474760337],[-122.79022640410845,45.629387489232826],[-122.79027761105941,45.629218338395816],[-122.79028160697558,45.629205143038639],[-122.79034261231837,45.629021296241042],[-122.7903555412817,45.628982799674624],[-122.79042638085313,45.628771841973908],[-122.79045399272214,45.628685219172688],[-122.790483642193,45.628592192305248],[-122.79052491831311,45.628439576751063],[-122.7905329772405,45.62840978254934],[-122.79057153824604,45.628251253769449],[-122.79061163686838,45.62807839866079],[-122.79063147690449,45.62799283967621],[-122.79065492364026,45.627892400849639],[-122.79065631391219,45.627886459482887],[-122.79068814903555,45.627750099710482],[-122.79070287450246,45.627690990333996],[-122.79073188187688,45.627574490323994],[-122.79077335057923,45.627388276886663],[-122.79077491377089,45.627381233184302],[-122.79080468139139,45.627247056801991],[-122.79086123170808,45.627049922119234],[-122.79089460712417,45.626929121598813],[-122.79093117100773,45.626796799334763],[-122.7909979907519,45.62656362389275],[-122.79106223137967,45.626314900314995],[-122.79109331790933,45.626188628158573],[-122.79113109435208,45.626035217507891],[-122.79123607670375,45.625778823114565],[-122.79132817686131,45.625542065923504],[-122.79138857926054,45.625395217845444],[-122.79139085683973,45.62538969019726],[-122.7913938600426,45.625382411261043],[-122.79139582252985,45.625377636816715],[-122.79144727989848,45.625199640737307],[-122.79144992991783,45.625189965612293],[-122.79145456783348,45.625172995434056],[-122.79150178846254,45.625000331318425],[-122.79157428754027,45.624762415060417],[-122.79157992138168,45.624743751289301],[-122.79161393838282,45.624630958024497],[-122.79166170146868,45.62436163330095],[-122.7916840468931,45.624237208804281],[-122.79168858568843,45.624213012327864],[-122.79172425269728,45.624022746343627],[-122.79173848046301,45.623939638754841],[-122.79175127170967,45.62389080221719],[-122.7917876002938,45.623752083795132],[-122.79181729319552,45.623645372965356],[-122.79186783351257,45.623463775366325],[-122.79191704336991,45.623278793534041],[-122.79191928242125,45.623266273308424],[-122.79192238989823,45.623248919052898],[-122.79194415790296,45.623127350744902],[-122.79199989928861,45.622765103898388],[-122.79202592495511,45.62257725322614],[-122.792033185126,45.622524880716007],[-122.79203798152666,45.62249820403656],[-122.79219277745052,45.622120266117648],[-122.79230816548318,45.621831248349302],[-122.7924326553139,45.621477066341335],[-122.7925439658414,45.621154210925063],[-122.79254463295216,45.621152280762246],[-122.79254258186911,45.621004847348985],[-122.79254179217536,45.620840412615081],[-122.79253581764651,45.620740901388743],[-122.79252891378904,45.620618427602572],[-122.79252077661015,45.620513981516439],[-122.7924941868115,45.620339942206144],[-122.79246477665221,45.620144697355691],[-122.79245829585157,45.620129397646508],[-122.79241025917737,45.620005168412973],[-122.79238198399456,45.619934403201682],[-122.79232112749106,45.619783414894059],[-122.79232097076458,45.619783021946859],[-122.79231897400874,45.619778065843171],[-122.79234962764686,45.61976270172655],[-122.79293613287741,45.619618128763257],[-122.79358361557497,45.619579329940052],[-122.79441403410459,45.619471719551591],[-122.79503449416252,45.619441687987951],[-122.79510487783452,45.619112786648614],[-122.79511504819598,45.61906522590953],[-122.795281712969,45.618305152089441],[-122.79655666337291,45.617518809878462],[-122.80078201101558,45.61491248539258],[-122.80112677664162,45.615123037410633],[-122.80153378446481,45.615373490452519],[-122.80172980259759,45.615492785747811],[-122.80173020993064,45.615493029745174],[-122.80173814557017,45.618057817653124],[-122.80173892204452,45.618307220405107],[-122.80173905698818,45.618332647645687],[-122.80174035418487,45.618573704786783],[-122.80174042126976,45.618584819931492],[-122.80174006978466,45.618617557010637],[-122.80173998903039,45.618624715763183],[-122.80172927474752,45.619624699768579],[-122.80172898859693,45.619651144225969],[-122.80172964294184,45.619667261959222],[-122.80174375866413,45.619661047497566],[-122.80179405585271,45.61963891479337],[-122.80224819335561,45.619439104714687],[-122.80448982647157,45.618452786547451],[-122.80671288226144,45.617474573319505],[-122.8067366111639,45.617464132830008],[-122.80683196770303,45.61740545652539],[-122.80697877760959,45.617314036826762],[-122.80712557255701,45.617222607324265],[-122.8072456770837,45.617147321748448],[-122.80727617740212,45.617128356422754],[-122.80727625249415,45.617128309939091],[-122.80729551857598,45.617119777259859],[-122.8074470829021,45.6170525653474],[-122.80754186835223,45.617011075311083],[-122.80761994275358,45.616976906462106],[-122.8077908413826,45.616901286004698],[-122.80779887754744,45.616897659560983],[-122.80783691572204,45.616880468758119],[-122.8079838269268,45.616839823755022],[-122.80818485216962,45.616783636116956],[-122.80838353414669,45.616728513224693],[-122.808459346993,45.616707476935041],[-122.80876587727008,45.616602210805212],[-122.80882805879135,45.616508569967287],[-122.80894085702928,45.616338739800021],[-122.80895313777336,45.616334748667583],[-122.80928813232615,45.616225796013616],[-122.80960905847307,45.616093646876635],[-122.80961690487177,45.616090411070196],[-122.80984549363602,45.615824648659917],[-122.80992113077411,45.61573671414947],[-122.80999808733731,45.615552128669123],[-122.81002894704716,45.615478109321849],[-122.81008139980858,45.615352293135302],[-122.81011555607466,45.615214394191575],[-122.81017372190907,45.614979524817763],[-122.81017364213339,45.61497945438942],[-122.81009177986996,45.614912702542263],[-122.80992905090078,45.614780024164993],[-122.80986939875621,45.614707138007454],[-122.80997359890256,45.614529791705323],[-122.81005952315725,45.614384021795082],[-122.81019541950771,45.614176847065877],[-122.81027302346988,45.614058555129837],[-122.81047334954589,45.613841724254094],[-122.81056072716459,45.613748008414376],[-122.81060632113264,45.613699123265569],[-122.81061115867537,45.613690042486979],[-122.81071489429357,45.613495430730403],[-122.81079517951609,45.613344823048976],[-122.81081699132947,45.613319485882926],[-122.81081756600163,45.61331881749134],[-122.81081828430865,45.613318820400295],[-122.81112617134058,45.613320965170637],[-122.81148196589041,45.613323469208538],[-122.81148237632065,45.61332347009764],[-122.81426023222816,45.61332277121361],[-122.81580349450022,45.613322351965238],[-122.81584733386445,45.613322324578355],[-122.81584733980964,45.613322153450596],[-122.81584712218844,45.613209456732875],[-122.81584349133982,45.611379089944975],[-122.81584345930155,45.611371402318689],[-122.81584015660899,45.60970228537284],[-122.81600884224321,45.606127923977063],[-122.81604720240715,45.603765982439825],[-122.82629763588378,45.603801851072909],[-122.82629777754731,45.603801866255942],[-122.82629572225595,45.603915565067375],[-122.82628705114837,45.604397137896363],[-122.8262870393219,45.604397480154795],[-122.82628597550145,45.60447533138035],[-122.82628589863785,45.604480319246456],[-122.82628471843313,45.604566562250035],[-122.82628465023197,45.604571478838743],[-122.82628214893285,45.604754608152184],[-122.82627961892129,45.604869540424062],[-122.82627961736547,45.604869819473812],[-122.82627746466603,45.604967991404351],[-122.82627739020124,45.604971800141897],[-122.82627739118729,45.604972142145307],[-122.82626674011924,45.60563271123565],[-122.826266357028,45.605655871105178],[-122.8262585689405,45.606138046902977],[-122.82625807242563,45.606168465304833],[-122.82742989554954,45.606173224883413],[-122.82743098574515,45.606173230187906],[-122.8275939801713,45.606173894185368],[-122.82797221646152,45.606175478416141],[-122.82821098182161,45.606176471992583],[-122.82898093890417,45.606179462099554],[-122.82899288057914,45.606179508694005],[-122.82900566860295,45.606179555532741],[-122.82951049512805,45.606181633294739],[-122.82977486353413,45.606182717605307],[-122.83045270914367,45.606185338712351],[-122.83055580075616,45.606185745017676],[-122.83055680122493,45.606185751181151],[-122.83133677828235,45.606188810517523],[-122.83133730397903,45.60618880903808],[-122.83147947886094,45.606189348935686],[-122.8318129454467,45.606190703533997],[-122.83250969166849,45.606193505589879],[-122.83265585647399,45.606194089584967],[-122.83287720140068,45.60619497649202],[-122.83287719653198,45.606195489624461],[-122.8328716854618,45.607152997016676],[-122.83287167956775,45.607153168145906],[-122.83286608147533,45.608109480546794],[-122.83286622278706,45.608109486728495],[-122.8331890625217,45.608110377263316],[-122.8336910195767,45.608111774520779],[-122.83376724889285,45.60811195714934],[-122.83396428221468,45.608112462340287],[-122.83427746101766,45.608113266360021],[-122.83439481679946,45.608113622251921],[-122.83471925142615,45.608114592836728],[-122.83472121927164,45.608209729654696],[-122.83472122158918,45.608210071631831],[-122.83473103743039,45.608827729061979],[-122.83473306726344,45.608914996268801],[-122.83473357980682,45.608936788216631],[-122.8347335859457,45.608937256125841],[-122.83473359287063,45.608937426999205],[-122.8347437353582,45.609515641483377],[-122.83474374769334,45.609516262279051],[-122.83474375024466,45.60951632523237],[-122.8365397520294,45.609536359594152],[-122.83653858154162,45.609463487009712],[-122.83652569867188,45.60865490044673],[-122.83652557449879,45.608647538621867],[-122.83651092564416,45.607765613882371],[-122.83651091871411,45.607765443008994],[-122.8365064552199,45.607467663751294],[-122.83649974546206,45.607067731711354],[-122.83649737266911,45.606944500234064],[-122.83649736464498,45.606944302380569],[-122.8364946051062,45.606800815508144],[-122.83649460478895,45.606800491491875],[-122.83649459785906,45.606800320618412],[-122.83649319295864,45.606704938429672],[-122.83648587664251,45.606209383929603],[-122.83648923642383,45.606033897195758],[-122.83648930770946,45.606029710477671],[-122.83649577755247,45.605691299626571],[-122.83649578343552,45.605691128497],[-122.8365014034987,45.605333030363511],[-122.83650173508755,45.605313381651037],[-122.8365017417,45.605313228508095],[-122.83650201121509,45.605298594389744],[-122.83651233599346,45.604764946427686],[-122.83652100587733,45.60421636059133],[-122.83652316319966,45.604079525728892],[-122.83652319486038,45.604078093094088],[-122.83652967011463,45.603667955599157],[-122.83652967599738,45.603667784469387],[-122.83653591167578,45.603345491670019],[-122.83654029410243,45.603119502266608],[-122.8365402999851,45.603119331136753],[-122.83654367489909,45.6028974931316],[-122.83654370052543,45.60289625953066],[-122.83654662160832,45.602704209213947],[-122.83654662749099,45.602704038084035],[-122.83654935061421,45.602570945062347],[-122.836552804657,45.602372212775578],[-122.8365595755438,45.602022462436416],[-122.83656671874152,45.601570344627817],[-122.83656675654348,45.601568462735365],[-122.83657258025154,45.601199755065949],[-122.83658451175359,45.600540839374965],[-122.83658451763586,45.600540668244882],[-122.83658582294188,45.600469653943705],[-122.83658752608088,45.600377179511447],[-122.83658753196315,45.600377008381301],[-122.83660247769396,45.599554440520095],[-122.83660248357616,45.599554269389891],[-122.83660250915285,45.599553350810766],[-122.83660992240227,45.599081980801465],[-122.83661096925584,45.599032386895431],[-122.83662393701476,45.598510340863285],[-122.83662394877872,45.598509998602644],[-122.83662420317427,45.598497174761405],[-122.83664918968935,45.597273254098234],[-122.83668708106637,45.595442733436229],[-122.8366870869478,45.595442562305635],[-122.83668709356866,45.595442093237438],[-122.83676433584878,45.591816648655922],[-122.83676364375624,45.591816653488237],[-122.83670331687246,45.59181696096838],[-122.83538233571241,45.591825276733161],[-122.83494126414554,45.591828045205162],[-122.83388941926509,45.591834652689307],[-122.83341443016803,45.591837627141032],[-122.83166132074176,45.591848533840576],[-122.83144013670402,45.591849910690115],[-122.83004506201266,45.591858595978302],[-122.8297816285326,45.591860240156926],[-122.82857251126606,45.591867778961415],[-122.82806486090396,45.591870950154266],[-122.82755733825738,45.591874108499042],[-122.82653952805154,45.591880527602576],[-122.82575189963133,45.591877072079164],[-122.82502291350627,45.591873812266854],[-122.82492910760187,45.591873467155843],[-122.82465158106199,45.591872215390943],[-122.82454840938317,45.591871725874462],[-122.82454799910543,45.591871725031233],[-122.82420405701974,45.591870798129065],[-122.82355716346775,45.591868040236719],[-122.82318778069964,45.59186646207079],[-122.82223014134395,45.591862472714965],[-122.82137998935136,45.591858881335142],[-122.82052007034304,45.591855328224092],[-122.82051960882606,45.59185532838373],[-122.8200861953022,45.591853429885674],[-122.82004905890497,45.591853323470666],[-122.81975046813172,45.591852098251138],[-122.81949792700695,45.591851060359346],[-122.81916817099615,45.591849651792202],[-122.81879631402823,45.591848055735895],[-122.81855593100983,45.591847067193946],[-122.81855335472902,45.59127760197655],[-122.81855213299809,45.591008157393858],[-122.81855033609426,45.590611106552721],[-122.81854784853756,45.590611093780844],[-122.81737968649107,45.590606068189572],[-122.816678279309,45.590602975074766],[-122.81619927372057,45.590600863211407],[-122.81619362596655,45.589410363223578],[-122.81619122084328,45.589033497524383],[-122.81619000571527,45.588843332265725],[-122.81618938293732,45.588686533300709],[-122.81618737979622,45.588257979472807],[-122.81618731071035,45.588225511849771],[-122.81559803552287,45.5882229804742],[-122.81559674039751,45.588222971024585],[-122.81552182806598,45.588222642081881],[-122.81552158436841,45.588222638808155],[-122.81550495236235,45.588222567702736],[-122.81515886434283,45.588220973083459],[-122.81485557593201,45.588219758562893],[-122.81485542222316,45.588219761606467],[-122.81418957941546,45.588216882390341],[-122.81418902830019,45.588216885199266],[-122.813523520771,45.588213698533373],[-122.81337410571152,45.58821337276413],[-122.81317426887844,45.588212476577297],[-122.81285818907701,45.588211054542583],[-122.8121915734506,45.588207748111884],[-122.81215174449409,45.588207567380479],[-122.81213297253191,45.588207485015538],[-122.81258767089436,45.588943972789977],[-122.81259438291053,45.588954828908534],[-122.81240080351267,45.589032309414982],[-122.81157646152245,45.589362265279163],[-122.8115077620739,45.589389534671049],[-122.81144762886547,45.589413391723113],[-122.81123500284478,45.589498634520801],[-122.81100793496023,45.589589407069816],[-122.81087663390856,45.58964230077413],[-122.8107931190542,45.589675377266794],[-122.81075182162479,45.589691734935627],[-122.81075164481719,45.589691801434753],[-122.8107402272594,45.589691310655532],[-122.81072717729755,45.589690744132234],[-122.81070465248305,45.589689540419414],[-122.81068505758334,45.589688160884791],[-122.81067322831196,45.589687345212816],[-122.81066089694946,45.589686476458809],[-122.81064580656734,45.589684898079881],[-122.81064191744278,45.589684490711903],[-122.81063800394423,45.589684082925494],[-122.81061757824573,45.589681837737288],[-122.81061738502275,45.589681814554318],[-122.81059283041024,45.589678616793179],[-122.81056089751205,45.589674028440719],[-122.81052599864049,45.589668364617111],[-122.81052491403203,45.589668170937379],[-122.8105082556899,45.589664958411078],[-122.81047870175247,45.589658954023342],[-122.81044518454051,45.589651651755887],[-122.81044456355932,45.589651511017358],[-122.81041360983397,45.589643878159606],[-122.810413324782,45.589643802787201],[-122.81038988719295,45.589637161766348],[-122.81036222402166,45.589629426963754],[-122.81033252871133,45.589619959187786],[-122.81031470918299,45.589614322308044],[-122.81029289873926,45.589606442127526],[-122.81027816766948,45.58960141835761],[-122.81027506155293,45.589600364559573],[-122.81025521348998,45.589592796617801],[-122.810251404482,45.589591189668901],[-122.81023036175037,45.589582313236626],[-122.81021048269463,45.589573971845041],[-122.81018262463267,45.589561757634357],[-122.81016719899304,45.589555108559686],[-122.81015179973285,45.589548477863119],[-122.81014584007704,45.589545699222242],[-122.81012890301965,45.58953780281815],[-122.81010801423065,45.589528608300078],[-122.81007717006736,45.589515166878776],[-122.81004533781737,45.589501060925102],[-122.81002144957431,45.589490306444539],[-122.80998978132592,45.589476773276303],[-122.80997870416621,45.589472044498052],[-122.80996827792393,45.589467275855604],[-122.80995679397336,45.589462024975482],[-122.80993291749782,45.589451531263215],[-122.80992708644845,45.589449082193937],[-122.80992631667328,45.589448747278659],[-122.80991303816974,45.589443180826912],[-122.80988496987716,45.589430835691132],[-122.80988255312025,45.589429741260581],[-122.80988273729436,45.589429538707591],[-122.80993048785439,45.589373003703471],[-122.80999785670106,45.589293235619074],[-122.81000158719466,45.589288822700254],[-122.81000487582105,45.589284867644068],[-122.81001629182045,45.589271153716616],[-122.8100454892552,45.589234433829702],[-122.81007333216952,45.589197183559335],[-122.81009685143583,45.589163620771814],[-122.81009960153396,45.589159695255049],[-122.81010260112386,45.589155277873601],[-122.81027525648496,45.588900516886774],[-122.81027801356313,45.588896446316426],[-122.81028067308061,45.58889218055991],[-122.81028393408658,45.588886929947556],[-122.81029318868094,45.588869892460004],[-122.81030098035963,45.588852497753756],[-122.81030724720483,45.588834800156519],[-122.81031199121776,45.588816881534875],[-122.81031520263814,45.588798786185066],[-122.81031685912974,45.588780596454427],[-122.81031693687831,45.588762357816918],[-122.81031546507303,45.588744158802122],[-122.81031243178842,45.588726053649474],[-122.81030406913197,45.588695435814458],[-122.8101739343012,45.588260751703757],[-122.81017308697905,45.588257906242667],[-122.81017152456293,45.588252571833337],[-122.81016864888424,45.588242745951767],[-122.81015768023656,45.588201638942337],[-122.81014825373322,45.588160339445686],[-122.81014037205802,45.588118882511573],[-122.81013403756995,45.588077295095637],[-122.81012927443965,45.588035604622348],[-122.81012606101332,45.587993846622183],[-122.81012439548294,45.587952040032434],[-122.81012430707034,45.58791021037748],[-122.81012426022077,45.587865931724352],[-122.81012264867071,45.587821665988258],[-122.81011947610318,45.587777440998508],[-122.81011474140183,45.587733292779589],[-122.81010844617568,45.587689229400254],[-122.81010660626995,45.587678059051996],[-122.81009837045744,45.587634160927145],[-122.81009213462285,45.587605714294924],[-122.81009143832966,45.587602478820195],[-122.81009028687627,45.587597514314616],[-122.81003578610886,45.587362726578917],[-122.81003451184583,45.587357224460106],[-122.81003400406394,45.587354534299251],[-122.81003294558674,45.587349010815188],[-122.81002852585503,45.587332419046987],[-122.81002259147547,45.587316065122842],[-122.81001514273535,45.587300020142081],[-122.81000623471154,45.587284346920697],[-122.80999589554621,45.587269107906891],[-122.80998416779551,45.587254373364502],[-122.80997109020871,45.587240214532663],[-122.80995674367951,45.58722666671521],[-122.80994116859814,45.587213810119522],[-122.80992444394479,45.587201696288268],[-122.8099066237139,45.58719036105682],[-122.80988779877359,45.587179864733692],[-122.80986804781506,45.587170251666933],[-122.80984744909692,45.587161555412244],[-122.8098260825907,45.5871538202925],[-122.80980405177583,45.587147069464478],[-122.80978143413402,45.587141349100335],[-122.80975834519624,45.587136663217585],[-122.8097348646091,45.587133048045025],[-122.80971109352525,45.587130500683784],[-122.80968714958539,45.587129045811423],[-122.80966312284646,45.587128691549232],[-122.8096391016162,45.587129434352349],[-122.80961520088454,45.587131264748429],[-122.80959153753504,45.587134188528964],[-122.80956817452957,45.587138177448104],[-122.80954523863846,45.587143228101553],[-122.8095228197943,45.587149313511077],[-122.80950100654093,45.587156404025599],[-122.80947989934661,45.587164479659407],[-122.80945957358614,45.587173502021116],[-122.80944014405367,45.587183424740189],[-122.80942639426837,45.587191451324777],[-122.80942166090313,45.587194219824333],[-122.80941648031366,45.587197664106519],[-122.8091144555838,45.586818018110534],[-122.80891266686892,45.586564671593216],[-122.80815079380238,45.58560765190564],[-122.80815006387448,45.585607990341202],[-122.80700670689305,45.586139131463831],[-122.80622069574056,45.586504665486899],[-122.80601857551434,45.586598492574659],[-122.80601844958593,45.586598549062529],[-122.80599385034616,45.586575934159917],[-122.80587952095698,45.586471663158278],[-122.80590059813161,45.585189945437648],[-122.80590006740964,45.585190136819399],[-122.80509111536375,45.585474314637572],[-122.80490691778661,45.585539046537264],[-122.80487104578033,45.585551666163305],[-122.80459578501321,45.585300270495331],[-122.80441549446989,45.585136188576151],[-122.80368506372929,45.584469861989461],[-122.80366548864224,45.584451899035244],[-122.80362620434693,45.584415823649223],[-122.80299521029431,45.583840094084422],[-122.80285350748196,45.583711163046438],[-122.8031328495268,45.583509394296307],[-122.80346606603968,45.583268702884716],[-122.80286171484636,45.582717337879899],[-122.8025753077538,45.582924045344569],[-122.80257508367787,45.582924211770063],[-122.80256955510694,45.582919074192134],[-122.80227098868599,45.582641530758622],[-122.80170538896718,45.58211652465635],[-122.80138199479039,45.582337742030653],[-122.80136264933434,45.582350983024291],[-122.80132344703252,45.582315283289866],[-122.8012601548117,45.582257398664694],[-122.80100693260518,45.582025808672675],[-122.80100670625632,45.582025597112732],[-122.80093088375988,45.581956179816522],[-122.80089373701045,45.58192215770265],[-122.80086286262805,45.581893897639858],[-122.80063518846754,45.581687171408106],[-122.80060323195558,45.58165815852],[-122.8004857480442,45.581550822089042],[-122.80047264935588,45.581538868693755],[-122.79996212957391,45.581072505865279],[-122.7998570829977,45.580977198281687],[-122.7998383968536,45.580960252281663],[-122.79983851248015,45.580960259007384],[-122.80053778015302,45.580959472333141],[-122.80056496613591,45.580959405315802],[-122.80063455470339,45.580959228290894],[-122.80063545194793,45.580959228632757],[-122.80063529176175,45.580923359681059],[-122.80063241335615,45.580290493857447],[-122.80062830566594,45.57938652778801],[-122.80062746164531,45.579221901589797],[-122.80062501942098,45.578438624524338],[-122.8006242496033,45.57843860457379],[-122.80061576376006,45.578438612285623],[-122.79942040639622,45.578443117287982],[-122.79941586217807,45.578429993710223],[-122.79935978465444,45.578407007497688],[-122.79883730681887,45.578192452400188],[-122.79870491377034,45.5781386121064],[-122.79863091065741,45.578108512931692],[-122.7986307412986,45.578108444256955],[-122.79825185223983,45.578198940261139],[-122.79825150932172,45.578199019009048],[-122.79806577747718,45.578243544597619],[-122.79750391492469,45.578647975339933],[-122.79750346303204,45.578647571092148],[-122.79696642681121,45.578159185233801],[-122.7969337145509,45.578130087202197],[-122.79691778350312,45.578115912807597],[-122.79674837437038,45.577887977070894],[-122.79670380649817,45.577752526143513],[-122.79669790009261,45.577734244855037],[-122.79664127178178,45.57755896804278],[-122.79670716925638,45.577304711468251],[-122.79663278609077,45.577304747334061],[-122.79654893009084,45.57730478386317],[-122.79551339689408,45.577304688714179],[-122.79551323040651,45.577304691983869],[-122.79551205114849,45.577304689041775],[-122.79458557602861,45.577302984740044],[-122.79432182955935,45.577302413428733],[-122.79366149531533,45.57730118110775],[-122.79346612839142,45.577300792513704],[-122.79277257323442,45.577299362760797],[-122.79263905657501,45.577041188830123],[-122.79259094530775,45.576768980787342],[-122.79257207133861,45.576495154245997],[-122.79254958446292,45.576084042248837],[-122.79411639970591,45.576087249228095],[-122.79419650529243,45.576087379830604],[-122.79417955245688,45.575233728937107],[-122.79424502397057,45.57448578997468],[-122.79447058316354,45.574074013455565],[-122.7947037016029,45.573848837486487],[-122.79474563387723,45.573678227301812],[-122.79473945809687,45.573525563018393],[-122.79468518075993,45.57339099842477],[-122.79359665121625,45.572750785026003],[-122.79330105049351,45.572638009887442],[-122.79303491458064,45.572626348242586],[-122.79269726054267,45.572633079546073],[-122.79223859275,45.572642222971048],[-122.79182803313199,45.572633427966259],[-122.79148843119833,45.572640194871823],[-122.7911239269291,45.572562570862345],[-122.79103455207138,45.572767899074542],[-122.7909264471915,45.573041680753349],[-122.79083158990325,45.573111308768162],[-122.79054957674232,45.573286699299096],[-122.7901974979262,45.573565167729079],[-122.78989420505846,45.57384283577359],[-122.78957022929751,45.574188651530633],[-122.78935905824449,45.574328673653923],[-122.78895336533289,45.574489365092077],[-122.78878756618634,45.574543596195298],[-122.78852210701824,45.574548878908232],[-122.78799258380505,45.574593369256981],[-122.78760815918537,45.574651948443254],[-122.78743972713336,45.574689253010561],[-122.78703735347365,45.574883825778564],[-122.78682547642718,45.5750068799018],[-122.78648772830995,45.575641565838204],[-122.78637627435496,45.575881282827964],[-122.78640369806992,45.575931670173155],[-122.78648890554817,45.576252364693246],[-122.78651575049099,45.576336717322349],[-122.7863085651362,45.577206307852769],[-122.78624510421847,45.577285857336705],[-122.78623976026822,45.577292562025043],[-122.78618674950565,45.57728572154992],[-122.78539940960762,45.577284050066481],[-122.78514934183566,45.577283536233679],[-122.78505135860853,45.573687424834958],[-122.78495143664173,45.570091519497296],[-122.78491694686323,45.567828794920565],[-122.78489520843773,45.566513258817963],[-122.78489520166555,45.566513087937409],[-122.78488139890764,45.565637076517213],[-122.78487401520296,45.565211259804045],[-122.78486659597654,45.564735880483873],[-122.78483898058212,45.562934823417329],[-122.78270864408861,45.562896201004463],[-122.782706964326,45.562896170813318],[-122.78263829365837,45.562895022664478],[-122.78256597755258,45.562893712565753],[-122.78256409261226,45.562893678279778],[-122.77966168560785,45.562841067178013],[-122.77966169236409,45.562841238059178],[-122.77970001880446,45.565159788660658],[-122.77972039704753,45.566392183021492],[-122.77454560819035,45.566270865510596],[-122.77450816344913,45.564114169476483],[-122.77448442685412,45.562747247744383],[-122.77314735571713,45.561778132695999],[-122.77314080925849,45.561773382583013],[-122.77305836318403,45.561714304781205],[-122.76371269613485,45.554940079763242],[-122.76374663485566,45.551972936168504],[-122.76374668948456,45.551967245772602],[-122.76375203686148,45.551472090528854],[-122.76377279894837,45.54964315835565],[-122.76378475280025,45.548572354744657],[-122.76378423858689,45.548559482893253],[-122.76378398656846,45.548553160277855],[-122.76378554037143,45.548441804886778],[-122.76378565818582,45.548433188023921],[-122.7637865370546,45.548369158840224],[-122.76378911787944,45.548185571727743],[-122.76379155383718,45.54800863982944],[-122.76378942699027,45.548008663041941],[-122.76293090527905,45.548018482713999],[-122.76292999609976,45.548018491324633],[-122.7587775233151,45.548056087240077],[-122.75856087156421,45.548058120330182],[-122.75856010322325,45.548058127083998],[-122.75855934799968,45.548058141684798],[-122.7585589255865,45.548058149851379],[-122.75511529418965,45.54808844467896],[-122.7549189882419,45.548090170969886],[-122.75491883463678,45.548090173934739],[-122.7549189953122,45.548085535480411],[-122.7549336856876,45.547689774364684],[-122.75503762142661,45.544888830101257],[-122.75504659444239,45.544637478769758],[-122.75505147711823,45.544500493707631],[-122.7550491209674,45.544500513089417],[-122.75495973716549,45.544501087355272],[-122.75495845353309,45.544500068052237],[-122.75482669145741,45.54439549677133],[-122.75459687196273,45.544213083403271],[-122.75429835905992,45.544210548523594],[-122.75429806431845,45.544210545210767],[-122.75429579245164,45.544311040501434],[-122.75429381024303,45.544398234358646],[-122.75429224109273,45.544506123655026],[-122.75429079403152,45.5445061335787],[-122.75390774714188,45.54450919826953],[-122.75383944082128,45.546232513169528],[-122.7537653466442,45.548101470841466],[-122.7537643350588,45.548101481356326],[-122.75376340027597,45.548101490389527],[-122.75199293102096,45.548112378747852],[-122.7508215570348,45.548115255306975],[-122.74937517041739,45.548127129334787],[-122.74875789326829,45.548132194119894],[-122.74873893913917,45.548132349253628],[-122.7487263074018,45.548132388985998],[-122.74733332001956,45.548136513343856],[-122.74509455310086,45.54815452357888],[-122.74509295106078,45.548154536365189],[-122.74489739651482,45.548155817339889],[-122.74481151316033,45.548156287663602],[-122.74463972954705,45.548157419260242],[-122.7439426799554,45.548161611531818],[-122.74393840256371,45.548161641487653],[-122.743712524502,45.548162998887989],[-122.74371255655218,45.548157335962671],[-122.74371707396216,45.547339625338552],[-122.74372760709184,45.545531826731661],[-122.74372908462475,45.545054294110749],[-122.74372930134903,45.54498202448805],[-122.74372977585996,45.544921748701711],[-122.74373187921604,45.544652205776885],[-122.74373235523353,45.544565429277775],[-122.74373511441067,45.544042872012113],[-122.74373482839232,45.543837954679688],[-122.74373709488435,45.543500265240766],[-122.74374784891504,45.541061360866998],[-122.74374826059433,45.540967762002694],[-122.74374744624862,45.540904054569758],[-122.74374733383534,45.540895073141591],[-122.74374708750805,45.540894996867024],[-122.74371528708242,45.540885094903722],[-122.74349236656873,45.540815677213111],[-122.74322448109902,45.540755571579624],[-122.7432239144521,45.540755492454771],[-122.74320746844026,45.540752626544418],[-122.74303578160736,45.540722905395626],[-122.74300775635189,45.540714855996519],[-122.74290545063583,45.540685507981159],[-122.74282237047028,45.540646081690234],[-122.74278807538759,45.540629791887049],[-122.74275429696529,45.540606793842478],[-122.74247309248553,45.540415098375448],[-122.74229563642788,45.540320982591645],[-122.74169118009513,45.540042972080627],[-122.74124185774517,45.539837035084496],[-122.74095550129979,45.539704406502914],[-122.74076002103288,45.539598810933811],[-122.74060966684765,45.539498321385949],[-122.74057355168685,45.539474181258946],[-122.74054595622276,45.539453331261761],[-122.74036025189194,45.539313022684397],[-122.74019330485136,45.539188353696929],[-122.73986063993323,45.538920807362217],[-122.73951043459758,45.538604389645691],[-122.73948151589272,45.538576256214235],[-122.73946170816819,45.538556982083428],[-122.73945112764144,45.538544315757761],[-122.73938999485844,45.538471089936856],[-122.73938184997654,45.538458808041078],[-122.73932981042464,45.538380355764581],[-122.73926987623435,45.538246903093274],[-122.73926890193411,45.538246912771136],[-122.73816901230245,45.538256400089068],[-122.73751551446811,45.538262039463525],[-122.73751555483106,45.538256575275284],[-122.73751840049634,45.537899171079587],[-122.73751977563147,45.537726437773017],[-122.73808176419655,45.537721562552306],[-122.73918241080524,45.537712042444525],[-122.73919171636749,45.537651154384264],[-122.73921712252032,45.537552918907402],[-122.73925823930938,45.53745711393352],[-122.73931315486676,45.537364640165904],[-122.73935202703049,45.537307424550058],[-122.73942754349176,45.53719624923248],[-122.73943427585579,45.537168851647188],[-122.73943407112165,45.537168856472604],[-122.739432253098,45.537168873328284],[-122.73852996981502,45.53717659351927],[-122.73846050574728,45.53717719934339],[-122.738459750347,45.537177205719786],[-122.73752382023235,45.537185320843328],[-122.73752239898289,45.537185330968484],[-122.73628662324731,45.537196033194313],[-122.73628666299359,45.537190550115781],[-122.7362914093946,45.536624026205267],[-122.73629500252534,45.536182369176586],[-122.73629575560206,45.536090294790398],[-122.73992313221443,45.536058741717312],[-122.73992338851997,45.536058745802663],[-122.74024700804597,45.535703487291705],[-122.74038545272295,45.535551513658518],[-122.74040049122713,45.535534998719243],[-122.74040185942529,45.53552227967846],[-122.74040905177348,45.535455266465213],[-122.74040642789943,45.535455307795672],[-122.73753664919727,45.535480186186895],[-122.73753668955617,45.535474721990006],[-122.7375400175583,45.535021061695019],[-122.73754087509533,45.534759770215452],[-122.73754091614184,45.53474686152267],[-122.73985483346596,45.534726795012368],[-122.73985521770592,45.534726795744284],[-122.73987417307356,45.534717353210986],[-122.73988290261397,45.534713005869172],[-122.74047239731794,45.534419266771998],[-122.74048452009973,45.534413224261449],[-122.7404850340841,45.534412971382515],[-122.74047482560883,45.534401594095407],[-122.7404625750888,45.534387826687343],[-122.74045235788981,45.534376224547827],[-122.74044278963946,45.534364546953874],[-122.74043386181098,45.534352838172659],[-122.74042428343861,45.534340899750703],[-122.74041534424315,45.534328931065524],[-122.7404064166486,45.534316898252079],[-122.74039467944021,45.53429992483732],[-122.74038295177506,45.534282834228975],[-122.74037390954736,45.534267915283216],[-122.74036344914443,45.534250511441229],[-122.74035367981683,45.534233391365625],[-122.74034563313725,45.534220000543506],[-122.74034462026634,45.534218355740428],[-122.74033728386151,45.534205446332521],[-122.7403333176609,45.534195819642839],[-122.74033079872024,45.534189756476444],[-122.74032667225714,45.534181906001031],[-122.7403213058046,45.534171542009574],[-122.74031482822966,45.534155716996601],[-122.74031208763436,45.534148595997237],[-122.74030774281945,45.534137167425641],[-122.74020366000597,45.533861565643711],[-122.74020305888084,45.533861586174432],[-122.74019112577543,45.533861693550513],[-122.74013146251808,45.533862288873507],[-122.73975291474862,45.53386555345277],[-122.73868368934943,45.533877465429953],[-122.73868372851663,45.53387197334623],[-122.73868753198332,45.533281829114934],[-122.73868536262289,45.533280412581746],[-122.73706082589575,45.532223380558101],[-122.73703088087279,45.532203871742603],[-122.7361893606124,45.531655257451959],[-122.73618936733845,45.531655761363119],[-122.73619145676027,45.531773166264074],[-122.73619742836074,45.532107814512315],[-122.73613134791117,45.532107704431915],[-122.73517931545122,45.532106097378971],[-122.73483490247811,45.532105531003538],[-122.73483400602881,45.532105531056096],[-122.73457263130761,45.532105094943795],[-122.73423952934283,45.53210456871782],[-122.73424023365293,45.532183301514536],[-122.73424530113941,45.532747167961311],[-122.73424613460814,45.532889054382068],[-122.73424632467176,45.53292187090377],[-122.7341197384039,45.532922090868617],[-122.73367990157702,45.532922826977781],[-122.73229432754546,45.53292511079173],[-122.73212469674343,45.532925389853126],[-122.73212620163,45.533094925176378],[-122.73212811192613,45.533309956639592],[-122.73213077997752,45.5339191840553],[-122.73213080379061,45.533924665020358],[-122.73209813268343,45.533924742171337],[-122.73144378459017,45.533926349566379],[-122.7307547998808,45.533928238625293],[-122.73066015169603,45.533928356921798],[-122.73058499700907,45.533928447575434],[-122.73006777364417,45.533929735198384],[-122.72979106439466,45.533930405489116],[-122.7293807402115,45.533931406981338],[-122.72938073812604,45.533931353017032],[-122.72938070618466,45.533925953217732],[-122.72937616032563,45.533218302746491],[-122.72937517354846,45.533218285579572],[-122.72937402075482,45.533218280582361],[-122.72654290813695,45.533224736599038],[-122.72568924857623,45.533226671352317],[-122.72568921312902,45.533221171715766],[-122.72568738119314,45.532979765321812],[-122.72568720203242,45.532979768736048],[-122.72510197017712,45.532981838196889],[-122.72510188059675,45.532981839903563],[-122.72510185086406,45.532976520171758],[-122.72510152957189,45.53292094173085],[-122.72509921943212,45.532515632238237],[-122.72509710759934,45.532515664371942],[-122.72478305035966,45.532516802253646],[-122.72478302883695,45.532511329353021],[-122.72478284690925,45.532461913710449],[-122.72476852189259,45.531548360374394],[-122.72476211757827,45.531165967827455],[-122.7247597982398,45.531027053174022],[-122.72594684958393,45.530537294263695],[-122.72600851897097,45.530517061682758],[-122.72607814907269,45.530500625932291],[-122.72621580108871,45.53048392589676],[-122.72621606877692,45.530483893791953],[-122.72635676042464,45.530487856135927],[-122.72649239143425,45.530512332855984],[-122.72649255914436,45.530512364761407],[-122.72661903444246,45.530556165754284],[-122.72673074351167,45.530617624887476],[-122.72681961736789,45.530693758415076],[-122.72688551329644,45.530781300957472],[-122.72690716861024,45.530824998620325],[-122.72690882451482,45.530828351305175],[-122.72693216736489,45.530925818408761],[-122.72698315414073,45.531479225581919],[-122.72699617317991,45.531537817520395],[-122.72699738591892,45.531543257812231],[-122.72701281732287,45.531543220077822],[-122.72706606661873,45.531543106545982],[-122.72706764292033,45.53154310258941],[-122.72704895710942,45.530337807481338],[-122.7270485111613,45.530309137076657],[-122.72865473774891,45.530305444476859],[-122.7295952825563,45.530303321734912],[-122.72959544891194,45.530303318559021],[-122.72975546390863,45.530302950291563],[-122.73038393246114,45.530301556890933],[-122.73141667974372,45.530299133787942],[-122.73141831999398,45.530299128550148],[-122.73175204978878,45.530298319419394],[-122.73218072787466,45.530297357031259],[-122.73254053351674,45.530296551289297],[-122.73265613509184,45.530296258501657],[-122.73278449119559,45.530295925169533],[-122.73287620797649,45.530295691870606],[-122.73320137480786,45.530294990111415],[-122.73369982377879,45.530293917463496],[-122.73370000014491,45.530293842084582],[-122.73382890928099,45.5302509371528],[-122.7340592134836,45.530200848674681],[-122.73433551735924,45.530204018990844],[-122.7343364909415,45.530204027366629],[-122.73461306490832,45.530238436945822],[-122.73502600663438,45.53031597693942],[-122.73506765960693,45.530337859798848],[-122.73506785573672,45.530337964053921],[-122.7351219773084,45.530327468509],[-122.7351337220984,45.53032519696805],[-122.73514402204064,45.530319082769921],[-122.73518330673967,45.530295768808372],[-122.73526580783783,45.530109602160202],[-122.73527110851597,45.530097545051547],[-122.73502449659689,45.530079521884694],[-122.73502389310504,45.530079480329888],[-122.73470535741559,45.53005433984967],[-122.73467786842167,45.530050976638151],[-122.73450529973766,45.530029775918827],[-122.7342317394659,45.529972335017696],[-122.73400681852006,45.529911201650606],[-122.73379065757636,45.529824342770958],[-122.73359361148108,45.52972686790357],[-122.73354382153383,45.529702243720983],[-122.73347742565514,45.529663116522265],[-122.73335200255917,45.529589192654946],[-122.73317477448838,45.529450149028676],[-122.73310880498266,45.529383413676648],[-122.73302841723945,45.529302079394483],[-122.73298778384752,45.529255645777212],[-122.73291805282484,45.529175950103401],[-122.73284129009174,45.529068916842334],[-122.73283341652336,45.529057916391579],[-122.73282452417359,45.529043489044078],[-122.73276248439197,45.52894250714165],[-122.73272585146813,45.528865849045701],[-122.73270719190526,45.528826793443905],[-122.73270009693589,45.528804309383794],[-122.73264921931832,45.528643240336777],[-122.7326006542085,45.528469650252148],[-122.73259028352817,45.528432602636975],[-122.73258336815049,45.528407873954045],[-122.73264288725863,45.528407672164533],[-122.73270046030721,45.528407480548147],[-122.73284941923198,45.52840910505779],[-122.73292063027448,45.528409873076029],[-122.73292110442824,45.528409882011495],[-122.73288715234273,45.528291016910913],[-122.73288523921248,45.528286319110812],[-122.73285072085065,45.528201888080147],[-122.73285043649858,45.528201191460624],[-122.73285026754682,45.528200465632509],[-122.73283633379668,45.528140244493301],[-122.73283562449164,45.528130023334469],[-122.73283180187066,45.528074827489789],[-122.73282978079736,45.528071310846776],[-122.73282213827424,45.528058037792242],[-122.73282033659335,45.528054895884779],[-122.73281922295124,45.528052955019703],[-122.73281807331048,45.528052697977891],[-122.73276386899182,45.52804052756607],[-122.73275031575476,45.528037487025635],[-122.73266990085126,45.528027725839209],[-122.73266938726827,45.528027690654405],[-122.73258972848787,45.528023801429299],[-122.73258940614991,45.528023744586534],[-122.73246390604707,45.528001121769968],[-122.73233812084848,45.527978442164894],[-122.73228698993739,45.527958425361341],[-122.732266750267,45.527950500975116],[-122.73226092589715,45.527946319862984],[-122.73222859847063,45.527923120982607],[-122.73218561942258,45.52787268159247],[-122.73218344715274,45.527867241674443],[-122.73217048960161,45.52783507864973],[-122.73217046880218,45.527834872030716],[-122.73216698821962,45.527795880829061],[-122.73217522409161,45.527757140015623],[-122.7322007675904,45.527711707567974],[-122.73223070428955,45.527629164867427],[-122.73223340857172,45.527628563231957],[-122.73234177537701,45.52760432300861],[-122.73234194033262,45.527604283852469],[-122.73234074119195,45.527601489548523],[-122.73233989455025,45.527599498571355],[-122.73233658139445,45.527591777179026],[-122.73232856510825,45.527574532017042],[-122.73231853666471,45.527554959027619],[-122.73231133921387,45.527542262478633],[-122.73230751272624,45.527535504974452],[-122.73229963043194,45.527520994368878],[-122.73229233252121,45.527509010796074],[-122.73228191873933,45.52749235240266],[-122.73226946965016,45.527473429628074],[-122.73225776012551,45.527457039920137],[-122.73224622426244,45.527440835906631],[-122.73223183554781,45.527422419141232],[-122.73221934251922,45.527406629452813],[-122.73220979298509,45.527395328864991],[-122.7321980495681,45.52738200094484],[-122.73218991951518,45.527371941424704],[-122.73218726779157,45.527368671743815],[-122.73218093019759,45.527361881226923],[-122.73217709343673,45.527357770127388],[-122.73216486491295,45.527344811505372],[-122.73215068337896,45.527331980219145],[-122.73213645834373,45.527317097597759],[-122.73212231807294,45.527304670552091],[-122.73212225200562,45.527304617810529],[-122.73211017885286,45.5272942844244],[-122.73209807462382,45.527284140646209],[-122.73207686839798,45.527265954976841],[-122.73205267002442,45.527246225264605],[-122.73203254511033,45.527230800143663],[-122.73201243296877,45.527215671799055],[-122.73199403000524,45.527202652956255],[-122.73198902865064,45.527199221162086],[-122.73197798691994,45.527191649272929],[-122.73196425498774,45.527181798511833],[-122.73196471521372,45.527181447688257],[-122.73196820895343,45.527178777904815],[-122.73198577532462,45.527165338911878],[-122.73204479465394,45.527120210838696],[-122.7320467414623,45.526631596239866],[-122.73204677398421,45.526624592152686],[-122.73252476589317,45.526627468400527],[-122.73322943593116,45.526631698291631],[-122.73323955581402,45.526631762184309],[-122.73359744962252,45.52663402435568],[-122.73359876929132,45.52663404321838],[-122.73360106686374,45.525402753678669],[-122.73360025973874,45.525402743014489],[-122.7335989016768,45.525402723986623],[-122.73281309696911,45.525396985911009],[-122.73079373753173,45.525382178908359],[-122.73079368878398,45.525382242844692],[-122.73072187972939,45.525472753316777],[-122.73047221186518,45.525787411052555],[-122.73047202865871,45.525787640470085],[-122.73060468524712,45.526088062070308],[-122.7306047143156,45.526088151522281],[-122.73060482606915,45.526088392407274],[-122.73060945893302,45.526305072869967],[-122.73061826585216,45.526335930143411],[-122.73063654484962,45.526399910965061],[-122.73064282587733,45.526421905767009],[-122.73064340512407,45.526423937866909],[-122.73064263524429,45.526433999180533],[-122.73063734894275,45.526503180709263],[-122.7306369603301,45.526508265440278],[-122.73063620225197,45.526508198914108],[-122.73056644884169,45.526502774434206],[-122.73049352663271,45.52650206561129],[-122.73046690296518,45.526501790160637],[-122.73046641742249,45.526501817435893],[-122.73032085754816,45.526510277878586],[-122.72925715059942,45.526609287070265],[-122.7292564077847,45.526609284148833],[-122.72891711273434,45.526607377355376],[-122.72850362391524,45.526605026794989],[-122.72850497634897,45.525645059912911],[-122.72850544338522,45.525507864700145],[-122.7285044404895,45.525233684020627],[-122.72850641141166,45.524587675168434],[-122.72850505888555,45.524462514367272],[-122.72850493462842,45.524450544871023],[-122.72850646399995,45.523047762556047],[-122.72849917223051,45.521967051773515],[-122.72849887949302,45.521511940280796],[-122.72849997861573,45.521192160701744],[-122.72850025826388,45.521109888562556],[-122.72850076770717,45.520963348514698],[-122.73017684854372,45.520968347950337],[-122.73017732260115,45.52096835599756],[-122.73017745667815,45.520872341532346],[-122.73069106051658,45.520871931293428],[-122.73069264932104,45.520871927043494],[-122.73069072281548,45.521518449953398],[-122.73068871141851,45.523056863303147],[-122.7336062649871,45.523069111530944],[-122.73360684110865,45.523069109511674],[-122.73618136695418,45.523078040838598],[-122.73693287859194,45.523080660185698],[-122.73873442077756,45.523086955362601],[-122.74128600776393,45.52309564333337],[-122.74128746809865,45.523095659407822],[-122.74128658584596,45.523221547640027],[-122.74128167184385,45.523838641159408],[-122.74127959536558,45.524181477056722],[-122.74127560012457,45.52462398098141],[-122.74127551624706,45.524770423226364],[-122.74126962379235,45.525511002010632],[-122.74126896744812,45.525593327457315],[-122.74126633692515,45.526021059791255],[-122.7412636654803,45.526281369748034],[-122.74126351857684,45.526295487553284],[-122.74126311683222,45.526359281821129],[-122.74126110066453,45.526679314457283],[-122.74144647041403,45.526680451429506],[-122.74200294000035,45.526683872565584],[-122.7421981596077,45.526685041559631],[-122.74286972181986,45.526689083932716],[-122.74381653920841,45.526694778050349],[-122.74381374715414,45.527254057035826],[-122.74380100702088,45.529808187889351],[-122.74379851458103,45.530288217582324],[-122.74379700092989,45.530397996324268],[-122.74378941711599,45.532379108989126],[-122.74378790211303,45.532488887625185],[-122.7437804224527,45.533830713233456],[-122.74395253381226,45.533832519912103],[-122.74582695836179,45.533852130620097],[-122.74611365365395,45.533854574962255],[-122.74629753946481,45.533856139147829],[-122.74789285226899,45.533869703127387],[-122.7490549162695,45.533879509145223],[-122.74905577509085,45.533879528610207],[-122.74905662076425,45.533879539327607],[-122.74920189022434,45.533880774170619],[-122.74943992454951,45.533882812641323],[-122.7494804765749,45.533883180100979],[-122.74948132116123,45.533883162933968],[-122.74948229550911,45.53388318917149],[-122.74947626886861,45.534083083003871],[-122.74945109737916,45.534918189211716],[-122.74942942426085,45.535652236708302],[-122.74953187240106,45.535652959313509],[-122.7499398832873,45.535655909260221],[-122.74994101088673,45.535655923541562],[-122.74993585927551,45.535772218655673],[-122.7498627287307,45.537423424151925],[-122.74986273083542,45.53742347811572],[-122.74986272119442,45.537423559307939],[-122.75002320287879,45.537424117745076],[-122.75013389041543,45.537424534449244],[-122.75030535172166,45.537425147401628],[-122.75052848045685,45.537425954481741],[-122.75126063326685,45.537428763731668],[-122.75127014359882,45.537428910753292],[-122.75127406500407,45.537428968381469],[-122.75418828107588,45.537473064668909],[-122.75418853738873,45.53747306872296],[-122.75418861417717,45.537473067240988],[-122.75418809606977,45.53748583218561],[-122.75418554803436,45.537548417585342],[-122.75414242473971,45.538626186807683],[-122.75411313083181,45.539357432275835],[-122.75411114459254,45.539408078998214],[-122.75405206786448,45.540916722333954],[-122.75413888955397,45.540916280003813],[-122.75571112822512,45.540908200174115],[-122.75571188507975,45.540979794422817],[-122.75571282018245,45.541068425397029],[-122.75571753000681,45.541511506633078],[-122.75571907593653,45.541697703500859],[-122.75578153609,45.541697342484504],[-122.75579660404223,45.543987780281412],[-122.75579664716355,45.543993369789121],[-122.75608192255204,45.543954915228198],[-122.75802625615964,45.543692827315418],[-122.75983195047155,45.543449392099625],[-122.76001368417216,45.543423432001624],[-122.76001443648025,45.543423344540713],[-122.76020717588898,45.543402883968596],[-122.7602127389401,45.543402297491326],[-122.76021286693368,45.543402295014779],[-122.7603933057576,45.543426516819757],[-122.76054824933355,45.543493089605938],[-122.76057008418988,45.543512842189095],[-122.76062115523295,45.543559051862808],[-122.76066086014593,45.543624460410278],[-122.76068406102938,45.543716776486995],[-122.7607637514589,45.5440511448707],[-122.76076561815555,45.544058769259792],[-122.76081568168937,45.544262979040212],[-122.76081578785552,45.544263400019503],[-122.76084454510358,45.54438069441737],[-122.7608523296677,45.544412434214152],[-122.76087980738362,45.544530087287029],[-122.76089940794628,45.54461402939156],[-122.76092260960947,45.544706345368702],[-122.76096153012161,45.544800925908994],[-122.76101425335422,45.544899177994786],[-122.76107211919255,45.54498405175412],[-122.76108682704141,45.545005619020259],[-122.76126886300055,45.545238243709171],[-122.76143175957476,45.545446409243134],[-122.7616060644044,45.545669148164478],[-122.76176919229665,45.545877596768463],[-122.76216328442027,45.546381176986465],[-122.76217093912182,45.54639096464669],[-122.76226088182342,45.546492083988277],[-122.76237192403104,45.546583868634322],[-122.76247626946454,45.546654521384191],[-122.76257217877777,45.546709569980095],[-122.76267742629251,45.546753965296766],[-122.76281399143795,45.546800156193761],[-122.76295824944076,45.546843612908766],[-122.76310626476274,45.546868199564443],[-122.76311155178144,45.546869058418217],[-122.76311188776066,45.546869132915887],[-122.7638070555239,45.547007223188949],[-122.76380723613798,45.54700725569181],[-122.76380824298643,45.54700745129783],[-122.76380835060999,45.546997628529056],[-122.7638095581535,45.546893967260218],[-122.76380956177506,45.546893733171366],[-122.7646204077499,45.547055024657041],[-122.76462826004907,45.547056292750632],[-122.76464333480089,45.54705874123826],[-122.76464589930031,45.547059131659175],[-122.76466166455553,45.547061548757178],[-122.76467344126942,45.54706290098293],[-122.76468127834966,45.547063781437053],[-122.76468517724389,45.547064226995126],[-122.76471263865693,45.547066629761929],[-122.76472046090535,45.547067132470694],[-122.76473193001671,45.547067860603413],[-122.76473219952628,45.547067873380051],[-122.76473611505963,45.547068057593002],[-122.76474394339844,45.547068389168444],[-122.76475177209055,45.547068729737234],[-122.76476935006981,45.547069094617001],[-122.76477717169868,45.547069255306667],[-122.7647774792555,45.547069258344834],[-122.76480059428648,45.547069019034836],[-122.76482397970452,45.54706816242922],[-122.76483177497745,45.547067684574998],[-122.7648395718835,45.547067215689296],[-122.76484345638416,45.5470669684657],[-122.76485514012795,45.547066018291218],[-122.76486291787609,45.547065387762366],[-122.76487848514529,45.547063839351921],[-122.76488236559248,45.547063456294786],[-122.76489401640282,45.547061993713747],[-122.76490179224878,45.547061021191816],[-122.76491645440727,45.547058932279661],[-122.76491732019069,45.547058797584512],[-122.76492026286238,45.547058379603278],[-122.7649212047756,45.547058226330684],[-122.76492405678658,45.547057783104961],[-122.76492507479431,45.547057610355616],[-122.76492785057793,45.547057150606236],[-122.76493163025373,45.547056517480961],[-122.76493540890513,45.547055858273332],[-122.76493996585793,45.547055120070681],[-122.76494498652654,45.547054120857041],[-122.76494670324439,45.547053799549978],[-122.76495416185966,45.547052284131048],[-122.76496191545156,45.547050744991132],[-122.76498024418379,45.547046774037092],[-122.76498449896138,45.547045843675498],[-122.7649889266185,45.547044748848975],[-122.76498958547994,45.547044564160863],[-122.76499129831194,45.547044143920523],[-122.76499495183539,45.547043234216723],[-122.76499864216139,45.547042315698619],[-122.7650025375099,45.547041366203096],[-122.76500271526378,45.547041325853733],[-122.7650212102926,45.547036370590249],[-122.76502614628612,45.547034878875245],[-122.76503186862062,45.547033154096233],[-122.76503208375057,45.547033086920067],[-122.76504243805282,45.547029957326259],[-122.76504741977944,45.547028292809834],[-122.76504816580433,45.547028044326396],[-122.76504896197007,45.547027767868578],[-122.7650520988941,45.547026751169916],[-122.76505250355366,45.54702661731384],[-122.76505603038584,45.547025449943661],[-122.76506363132913,45.547022959680056],[-122.76506812642872,45.547021331600185],[-122.76506861821666,45.547021133049618],[-122.76506999467622,45.547020628422821],[-122.76507248341943,45.547019742200824],[-122.76507278709067,45.547019646305614],[-122.76507345596124,45.547019390317224],[-122.76507691653964,45.547018134223798],[-122.76508136185085,45.547016543111603],[-122.76508416565217,45.54701552477048],[-122.76508973004182,45.547013398918594],[-122.76509119398258,45.547012838591023],[-122.76510178175864,45.547008804392718],[-122.76510186994673,45.547008766679937],[-122.76510639342142,45.547006850025198],[-122.76511810901664,45.547001883984493],[-122.76545382137698,45.546852420169486],[-122.76546212883164,45.5468487091808],[-122.76546551691214,45.546847238463961],[-122.76547342610237,45.54684382412109],[-122.76548260722279,45.546839853168585],[-122.76549494819008,45.546834829956978],[-122.7654970287288,45.546833987644703],[-122.76550565154119,45.546830478453828],[-122.76551183458807,45.54682812366589],[-122.76552132462565,45.546824516649075],[-122.76552450460503,45.546823292085655],[-122.76552459279254,45.546823254372526],[-122.76553258081464,45.546820216527117],[-122.7655347288856,45.546819462911706],[-122.76553642219436,45.546818872028005],[-122.76553706648487,45.546818642615619],[-122.76555273290727,45.546813130971955],[-122.76555697695633,45.54681163465137],[-122.76556058004394,45.546810419882846],[-122.7655606429845,45.546810391660038],[-122.7655710982872,45.546806900029949],[-122.76557753255852,45.546804712280093],[-122.76558352881631,45.546802820147754],[-122.76558365540401,45.546802781689813],[-122.76558457956504,45.546802502745926],[-122.76559386587448,45.546799546826136],[-122.76559873603068,45.546798010459163],[-122.76560581489734,45.546795927215975],[-122.76561567628191,45.546792969142146],[-122.7656157520225,45.546792940671111],[-122.76561995600525,45.546791696245393],[-122.76562703766149,45.546789684052492],[-122.76563690579202,45.546786897759873],[-122.76564120043442,45.546785678577322],[-122.76564828632884,45.546783774309617],[-122.76565600600075,45.5467817317396],[-122.76566614664821,45.546779002264159],[-122.76567486317899,45.546776868353547],[-122.76567501536678,45.546776829399029],[-122.76568727032492,45.546773823996766],[-122.76568739691255,45.546773785538747],[-122.76569144441939,45.546772797065628],[-122.76571015065588,45.546768656659154],[-122.76572175979204,45.546766167819378],[-122.76572273797871,45.546765959832328],[-122.76573192202149,45.546763987863784],[-122.76574307155238,45.546761831961966],[-122.76575084003953,45.546760347383795],[-122.7657525944024,45.546760006432933],[-122.7657579339733,45.546758973996106],[-122.76576083398349,45.546758448811964],[-122.76577945468917,45.546755066113967],[-122.76577990021865,45.546754994467669],[-122.76578765260835,45.546753752318722],[-122.76580318334027,45.546751276516602],[-122.76580700460191,45.54675072446237],[-122.76580718274302,45.546750694005034],[-122.76581523399342,45.546749527064115],[-122.7658323017923,45.546747048447763],[-122.76585560567445,45.546744185152356],[-122.76585949433559,45.546743685793423],[-122.76589253467306,45.546740162903028],[-122.76589638997827,45.546739825302843],[-122.76590014327151,45.546739499581967],[-122.76590396056507,45.546739172619603],[-122.7659042158599,45.546739149666365],[-122.76590776502324,45.546738845006004],[-122.76591158359673,45.5467385180186],[-122.76591200493921,45.546738482843843],[-122.76591538844346,45.546738200298016],[-122.76591979344495,45.54673783403333],[-122.76592301337494,45.546737626665902],[-122.76592683275302,45.546737352766662],[-122.76592757374402,45.54673730239098],[-122.76593065379981,45.546737088735675],[-122.76593447391987,45.546736833723308],[-122.76593536847639,45.546736779468858],[-122.76593829471128,45.546736595799139],[-122.76593925295015,45.546736532208755],[-122.7659421151846,45.546736349780396],[-122.76594315022395,45.546736284700323],[-122.76594593764462,45.546736121724429],[-122.76594977229608,45.546735910533236],[-122.76595094813617,45.546735842721993],[-122.76595359382938,45.546735691495691],[-122.76595535843755,45.546735611364042],[-122.76595741642274,45.546735499439649],[-122.76595874653513,45.546735445737305],[-122.76596116346032,45.546735307949],[-122.76596125306084,45.546735306211026],[-122.76596507671421,45.546735141136345],[-122.76597656277902,45.546734671720706],[-122.76598018198445,45.546734519611988],[-122.76598039919699,45.546734505497881],[-122.76598408346291,45.546734379129205],[-122.76598422426368,45.546734376398049],[-122.76598805003714,45.546734265285899],[-122.766003395787,45.546733863211934],[-122.76600723542045,45.54673377883244],[-122.76600939895096,45.546733744966268],[-122.76601107611403,45.546733721434443],[-122.76601138366914,45.546733724469377],[-122.76601490397219,45.546733663385218],[-122.76601607041228,45.546733649759965],[-122.76601874629914,45.54673361495599],[-122.76601919465506,45.546733615259761],[-122.76602257525269,45.546733584787546],[-122.76602641697097,45.546733553471228],[-122.76603024755794,45.546733532271581],[-122.76603408966494,45.546733510848291],[-122.76603870066762,45.546733464609339],[-122.76604262240203,45.546733513647013],[-122.76604559587086,45.54673355407656],[-122.76604944134277,45.546733585691769],[-122.76605327276989,45.546733618479387],[-122.76605710455041,45.546733660260749],[-122.76605824548849,45.546733682232613],[-122.76606606322372,45.546733744802786],[-122.76608364592298,45.546734199398834],[-122.76608779017063,45.546734369228794],[-122.76609147387087,45.546734521890201],[-122.76609161537841,45.546734537146691],[-122.76609397550395,45.546734616474836],[-122.76609536105695,45.546734669704207],[-122.76609543785742,45.546734668214427],[-122.76609928831195,45.546734826641604],[-122.76610311223985,45.546734994583936],[-122.76610693616774,45.546735162526176],[-122.76611494331684,45.546735481539798],[-122.76611884564329,45.546735656061458],[-122.76613059560127,45.546736360606729],[-122.76613841714587,45.546736846132276],[-122.7661403438359,45.546736978871138],[-122.76616257424918,45.54673864750179],[-122.76617044334733,45.546739365221605],[-122.76617171656235,45.546739493535142],[-122.7661795597072,45.546740202757022],[-122.76618738969877,45.546740903232873],[-122.76620307227932,45.546742520662072],[-122.76620699499676,45.546742920703501],[-122.76621090933938,45.546743401013707],[-122.76621823478541,45.546744301190543],[-122.76621890427668,45.546744387210957],[-122.76622465998558,45.546745110822229],[-122.76622496895443,45.54674514983212],[-122.76622750466981,45.546745459770207],[-122.76622777488498,45.546745490531109],[-122.76623251302701,45.546746071869009],[-122.76625948551934,45.546749725855975],[-122.7662685507465,45.546751185426608],[-122.76626981469593,45.546751403926116],[-122.76627012401818,45.546751451929737],[-122.76627387729732,45.546752071273431],[-122.76627764135448,45.546752671506376],[-122.76628159908162,45.54675327788285],[-122.76628551982223,45.546753920979647],[-122.76630060679227,45.546756387018128],[-122.76630482790773,45.546757176399282],[-122.76631858852079,45.546759759074043],[-122.76631896255039,45.546759823823677],[-122.76632291185295,45.546760574373828],[-122.76632386644509,45.546760743969855],[-122.76633797478249,45.546763373900838],[-122.76634248492242,45.546764346688839],[-122.7663524214655,45.546766464403767],[-122.76635964506877,45.546768032601392],[-122.76636369122582,45.546768933383476],[-122.76637802663382,45.546772125950163],[-122.76639324973138,45.546775741428924],[-122.76639643231108,45.54677650685155],[-122.76640212740568,45.546777969689742],[-122.76641662517804,45.546781708146113],[-122.76642112958922,45.546782861056784],[-122.7664214140185,45.546782927544434],[-122.76642830708715,45.546784853178842],[-122.76643918849275,45.546787870629501],[-122.76644006911265,45.546788113665542],[-122.76644641751047,45.546789869851565],[-122.76645153840632,45.546791389731197],[-122.76645555751134,45.546792579958307],[-122.76646386802271,45.546795044236347],[-122.76647114643423,45.546797322421227],[-122.76647131495591,45.546797373156046],[-122.76647698367107,45.546799142527178],[-122.76648134229472,45.546800497180058],[-122.76648594832618,45.546801954141451],[-122.7665013626475,45.546806816997368],[-122.76650459388041,45.546807842494253],[-122.76650469769491,45.546807876482951],[-122.76650637081964,45.546808402066766],[-122.76651628699288,45.546811924276639],[-122.766530151837,45.546816800089914],[-122.76654040943191,45.546820567693942],[-122.76654698879298,45.546822985447314],[-122.76655253071606,45.54682508130098],[-122.76656384654818,45.546829341412533],[-122.76657349597137,45.546833246823731],[-122.7665836665895,45.546837376140665],[-122.76658417427608,45.546837582307823],[-122.76658715622592,45.546838783652916],[-122.76659321622266,45.546841382494392],[-122.76660652514748,45.546847106152548],[-122.76661095923291,45.546849044383812],[-122.76662639646979,45.546855760928736],[-122.76662783169705,45.546856426137552],[-122.76662942459789,45.546857159392786],[-122.76663832464897,45.546861260253166],[-122.7666522515911,45.546867682972419],[-122.76665522172885,45.546869235573354],[-122.76666121391214,45.546872357769331],[-122.76666719329602,45.546875480213323],[-122.76667020293067,45.546877059949765],[-122.76667268461988,45.546878243997092],[-122.76667340311772,45.546878599085886],[-122.76667431676304,45.546879030494722],[-122.76667478640344,45.546879246400437],[-122.76669010692603,45.546886578151238],[-122.76669308152701,45.546888211671174],[-122.76669908043027,45.5468915047487],[-122.76670508007659,45.546894816712935],[-122.76670806690544,45.54689646799671],[-122.76671106688808,45.546898128025873],[-122.76671705370028,45.546901439338562],[-122.76672305511597,45.546904796271242],[-122.76672903535811,45.546908233720906],[-122.76673329667243,45.546910697342234],[-122.76673502888848,45.546911715916139],[-122.76674103490153,45.546915189768143],[-122.76674402526729,45.546916930989703],[-122.76900680783513,45.548305801291072],[-122.76963221619013,45.548689766546751],[-122.76986952706652,45.548835464436785],[-122.76987252081203,45.548837286520929],[-122.76987553984019,45.54883910001319],[-122.76987563156774,45.548839152235274],[-122.76987857198769,45.548840921351044],[-122.76988156701388,45.548842743410098],[-122.76988484768138,45.548844694930018],[-122.7698875257197,45.548846307130546],[-122.76989351183271,45.548849916221826],[-122.76989952656207,45.54885356886038],[-122.76990253310996,45.548855390695039],[-122.76991362293749,45.548862940146279],[-122.76991625653646,45.548864725123472],[-122.76992761177476,45.548872215412075],[-122.76993612493138,45.548877798763655],[-122.76994181481149,45.548881692630964],[-122.76995257649405,45.548889041437832],[-122.76995269488476,45.548889120143983],[-122.76996375163363,45.548896805244205],[-122.76996925947802,45.548900630641427],[-122.76997379494966,45.548903835880559],[-122.76998593799276,45.548912399044028],[-122.76998852181005,45.548914220989843],[-122.7699932332489,45.548917665828668],[-122.76999382693769,45.548918103429102],[-122.77000192940696,45.548923992679995],[-122.77000698033089,45.548927925961799],[-122.77001160889411,45.548931543424075],[-122.77001469058793,45.548933939842314],[-122.77002006471332,45.548937947849993],[-122.77002810849531,45.54894397325036],[-122.77003355849008,45.548948248904949],[-122.77003768541348,45.548951489082363],[-122.77004088567189,45.548954001105585],[-122.77004508939943,45.548957239790361],[-122.77005514950066,45.548964989251772],[-122.7700592607939,45.548968157726364],[-122.77005934007531,45.548968219190904],[-122.77006453140287,45.548972464767495],[-122.77006911465325,45.548976200117444],[-122.77007478198932,45.548980822575281],[-122.77007951135734,45.548984690096503],[-122.77008529515942,45.548989635216934],[-122.77008809290511,45.548992010148602],[-122.77009671590682,45.548999374398193],[-122.77010473110413,45.549006300421489],[-122.7701088448252,45.549009855878445],[-122.77011266772996,45.549013182967371],[-122.77012069891782,45.549020189685407],[-122.77012099115078,45.549020454028621],[-122.77012832766124,45.549027061111602],[-122.7701347735761,45.54903284753248],[-122.77013481374793,45.549032891755488],[-122.77013519877113,45.549033235302097],[-122.77013768399709,45.549035481294574],[-122.7701421992485,45.549039767007429],[-122.77015138668253,45.549048452392526],[-122.77015449959822,45.549051316238184],[-122.77016558110628,45.549061548944245],[-122.77017465652831,45.54907031751074],[-122.7701838645613,45.549079200509055],[-122.7701929435292,45.549088059012476],[-122.77020215568011,45.549097013935139],[-122.7702041935991,45.549099286619963],[-122.77021640535305,45.549112782622899],[-122.7702177427295,45.549114213851766],[-122.77021851972268,45.549115044821093],[-122.77022821465312,45.549124548405061],[-122.77023474635961,45.549130919100655],[-122.77023883631878,45.549135465094736],[-122.77024292663263,45.549140020082469],[-122.77025109920025,45.549149283226612],[-122.7702551390572,45.549153858095991],[-122.77025928496057,45.549158556014561],[-122.77026332442934,45.549163120990436],[-122.77026540394128,45.549165473872399],[-122.77027908879514,45.54918183047522],[-122.7702807121444,45.549183985204891],[-122.77028777393974,45.549193342838052],[-122.77028794919872,45.54919356445037],[-122.77028800287945,45.549193626412261],[-122.77029007232451,45.549196016392415],[-122.7702941680935,45.549200742286189],[-122.77029825198855,45.549205459409826],[-122.77030765514492,45.549217605870155],[-122.77030923552719,45.54921964532506],[-122.77031873047152,45.549231519978974],[-122.77031882467844,45.549231635157597],[-122.7703260652856,45.549241304338949],[-122.77032965208657,45.549246085126136],[-122.77033292906728,45.549250512805109],[-122.77034055270869,45.549260767689631],[-122.7703422180402,45.549263012509911],[-122.77034493991208,45.549266973937875],[-122.77035127852037,45.549276183608235],[-122.77035391660934,45.549280001752493],[-122.77035397029023,45.549280063714342],[-122.77035667914517,45.549284052397169],[-122.77036276179933,45.549292943014869],[-122.77036571470342,45.549297241079984],[-122.7703677070247,45.549300307612015],[-122.77037024699501,45.54930423657153],[-122.77037368722277,45.549309524246468],[-122.77037717119934,45.549314946981973],[-122.77037961799051,45.549318786844751],[-122.77038166739867,45.549321969276555],[-122.7703839340093,45.549325462512591],[-122.77039137385832,45.549336873058436],[-122.77039652336519,45.549345521688146],[-122.77039840495068,45.549348671378198],[-122.77040179640525,45.549354347031347],[-122.77040183657748,45.549354391254248],[-122.7704053251079,45.549360254936012],[-122.77040716577862,45.549363341515928],[-122.77041230199931,45.549371945399443],[-122.77041386555022,45.549374533324233],[-122.77041644717056,45.549379487555903],[-122.77042180321243,45.549389770302653],[-122.77042433476679,45.549394103557027],[-122.77042898445868,45.54940209584511],[-122.77042920449395,45.549402478600086],[-122.770430703907,45.54940503176816],[-122.77043331396401,45.54941005745259],[-122.77043872687946,45.549420483104804],[-122.77044128145103,45.549425400958633],[-122.77044364848778,45.549430143342555],[-122.77045031639231,45.549443388833417],[-122.77045245434552,45.549448494798234],[-122.77045462558934,45.549453763029113],[-122.77045571577318,45.549456334050852],[-122.77045773629443,45.549460084088309],[-122.77046413802314,45.549471839730792],[-122.77046521660552,45.549474473982954],[-122.77046736867739,45.549479580573106],[-122.77046954027776,45.549484857797481],[-122.77047169199636,45.54948995539371],[-122.77047170692143,45.549490009107963],[-122.77050060328304,45.549557393087539],[-122.77051021110978,45.54957977927824],[-122.77051261201427,45.549585349069034],[-122.77048823871621,45.549590358225643],[-122.77047582361837,45.549592917195795],[-122.77047387931142,45.54959331591175],[-122.77063511515367,45.549970437636226],[-122.7707730001063,45.550292920451341],[-122.77077545970586,45.550298678109861],[-122.77077918181828,45.55058669634591],[-122.77085161631292,45.550749502962361],[-122.77097656371051,45.551030365580836],[-122.77106963588955,45.551209101780579],[-122.77126700723463,45.551310486879331],[-122.77135755939682,45.551353580616151],[-122.77281564466554,45.552047442777976],[-122.7728880245411,45.552083297667899],[-122.77307861332653,45.552177720060115],[-122.7732729706657,45.552204060285291],[-122.77328784161274,45.552204576494567],[-122.77355063189488,45.552213656111611],[-122.77417423702673,45.552231333946835],[-122.77443163045992,45.552271340514871],[-122.77449468150174,45.552297260127062],[-122.77460633834551,45.552343165488189],[-122.77472480851127,45.552388036216961],[-122.77526341743562,45.552592015687374],[-122.77532409583044,45.55261499372741],[-122.7757193162543,45.552877944278009],[-122.77579094385135,45.553057272788948],[-122.77587221300918,45.55347700092031],[-122.77592237698777,45.553656573695996],[-122.77601245121537,45.553760084250172],[-122.77607985362773,45.553834031611025],[-122.77869922008081,45.554534782980461],[-122.77889720884215,45.554651248454995],[-122.77898909996313,45.554799810476958],[-122.77897427828468,45.554965763292714],[-122.77887268039846,45.555644962788492],[-122.77887630650075,45.555735260178423],[-122.7789252710734,45.555884681940285],[-122.77936025373869,45.556553424355968],[-122.77958864600548,45.556940049670544],[-122.77969959235826,45.557028218912244],[-122.78050690344038,45.557388447046655],[-122.7811389058302,45.557661940365819],[-122.78142579585676,45.557851910171294],[-122.7820447975819,45.558336244977376],[-122.78222376661508,45.558513268690739],[-122.78229118254526,45.558587212266623],[-122.78229541303389,45.558692412782648],[-122.78237130061756,45.55897694702648],[-122.78240607548138,45.559307215816538],[-122.78254017688658,45.559485299947724],[-122.78278414252682,45.559675948369723],[-122.78298035724291,45.559747333788273],[-122.78323839786798,45.559802404907437],[-122.78373269152357,45.559807675564137],[-122.78409564910091,45.559800465932064],[-122.78441883525352,45.559824228323862],[-122.78461685332951,45.559940673860332],[-122.78474974205106,45.560088426157279],[-122.78480357676466,45.560358301271016],[-122.78479301841327,45.56062945524954],[-122.78480149855619,45.560840036570134],[-122.78489643180963,45.561063824456681],[-122.78498774902889,45.56119747786245],[-122.78505517292058,45.561271419704532],[-122.78570687775685,45.561499236407194],[-122.78651308179292,45.56182943376924],[-122.78706413642755,45.562224715765417],[-122.78755941105626,45.562786765050078],[-122.78860807840829,45.563849504398576],[-122.78883548103155,45.564161022093423],[-122.78955447153534,45.5656134947087],[-122.78955846183376,45.565621561262191],[-122.78963332116432,45.565711502066726],[-122.78969394424992,45.565784343212428],[-122.78993652949714,45.566045551519558],[-122.78994100332555,45.566050368333123],[-122.79020759357262,45.566316003869467],[-122.7903057820693,45.566435526872603],[-122.79036574633378,45.566508516493442],[-122.79037491838621,45.566567115783805],[-122.79049613190459,45.5673416899877],[-122.79053948404813,45.567618674573929],[-122.79053904839691,45.567696440991242],[-122.79053683285839,45.568085334960344],[-122.79052630136643,45.568356489119097],[-122.79038126998672,45.569021476087627],[-122.79014186117631,45.569477764488191],[-122.78986632429022,45.570055142351791],[-122.78984638633813,45.570127634729594],[-122.78982081386893,45.570220591627525],[-122.78979137222849,45.570327578968964],[-122.78981711903731,45.57040149300137],[-122.78986427693043,45.570536886056033],[-122.79020638693615,45.570547176656959],[-122.79046466460412,45.570554941060578],[-122.79059414105083,45.570579430682422],[-122.79068117904407,45.570595898910732],[-122.79085512434813,45.570711004919829],[-122.79085778409573,45.570712761020133],[-122.7908638002917,45.570715423401005],[-122.79093615103731,45.570747468789868],[-122.7909374295089,45.570748036873312],[-122.79095307666925,45.570754963093862],[-122.79105270258023,45.570799076493699],[-122.79105209287707,45.570783992510094],[-122.79104966449181,45.570723854384831],[-122.79098099851211,45.570619938427022],[-122.79086757893857,45.570471633481716],[-122.79073586141723,45.570353877158411],[-122.79067427083888,45.57024803659877],[-122.79066939516646,45.570239663424807],[-122.79066660053969,45.57023486683444],[-122.7906660681124,45.570232465088203],[-122.79064985887148,45.570158622597475],[-122.79064836656032,45.570151801430008],[-122.7906739601724,45.570093050089781],[-122.79095694628737,45.569444209935085],[-122.79095696975304,45.569444155470983],[-122.7912286010649,45.568831663842737],[-122.79126528490025,45.568748926755546],[-122.79127904012022,45.568717902617408],[-122.79130115858068,45.568668023674178],[-122.79132814028783,45.568607183740951],[-122.79133285280028,45.568596620842634],[-122.79134641840523,45.568563439344487],[-122.79135513713207,45.568540374243888],[-122.79136711228178,45.568505577699248],[-122.79137347816386,45.568485187829822],[-122.79137857596133,45.568467649939883],[-122.79138179308372,45.568455929167449],[-122.79138782050438,45.568432214777069],[-122.79139387787492,45.568405449464606],[-122.79139860524775,45.568381590449981],[-122.79140224610083,45.568360669862386],[-122.79140469501333,45.568344516909391],[-122.79140623131674,45.568333711159227],[-122.79140809947145,45.568318712680743],[-122.79140973642475,45.568303700733971],[-122.79141229023109,45.568273646855758],[-122.79141350222514,45.56825258577539],[-122.79141354898154,45.568226453150487],[-122.79141442777654,45.568198395164337],[-122.79141394868041,45.568177313236745],[-122.79141299488705,45.568156249617175],[-122.79141131828032,45.568132185838067],[-122.79140934086253,45.568111161190053],[-122.79140690375736,45.568090145555026],[-122.79140442988519,45.568072073867107],[-122.79139799624623,45.568027336961499],[-122.79139318026805,45.567993766998711],[-122.79138767226596,45.567955456437808],[-122.79137765401761,45.567885721982016],[-122.79137105635733,45.567839791194643],[-122.79144148745368,45.567839935836076],[-122.79145412469842,45.567839954467587],[-122.79324396128843,45.5678436037403],[-122.79324419212972,45.567843608211177],[-122.79404679003231,45.567845423472633],[-122.79406597988145,45.567836983943998],[-122.79408785791094,45.567826861614776],[-122.79411730109979,45.567814598916762],[-122.79415714332052,45.567798986322174],[-122.79418746387488,45.567787840470629],[-122.79420445984569,45.56778184897464],[-122.79422499005182,45.567774858320739],[-122.79425605977835,45.567764795829028],[-122.79429096464344,45.567754179199198],[-122.79431560710705,45.567747125797482],[-122.79434911318555,45.567738391656306],[-122.79438731844013,45.567728564367997],[-122.79442000270356,45.56772104433437],[-122.79445292664128,45.567714040726422],[-122.79448236274459,45.567708268479691],[-122.7944971444818,45.567705533664999],[-122.79451783312049,45.567701817003808],[-122.79460288356407,45.567686681124627],[-122.79468764563123,45.567671351929413],[-122.79468820541811,45.567671250030529],[-122.79471907280929,45.567665701638624],[-122.79518848032566,45.56758119524541],[-122.79520753458014,45.567577628468605],[-122.79522467576776,45.567574001154057],[-122.79523684104174,45.56757121052383],[-122.79524408861221,45.567569463352633],[-122.79525132122934,45.567567662470402],[-122.79525852448587,45.567565800059505],[-122.79526330483259,45.567564525278001],[-122.79527045417608,45.567562564017351],[-122.79527757576169,45.567560549297248],[-122.79528936649184,45.567557073863384],[-122.79528784352453,45.567457985286133],[-122.79528657854206,45.567376030784544],[-122.79528377927332,45.567195024812229],[-122.79527817169698,45.56683185099731],[-122.79527411508879,45.566569080194398],[-122.79527323951432,45.566512259693276],[-122.79527100237165,45.566399962136593],[-122.79525721131269,45.565765430601921],[-122.79525327518864,45.565584510697811],[-122.7951933161425,45.562878721471918],[-122.79519314759789,45.562871397287175],[-122.79414757150629,45.562877860402445],[-122.79333423589746,45.562882877954081],[-122.79003061755007,45.562903198172464],[-122.79001563962781,45.562903290084307],[-122.7900156120193,45.562894981165108],[-122.79001273786405,45.56213385673874],[-122.79000442739577,45.559942013678985],[-122.79000431459404,45.559910653743962],[-122.79000226723591,45.559348748458525],[-122.79000222151477,45.559333950348282],[-122.79000166581464,45.55917761758807],[-122.78998910206573,45.555718655804448],[-122.78998903904146,45.555701840933942],[-122.78992246501528,45.555701952239886],[-122.78841311044329,45.555703919079811],[-122.78628120176168,45.555706798303824],[-122.78528799851233,45.555708127548137],[-122.78503232120559,45.555708473868151],[-122.78481390256192,45.555708764285875],[-122.78481388650012,45.555703282251287],[-122.78481066614746,45.554937528181277],[-122.78481037722331,45.554857481242578],[-122.78480856978902,45.554412584700621],[-122.78480866482192,45.5543945795553],[-122.78480840627863,45.554372242065796],[-122.78480802985906,45.554283681208332],[-122.78480752936879,45.554159556330667],[-122.78480759891511,45.554105274179186],[-122.784806178417,45.553838966295899],[-122.78480508888416,45.553586928885565],[-122.7848035927768,45.553262092330691],[-122.78480025016543,45.552661325180487],[-122.78480993764383,45.552661348147211],[-122.78489859706731,45.552661557523827],[-122.78506497248392,45.55266194169225],[-122.78841901946056,45.552669761171892],[-122.78857520848662,45.552673330820269],[-122.78850037677628,45.552609314285377],[-122.78839725216228,45.552570040535208],[-122.7881861183462,45.552515254141085],[-122.78736317270223,45.552295008868121],[-122.78724256053088,45.552262733457354],[-122.78709704739313,45.55218897843811],[-122.78704276177849,45.552101570836122],[-122.78703848631433,45.551995506740397],[-122.78706908759007,45.551882752789275],[-122.78711727273794,45.551824192021584],[-122.78715000048123,45.551778855332721],[-122.78703598232791,45.551779504138473],[-122.78536332475745,45.551774527803211],[-122.78479335593228,45.551772822701842],[-122.7847910127994,45.551434590345046],[-122.78478952503293,45.551178383124075],[-122.78478810597409,45.550895583572647],[-122.78478502005241,45.55018533068862],[-122.7847837842271,45.549887656326824],[-122.78374043297745,45.549890853394828],[-122.78373457831908,45.548533020337047],[-122.78477824340946,45.548540790443894],[-122.78477789567333,45.54845324221769],[-122.78478579434079,45.548422842437802],[-122.78478487168108,45.548422834380546],[-122.78477807915144,45.548422789010537],[-122.78477751522271,45.548422782038053],[-122.78471338584454,45.548422301783404],[-122.78468105943078,45.548405009844743],[-122.78309468327397,45.548392969976561],[-122.78309415297339,45.548424036594078],[-122.78309044142432,45.548642908809612],[-122.78308887068253,45.548735712218885],[-122.78299023689395,45.548734890038702],[-122.78260099902512,45.54873163739547],[-122.78260448701639,45.548525939533384],[-122.78270205569665,45.5485267567419],[-122.78270438425808,45.54839003638557],[-122.78259992408573,45.548389256627452],[-122.7825092272449,45.548388573298467],[-122.78177529658215,45.548383204335437],[-122.78112205588859,45.548378849241857],[-122.78056204088038,45.548375954113503],[-122.7796930782945,45.548369388996427],[-122.77942304695608,45.548373240456627],[-122.77878660086816,45.54837328351865],[-122.77842688904362,45.548374643513824],[-122.77842647978657,45.5483746604964],[-122.77842647908523,45.548374318481358],[-122.77843303392963,45.548166139074809],[-122.77844543849562,45.547771462361148],[-122.77849737320624,45.545997187524655],[-122.77837920686657,45.545938254630244],[-122.77689040385499,45.545168250046942],[-122.77715335680779,45.544915546668555],[-122.77741566599281,45.544663466320145],[-122.77748886470708,45.544702667811677],[-122.78023850979734,45.54617527527639],[-122.78055426921095,45.54615522050922],[-122.78076806911557,45.546141643370945],[-122.78086939064328,45.546132027069838],[-122.78078563828566,45.545958477523129],[-122.78078250647589,45.545949087855718],[-122.78057628272173,45.545340435722892],[-122.78008476663148,45.543859351866061],[-122.7795943257149,45.542379551112354],[-122.78004192494154,45.542672098691433],[-122.78013691162852,45.542734189818312],[-122.78042033075262,45.542919459538219],[-122.78188849190487,45.543879171854137],[-122.78218171022918,45.544070823755355],[-122.78221808209115,45.544007466767987],[-122.78226189861225,45.543934915821431],[-122.78244970071465,45.543660267765311],[-122.78247290265226,45.5436239975636],[-122.7824965382861,45.543587034821527],[-122.78255399240183,45.543627131299999],[-122.78263729419463,45.543685285001288],[-122.78269067694109,45.543722545615516],[-122.78275257394942,45.543765758560404],[-122.78283040636337,45.543820087462755],[-122.78303338486968,45.543736155742863],[-122.78331490529096,45.543619742817022],[-122.78337227014839,45.543688177849702],[-122.7836051694599,45.543970601023624],[-122.78369728226924,45.544080528920098],[-122.78371133961282,45.54409719989448],[-122.78371520238025,45.544101812890844],[-122.78392190515792,45.544346948739374],[-122.78392221414747,45.544347311730618],[-122.78392280581529,45.544348020225939],[-122.78404024201399,45.544223514026704],[-122.78404263793296,45.544220973060128],[-122.78403118589166,45.544207310553588],[-122.78360461346124,45.543698577288325],[-122.78349303358792,45.543565505379838],[-122.78337409222067,45.543423650272899],[-122.78318542241371,45.543198635081168],[-122.78311608937904,45.54311227116488],[-122.78301729223716,45.542994365524677],[-122.78285894932236,45.542805402925794],[-122.78281603475105,45.542757330367692],[-122.78270051411232,45.542616315004551],[-122.78253611911624,45.54242011748444],[-122.78243977284848,45.542305142728644],[-122.78272955208706,45.542305382908943],[-122.78310336109395,45.54230638412502],[-122.78336598949879,45.542307081389573],[-122.78352083092186,45.542307489217727],[-122.78454571970968,45.542310222197891],[-122.78477223229557,45.542310824266963],[-122.78477312787764,45.543050359589053],[-122.78477383683553,45.543888658602697],[-122.78477345005473,45.544053768689061],[-122.78477396177921,45.54446267562637],[-122.78477409760613,45.544557066100005],[-122.7847747012966,45.544892821683078],[-122.78477494030371,45.545064868946035],[-122.78477522781925,45.545242279714515],[-122.78477584505976,45.545845343907828],[-122.78477626293289,45.546247482771477],[-122.78477634698017,45.546352982930301],[-122.78477598636158,45.546396846306962],[-122.78477618351627,45.546638523402045],[-122.78477681577517,45.547046914333343],[-122.78477669808663,45.547241905049191],[-122.78477699330308,45.547315128721955],[-122.78477701042411,45.547603222625661],[-122.78477732656707,45.547840206921776],[-122.78477758550322,45.548274322788075],[-122.78478571197381,45.548405209731804],[-122.78478571841364,45.548405695647631],[-122.78478572766464,45.548407513623147],[-122.78478576858413,45.548416145465467],[-122.78478579434079,45.548422842437802]]],[[[-122.81509696961595,45.392481189356971],[-122.81509833290552,45.391620210316525],[-122.81510085790201,45.390019922271854],[-122.81508365752873,45.390012303041154],[-122.81508342307495,45.390012190679045],[-122.81491401099527,45.389937129551456],[-122.8144955756942,45.389795097428411],[-122.81444122857343,45.389776650821815],[-122.81402802671619,45.389676532769116],[-122.81402536657021,45.389676460488047],[-122.81396582038764,45.389661467352497],[-122.81368370882605,45.389590426280265],[-122.81359455168632,45.389567974495577],[-122.81352601578355,45.389558761404537],[-122.8133912459738,45.389540650353752],[-122.81313358751146,45.389506023704499],[-122.81230156135061,45.389437307224746],[-122.81229537807619,45.389437017684422],[-122.81216653073815,45.389431029005749],[-122.81209360849326,45.389427637987914],[-122.81209017772818,45.390803336669002],[-122.81211177094325,45.392437056405022],[-122.81211187199028,45.392437027394706],[-122.81212716530396,45.392432632629344],[-122.81219069237316,45.392414715177068],[-122.81227535617239,45.392389681851583],[-122.81234852041243,45.392369346926387],[-122.81244716863253,45.392353294973383],[-122.81251538298389,45.39235483583974],[-122.81261337190851,45.392370350248193],[-122.81267227516906,45.392382368323624],[-122.81270602100858,45.392398143486751],[-122.81280046575691,45.392422308453547],[-122.81289949278055,45.392440710442607],[-122.81291034499131,45.39244273279207],[-122.81292132720756,45.392444140448568],[-122.81301995497897,45.39245680632208],[-122.81309216710657,45.392460840145368],[-122.81316245350028,45.392465598085487],[-122.81325811897503,45.392471724381537],[-122.81335773648928,45.392479490533432],[-122.81339233760279,45.392481412108786],[-122.81344166463057,45.392484143043809],[-122.81356217595371,45.392479136663603],[-122.81362193746389,45.392475139517472],[-122.81369423527681,45.392470295656452],[-122.81378361598017,45.392465746180044],[-122.81389825012259,45.392459488830255],[-122.8139549020521,45.39246417954174],[-122.81403294812081,45.392468095105372],[-122.81413964154169,45.392458217260454],[-122.81424009048906,45.392438356328135],[-122.81430775304474,45.392426358747684],[-122.81439689004357,45.392415817650104],[-122.81449213091174,45.392411491468266],[-122.81456803493994,45.392410471324425],[-122.81466324250158,45.392405632570664],[-122.81474667717778,45.392398465794635],[-122.81483025580357,45.392394544789099],[-122.814917807033,45.392392777190153],[-122.81498034196262,45.392398545020029],[-122.81502167284599,45.392409197194105],[-122.81507335547266,45.392435250681544],[-122.81509493207899,45.392479790485979],[-122.81509696961412,45.392483997868034],[-122.81509696961595,45.392481189356971]]]]},"properties":{"OBJECTID":1,"OBJECTID_1":212,"unitID":"DLCD","descriptn":"Comp Plan- See DLCD File","instCode":"1","codeRef":"GNIS","unitOwner":"1","cSteward":"DLCD","effDate":20230000,"instName":"Metro","Shape_Leng":1245563.07626,"Shape__Are":11369882038.490601,"Shape__Len":1245563.0762633202,"Shape_Length":1245563.0762633167,"Shape_Area":11371458219.680061}}]}