{"type":"FeatureCollection","features":[{"type":"Feature","properties":{"k":"mask"},"geometry":{"type":"Polygon","coordinates":[[[-123.25,45.22],[-122.26,45.22],[-122.26,45.72],[-123.25,45.72],[-123.25,45.22]],[[-122.9997,45.54376],[-122.9997,45.54404],[-122.9997,45.54405],[-122.99969,45.5441],[-122.99968,45.54444],[-122.99968,45.54455],[-122.99968,45.54456],[-122.99968,45.54456],[-123.00001,45.54457],[-123.00092,45.54458],[-123.00092,45.54458],[-123.00092,45.54458],[-123.00092,45.54458],[-123.00092,45.54449],[-123.00092,45.54418],[-123.00092,45.54378],[-123.00091,45.54312],[-123.00091,45.54311],[-123.00092,45.54311],[-123.00119,45.54311],[-123.00121,45.54311],[-123.00148,45.54312],[-123.00176,45.54312],[-123.00218,45.54313],[-123.00218,45.54313],[-123.00218,45.54305],[-123.00218,45.54305],[-123.00218,45.54305],[-123.00218,45.54304],[-123.0022,45.5429],[-123.00226,45.54281],[-123.00243,45.5427],[-123.00234,45.54267],[-123.00228,45.54265],[-123.00212,45.54258],[-123.00207,45.54256],[-123.00185,45.54246],[-123.00109,45.54245],[-123.00066,45.54244],[-123.00023,45.54244],[-122.99988,45.54245],[-122.99974,45.54244],[-122.99974,45.5426],[-122.99973,45.54277],[-122.99973,45.54294],[-122.99972,45.54309],[-122.9997,45.54376]],[[-122.93273,45.56696],[-122.93273,45.56696],[-122.93412,45.56748],[-122.93509,45.56785],[-122.93602,45.5682],[-122.93838,45.5691],[-122.94071,45.56998],[-122.94103,45.5701],[-122.94132,45.57021],[-122.94152,45.57028],[-122.94497,45.57158],[-122.94531,45.57172],[-122.94567,45.57186],[-122.94644,45.57214],[-122.94676,45.57226],[-122.94709,45.57238],[-122.94751,45.57254],[-122.94841,45.57287],[-122.94905,45.57311],[-122.94983,45.57339],[-122.94983,45.57263],[-122.9506,45.57291],[-122.95238,45.57356],[-122.95305,45.57381],[-122.95526,45.57462],[-122.95584,45.57296],[-122.95617,45.57203],[-122.95632,45.57159],[-122.95635,45.57145],[-122.95647,45.57135],[-122.95657,45.57126],[-122.95663,45.57121],[-122.95671,45.57115],[-122.95676,45.57111],[-122.95681,45.57106],[-122.95686,45.57103],[-122.95694,45.57095],[-122.95699,45.57091],[-122.95698,45.57084],[-122.95691,45.57077],[-122.95683,45.57071],[-122.95675,45.57063],[-122.95666,45.57055],[-122.95657,45.57048],[-122.95655,45.57045],[-122.95654,45.57042],[-122.95649,45.57034],[-122.95647,45.57029],[-122.95643,45.57022],[-122.95638,45.5701],[-122.95632,45.56997],[-122.95627,45.56986],[-122.95626,45.56981],[-122.95624,45.56972],[-122.9562,45.5696],[-122.95625,45.56948],[-122.95691,45.56847],[-122.95715,45.5681],[-122.95742,45.56767],[-122.95748,45.56759],[-122.9576,45.56739],[-122.95768,45.56727],[-122.95805,45.5671],[-122.95855,45.56687],[-122.95878,45.56676],[-122.95902,45.56665],[-122.95921,45.56656],[-122.96026,45.56614],[-122.96086,45.56594],[-122.96117,45.56589],[-122.96137,45.56585],[-122.9616,45.56579],[-122.96182,45.56568],[-122.96208,45.56555],[-122.96233,45.56542],[-122.96256,45.5653],[-122.9627,45.5651],[-122.96286,45.56491],[-122.96299,45.56465],[-122.96312,45.56445],[-122.96324,45.56426],[-122.96344,45.56414],[-122.9637,45.56398],[-122.96389,45.56387],[-122.96428,45.56365],[-122.96458,45.56354],[-122.96505,45.56338],[-122.9654,45.56326],[-122.96578,45.56313],[-122.96608,45.56313],[-122.96649,45.56313],[-122.96676,45.56313],[-122.96716,45.56313],[-122.9676,45.56313],[-122.96802,45.56313],[-122.96834,45.56313],[-122.96868,45.56313],[-122.96877,45.56313],[-122.96902,45.56313],[-122.96928,45.56319],[-122.96948,45.56323],[-122.96975,45.56329],[-122.96996,45.56335],[-122.97016,45.5634],[-122.97034,45.56345],[-122.97056,45.5636],[-122.97076,45.56374],[-122.97095,45.56386],[-122.97107,45.564],[-122.97117,45.56411],[-122.97127,45.56422],[-122.97137,45.56434],[-122.97145,45.56442],[-122.97142,45.56448],[-122.97134,45.56456],[-122.97125,45.56463],[-122.97117,45.56469],[-122.9711,45.56472],[-122.97104,45.56477],[-122.971,45.56482],[-122.97105,45.56491],[-122.97111,45.56486],[-122.97118,45.5648],[-122.97125,45.56475],[-122.97133,45.56468],[-122.97141,45.56462],[-122.97157,45.56449],[-122.97178,45.56431],[-122.97188,45.56422],[-122.97199,45.56413],[-122.97204,45.56408],[-122.97211,45.56399],[-122.97218,45.56393],[-122.97221,45.56386],[-122.97226,45.56376],[-122.97228,45.56371],[-122.97232,45.56364],[-122.97235,45.56359],[-122.97245,45.56347],[-122.97249,45.56343],[-122.97253,45.56337],[-122.97254,45.56326],[-122.97255,45.56316],[-122.97256,45.56301],[-122.97257,45.56289],[-122.97257,45.56278],[-122.97258,45.56267],[-122.97259,45.56255],[-122.9726,45.56242],[-122.97261,45.56226],[-122.97262,45.56212],[-122.97263,45.562],[-122.97263,45.5619],[-122.97264,45.56179],[-122.97265,45.56167],[-122.9728,45.55945],[-122.97293,45.55735],[-122.973,45.55626],[-122.97318,45.55359],[-122.97319,45.55338],[-122.97323,45.55289],[-122.97326,45.5525],[-122.97335,45.55118],[-122.97336,45.55104],[-122.97341,45.55039],[-122.97343,45.55002],[-122.97465,45.55002],[-122.97528,45.55002],[-122.97557,45.55001],[-122.97561,45.55001],[-122.97613,45.55001],[-122.97785,45.54999],[-122.97854,45.54998],[-122.97947,45.54997],[-122.97974,45.54997],[-122.97984,45.54997],[-122.98046,45.54996],[-122.98118,45.54995],[-122.98154,45.54995],[-122.98351,45.54993],[-122.9836,45.54993],[-122.98405,45.54993],[-122.9841,45.54993],[-122.98448,45.54992],[-122.98495,45.54992],[-122.98524,45.54992],[-122.98633,45.54991],[-122.98758,45.5499],[-122.98855,45.54989],[-122.98878,45.54989],[-122.98953,45.54988],[-122.99086,45.54987],[-122.99193,45.54986],[-122.99232,45.54985],[-122.99479,45.54983],[-122.99542,45.54982],[-122.9955,45.54982],[-122.99551,45.54934],[-122.99552,45.54901],[-122.99552,45.54899],[-122.99553,45.54856],[-122.99554,45.54802],[-122.99555,45.54745],[-122.99557,45.54701],[-122.99563,45.5445],[-122.99578,45.54451],[-122.99595,45.54451],[-122.99627,45.54452],[-122.99709,45.54453],[-122.99734,45.54453],[-122.99812,45.54454],[-122.99827,45.54454],[-122.99835,45.54455],[-122.99836,45.54442],[-122.99842,45.54299],[-122.9984,45.54241],[-122.99816,45.54241],[-122.99777,45.5424],[-122.99733,45.5424],[-122.99715,45.5424],[-122.99634,45.54238],[-122.9959,45.54238],[-122.99584,45.54238],[-122.99583,45.54263],[-122.99589,45.54263],[-122.99638,45.54264],[-122.99679,45.54264],[-122.99694,45.54265],[-122.99714,45.54265],[-122.99713,45.5429],[-122.99713,45.54302],[-122.99712,45.54307],[-122.99712,45.54333],[-122.99587,45.54332],[-122.99587,45.54343],[-122.99586,45.54347],[-122.99586,45.54351],[-122.99586,45.54354],[-122.99632,45.54354],[-122.99645,45.54355],[-122.99646,45.54355],[-122.99645,45.54361],[-122.99644,45.5439],[-122.99585,45.5439],[-122.99585,45.54392],[-122.99585,45.54394],[-122.99585,45.54413],[-122.99579,45.54413],[-122.99578,45.5444],[-122.99563,45.5444],[-122.99564,45.54408],[-122.99569,45.54262],[-122.99569,45.54259],[-122.9957,45.54237],[-122.99571,45.54215],[-122.99575,45.54099],[-122.99588,45.541],[-122.99594,45.541],[-122.99624,45.541],[-122.99676,45.54101],[-122.99703,45.54101],[-122.9975,45.54102],[-122.99777,45.54102],[-122.99821,45.54103],[-122.99845,45.54103],[-122.99862,45.54104],[-122.99863,45.54054],[-122.99853,45.54054],[-122.99832,45.54054],[-122.99812,45.54054],[-122.998,45.54054],[-122.99789,45.54053],[-122.99777,45.54053],[-122.99765,45.54053],[-122.99754,45.54053],[-122.99742,45.54053],[-122.9973,45.54053],[-122.99718,45.54052],[-122.99707,45.54052],[-122.99695,45.54052],[-122.99683,45.54052],[-122.99672,45.54052],[-122.9966,45.54052],[-122.99648,45.54051],[-122.99636,45.54051],[-122.99625,45.54051],[-122.99613,45.54051],[-122.99595,45.54051],[-122.99591,45.54051],[-122.99577,45.5405],[-122.99577,45.5405],[-122.99579,45.5394],[-122.9958,45.53914],[-122.99579,45.53856],[-122.99579,45.53847],[-122.99574,45.53828],[-122.99567,45.53811],[-122.99556,45.53795],[-122.99536,45.53774],[-122.99507,45.53747],[-122.99503,45.53744],[-122.99337,45.53621],[-122.99303,45.53603],[-122.99301,45.53602],[-122.99299,45.53601],[-122.99265,45.53591],[-122.9926,45.5359],[-122.99191,45.5358],[-122.99188,45.5358],[-122.99122,45.53571],[-122.99116,45.5357],[-122.99101,45.53566],[-122.99071,45.53557],[-122.99066,45.53555],[-122.99055,45.53549],[-122.99026,45.53534],[-122.99024,45.53533],[-122.99017,45.53529],[-122.99006,45.53519],[-122.9899,45.53506],[-122.98984,45.53496],[-122.98974,45.5348],[-122.98969,45.53471],[-122.98968,45.53469],[-122.98963,45.53454],[-122.98962,45.53451],[-122.98975,45.53451],[-122.98996,45.53451],[-122.99052,45.53451],[-122.99087,45.53451],[-122.99103,45.5345],[-122.99117,45.53451],[-122.99145,45.53451],[-122.99168,45.53451],[-122.9919,45.53451],[-122.99216,45.53451],[-122.99256,45.53451],[-122.99285,45.53444],[-122.99288,45.53443],[-122.99299,45.53444],[-122.99313,45.53444],[-122.99314,45.53444],[-122.99471,45.53446],[-122.99523,45.53446],[-122.99523,45.53453],[-122.99573,45.53453],[-122.99574,45.53446],[-122.99579,45.53446],[-122.99597,45.53446],[-122.99615,45.53447],[-122.99621,45.53447],[-122.99639,45.53447],[-122.99657,45.53447],[-122.99677,45.53451],[-122.99714,45.53451],[-122.99714,45.53446],[-122.9978,45.53446],[-122.99796,45.53458],[-122.99896,45.53459],[-123.00053,45.5346],[-123.00201,45.53462],[-123.00214,45.53453],[-123.00227,45.53446],[-123.00236,45.53442],[-123.00248,45.53437],[-123.00252,45.53435],[-123.00255,45.53433],[-123.0026,45.53431],[-123.00262,45.5343],[-123.00271,45.53425],[-123.00283,45.53419],[-123.00291,45.53412],[-123.003,45.53402],[-123.00307,45.53395],[-123.00311,45.53391],[-123.00315,45.53386],[-123.00317,45.53383],[-123.0032,45.53379],[-123.00321,45.53377],[-123.00323,45.53374],[-123.00325,45.53372],[-123.00326,45.53371],[-123.00329,45.53367],[-123.0033,45.53365],[-123.00331,45.53364],[-123.00333,45.53361],[-123.00334,45.5336],[-123.00335,45.53356],[-123.00338,45.53349],[-123.00339,45.53347],[-123.00341,45.53341],[-123.00342,45.53338],[-123.00343,45.53335],[-123.00344,45.5333],[-123.00345,45.53326],[-123.00346,45.53318],[-123.00346,45.53313],[-123.00346,45.5331],[-123.00346,45.53305],[-123.00346,45.53302],[-123.00346,45.533],[-123.00351,45.53295],[-123.00356,45.53291],[-123.00361,45.53286],[-123.00387,45.5328],[-123.00402,45.5328],[-123.00414,45.5328],[-123.00418,45.53281],[-123.00424,45.53281],[-123.00428,45.53281],[-123.00433,45.53281],[-123.00436,45.53281],[-123.0044,45.5328],[-123.00444,45.5328],[-123.00449,45.53279],[-123.00455,45.53278],[-123.00463,45.53277],[-123.00467,45.53276],[-123.00469,45.53275],[-123.00473,45.53274],[-123.00475,45.53273],[-123.00479,45.53272],[-123.00478,45.53267],[-123.00476,45.53256],[-123.00476,45.53254],[-123.00476,45.53252],[-123.00477,45.5325],[-123.00477,45.53248],[-123.00477,45.53245],[-123.00477,45.53243],[-123.00476,45.53241],[-123.00476,45.53239],[-123.00476,45.53237],[-123.00475,45.53234],[-123.00475,45.53233],[-123.00474,45.5323],[-123.00472,45.53225],[-123.00472,45.53223],[-123.00471,45.5322],[-123.00471,45.53218],[-123.0047,45.53215],[-123.00469,45.53209],[-123.00469,45.53206],[-123.00469,45.53204],[-123.00469,45.53203],[-123.00469,45.53201],[-123.00469,45.53199],[-123.00471,45.53196],[-123.0047,45.53193],[-123.00474,45.53188],[-123.00477,45.53184],[-123.00481,45.53179],[-123.00485,45.53174],[-123.00487,45.53172],[-123.00492,45.53167],[-123.00502,45.53154],[-123.00513,45.53146],[-123.00517,45.53143],[-123.00522,45.53125],[-123.00523,45.53121],[-123.00523,45.53113],[-123.00518,45.53107],[-123.00508,45.53102],[-123.00495,45.53096],[-123.00487,45.53093],[-123.0048,45.53091],[-123.00475,45.53089],[-123.00469,45.53087],[-123.0046,45.53081],[-123.00454,45.53077],[-123.00448,45.53073],[-123.00446,45.5307],[-123.0044,45.53062],[-123.00434,45.53056],[-123.0043,45.53051],[-123.00428,45.53049],[-123.00423,45.53042],[-123.00422,45.53039],[-123.00422,45.53031],[-123.00425,45.53026],[-123.0043,45.5302],[-123.00439,45.53016],[-123.00443,45.53014],[-123.00452,45.5301],[-123.0046,45.53007],[-123.0047,45.53005],[-123.0048,45.53004],[-123.00494,45.53002],[-123.00506,45.53],[-123.00514,45.52998],[-123.00521,45.52997],[-123.00526,45.52992],[-123.00537,45.52991],[-123.00546,45.52989],[-123.00561,45.52981],[-123.00571,45.52978],[-123.00581,45.52975],[-123.00594,45.5297],[-123.00606,45.52964],[-123.00614,45.52959],[-123.00619,45.52957],[-123.00626,45.52953],[-123.00635,45.52947],[-123.00645,45.52934],[-123.00645,45.52928],[-123.00648,45.52921],[-123.00649,45.5292],[-123.00653,45.5291],[-123.00656,45.52903],[-123.00658,45.52899],[-123.00661,45.52892],[-123.00665,45.52886],[-123.00668,45.52883],[-123.00672,45.52877],[-123.00674,45.52874],[-123.00677,45.52868],[-123.00678,45.52867],[-123.00681,45.52862],[-123.00683,45.52859],[-123.00685,45.52855],[-123.00688,45.52847],[-123.00691,45.52842],[-123.00691,45.5284],[-123.00695,45.52833],[-123.00694,45.52828],[-123.00694,45.52817],[-123.00693,45.52807],[-123.00688,45.52801],[-123.00684,45.52799],[-123.0068,45.52797],[-123.00675,45.52795],[-123.00671,45.52794],[-123.00667,45.52794],[-123.0066,45.52795],[-123.00651,45.52796],[-123.00643,45.52799],[-123.00638,45.52803],[-123.00636,45.52804],[-123.0063,45.5281],[-123.00627,45.52817],[-123.00624,45.52824],[-123.00622,45.52829],[-123.00621,45.52831],[-123.00617,45.5284],[-123.00614,45.52846],[-123.0061,45.52849],[-123.00604,45.52856],[-123.006,45.5286],[-123.00594,45.52865],[-123.0059,45.52869],[-123.00587,45.52872],[-123.00582,45.52876],[-123.00577,45.52881],[-123.00572,45.52884],[-123.00567,45.52888],[-123.00564,45.5289],[-123.00557,45.52892],[-123.00552,45.52892],[-123.00545,45.52893],[-123.00541,45.5289],[-123.00537,45.52881],[-123.00534,45.52872],[-123.00532,45.52869],[-123.00531,45.52864],[-123.0053,45.52854],[-123.00532,45.52846],[-123.00533,45.52844],[-123.00535,45.52834],[-123.00538,45.52825],[-123.0054,45.5281],[-123.00544,45.52801],[-123.00546,45.52798],[-123.00559,45.52773],[-123.00555,45.52767],[-123.00546,45.52764],[-123.00541,45.52764],[-123.00536,45.52765],[-123.00532,45.52766],[-123.00526,45.5277],[-123.00523,45.52771],[-123.0052,45.52775],[-123.00514,45.52782],[-123.0051,45.52785],[-123.00506,45.52788],[-123.00501,45.52791],[-123.00497,45.5279],[-123.00488,45.52789],[-123.00481,45.52785],[-123.0047,45.5278],[-123.00464,45.52772],[-123.00465,45.5276],[-123.00465,45.52745],[-123.00464,45.52737],[-123.00464,45.5273],[-123.00464,45.52724],[-123.00464,45.5272],[-123.00464,45.52717],[-123.00464,45.52711],[-123.00464,45.52704],[-123.00463,45.52697],[-123.00461,45.52689],[-123.0046,45.52685],[-123.00458,45.52681],[-123.00457,45.52675],[-123.00456,45.52669],[-123.00455,45.52661],[-123.00456,45.52655],[-123.00456,45.52654],[-123.00457,45.52652],[-123.00458,45.52648],[-123.00458,45.52646],[-123.0046,45.52639],[-123.0046,45.52634],[-123.00461,45.5263],[-123.00462,45.52625],[-123.00463,45.5262],[-123.00464,45.52616],[-123.00465,45.52614],[-123.00466,45.52606],[-123.00468,45.52598],[-123.0047,45.52593],[-123.00473,45.52588],[-123.00475,45.52582],[-123.0048,45.52572],[-123.00484,45.52562],[-123.00487,45.52558],[-123.0049,45.52552],[-123.00492,45.52549],[-123.00496,45.52544],[-123.00506,45.52542],[-123.00517,45.52539],[-123.00526,45.52539],[-123.00531,45.52538],[-123.00537,45.52537],[-123.0054,45.52537],[-123.00546,45.52536],[-123.00553,45.52536],[-123.0056,45.52535],[-123.00568,45.52531],[-123.00571,45.5253],[-123.00573,45.52529],[-123.00589,45.52527],[-123.00592,45.52526],[-123.00607,45.5252],[-123.00617,45.52513],[-123.00624,45.52503],[-123.00628,45.52493],[-123.00638,45.52486],[-123.00644,45.52475],[-123.00657,45.52465],[-123.00661,45.52457],[-123.00668,45.52451],[-123.0067,45.52447],[-123.0067,45.52444],[-123.00664,45.52436],[-123.00664,45.5243],[-123.0067,45.52424],[-123.00677,45.52421],[-123.00686,45.52413],[-123.00689,45.52403],[-123.00689,45.52398],[-123.00692,45.52391],[-123.00692,45.52389],[-123.00692,45.52382],[-123.00692,45.52377],[-123.00688,45.5237],[-123.00684,45.52364],[-123.00681,45.52356],[-123.00683,45.5235],[-123.00695,45.52349],[-123.0072,45.52349],[-123.00735,45.52343],[-123.00744,45.52339],[-123.00755,45.52335],[-123.00754,45.52318],[-123.00754,45.52314],[-123.00753,45.52307],[-123.0074,45.52295],[-123.00733,45.52289],[-123.00735,45.52282],[-123.00746,45.52277],[-123.00761,45.5227],[-123.00775,45.52261],[-123.00791,45.52251],[-123.00798,45.52247],[-123.00805,45.5224],[-123.00811,45.52234],[-123.00819,45.52227],[-123.00825,45.52221],[-123.00828,45.52218],[-123.00837,45.52209],[-123.0084,45.52206],[-123.00843,45.52203],[-123.00846,45.522],[-123.00855,45.52192],[-123.00878,45.5219],[-123.0089,45.52203],[-123.00903,45.52205],[-123.0092,45.52207],[-123.00939,45.52217],[-123.00967,45.5223],[-123.00983,45.52245],[-123.00992,45.5225],[-123.01002,45.52256],[-123.01017,45.52264],[-123.01031,45.52274],[-123.01043,45.52281],[-123.01054,45.52283],[-123.01056,45.52283],[-123.01081,45.52285],[-123.01096,45.52285],[-123.01098,45.52285],[-123.01105,45.52283],[-123.01109,45.52282],[-123.01118,45.52278],[-123.01129,45.52274],[-123.01132,45.52272],[-123.01134,45.5227],[-123.01136,45.52269],[-123.01139,45.52268],[-123.01147,45.52265],[-123.0115,45.52263],[-123.01156,45.5226],[-123.01158,45.52258],[-123.01164,45.52253],[-123.01173,45.52245],[-123.01175,45.52243],[-123.01177,45.52242],[-123.01179,45.5224],[-123.01203,45.52249],[-123.01212,45.52252],[-123.01225,45.52258],[-123.01234,45.52261],[-123.01259,45.52269],[-123.0127,45.52272],[-123.01272,45.52273],[-123.01275,45.52273],[-123.01283,45.52275],[-123.01287,45.52276],[-123.0129,45.52277],[-123.01296,45.52279],[-123.013,45.5228],[-123.01308,45.52283],[-123.01317,45.52287],[-123.01321,45.52289],[-123.01323,45.5229],[-123.01326,45.52292],[-123.01333,45.52297],[-123.01334,45.52298],[-123.01338,45.52301],[-123.01341,45.52303],[-123.01343,45.52304],[-123.01346,45.52306],[-123.01348,45.52308],[-123.01349,45.52309],[-123.01351,45.52311],[-123.01352,45.52313],[-123.01352,45.52315],[-123.01353,45.52318],[-123.01353,45.5232],[-123.01353,45.52322],[-123.01353,45.52324],[-123.01353,45.52326],[-123.01353,45.52329],[-123.01353,45.52332],[-123.01353,45.52335],[-123.01353,45.52337],[-123.01353,45.52341],[-123.01352,45.52361],[-123.01357,45.52378],[-123.01359,45.52382],[-123.01366,45.52389],[-123.0138,45.52397],[-123.01398,45.52399],[-123.014,45.524],[-123.01417,45.52401],[-123.01432,45.52402],[-123.01439,45.52403],[-123.01442,45.52403],[-123.01446,45.52403],[-123.01451,45.52403],[-123.01463,45.52403],[-123.0147,45.52403],[-123.01478,45.52404],[-123.01483,45.52404],[-123.01485,45.52404],[-123.01489,45.52403],[-123.01492,45.52403],[-123.01498,45.52403],[-123.01504,45.52402],[-123.01506,45.52402],[-123.01511,45.52402],[-123.01514,45.52401],[-123.01518,45.52401],[-123.01527,45.52399],[-123.01532,45.52398],[-123.01539,45.52397],[-123.01545,45.52396],[-123.0155,45.52395],[-123.01552,45.52395],[-123.01555,45.52394],[-123.01559,45.52393],[-123.01562,45.52392],[-123.01566,45.52391],[-123.0157,45.5239],[-123.01574,45.52389],[-123.0158,45.52389],[-123.01585,45.52388],[-123.01587,45.52388],[-123.01595,45.52387],[-123.01601,45.52387],[-123.01608,45.52386],[-123.01612,45.52386],[-123.0162,45.52385],[-123.01623,45.52385],[-123.01626,45.52385],[-123.01628,45.52385],[-123.01631,45.52385],[-123.01633,45.52384],[-123.01636,45.52384],[-123.01639,45.52385],[-123.01643,45.52385],[-123.01647,45.52385],[-123.01651,45.52385],[-123.01654,45.52386],[-123.0166,45.52388],[-123.01663,45.52389],[-123.01665,45.5239],[-123.01668,45.52392],[-123.01671,45.52394],[-123.01672,45.52396],[-123.01673,45.52398],[-123.01674,45.524],[-123.01674,45.52403],[-123.01674,45.52405],[-123.01674,45.52409],[-123.01672,45.52411],[-123.01671,45.52413],[-123.01669,45.52417],[-123.01667,45.5242],[-123.01664,45.52424],[-123.01662,45.52426],[-123.0166,45.52428],[-123.01658,45.5243],[-123.01653,45.52436],[-123.0165,45.5244],[-123.01647,45.52444],[-123.01642,45.52449],[-123.01636,45.52456],[-123.01631,45.52461],[-123.01628,45.52464],[-123.01625,45.52468],[-123.01621,45.52472],[-123.01618,45.52476],[-123.0161,45.52485],[-123.01606,45.52489],[-123.01599,45.52497],[-123.01596,45.525],[-123.01593,45.52505],[-123.0159,45.52508],[-123.01588,45.52511],[-123.01586,45.52514],[-123.01583,45.5252],[-123.01581,45.52523],[-123.01578,45.52529],[-123.01577,45.52532],[-123.01576,45.52535],[-123.01575,45.52538],[-123.01574,45.52541],[-123.01573,45.52543],[-123.01573,45.52545],[-123.01573,45.52547],[-123.01572,45.5255],[-123.01572,45.52554],[-123.01572,45.52556],[-123.01572,45.52558],[-123.01572,45.5256],[-123.01572,45.52562],[-123.01572,45.52564],[-123.01572,45.52567],[-123.01573,45.52569],[-123.01573,45.52573],[-123.01575,45.52578],[-123.01576,45.52581],[-123.01577,45.52583],[-123.0158,45.52587],[-123.01582,45.5259],[-123.01584,45.52592],[-123.01586,45.52594],[-123.01588,45.52596],[-123.01592,45.52599],[-123.01598,45.52604],[-123.016,45.52606],[-123.01607,45.52611],[-123.01611,45.52614],[-123.01614,45.52617],[-123.0162,45.52622],[-123.01634,45.52632],[-123.01645,45.52639],[-123.01668,45.5265],[-123.01679,45.52658],[-123.0169,45.52664],[-123.01713,45.52683],[-123.01723,45.52692],[-123.01728,45.52698],[-123.0173,45.52701],[-123.01731,45.52703],[-123.01735,45.5271],[-123.01737,45.52716],[-123.01737,45.52722],[-123.01737,45.52725],[-123.01737,45.52728],[-123.01735,45.52734],[-123.01731,45.5274],[-123.01718,45.52754],[-123.01693,45.5278],[-123.01689,45.52784],[-123.01683,45.5279],[-123.01682,45.52792],[-123.0168,45.52794],[-123.01677,45.52799],[-123.01677,45.52804],[-123.01677,45.52809],[-123.01681,45.52823],[-123.01682,45.52826],[-123.01687,45.52839],[-123.01692,45.52853],[-123.01696,45.5286],[-123.01698,45.52863],[-123.017,45.52865],[-123.0172,45.52888],[-123.01723,45.5289],[-123.01724,45.52892],[-123.01727,45.52895],[-123.01728,45.52899],[-123.0173,45.52902],[-123.0173,45.52904],[-123.01732,45.52908],[-123.01733,45.52912],[-123.01733,45.52915],[-123.01733,45.52918],[-123.01732,45.52922],[-123.01732,45.52924],[-123.01731,45.52926],[-123.01728,45.5293],[-123.01727,45.52932],[-123.01725,45.52934],[-123.01722,45.52937],[-123.01718,45.5294],[-123.01711,45.52945],[-123.01703,45.52949],[-123.01696,45.52952],[-123.01689,45.52955],[-123.0165,45.52966],[-123.01635,45.52972],[-123.01633,45.52973],[-123.01624,45.52976],[-123.01621,45.52978],[-123.01618,45.52979],[-123.01616,45.52981],[-123.01613,45.52982],[-123.01608,45.52985],[-123.01603,45.52988],[-123.01599,45.52991],[-123.01596,45.52994],[-123.01593,45.52999],[-123.01591,45.53001],[-123.0159,45.53004],[-123.0159,45.53006],[-123.01589,45.53008],[-123.01588,45.53011],[-123.01588,45.53015],[-123.01587,45.5302],[-123.0159,45.53036],[-123.01592,45.53041],[-123.01594,45.53043],[-123.01597,45.53046],[-123.01601,45.53049],[-123.01604,45.53052],[-123.01608,45.53055],[-123.0161,45.53057],[-123.01613,45.5306],[-123.01618,45.53062],[-123.01621,45.53063],[-123.01623,45.53064],[-123.01629,45.53067],[-123.01636,45.5307],[-123.01639,45.53071],[-123.01643,45.53072],[-123.01646,45.53072],[-123.01648,45.53072],[-123.01651,45.53072],[-123.01654,45.53071],[-123.01657,45.5307],[-123.01659,45.53069],[-123.01661,45.53068],[-123.01663,45.53066],[-123.01665,45.53064],[-123.01666,45.53062],[-123.01667,45.5306],[-123.01677,45.53046],[-123.01699,45.53028],[-123.01716,45.53022],[-123.01726,45.53018],[-123.01732,45.53017],[-123.01735,45.53016],[-123.01738,45.53015],[-123.01741,45.53015],[-123.01746,45.53014],[-123.0175,45.53014],[-123.01755,45.53014],[-123.01758,45.53015],[-123.01765,45.53016],[-123.01768,45.53017],[-123.0177,45.53018],[-123.01773,45.5302],[-123.01775,45.53021],[-123.01777,45.53022],[-123.01779,45.53024],[-123.01781,45.53026],[-123.01783,45.5303],[-123.01783,45.53034],[-123.01783,45.53036],[-123.01785,45.53041],[-123.01786,45.53044],[-123.01786,45.53045],[-123.01787,45.53047],[-123.01789,45.5305],[-123.0179,45.53052],[-123.01793,45.53056],[-123.01795,45.53057],[-123.01797,45.5306],[-123.01799,45.53062],[-123.01802,45.53064],[-123.01804,45.53065],[-123.01807,45.53066],[-123.01811,45.53067],[-123.01815,45.53069],[-123.0182,45.5307],[-123.01824,45.53071],[-123.01827,45.53071],[-123.0183,45.53071],[-123.01834,45.53072],[-123.01837,45.53072],[-123.01841,45.53072],[-123.01846,45.53072],[-123.01849,45.53072],[-123.01851,45.53072],[-123.0186,45.53072],[-123.01864,45.53072],[-123.01869,45.53073],[-123.01874,45.53073],[-123.01878,45.53074],[-123.01885,45.53075],[-123.01889,45.53076],[-123.01893,45.53077],[-123.019,45.53079],[-123.01906,45.53081],[-123.01912,45.53083],[-123.01914,45.53084],[-123.01918,45.53085],[-123.0192,45.53086],[-123.01925,45.53089],[-123.01929,45.53092],[-123.01934,45.53094],[-123.01936,45.53096],[-123.01938,45.53097],[-123.01942,45.531],[-123.01946,45.53103],[-123.01948,45.53104],[-123.0195,45.53107],[-123.01951,45.53108],[-123.01954,45.53112],[-123.01955,45.53115],[-123.01957,45.53118],[-123.01958,45.53122],[-123.01959,45.53125],[-123.01959,45.53128],[-123.01963,45.53141],[-123.01965,45.53148],[-123.01968,45.53157],[-123.0197,45.53162],[-123.01971,45.53167],[-123.01972,45.53171],[-123.01974,45.53176],[-123.01974,45.53178],[-123.01976,45.53181],[-123.01977,45.53184],[-123.01979,45.53187],[-123.01981,45.5319],[-123.01982,45.53192],[-123.01985,45.53196],[-123.01988,45.532],[-123.0199,45.53203],[-123.01992,45.53206],[-123.01996,45.53209],[-123.01999,45.53212],[-123.02001,45.53215],[-123.02003,45.53217],[-123.02005,45.53218],[-123.02008,45.53221],[-123.02009,45.53222],[-123.02012,45.53224],[-123.02019,45.53227],[-123.02024,45.53229],[-123.02031,45.53232],[-123.02042,45.53237],[-123.02058,45.53239],[-123.02065,45.5324],[-123.02094,45.53242],[-123.02097,45.53242],[-123.02101,45.53241],[-123.02104,45.5324],[-123.02106,45.53239],[-123.02109,45.53237],[-123.0211,45.53235],[-123.02111,45.53234],[-123.02111,45.53232],[-123.02111,45.53229],[-123.02107,45.5322],[-123.02104,45.53216],[-123.02099,45.53212],[-123.02098,45.53208],[-123.02098,45.53205],[-123.02097,45.53202],[-123.02098,45.53197],[-123.02099,45.53194],[-123.021,45.53192],[-123.02101,45.53188],[-123.02101,45.53185],[-123.02102,45.53183],[-123.02104,45.53182],[-123.02106,45.5318],[-123.02108,45.53179],[-123.02111,45.53178],[-123.02113,45.53177],[-123.02116,45.53177],[-123.02119,45.53177],[-123.02121,45.53178],[-123.02123,45.53179],[-123.02133,45.53182],[-123.02139,45.53182],[-123.02142,45.53182],[-123.02145,45.53182],[-123.02151,45.53183],[-123.02155,45.53182],[-123.0216,45.53182],[-123.02165,45.53182],[-123.0217,45.53182],[-123.02176,45.53182],[-123.02184,45.53182],[-123.02191,45.53181],[-123.02196,45.53181],[-123.02198,45.53181],[-123.02206,45.53181],[-123.02217,45.53179],[-123.0223,45.53177],[-123.02243,45.53173],[-123.02249,45.5317],[-123.02255,45.53167],[-123.0226,45.53165],[-123.02268,45.53162],[-123.02275,45.53159],[-123.02285,45.53155],[-123.02292,45.53154],[-123.02295,45.53153],[-123.02303,45.53156],[-123.02306,45.53156],[-123.02307,45.53127],[-123.0231,45.5299],[-123.0231,45.52969],[-123.02311,45.52953],[-123.02348,45.52917],[-123.02376,45.52889],[-123.02407,45.52858],[-123.02419,45.52846],[-123.02459,45.52809],[-123.02478,45.52792],[-123.02486,45.52785],[-123.02497,45.52774],[-123.02503,45.52765],[-123.02512,45.52753],[-123.02525,45.52736],[-123.02534,45.52728],[-123.02536,45.52727],[-123.02542,45.52724],[-123.02548,45.52721],[-123.02561,45.52718],[-123.02632,45.52716],[-123.02655,45.52706],[-123.02713,45.52673],[-123.028,45.52654],[-123.02842,45.52647],[-123.02877,45.52648],[-123.02913,45.52649],[-123.02953,45.52643],[-123.02992,45.52635],[-123.03048,45.52634],[-123.03067,45.52641],[-123.03083,45.5265],[-123.03089,45.52654],[-123.03121,45.52661],[-123.03142,45.52659],[-123.03169,45.52655],[-123.03177,45.52655],[-123.03194,45.52655],[-123.03203,45.52654],[-123.03223,45.52654],[-123.03227,45.52654],[-123.03236,45.52655],[-123.0324,45.52655],[-123.0326,45.52657],[-123.03297,45.52661],[-123.03319,45.52662],[-123.03333,45.52663],[-123.03391,45.52664],[-123.03395,45.52664],[-123.03423,45.52666],[-123.03454,45.52674],[-123.03568,45.52699],[-123.03572,45.527],[-123.03593,45.52705],[-123.03655,45.52728],[-123.03657,45.52728],[-123.03661,45.5273],[-123.03675,45.52737],[-123.03685,45.52743],[-123.03692,45.52748],[-123.037,45.52753],[-123.03711,45.52759],[-123.03717,45.52762],[-123.03721,45.52765],[-123.03724,45.52769],[-123.03728,45.52772],[-123.0373,45.52775],[-123.03733,45.5278],[-123.03745,45.5279],[-123.03825,45.52848],[-123.03843,45.52856],[-123.03859,45.52868],[-123.03861,45.5287],[-123.03863,45.52871],[-123.03873,45.52881],[-123.03882,45.52893],[-123.03892,45.52906],[-123.03897,45.52913],[-123.03898,45.52914],[-123.03902,45.52921],[-123.03905,45.52925],[-123.03917,45.52933],[-123.0393,45.52939],[-123.03933,45.52939],[-123.03945,45.5294],[-123.03948,45.5294],[-123.03958,45.52941],[-123.03962,45.52941],[-123.03964,45.52941],[-123.03968,45.52942],[-123.0398,45.5294],[-123.03989,45.52931],[-123.03994,45.52926],[-123.04001,45.52922],[-123.04007,45.52918],[-123.0402,45.52914],[-123.04031,45.5291],[-123.04045,45.52907],[-123.04062,45.52905],[-123.0409,45.52901],[-123.04114,45.52898],[-123.0412,45.52898],[-123.04125,45.52897],[-123.04139,45.52896],[-123.04163,45.52896],[-123.04196,45.52898],[-123.04252,45.52895],[-123.04265,45.52895],[-123.0429,45.52894],[-123.04315,45.52889],[-123.04335,45.52881],[-123.0436,45.52874],[-123.04384,45.52868],[-123.04431,45.52859],[-123.04455,45.52855],[-123.04477,45.52851],[-123.04512,45.52844],[-123.04537,45.52838],[-123.04565,45.52832],[-123.04568,45.52831],[-123.04587,45.52825],[-123.04594,45.52824],[-123.04615,45.52819],[-123.04656,45.52815],[-123.04673,45.5281],[-123.04684,45.52802],[-123.04695,45.52795],[-123.04716,45.52765],[-123.04728,45.52764],[-123.04737,45.52767],[-123.04743,45.52769],[-123.04748,45.5277],[-123.0477,45.52775],[-123.04786,45.52772],[-123.04794,45.52759],[-123.0479,45.52745],[-123.04789,45.52732],[-123.04802,45.52727],[-123.04814,45.52725],[-123.04837,45.52732],[-123.04859,45.52731],[-123.04861,45.5273],[-123.04864,45.52729],[-123.04873,45.52724],[-123.04874,45.52722],[-123.04878,45.52716],[-123.04881,45.52711],[-123.04893,45.52693],[-123.04907,45.52691],[-123.04915,45.52691],[-123.04922,45.52692],[-123.04935,45.52693],[-123.04949,45.52703],[-123.04959,45.52708],[-123.04964,45.52709],[-123.04992,45.52715],[-123.04997,45.52716],[-123.05004,45.52717],[-123.05009,45.52718],[-123.05023,45.52723],[-123.05042,45.52731],[-123.05063,45.52734],[-123.05088,45.52736],[-123.0511,45.52733],[-123.05111,45.52731],[-123.05117,45.52718],[-123.05137,45.52697],[-123.05146,45.52696],[-123.05152,45.52695],[-123.05156,45.52701],[-123.05162,45.52707],[-123.05171,45.52711],[-123.05173,45.52712],[-123.05178,45.52714],[-123.05197,45.52711],[-123.05201,45.52703],[-123.05202,45.527],[-123.05204,45.52695],[-123.05205,45.5269],[-123.05209,45.5267],[-123.0521,45.52663],[-123.05218,45.52648],[-123.05231,45.52643],[-123.05249,45.52647],[-123.05262,45.52649],[-123.05269,45.5265],[-123.05284,45.52646],[-123.05303,45.52645],[-123.05321,45.52644],[-123.05328,45.52654],[-123.05333,45.52662],[-123.05335,45.52667],[-123.05363,45.5268],[-123.05376,45.52676],[-123.05387,45.52671],[-123.05417,45.52661],[-123.05439,45.52657],[-123.05454,45.52665],[-123.05455,45.52674],[-123.0545,45.52685],[-123.05451,45.52691],[-123.05452,45.52696],[-123.05469,45.52699],[-123.05472,45.527],[-123.05473,45.52701],[-123.05474,45.52702],[-123.05481,45.52703],[-123.05492,45.52705],[-123.05494,45.52703],[-123.05501,45.52695],[-123.05507,45.52691],[-123.05517,45.52689],[-123.05522,45.52688],[-123.05532,45.52687],[-123.05538,45.52688],[-123.05538,45.52688],[-123.0555,45.52707],[-123.05553,45.52712],[-123.05556,45.52714],[-123.05561,45.52717],[-123.05568,45.52718],[-123.05577,45.52717],[-123.0558,45.52717],[-123.05606,45.52704],[-123.05614,45.52702],[-123.05645,45.52705],[-123.05655,45.52723],[-123.05667,45.52732],[-123.05667,45.52732],[-123.05672,45.52732],[-123.0568,45.52732],[-123.05714,45.52722],[-123.05726,45.52718],[-123.05729,45.52719],[-123.05737,45.5272],[-123.05747,45.52725],[-123.05749,45.52726],[-123.0575,45.5273],[-123.05749,45.52733],[-123.05746,45.52734],[-123.05734,45.52741],[-123.05731,45.5275],[-123.05742,45.52758],[-123.05763,45.52773],[-123.05765,45.52775],[-123.05769,45.52776],[-123.05774,45.52777],[-123.05778,45.52778],[-123.05788,45.5277],[-123.05789,45.52762],[-123.05795,45.52753],[-123.0581,45.52749],[-123.05826,45.52748],[-123.0584,45.52751],[-123.05847,45.52758],[-123.05851,45.52767],[-123.05845,45.52775],[-123.05831,45.52778],[-123.05819,45.52783],[-123.0582,45.52795],[-123.05826,45.52809],[-123.05831,45.52817],[-123.05832,45.52818],[-123.05834,45.52818],[-123.0584,45.52819],[-123.05844,45.5282],[-123.05857,45.5282],[-123.05867,45.52824],[-123.05873,45.52826],[-123.05876,45.52827],[-123.05877,45.52831],[-123.05878,45.52839],[-123.05878,45.52841],[-123.05878,45.52859],[-123.05873,45.52869],[-123.05885,45.52882],[-123.05897,45.52889],[-123.05916,45.52904],[-123.05907,45.52918],[-123.05903,45.52928],[-123.05911,45.52937],[-123.05913,45.5294],[-123.05925,45.52944],[-123.05933,45.52947],[-123.05941,45.5295],[-123.05978,45.52962],[-123.05996,45.52967],[-123.06011,45.52974],[-123.06012,45.52978],[-123.06013,45.5298],[-123.06014,45.52986],[-123.06011,45.52999],[-123.0602,45.53009],[-123.06036,45.53013],[-123.06106,45.53014],[-123.06117,45.53021],[-123.0612,45.53023],[-123.06119,45.53026],[-123.06114,45.53042],[-123.06123,45.53049],[-123.06128,45.5305],[-123.06151,45.53056],[-123.06164,45.53061],[-123.06163,45.53071],[-123.06149,45.53083],[-123.06147,45.53093],[-123.06158,45.53099],[-123.06172,45.53102],[-123.0618,45.53109],[-123.06175,45.53118],[-123.06176,45.5313],[-123.06192,45.53141],[-123.06207,45.53146],[-123.06212,45.53148],[-123.06221,45.53153],[-123.06225,45.53154],[-123.06242,45.53169],[-123.06254,45.53191],[-123.0626,45.53202],[-123.06269,45.53217],[-123.06275,45.53218],[-123.06296,45.53222],[-123.063,45.53223],[-123.06302,45.53223],[-123.06309,45.53223],[-123.06314,45.53224],[-123.06329,45.53221],[-123.06342,45.53217],[-123.06345,45.53214],[-123.0636,45.53206],[-123.06373,45.53192],[-123.06389,45.5319],[-123.0641,45.53186],[-123.06439,45.53167],[-123.06448,45.53161],[-123.06466,45.53163],[-123.06483,45.53163],[-123.06497,45.53147],[-123.06512,45.53144],[-123.06518,45.53142],[-123.06532,45.53143],[-123.06535,45.53144],[-123.06547,45.53145],[-123.0658,45.53144],[-123.06594,45.53139],[-123.06613,45.53131],[-123.06627,45.53127],[-123.06639,45.53108],[-123.06649,45.531],[-123.06668,45.53095],[-123.06678,45.53088],[-123.06688,45.53074],[-123.06701,45.53035],[-123.06705,45.53031],[-123.06718,45.53017],[-123.06738,45.53018],[-123.06738,45.53015],[-123.06737,45.53008],[-123.06732,45.53001],[-123.06737,45.52998],[-123.06746,45.52995],[-123.06749,45.52988],[-123.06765,45.52987],[-123.06773,45.52977],[-123.06782,45.52972],[-123.0681,45.52974],[-123.06849,45.52972],[-123.06872,45.52984],[-123.06884,45.52987],[-123.0689,45.52984],[-123.06893,45.52972],[-123.06896,45.52968],[-123.06902,45.52967],[-123.06914,45.52973],[-123.06923,45.52972],[-123.06928,45.52969],[-123.06929,45.52962],[-123.06951,45.52958],[-123.06964,45.52959],[-123.06969,45.52959],[-123.06963,45.5294],[-123.06963,45.52933],[-123.06968,45.52926],[-123.06979,45.5292],[-123.06984,45.52919],[-123.06986,45.52921],[-123.0699,45.52924],[-123.06994,45.52929],[-123.07,45.52932],[-123.07008,45.52932],[-123.07013,45.52923],[-123.07023,45.52917],[-123.07033,45.52915],[-123.07038,45.52912],[-123.07071,45.52906],[-123.07079,45.52903],[-123.07084,45.52896],[-123.07099,45.52878],[-123.07123,45.52866],[-123.07135,45.52864],[-123.07141,45.52869],[-123.07136,45.5288],[-123.0714,45.52887],[-123.07155,45.52889],[-123.0719,45.52872],[-123.07202,45.52872],[-123.07212,45.52873],[-123.07212,45.52887],[-123.07213,45.52899],[-123.07252,45.52906],[-123.07316,45.52907],[-123.07347,45.52933],[-123.07349,45.52934],[-123.07358,45.52942],[-123.0739,45.52956],[-123.07398,45.52961],[-123.07418,45.52973],[-123.07433,45.52983],[-123.07444,45.52986],[-123.07455,45.5299],[-123.07473,45.52994],[-123.0748,45.52994],[-123.07487,45.52994],[-123.07495,45.52995],[-123.07499,45.52994],[-123.07512,45.52992],[-123.07526,45.52984],[-123.0754,45.52979],[-123.07559,45.52971],[-123.07576,45.52962],[-123.07593,45.52953],[-123.07605,45.52947],[-123.07609,45.52945],[-123.07614,45.52941],[-123.0763,45.52929],[-123.07633,45.52921],[-123.07636,45.52904],[-123.07636,45.5289],[-123.07634,45.52886],[-123.07633,45.52882],[-123.07629,45.52873],[-123.0763,45.52865],[-123.0763,45.52862],[-123.07631,45.52858],[-123.07628,45.52848],[-123.07631,45.52841],[-123.07639,45.52827],[-123.07656,45.52812],[-123.07667,45.52805],[-123.07672,45.52803],[-123.07688,45.52797],[-123.07707,45.52795],[-123.07729,45.52797],[-123.07746,45.52801],[-123.07761,45.52805],[-123.07781,45.52808],[-123.07806,45.52808],[-123.07827,45.52807],[-123.07849,45.5281],[-123.07867,45.52815],[-123.07887,45.52822],[-123.07904,45.52829],[-123.07923,45.52835],[-123.07935,45.52837],[-123.07953,45.52837],[-123.07975,45.52836],[-123.07987,45.52831],[-123.08012,45.52822],[-123.08029,45.52815],[-123.08038,45.52809],[-123.08054,45.528],[-123.08061,45.52795],[-123.08066,45.52791],[-123.08077,45.52784],[-123.08088,45.52778],[-123.081,45.52772],[-123.08104,45.5277],[-123.08112,45.52765],[-123.08127,45.52761],[-123.0814,45.52758],[-123.0816,45.52755],[-123.08182,45.52754],[-123.08205,45.52755],[-123.08226,45.52756],[-123.08259,45.52758],[-123.08272,45.52764],[-123.08282,45.52768],[-123.08292,45.52773],[-123.08292,45.52774],[-123.08296,45.52777],[-123.08307,45.52784],[-123.08314,45.52792],[-123.08316,45.52794],[-123.08317,45.52796],[-123.08324,45.52803],[-123.08327,45.52805],[-123.08331,45.52807],[-123.08344,45.52815],[-123.08349,45.52821],[-123.08353,45.52826],[-123.0836,45.52835],[-123.08362,45.52837],[-123.08366,45.5284],[-123.08372,45.52845],[-123.08374,45.52847],[-123.08376,45.52849],[-123.08382,45.52851],[-123.08384,45.52852],[-123.08395,45.52858],[-123.08409,45.52865],[-123.08416,45.52868],[-123.08419,45.52869],[-123.08422,45.52871],[-123.08447,45.52882],[-123.08479,45.52894],[-123.08484,45.52895],[-123.08512,45.52904],[-123.08518,45.52906],[-123.08522,45.52908],[-123.08537,45.52916],[-123.0854,45.52917],[-123.08553,45.52925],[-123.08562,45.52929],[-123.08568,45.52932],[-123.08573,45.52933],[-123.08584,45.52936],[-123.08586,45.52936],[-123.08604,45.52944],[-123.08609,45.52946],[-123.08614,45.52949],[-123.08619,45.5295],[-123.08623,45.52951],[-123.08665,45.52962],[-123.08679,45.52964],[-123.08706,45.52969],[-123.08718,45.5297],[-123.08738,45.52972],[-123.0874,45.52972],[-123.08776,45.52973],[-123.08809,45.52969],[-123.08817,45.52969],[-123.08823,45.5297],[-123.08836,45.52973],[-123.08851,45.52976],[-123.0886,45.52978],[-123.08869,45.52981],[-123.0888,45.52983],[-123.0889,45.52983],[-123.08903,45.52984],[-123.08908,45.52985],[-123.08922,45.52984],[-123.08934,45.52985],[-123.08949,45.52986],[-123.08957,45.52989],[-123.08967,45.52994],[-123.08968,45.52995],[-123.08971,45.52999],[-123.08975,45.53005],[-123.08978,45.53008],[-123.08983,45.53018],[-123.08987,45.53024],[-123.09004,45.53034],[-123.0901,45.53038],[-123.09013,45.53039],[-123.09029,45.53046],[-123.09044,45.5305],[-123.09061,45.53052],[-123.09081,45.53054],[-123.09102,45.53055],[-123.09125,45.53055],[-123.09136,45.53055],[-123.09166,45.53051],[-123.09192,45.53051],[-123.09257,45.53045],[-123.0926,45.53045],[-123.09264,45.53045],[-123.09268,45.53047],[-123.09276,45.5305],[-123.09289,45.53058],[-123.09306,45.53076],[-123.09334,45.53087],[-123.09348,45.53095],[-123.09356,45.53099],[-123.09362,45.53102],[-123.09377,45.53107],[-123.09389,45.53108],[-123.09425,45.53108],[-123.09431,45.53108],[-123.09479,45.53103],[-123.09523,45.531],[-123.09544,45.53102],[-123.09566,45.53111],[-123.09595,45.53114],[-123.0961,45.53116],[-123.09667,45.53137],[-123.09684,45.53144],[-123.09691,45.53146],[-123.09705,45.53152],[-123.09716,45.53156],[-123.0977,45.5317],[-123.09793,45.53195],[-123.09797,45.5321],[-123.09812,45.53219],[-123.09848,45.53219],[-123.09888,45.5322],[-123.09905,45.53223],[-123.09914,45.53226],[-123.09926,45.53227],[-123.09936,45.53227],[-123.09942,45.53228],[-123.09951,45.53229],[-123.09953,45.53229],[-123.09964,45.53232],[-123.09973,45.53233],[-123.09977,45.53233],[-123.09984,45.53232],[-123.09993,45.53233],[-123.10002,45.53235],[-123.10004,45.53236],[-123.10012,45.53239],[-123.10019,45.53242],[-123.10028,45.53242],[-123.10044,45.53248],[-123.10054,45.53248],[-123.10063,45.5325],[-123.10065,45.53251],[-123.1007,45.53253],[-123.10072,45.53255],[-123.10074,45.53257],[-123.10079,45.53263],[-123.1008,45.53266],[-123.10082,45.53269],[-123.10087,45.53273],[-123.10093,45.53274],[-123.10097,45.53277],[-123.10108,45.53284],[-123.10119,45.53291],[-123.10135,45.53307],[-123.10141,45.53312],[-123.10145,45.53317],[-123.10163,45.53339],[-123.10178,45.53351],[-123.10191,45.53361],[-123.10196,45.53365],[-123.10204,45.53372],[-123.10209,45.53375],[-123.10219,45.53383],[-123.10225,45.53387],[-123.10228,45.53389],[-123.1024,45.53398],[-123.10251,45.53405],[-123.10272,45.53421],[-123.10276,45.53423],[-123.10284,45.53429],[-123.10323,45.53455],[-123.10347,45.53471],[-123.10353,45.53475],[-123.1036,45.5348],[-123.10372,45.53487],[-123.10392,45.535],[-123.10408,45.5351],[-123.10415,45.53515],[-123.10432,45.53525],[-123.10437,45.53536],[-123.10438,45.53546],[-123.10439,45.53552],[-123.10441,45.53562],[-123.10442,45.53566],[-123.10444,45.53571],[-123.10445,45.53573],[-123.10446,45.53583],[-123.10455,45.53602],[-123.10463,45.53626],[-123.10468,45.53644],[-123.10474,45.53658],[-123.10477,45.53666],[-123.10491,45.53681],[-123.10501,45.53692],[-123.10507,45.53702],[-123.10509,45.53703],[-123.10741,45.53706],[-123.10753,45.53706],[-123.10753,45.53708],[-123.10726,45.53708],[-123.1073,45.53723],[-123.10734,45.53737],[-123.10737,45.53752],[-123.1074,45.53767],[-123.10741,45.53782],[-123.10741,45.53797],[-123.10741,45.53799],[-123.10747,45.53799],[-123.10747,45.53864],[-123.10754,45.53864],[-123.10754,45.53902],[-123.10754,45.53905],[-123.10752,45.53912],[-123.10748,45.53951],[-123.10739,45.53989],[-123.10729,45.54037],[-123.10722,45.54056],[-123.10721,45.5406],[-123.10712,45.54106],[-123.1071,45.54115],[-123.10719,45.54118],[-123.10732,45.54122],[-123.10733,45.54124],[-123.10733,45.54124],[-123.10738,45.54133],[-123.10741,45.54152],[-123.10745,45.54163],[-123.1076,45.54195],[-123.10772,45.5422],[-123.10774,45.54226],[-123.10774,45.54226],[-123.10775,45.54229],[-123.10797,45.54275],[-123.10809,45.54297],[-123.10824,45.5432],[-123.1084,45.54343],[-123.10856,45.54364],[-123.10868,45.54382],[-123.1087,45.54386],[-123.1087,45.54386],[-123.10875,45.54401],[-123.10886,45.54415],[-123.10892,45.54425],[-123.10913,45.54427],[-123.10969,45.54435],[-123.10969,45.54435],[-123.10977,45.54436],[-123.11039,45.54448],[-123.11071,45.54454],[-123.11105,45.5446],[-123.1114,45.54465],[-123.11175,45.5447],[-123.11192,45.54475],[-123.11207,45.54481],[-123.11223,45.5449],[-123.11239,45.54501],[-123.11263,45.54512],[-123.11294,45.54522],[-123.1131,45.54532],[-123.11315,45.54532],[-123.11315,45.54532],[-123.11378,45.54533],[-123.11405,45.54533],[-123.11442,45.54533],[-123.11478,45.54533],[-123.11547,45.54535],[-123.11584,45.54535],[-123.11621,45.54535],[-123.11657,45.54534],[-123.1173,45.5453],[-123.11754,45.5453],[-123.11755,45.5453],[-123.1177,45.5453],[-123.11809,45.54527],[-123.11846,45.54527],[-123.11887,45.54523],[-123.11935,45.54524],[-123.11974,45.54522],[-123.12005,45.54511],[-123.12067,45.54486],[-123.121,45.54473],[-123.12135,45.54464],[-123.12135,45.54464],[-123.12137,45.54464],[-123.12164,45.54463],[-123.12164,45.54463],[-123.12177,45.54462],[-123.12203,45.54464],[-123.12204,45.54483],[-123.12209,45.54572],[-123.12207,45.54612],[-123.12508,45.54802],[-123.12714,45.5493],[-123.12858,45.55022],[-123.13005,45.55115],[-123.13074,45.55241],[-123.13154,45.55383],[-123.13249,45.55553],[-123.13515,45.56025],[-123.13538,45.56065],[-123.13538,45.56058],[-123.13538,45.56012],[-123.1354,45.55755],[-123.13541,45.55652],[-123.13541,45.55582],[-123.13541,45.55434],[-123.1354,45.55185],[-123.1354,45.55155],[-123.1354,45.55149],[-123.1354,45.55144],[-123.1354,45.55141],[-123.1354,45.55137],[-123.1354,45.55119],[-123.13539,45.54993],[-123.13539,45.54931],[-123.1354,45.54845],[-123.1354,45.54786],[-123.13541,45.54704],[-123.13542,45.54588],[-123.13543,45.54518],[-123.13544,45.54328],[-123.13545,45.54268],[-123.13545,45.54199],[-123.13544,45.53941],[-123.13544,45.53933],[-123.13668,45.53931],[-123.137,45.53935],[-123.13727,45.53937],[-123.13744,45.53939],[-123.13866,45.53949],[-123.13914,45.53953],[-123.13939,45.53956],[-123.1405,45.53972],[-123.1406,45.53973],[-123.14073,45.53975],[-123.14077,45.53976],[-123.14132,45.53989],[-123.14135,45.5399],[-123.14144,45.53992],[-123.14148,45.53993],[-123.14226,45.54002],[-123.14229,45.54002],[-123.14234,45.54003],[-123.14246,45.54004],[-123.14309,45.54025],[-123.14329,45.54031],[-123.14382,45.5405],[-123.14392,45.54053],[-123.14403,45.54057],[-123.14406,45.54058],[-123.14412,45.54061],[-123.14437,45.54071],[-123.1444,45.54073],[-123.14443,45.54074],[-123.14445,45.54075],[-123.14458,45.54086],[-123.14462,45.5409],[-123.14464,45.54091],[-123.14465,45.54094],[-123.14468,45.54098],[-123.14469,45.541],[-123.14475,45.54109],[-123.14477,45.54112],[-123.14479,45.54116],[-123.14479,45.54123],[-123.1448,45.54128],[-123.1448,45.54142],[-123.1448,45.54144],[-123.14481,45.54152],[-123.14483,45.54158],[-123.14485,45.54164],[-123.14491,45.5418],[-123.14508,45.54245],[-123.14509,45.54247],[-123.14515,45.54284],[-123.14517,45.54293],[-123.14517,45.54296],[-123.14517,45.54302],[-123.14516,45.5431],[-123.14515,45.54327],[-123.14517,45.54351],[-123.14517,45.54353],[-123.14518,45.54362],[-123.14519,45.54366],[-123.14523,45.54382],[-123.14524,45.54385],[-123.14531,45.54393],[-123.14535,45.54397],[-123.14542,45.54405],[-123.14565,45.54431],[-123.14581,45.54446],[-123.14597,45.54462],[-123.14602,45.54466],[-123.14606,45.54469],[-123.14622,45.54477],[-123.14625,45.54478],[-123.14633,45.54481],[-123.14644,45.54484],[-123.14651,45.54486],[-123.14684,45.54493],[-123.14686,45.54494],[-123.14697,45.54495],[-123.14701,45.54495],[-123.14707,45.54487],[-123.14726,45.54441],[-123.14728,45.54434],[-123.14739,45.54407],[-123.14755,45.54366],[-123.14756,45.54317],[-123.14756,45.54294],[-123.14756,45.5427],[-123.14756,45.54247],[-123.14756,45.5422],[-123.14832,45.54224],[-123.1484,45.54224],[-123.14873,45.54226],[-123.14922,45.54228],[-123.14943,45.5423],[-123.14943,45.54208],[-123.15046,45.54207],[-123.15046,45.54187],[-123.15045,45.54177],[-123.15045,45.54142],[-123.15044,45.54117],[-123.15044,45.54093],[-123.15043,45.54068],[-123.15043,45.54066],[-123.15043,45.54047],[-123.15042,45.54025],[-123.15042,45.54003],[-123.15041,45.53981],[-123.15041,45.53959],[-123.1504,45.53935],[-123.1504,45.53896],[-123.15039,45.53868],[-123.15039,45.53846],[-123.15064,45.53849],[-123.15065,45.53837],[-123.15065,45.53849],[-123.15112,45.53854],[-123.15273,45.5387],[-123.15264,45.53697],[-123.15264,45.53695],[-123.15281,45.53696],[-123.15291,45.53697],[-123.15294,45.53681],[-123.15296,45.53665],[-123.15298,45.53654],[-123.15299,45.53647],[-123.153,45.53637],[-123.15308,45.5362],[-123.15319,45.53599],[-123.15323,45.53589],[-123.15341,45.53552],[-123.15345,45.53525],[-123.15347,45.5351],[-123.15347,45.53506],[-123.1535,45.53487],[-123.1535,45.53484],[-123.15351,45.53473],[-123.15354,45.53451],[-123.1533,45.5345],[-123.15326,45.53449],[-123.15292,45.53447],[-123.15295,45.53399],[-123.15301,45.53318],[-123.15302,45.53311],[-123.15277,45.5331],[-123.15218,45.53306],[-123.15143,45.533],[-123.15112,45.53298],[-123.15069,45.53292],[-123.15051,45.53286],[-123.15042,45.53284],[-123.15025,45.53277],[-123.14974,45.53251],[-123.14947,45.53232],[-123.14844,45.53167],[-123.14842,45.53166],[-123.14819,45.53152],[-123.14783,45.53129],[-123.14755,45.53111],[-123.14733,45.53096],[-123.14699,45.53079],[-123.14629,45.53051],[-123.14542,45.5302],[-123.14484,45.52999],[-123.1446,45.52989],[-123.14407,45.52971],[-123.14382,45.5296],[-123.14373,45.52957],[-123.14327,45.52945],[-123.14295,45.52941],[-123.14298,45.52931],[-123.14294,45.52824],[-123.142,45.52827],[-123.14164,45.52828],[-123.141,45.52829],[-123.14115,45.5281],[-123.14103,45.52805],[-123.1409,45.52798],[-123.14069,45.52814],[-123.14052,45.5283],[-123.14052,45.5283],[-123.14008,45.5283],[-123.13991,45.5283],[-123.13987,45.5283],[-123.13985,45.52801],[-123.13985,45.52801],[-123.14016,45.52789],[-123.14039,45.52781],[-123.14016,45.52749],[-123.14048,45.52738],[-123.14038,45.52726],[-123.14031,45.52716],[-123.1401,45.52699],[-123.13985,45.52685],[-123.13956,45.52676],[-123.13925,45.5267],[-123.13894,45.52669],[-123.13894,45.52655],[-123.13894,45.52632],[-123.13896,45.52568],[-123.13835,45.52568],[-123.13599,45.52569],[-123.13564,45.52569],[-123.13562,45.52569],[-123.13568,45.52332],[-123.13568,45.5233],[-123.13568,45.52326],[-123.13573,45.5204],[-123.13573,45.52032],[-123.13574,45.52019],[-123.13519,45.52018],[-123.13514,45.52015],[-123.13511,45.52011],[-123.13506,45.52005],[-123.13502,45.52002],[-123.13493,45.51997],[-123.13491,45.51996],[-123.1347,45.51983],[-123.13456,45.51975],[-123.13441,45.51967],[-123.13433,45.5196],[-123.13427,45.51951],[-123.13428,45.51942],[-123.13437,45.51931],[-123.13448,45.51921],[-123.13467,45.51906],[-123.13481,45.51896],[-123.13481,45.51891],[-123.13475,45.51886],[-123.13468,45.51882],[-123.13459,45.51879],[-123.13452,45.51879],[-123.13447,45.51878],[-123.13434,45.51877],[-123.13412,45.51874],[-123.13387,45.51869],[-123.13376,45.51868],[-123.1336,45.51868],[-123.13336,45.51871],[-123.13309,45.51874],[-123.13283,45.51882],[-123.1326,45.51889],[-123.1324,45.51893],[-123.1323,45.51893],[-123.13227,45.51893],[-123.1322,45.51889],[-123.13208,45.51881],[-123.13194,45.51877],[-123.13184,45.51874],[-123.13181,45.51874],[-123.13175,45.51873],[-123.13163,45.51874],[-123.13149,45.51878],[-123.13138,45.51882],[-123.1313,45.51891],[-123.13125,45.51894],[-123.13118,45.51895],[-123.13105,45.51895],[-123.13084,45.51893],[-123.13067,45.5189],[-123.13054,45.51888],[-123.13042,45.51885],[-123.13027,45.51881],[-123.13021,45.51878],[-123.13018,45.51877],[-123.13012,45.51874],[-123.12988,45.51867],[-123.12979,45.51865],[-123.12974,45.51864],[-123.12925,45.51831],[-123.12903,45.51743],[-123.12877,45.51657],[-123.12868,45.51645],[-123.12844,45.5163],[-123.12785,45.51602],[-123.12766,45.51591],[-123.12744,45.51562],[-123.12725,45.51552],[-123.12707,45.51551],[-123.12696,45.51558],[-123.12696,45.51558],[-123.12695,45.51563],[-123.12694,45.51565],[-123.12694,45.51567],[-123.12696,45.51582],[-123.12708,45.516],[-123.1271,45.5161],[-123.12678,45.51637],[-123.12612,45.51674],[-123.12588,45.51683],[-123.12583,45.51685],[-123.12567,45.51686],[-123.12556,45.51684],[-123.12542,45.51677],[-123.12529,45.51671],[-123.12524,45.5166],[-123.12526,45.51653],[-123.12539,45.51642],[-123.12542,45.51639],[-123.12552,45.5163],[-123.12561,45.51622],[-123.1257,45.51613],[-123.12567,45.51601],[-123.12556,45.51587],[-123.12538,45.51578],[-123.12517,45.51573],[-123.12498,45.51571],[-123.12486,45.5157],[-123.12471,45.51566],[-123.12456,45.51559],[-123.12453,45.51557],[-123.12442,45.51552],[-123.12435,45.51547],[-123.12429,45.51544],[-123.12421,45.51538],[-123.12409,45.51534],[-123.12394,45.51532],[-123.12379,45.51533],[-123.1237,45.51533],[-123.12361,45.51532],[-123.12353,45.51531],[-123.12345,45.5153],[-123.12342,45.51529],[-123.12339,45.51528],[-123.12331,45.51525],[-123.12319,45.5152],[-123.12301,45.51513],[-123.12292,45.51508],[-123.12285,45.51504],[-123.12274,45.51499],[-123.1227,45.51497],[-123.12259,45.51491],[-123.12256,45.5149],[-123.12244,45.51484],[-123.12233,45.5148],[-123.12226,45.51489],[-123.12223,45.51496],[-123.12222,45.51505],[-123.12223,45.51517],[-123.12224,45.51528],[-123.12228,45.51536],[-123.12234,45.51544],[-123.12238,45.51547],[-123.12247,45.51557],[-123.1225,45.51565],[-123.12251,45.51574],[-123.12248,45.51582],[-123.1224,45.51593],[-123.12235,45.51598],[-123.12222,45.51608],[-123.12215,45.51613],[-123.12203,45.51618],[-123.12196,45.51618],[-123.12183,45.51616],[-123.12174,45.51616],[-123.12162,45.51618],[-123.12148,45.51624],[-123.12142,45.51628],[-123.12136,45.51636],[-123.12133,45.51642],[-123.12132,45.51651],[-123.12132,45.51655],[-123.12131,45.51669],[-123.12131,45.51681],[-123.12131,45.51687],[-123.12127,45.51698],[-123.12122,45.51703],[-123.12112,45.51708],[-123.12097,45.51709],[-123.12086,45.51707],[-123.12079,45.51703],[-123.12068,45.51697],[-123.12061,45.51691],[-123.1206,45.5169],[-123.12049,45.5168],[-123.12042,45.51667],[-123.1204,45.51656],[-123.12033,45.51645],[-123.12029,45.51643],[-123.12013,45.51637],[-123.11997,45.51632],[-123.11984,45.51631],[-123.1198,45.51631],[-123.11965,45.51631],[-123.11952,45.5163],[-123.11948,45.5163],[-123.11942,45.51628],[-123.11937,45.51623],[-123.11937,45.51619],[-123.1194,45.51608],[-123.11944,45.51603],[-123.11952,45.51595],[-123.11963,45.51585],[-123.11976,45.51575],[-123.1198,45.51572],[-123.11982,45.51568],[-123.11987,45.51562],[-123.11989,45.51556],[-123.11991,45.51551],[-123.11989,45.51543],[-123.11982,45.51539],[-123.11972,45.51537],[-123.11955,45.51534],[-123.11928,45.51529],[-123.11921,45.51526],[-123.11914,45.51522],[-123.1191,45.51517],[-123.11909,45.51506],[-123.11909,45.51505],[-123.11909,45.515],[-123.11911,45.51496],[-123.11919,45.51486],[-123.11925,45.5148],[-123.11932,45.51473],[-123.11942,45.51462],[-123.11952,45.51451],[-123.11961,45.51435],[-123.11963,45.51424],[-123.1196,45.51416],[-123.11954,45.51409],[-123.11948,45.51406],[-123.11939,45.51404],[-123.11928,45.51404],[-123.11919,45.51405],[-123.11903,45.51407],[-123.11892,45.51412],[-123.11867,45.51425],[-123.11823,45.51446],[-123.11805,45.51453],[-123.118,45.51455],[-123.11796,45.51455],[-123.11786,45.51457],[-123.11776,45.51457],[-123.11768,45.51456],[-123.1176,45.51452],[-123.11757,45.51449],[-123.11755,45.51445],[-123.11755,45.51436],[-123.11759,45.51425],[-123.11772,45.51385],[-123.11778,45.51371],[-123.11781,45.51364],[-123.11783,45.51359],[-123.11784,45.51354],[-123.11786,45.51343],[-123.11786,45.51334],[-123.11786,45.51332],[-123.11783,45.51317],[-123.11781,45.51311],[-123.11778,45.51304],[-123.11776,45.513],[-123.11773,45.51295],[-123.1177,45.51293],[-123.11762,45.51282],[-123.11749,45.51273],[-123.1174,45.51268],[-123.11734,45.51266],[-123.11726,45.51268],[-123.11716,45.51277],[-123.11705,45.51293],[-123.11698,45.51308],[-123.11692,45.5132],[-123.11684,45.51329],[-123.11678,45.51334],[-123.11673,45.51338],[-123.11663,45.51346],[-123.11659,45.51348],[-123.11654,45.5135],[-123.11646,45.51352],[-123.11641,45.5135],[-123.11636,45.51343],[-123.11633,45.51337],[-123.11631,45.51332],[-123.1162,45.51312],[-123.11614,45.51303],[-123.116,45.51279],[-123.11595,45.51268],[-123.11591,45.51259],[-123.11587,45.51249],[-123.11585,45.51241],[-123.11582,45.51229],[-123.11579,45.51217],[-123.11578,45.51215],[-123.11577,45.51208],[-123.11576,45.51204],[-123.11576,45.512],[-123.11575,45.51195],[-123.11575,45.5119],[-123.11575,45.51187],[-123.11575,45.51182],[-123.11576,45.51178],[-123.11578,45.51164],[-123.11581,45.51155],[-123.11593,45.51136],[-123.11612,45.5111],[-123.11624,45.51093],[-123.11627,45.51089],[-123.11628,45.51085],[-123.11625,45.51081],[-123.11623,45.5108],[-123.11615,45.51074],[-123.1161,45.51071],[-123.11603,45.51069],[-123.1159,45.51072],[-123.11585,45.51074],[-123.11571,45.51077],[-123.11547,45.51082],[-123.11511,45.51078],[-123.11496,45.51068],[-123.11471,45.51066],[-123.11452,45.51062],[-123.1143,45.51046],[-123.11413,45.51024],[-123.11412,45.51012],[-123.11412,45.51004],[-123.11414,45.5098],[-123.11403,45.50972],[-123.11395,45.50968],[-123.11375,45.5096],[-123.11366,45.50944],[-123.1136,45.50927],[-123.11359,45.50926],[-123.11359,45.50924],[-123.11351,45.50908],[-123.11351,45.50908],[-123.11346,45.509],[-123.11323,45.50872],[-123.11315,45.50864],[-123.11313,45.50863],[-123.11299,45.50849],[-123.11291,45.50841],[-123.11285,45.50835],[-123.1128,45.50831],[-123.11264,45.50829],[-123.11255,45.50831],[-123.11256,45.50838],[-123.11256,45.50842],[-123.11256,45.50852],[-123.11257,45.50875],[-123.11268,45.5091],[-123.11269,45.50913],[-123.11273,45.50924],[-123.11272,45.50932],[-123.11271,45.50945],[-123.11271,45.50954],[-123.11271,45.5096],[-123.11261,45.50972],[-123.11236,45.50975],[-123.11226,45.50974],[-123.11218,45.50973],[-123.11207,45.50972],[-123.11198,45.50971],[-123.11193,45.5097],[-123.1119,45.5097],[-123.11174,45.50966],[-123.11145,45.5096],[-123.11128,45.50953],[-123.11117,45.50949],[-123.111,45.50942],[-123.11087,45.50937],[-123.11063,45.50928],[-123.11053,45.50924],[-123.11046,45.50921],[-123.1104,45.50919],[-123.11034,45.50917],[-123.11017,45.5091],[-123.11008,45.50901],[-123.10999,45.50891],[-123.10997,45.50883],[-123.10992,45.50862],[-123.10987,45.50839],[-123.10978,45.50803],[-123.10978,45.50802],[-123.10967,45.50755],[-123.10961,45.50728],[-123.10961,45.50727],[-123.10956,45.50713],[-123.10949,45.50706],[-123.10947,45.50689],[-123.10947,45.50679],[-123.10949,45.50662],[-123.10951,45.50647],[-123.10946,45.50636],[-123.1093,45.50623],[-123.10916,45.50609],[-123.10909,45.506],[-123.10905,45.50594],[-123.10903,45.50588],[-123.109,45.50583],[-123.10895,45.50577],[-123.10891,45.50572],[-123.10883,45.5056],[-123.1088,45.50554],[-123.10881,45.50549],[-123.10884,45.50544],[-123.10886,45.50542],[-123.10892,45.50536],[-123.10894,45.50534],[-123.10904,45.50524],[-123.1092,45.50508],[-123.10922,45.50505],[-123.10927,45.505],[-123.10933,45.50492],[-123.10947,45.5048],[-123.10958,45.50471],[-123.10964,45.50469],[-123.10974,45.50467],[-123.10988,45.50464],[-123.10998,45.50454],[-123.10998,45.50442],[-123.10987,45.50439],[-123.10979,45.50432],[-123.10975,45.5043],[-123.10972,45.50429],[-123.10969,45.50426],[-123.10958,45.50422],[-123.10952,45.50422],[-123.10923,45.50423],[-123.10876,45.50428],[-123.1085,45.50435],[-123.10835,45.50439],[-123.10781,45.50454],[-123.10766,45.50455],[-123.10755,45.50455],[-123.10731,45.50451],[-123.10722,45.50443],[-123.10714,45.50419],[-123.10704,45.50393],[-123.10696,45.50375],[-123.10694,45.50369],[-123.1068,45.50348],[-123.10669,45.50317],[-123.10667,45.50309],[-123.10668,45.50302],[-123.1067,45.50284],[-123.10682,45.50276],[-123.10724,45.50271],[-123.10742,45.50265],[-123.10753,45.50261],[-123.10761,45.50259],[-123.10818,45.50233],[-123.10855,45.50215],[-123.10904,45.50191],[-123.10924,45.50174],[-123.10921,45.5016],[-123.10919,45.50151],[-123.10918,45.50143],[-123.10448,45.50359],[-123.10421,45.50371],[-123.10419,45.5037],[-123.1041,45.50374],[-123.10399,45.50376],[-123.10376,45.50369],[-123.10358,45.50342],[-123.10345,45.50322],[-123.10328,45.50295],[-123.10324,45.50285],[-123.10315,45.50266],[-123.10317,45.50253],[-123.10315,45.50229],[-123.10323,45.502],[-123.10322,45.50182],[-123.10181,45.50197],[-123.10117,45.50219],[-123.10092,45.50227],[-123.10004,45.50266],[-123.09927,45.50306],[-123.09884,45.50324],[-123.09765,45.5045],[-123.09651,45.50468],[-123.09581,45.50565],[-123.09491,45.50691],[-123.09533,45.50772],[-123.09512,45.50782],[-123.09486,45.50794],[-123.0945,45.50811],[-123.0929,45.50887],[-123.09144,45.50957],[-123.09134,45.5096],[-123.09139,45.50772],[-123.0914,45.50768],[-123.09144,45.5063],[-123.09144,45.50628],[-123.09144,45.50626],[-123.09143,45.50614],[-123.09143,45.50606],[-123.09142,45.506],[-123.0914,45.50595],[-123.09128,45.50563],[-123.09116,45.50539],[-123.09055,45.50409],[-123.09018,45.50332],[-123.08989,45.50273],[-123.08987,45.50267],[-123.08971,45.50233],[-123.08969,45.50222],[-123.08968,45.5021],[-123.08966,45.50191],[-123.08955,45.50192],[-123.08903,45.50198],[-123.08869,45.50202],[-123.08797,45.50211],[-123.08536,45.50242],[-123.08499,45.50246],[-123.08499,45.50254],[-123.08499,45.5027],[-123.08499,45.50297],[-123.08499,45.5035],[-123.08498,45.5043],[-123.085,45.50536],[-123.085,45.50576],[-123.08501,45.50651],[-123.08501,45.50694],[-123.08142,45.50685],[-123.0812,45.51092],[-123.07867,45.51092],[-123.07756,45.51096],[-123.07755,45.5106],[-123.07486,45.51063],[-123.07463,45.51063],[-123.07464,45.50997],[-123.07076,45.50997],[-123.07076,45.51067],[-123.07076,45.51067],[-123.07076,45.51067],[-123.07076,45.51068],[-123.07076,45.51076],[-123.07076,45.51112],[-123.07076,45.51137],[-123.07076,45.51173],[-123.07076,45.51196],[-123.07076,45.51222],[-123.07075,45.51239],[-123.07076,45.51262],[-123.07076,45.51283],[-123.07076,45.51288],[-123.07076,45.51303],[-123.07076,45.51325],[-123.07076,45.51337],[-123.07076,45.51351],[-123.07076,45.51361],[-123.07076,45.51378],[-123.07076,45.51386],[-123.07076,45.51387],[-123.07046,45.51387],[-123.07034,45.51387],[-123.07017,45.51387],[-123.06994,45.51387],[-123.06963,45.51387],[-123.06933,45.51387],[-123.06919,45.51387],[-123.06903,45.51387],[-123.06874,45.51387],[-123.06844,45.51387],[-123.06814,45.51387],[-123.06784,45.51387],[-123.06754,45.51387],[-123.06724,45.51387],[-123.06706,45.51387],[-123.06693,45.51387],[-123.0667,45.51386],[-123.06656,45.51385],[-123.0664,45.51385],[-123.06626,45.51385],[-123.06611,45.51385],[-123.06596,45.51385],[-123.06582,45.51385],[-123.06558,45.51385],[-123.06539,45.51385],[-123.06524,45.51385],[-123.06485,45.51385],[-123.0648,45.51385],[-123.06477,45.51385],[-123.06474,45.51385],[-123.0647,45.51384],[-123.06467,45.51384],[-123.06463,45.51384],[-123.0646,45.51383],[-123.06457,45.51383],[-123.06454,45.51382],[-123.06451,45.51382],[-123.06449,45.51381],[-123.06446,45.51381],[-123.06444,45.5138],[-123.0644,45.51379],[-123.06433,45.51378],[-123.06428,45.51378],[-123.06419,45.51377],[-123.06412,45.51377],[-123.06409,45.51376],[-123.06409,45.51272],[-123.06409,45.51257],[-123.06408,45.51248],[-123.06408,45.51243],[-123.06408,45.5124],[-123.06408,45.51233],[-123.06408,45.51224],[-123.06408,45.51217],[-123.06408,45.51208],[-123.06408,45.51168],[-123.06408,45.51153],[-123.06408,45.51142],[-123.06408,45.51125],[-123.06408,45.51102],[-123.06408,45.51099],[-123.06408,45.51084],[-123.06408,45.51076],[-123.06408,45.5106],[-123.06408,45.51049],[-123.06408,45.51035],[-123.06408,45.51021],[-123.06408,45.51008],[-123.06408,45.50999],[-123.06408,45.50992],[-123.06368,45.50991],[-123.06339,45.50991],[-123.06309,45.50991],[-123.0628,45.50991],[-123.06249,45.5099],[-123.06226,45.5099],[-123.06194,45.5099],[-123.06164,45.5099],[-123.06133,45.50989],[-123.06075,45.50989],[-123.06061,45.50989],[-123.06063,45.50976],[-123.06077,45.50879],[-123.06082,45.5083],[-123.06082,45.5083],[-123.06082,45.50829],[-123.06076,45.50828],[-123.06072,45.50813],[-123.06068,45.50798],[-123.06068,45.50798],[-123.06067,45.50794],[-123.06062,45.50775],[-123.06061,45.5077],[-123.06035,45.50769],[-123.05941,45.50757],[-123.05877,45.50768],[-123.05859,45.50803],[-123.0578,45.50954],[-123.05768,45.50975],[-123.05768,45.50975],[-123.05707,45.5102],[-123.05695,45.51028],[-123.05694,45.51062],[-123.05694,45.51065],[-123.05694,45.51074],[-123.05694,45.51077],[-123.05703,45.5108],[-123.05652,45.5108],[-123.0564,45.5108],[-123.05628,45.5108],[-123.05609,45.5109],[-123.05604,45.51093],[-123.05597,45.51097],[-123.05574,45.51097],[-123.0554,45.51096],[-123.05506,45.51096],[-123.05484,45.51096],[-123.05484,45.51096],[-123.05484,45.51096],[-123.05484,45.51097],[-123.05484,45.51097],[-123.05484,45.51097],[-123.05483,45.51098],[-123.05483,45.51098],[-123.05483,45.51098],[-123.05483,45.51099],[-123.05483,45.51099],[-123.05483,45.51099],[-123.05483,45.51099],[-123.05482,45.51099],[-123.05482,45.511],[-123.05482,45.511],[-123.05482,45.51101],[-123.05482,45.51101],[-123.05481,45.51101],[-123.05481,45.51102],[-123.05481,45.51102],[-123.0548,45.51102],[-123.0548,45.51102],[-123.0548,45.51103],[-123.0548,45.51103],[-123.0548,45.51103],[-123.05479,45.51104],[-123.05478,45.51105],[-123.05446,45.51123],[-123.0543,45.51133],[-123.0538,45.51161],[-123.0538,45.51171],[-123.0538,45.51172],[-123.05366,45.51179],[-123.05339,45.51196],[-123.05317,45.51216],[-123.05309,45.51219],[-123.0529,45.51232],[-123.05282,45.51234],[-123.05272,45.51237],[-123.05255,45.51245],[-123.05253,45.51245],[-123.05227,45.51254],[-123.05226,45.51254],[-123.05189,45.5126],[-123.05181,45.51262],[-123.05191,45.51246],[-123.0519,45.51246],[-123.0519,45.51246],[-123.05188,45.51246],[-123.05188,45.51246],[-123.05187,45.51246],[-123.05186,45.51246],[-123.05186,45.51246],[-123.05186,45.51246],[-123.05185,45.51246],[-123.05184,45.51246],[-123.05184,45.51246],[-123.05183,45.51246],[-123.05182,45.51246],[-123.05182,45.51246],[-123.05181,45.51246],[-123.0518,45.51246],[-123.0518,45.51246],[-123.0518,45.51245],[-123.05179,45.51245],[-123.05178,45.51245],[-123.05178,45.51245],[-123.05177,45.51245],[-123.05176,45.51245],[-123.05176,45.51245],[-123.05175,45.51245],[-123.05174,45.51245],[-123.05174,45.51245],[-123.05172,45.51244],[-123.05172,45.51244],[-123.0517,45.51244],[-123.05168,45.51243],[-123.05168,45.51243],[-123.05168,45.51243],[-123.05167,45.51243],[-123.05166,45.51243],[-123.05166,45.51243],[-123.05166,45.51243],[-123.05164,45.51242],[-123.05163,45.51242],[-123.05163,45.51242],[-123.05163,45.51242],[-123.05162,45.51242],[-123.05161,45.51241],[-123.05161,45.51241],[-123.05161,45.51241],[-123.0516,45.51241],[-123.05159,45.51241],[-123.05158,45.5124],[-123.05157,45.5124],[-123.05157,45.5124],[-123.05157,45.5124],[-123.05156,45.51239],[-123.05155,45.51239],[-123.05155,45.51239],[-123.05155,45.51239],[-123.05154,45.51239],[-123.05154,45.51239],[-123.05153,45.51238],[-123.05152,45.51238],[-123.0515,45.51237],[-123.0515,45.51237],[-123.05149,45.51237],[-123.05149,45.51236],[-123.05148,45.51236],[-123.05148,45.51236],[-123.05147,45.51235],[-123.05147,45.51235],[-123.05146,45.51235],[-123.05145,45.51234],[-123.05145,45.51234],[-123.05145,45.51234],[-123.05144,45.51233],[-123.05144,45.51233],[-123.05143,45.51233],[-123.05142,45.51232],[-123.05142,45.51232],[-123.05141,45.51232],[-123.05141,45.51231],[-123.05141,45.51231],[-123.0514,45.51231],[-123.05139,45.5123],[-123.05139,45.5123],[-123.05139,45.5123],[-123.05138,45.51229],[-123.05138,45.51229],[-123.05137,45.51228],[-123.05137,45.51228],[-123.05137,45.51228],[-123.05136,45.51228],[-123.05135,45.51227],[-123.05135,45.51227],[-123.05135,45.51226],[-123.05134,45.51226],[-123.05134,45.51226],[-123.05133,45.51225],[-123.05133,45.51225],[-123.05133,45.51225],[-123.05133,45.51224],[-123.05132,45.51224],[-123.05132,45.51223],[-123.05131,45.51223],[-123.05131,45.51222],[-123.05131,45.51222],[-123.0513,45.51221],[-123.0513,45.51221],[-123.0513,45.51221],[-123.05129,45.51221],[-123.05129,45.5122],[-123.05129,45.5122],[-123.05128,45.51219],[-123.05128,45.51218],[-123.05128,45.51218],[-123.05127,45.51218],[-123.05127,45.51217],[-123.05127,45.51217],[-123.05127,45.51217],[-123.05126,45.51216],[-123.05126,45.51216],[-123.05126,45.51216],[-123.05126,45.51215],[-123.05125,45.51214],[-123.05125,45.51214],[-123.05125,45.51214],[-123.05125,45.51213],[-123.05125,45.51213],[-123.05124,45.51213],[-123.05124,45.51212],[-123.05124,45.51212],[-123.05124,45.51212],[-123.05124,45.51211],[-123.05123,45.5121],[-123.05123,45.5121],[-123.05123,45.51209],[-123.05123,45.51209],[-123.05123,45.51209],[-123.05123,45.51209],[-123.05122,45.51208],[-123.05122,45.51207],[-123.05122,45.51207],[-123.05122,45.51207],[-123.05122,45.51206],[-123.05122,45.51206],[-123.05122,45.51206],[-123.05122,45.51205],[-123.05122,45.51205],[-123.05122,45.51205],[-123.05121,45.51204],[-123.05121,45.51204],[-123.05121,45.51203],[-123.05121,45.51203],[-123.05121,45.51203],[-123.05121,45.51202],[-123.05121,45.51202],[-123.05121,45.51201],[-123.05121,45.512],[-123.05121,45.512],[-123.05121,45.512],[-123.05121,45.51199],[-123.05121,45.51199],[-123.05121,45.51199],[-123.05121,45.51198],[-123.05121,45.51198],[-123.05121,45.51197],[-123.05121,45.51197],[-123.05121,45.51196],[-123.05121,45.51196],[-123.05121,45.51196],[-123.05121,45.51195],[-123.05121,45.51195],[-123.05121,45.51194],[-123.05121,45.51194],[-123.05121,45.51193],[-123.05121,45.51193],[-123.05121,45.51193],[-123.05121,45.51192],[-123.05121,45.51192],[-123.05121,45.51192],[-123.05121,45.51192],[-123.05121,45.51191],[-123.05121,45.5119],[-123.05121,45.5119],[-123.05121,45.5119],[-123.05121,45.51189],[-123.05122,45.51189],[-123.05122,45.51189],[-123.05122,45.51188],[-123.05122,45.51187],[-123.05122,45.51187],[-123.05122,45.51187],[-123.05122,45.51186],[-123.05122,45.51186],[-123.05122,45.51186],[-123.05122,45.51186],[-123.05123,45.51185],[-123.05123,45.51185],[-123.05123,45.51184],[-123.05123,45.51184],[-123.05123,45.51183],[-123.05123,45.51183],[-123.05123,45.51183],[-123.05124,45.51182],[-123.05124,45.51182],[-123.05124,45.51182],[-123.05124,45.51182],[-123.05124,45.51181],[-123.05124,45.51181],[-123.05125,45.5118],[-123.05125,45.5118],[-123.05125,45.5118],[-123.05125,45.51179],[-123.05125,45.51179],[-123.05126,45.51178],[-123.05126,45.51178],[-123.05126,45.51178],[-123.05126,45.51178],[-123.05126,45.51177],[-123.05127,45.51177],[-123.05127,45.51176],[-123.05127,45.51176],[-123.05127,45.51176],[-123.05127,45.51176],[-123.05128,45.51175],[-123.05128,45.51175],[-123.05128,45.51174],[-123.05129,45.51174],[-123.05129,45.51174],[-123.05129,45.51174],[-123.05129,45.51173],[-123.05129,45.51173],[-123.0513,45.51173],[-123.0513,45.51172],[-123.0513,45.51172],[-123.0513,45.51172],[-123.05131,45.51171],[-123.05162,45.51138],[-123.05198,45.5109],[-123.05203,45.51084],[-123.05204,45.51082],[-123.05204,45.51082],[-123.05205,45.5108],[-123.05205,45.5108],[-123.05205,45.5108],[-123.05205,45.5108],[-123.05205,45.51079],[-123.05205,45.51079],[-123.05205,45.51078],[-123.05206,45.51078],[-123.05206,45.51078],[-123.05206,45.51077],[-123.05206,45.51077],[-123.05206,45.51076],[-123.05207,45.51075],[-123.05207,45.51074],[-123.05207,45.51073],[-123.05207,45.51073],[-123.05208,45.51072],[-123.05208,45.51071],[-123.05208,45.51071],[-123.05208,45.51071],[-123.05208,45.5107],[-123.05208,45.51069],[-123.05209,45.51068],[-123.05209,45.51066],[-123.05209,45.51066],[-123.05209,45.51066],[-123.05209,45.51065],[-123.05209,45.51064],[-123.05209,45.51064],[-123.05209,45.51064],[-123.05209,45.51062],[-123.0521,45.51062],[-123.0521,45.51061],[-123.0521,45.51059],[-123.0521,45.51059],[-123.0521,45.51059],[-123.0521,45.51058],[-123.0521,45.51057],[-123.0521,45.51057],[-123.0521,45.51056],[-123.0521,45.51055],[-123.0521,45.51055],[-123.0521,45.51054],[-123.0521,45.51053],[-123.0521,45.51052],[-123.0521,45.51052],[-123.0521,45.51051],[-123.0521,45.51051],[-123.05209,45.5105],[-123.05209,45.5105],[-123.05209,45.51049],[-123.05209,45.51048],[-123.05209,45.51048],[-123.05209,45.51046],[-123.05209,45.51046],[-123.05209,45.51046],[-123.05209,45.51045],[-123.05209,45.51044],[-123.05209,45.51044],[-123.05209,45.51044],[-123.05208,45.51044],[-123.05208,45.51043],[-123.05208,45.51042],[-123.05208,45.51042],[-123.05208,45.51042],[-123.05208,45.51041],[-123.05208,45.51041],[-123.05207,45.51038],[-123.052,45.51018],[-123.052,45.51018],[-123.052,45.51018],[-123.05196,45.5101],[-123.05196,45.51008],[-123.05196,45.51008],[-123.05196,45.51007],[-123.05196,45.51007],[-123.05196,45.51007],[-123.05196,45.51007],[-123.05196,45.51007],[-123.05195,45.51005],[-123.05195,45.51005],[-123.05195,45.51004],[-123.05195,45.51004],[-123.05194,45.51003],[-123.05194,45.51003],[-123.05194,45.51002],[-123.05194,45.51001],[-123.05194,45.51001],[-123.05193,45.51],[-123.05193,45.51],[-123.05192,45.50998],[-123.05192,45.50998],[-123.05192,45.50998],[-123.05192,45.50997],[-123.05192,45.50997],[-123.05191,45.50996],[-123.05191,45.50996],[-123.05191,45.50996],[-123.0519,45.50994],[-123.0519,45.50994],[-123.0519,45.50994],[-123.05189,45.50993],[-123.05155,45.50971],[-123.05153,45.50969],[-123.05144,45.50964],[-123.05144,45.50964],[-123.05144,45.50964],[-123.05143,45.50963],[-123.05143,45.50963],[-123.05142,45.50962],[-123.05142,45.50962],[-123.05142,45.50962],[-123.05141,45.50962],[-123.05141,45.50962],[-123.05141,45.50962],[-123.05139,45.50961],[-123.05139,45.50961],[-123.05138,45.50961],[-123.05138,45.50961],[-123.05137,45.5096],[-123.05137,45.5096],[-123.05135,45.5096],[-123.05135,45.5096],[-123.05134,45.50959],[-123.05132,45.50959],[-123.05132,45.50959],[-123.05132,45.50959],[-123.05131,45.50959],[-123.05131,45.50959],[-123.05131,45.50959],[-123.05131,45.50959],[-123.0513,45.50959],[-123.05129,45.50958],[-123.05129,45.50958],[-123.05128,45.50958],[-123.05126,45.50958],[-123.05126,45.50958],[-123.05126,45.50958],[-123.05126,45.50958],[-123.05125,45.50958],[-123.05125,45.50958],[-123.05125,45.50958],[-123.05124,45.50958],[-123.05123,45.50958],[-123.05123,45.50958],[-123.05123,45.50958],[-123.05122,45.50958],[-123.05122,45.50958],[-123.05121,45.50958],[-123.05121,45.50958],[-123.0512,45.50958],[-123.0512,45.50958],[-123.0512,45.50958],[-123.05119,45.50957],[-123.05119,45.50958],[-123.05119,45.50958],[-123.05118,45.50958],[-123.05117,45.50958],[-123.05117,45.50958],[-123.05117,45.50958],[-123.05116,45.50958],[-123.05116,45.50958],[-123.05115,45.50958],[-123.05115,45.50958],[-123.05114,45.50958],[-123.05114,45.50958],[-123.05114,45.50958],[-123.05113,45.50958],[-123.05113,45.50958],[-123.05113,45.50958],[-123.05113,45.50958],[-123.05112,45.50958],[-123.05111,45.50958],[-123.05111,45.50958],[-123.05111,45.50958],[-123.0511,45.50958],[-123.0511,45.50958],[-123.0511,45.50958],[-123.05108,45.50959],[-123.05108,45.50959],[-123.05107,45.50959],[-123.05107,45.50959],[-123.05105,45.50959],[-123.05105,45.50959],[-123.05104,45.5096],[-123.05104,45.5096],[-123.05103,45.5096],[-123.05103,45.5096],[-123.05101,45.50961],[-123.05101,45.50961],[-123.051,45.50961],[-123.05087,45.50964],[-123.05064,45.5097],[-123.05056,45.50972],[-123.05048,45.50974],[-123.05026,45.5098],[-123.05021,45.51258],[-123.05019,45.51394],[-123.04981,45.51394],[-123.04968,45.51393],[-123.04923,45.51381],[-123.04911,45.51375],[-123.04846,45.51334],[-123.048,45.51311],[-123.04765,45.51288],[-123.04721,45.51256],[-123.04699,45.51244],[-123.04681,45.51238],[-123.04653,45.51222],[-123.04629,45.51204],[-123.04529,45.51131],[-123.04485,45.51085],[-123.0446,45.51067],[-123.04436,45.51044],[-123.04403,45.51017],[-123.04362,45.50988],[-123.04351,45.50971],[-123.04351,45.50955],[-123.0436,45.50943],[-123.0435,45.50947],[-123.04325,45.5094],[-123.04305,45.50919],[-123.04234,45.5088],[-123.04191,45.50862],[-123.04172,45.50858],[-123.04151,45.50859],[-123.04146,45.50866],[-123.04152,45.50874],[-123.04166,45.50905],[-123.04182,45.50912],[-123.0419,45.5092],[-123.0419,45.50924],[-123.04176,45.50934],[-123.04173,45.50948],[-123.04178,45.50987],[-123.04175,45.51006],[-123.04159,45.51069],[-123.04143,45.5109],[-123.0412,45.51106],[-123.04092,45.51099],[-123.0404,45.51095],[-123.04037,45.51085],[-123.04073,45.5107],[-123.04092,45.51058],[-123.04094,45.51034],[-123.04083,45.51009],[-123.04091,45.50979],[-123.0409,45.50906],[-123.04084,45.50898],[-123.0406,45.5091],[-123.04028,45.50937],[-123.04027,45.50937],[-123.04011,45.50946],[-123.03988,45.50953],[-123.03965,45.50955],[-123.03933,45.50954],[-123.03917,45.50952],[-123.03897,45.50943],[-123.03862,45.50917],[-123.03849,45.50901],[-123.03847,45.50888],[-123.03862,45.50839],[-123.03864,45.50825],[-123.03857,45.50811],[-123.03847,45.50801],[-123.03772,45.50752],[-123.03734,45.50739],[-123.03723,45.50719],[-123.03709,45.50703],[-123.03694,45.50693],[-123.03633,45.5068],[-123.03543,45.50673],[-123.03542,45.50654],[-123.03539,45.50651],[-123.03531,45.50643],[-123.03527,45.50639],[-123.03519,45.50626],[-123.03511,45.50617],[-123.0351,45.5058],[-123.0351,45.50556],[-123.03299,45.50556],[-123.03299,45.5055],[-123.03283,45.5055],[-123.03283,45.50556],[-123.03283,45.50561],[-123.03284,45.50593],[-123.03282,45.5066],[-123.0328,45.50722],[-123.03279,45.50727],[-123.03277,45.50811],[-123.03276,45.5083],[-123.03274,45.50893],[-123.03274,45.50895],[-123.03274,45.50901],[-123.03272,45.50956],[-123.03272,45.50957],[-123.0327,45.51012],[-123.0327,45.51016],[-123.0327,45.5102],[-123.03268,45.51067],[-123.03267,45.51122],[-123.03263,45.51263],[-123.03263,45.51266],[-123.03259,45.51381],[-123.03259,45.51384],[-123.03257,45.51481],[-123.03256,45.51504],[-123.03256,45.51558],[-123.03253,45.51609],[-123.03253,45.5163],[-123.03252,45.51635],[-123.03252,45.51666],[-123.03251,45.51684],[-123.0325,45.51706],[-123.0325,45.51716],[-123.0325,45.5173],[-123.03249,45.51752],[-123.03249,45.51758],[-123.03248,45.51783],[-123.03246,45.51855],[-123.03244,45.51924],[-123.03244,45.51933],[-123.03231,45.51931],[-123.03165,45.51923],[-123.03144,45.5192],[-123.03133,45.51919],[-123.03123,45.51918],[-123.02902,45.51891],[-123.02894,45.5189],[-123.02633,45.5186],[-123.02261,45.51817],[-123.02233,45.51814],[-123.02042,45.5179],[-123.02015,45.51787],[-123.01829,45.5177],[-123.01668,45.51769],[-123.01492,45.5177],[-123.01474,45.5177],[-123.01372,45.51753],[-123.0129,45.51728],[-123.01232,45.51699],[-123.01188,45.51668],[-123.01162,45.51651],[-123.01031,45.51597],[-123.00926,45.51567],[-123.00915,45.51564],[-123.009,45.5156],[-123.00814,45.51537],[-123.00794,45.51531],[-123.00769,45.51524],[-123.00749,45.51519],[-123.00734,45.51515],[-123.00677,45.51499],[-123.00654,45.51493],[-123.00599,45.51479],[-123.00501,45.51453],[-123.00402,45.51425],[-123.00376,45.51416],[-123.00357,45.51411],[-123.00379,45.51411],[-123.00395,45.51415],[-123.00417,45.51415],[-123.0055,45.51416],[-123.00571,45.51416],[-123.00727,45.51417],[-123.00673,45.51342],[-123.00654,45.51319],[-123.00388,45.50992],[-122.99756,45.50993],[-122.99756,45.50946],[-122.99295,45.50947],[-122.991,45.50949],[-122.991,45.50949],[-122.991,45.50867],[-122.991,45.50865],[-122.991,45.50741],[-122.991,45.50738],[-122.99099,45.50567],[-122.99099,45.50552],[-122.99099,45.50538],[-122.99099,45.50535],[-122.991,45.5053],[-122.99099,45.50515],[-122.991,45.50515],[-122.991,45.50515],[-122.99101,45.50352],[-122.99102,45.50219],[-122.99102,45.50178],[-122.99102,45.50133],[-122.99103,45.50093],[-122.99103,45.50031],[-122.99103,45.50029],[-122.99103,45.50022],[-122.99103,45.5001],[-122.99103,45.50007],[-122.99102,45.50004],[-122.99095,45.50001],[-122.99079,45.49993],[-122.99064,45.49985],[-122.9905,45.49973],[-122.99036,45.49961],[-122.99025,45.49951],[-122.99023,45.49949],[-122.99022,45.49948],[-122.99022,45.49948],[-122.99022,45.49948],[-122.99011,45.49939],[-122.98996,45.49927],[-122.98977,45.49914],[-122.98974,45.49912],[-122.98958,45.49905],[-122.98942,45.49896],[-122.98926,45.49884],[-122.98915,45.49872],[-122.98899,45.49857],[-122.98884,45.49842],[-122.98871,45.49828],[-122.9886,45.49815],[-122.98846,45.498],[-122.98842,45.49795],[-122.98833,45.49786],[-122.98832,45.49785],[-122.98831,45.49784],[-122.98812,45.49765],[-122.98795,45.49749],[-122.98791,45.49748],[-122.98778,45.49746],[-122.98755,45.49748],[-122.9874,45.49756],[-122.98734,45.49765],[-122.98739,45.49782],[-122.9875,45.49801],[-122.98762,45.49818],[-122.98769,45.49834],[-122.98775,45.49851],[-122.98773,45.49867],[-122.98771,45.49881],[-122.98769,45.49892],[-122.9876,45.49914],[-122.98751,45.49928],[-122.98736,45.49941],[-122.98734,45.49942],[-122.98717,45.49949],[-122.98694,45.49956],[-122.98673,45.49961],[-122.98672,45.49961],[-122.98659,45.49961],[-122.9865,45.49961],[-122.98645,45.49961],[-122.9863,45.49959],[-122.98629,45.49959],[-122.98626,45.49958],[-122.98611,45.49949],[-122.98605,45.49941],[-122.98603,45.49938],[-122.98592,45.49921],[-122.98583,45.49904],[-122.98582,45.49903],[-122.98574,45.49888],[-122.98563,45.49877],[-122.9856,45.49875],[-122.98544,45.49864],[-122.98524,45.49852],[-122.98503,45.49839],[-122.98502,45.49839],[-122.98486,45.49831],[-122.98484,45.4983],[-122.98482,45.4983],[-122.98459,45.49824],[-122.98434,45.4982],[-122.98403,45.49816],[-122.98378,45.49814],[-122.98345,45.4981],[-122.98315,45.4981],[-122.98292,45.49814],[-122.98269,45.49824],[-122.98248,45.49837],[-122.98231,45.4985],[-122.9823,45.49851],[-122.98216,45.49865],[-122.98216,45.49888],[-122.98217,45.5034],[-122.98217,45.50354],[-122.98217,45.50529],[-122.98217,45.50559],[-122.98217,45.5064],[-122.98217,45.50726],[-122.98203,45.50726],[-122.98081,45.50724],[-122.98003,45.50722],[-122.97959,45.50722],[-122.97728,45.50718],[-122.97721,45.50718],[-122.97647,45.50716],[-122.97645,45.50712],[-122.97645,45.50712],[-122.97645,45.50712],[-122.97645,45.50712],[-122.97643,45.50706],[-122.97626,45.50658],[-122.97615,45.50626],[-122.97601,45.50588],[-122.97598,45.50581],[-122.97586,45.50556],[-122.97577,45.50537],[-122.97556,45.50493],[-122.97556,45.50493],[-122.97556,45.50493],[-122.97519,45.50508],[-122.97447,45.50538],[-122.973,45.50539],[-122.97262,45.50531],[-122.97205,45.50519],[-122.97206,45.50514],[-122.97207,45.50514],[-122.97207,45.50514],[-122.97211,45.50505],[-122.97205,45.50504],[-122.97205,45.50504],[-122.97205,45.50504],[-122.97181,45.50499],[-122.97016,45.50469],[-122.96996,45.50465],[-122.96945,45.50455],[-122.96929,45.50453],[-122.96929,45.50453],[-122.97017,45.50381],[-122.97027,45.50373],[-122.97072,45.50336],[-122.97173,45.50254],[-122.97183,45.50246],[-122.97209,45.50224],[-122.97266,45.50178],[-122.97283,45.50163],[-122.97285,45.50161],[-122.97415,45.50056],[-122.97417,45.4999],[-122.97418,45.49963],[-122.97418,45.49959],[-122.97419,45.49951],[-122.9742,45.49928],[-122.97417,45.49928],[-122.97252,45.49912],[-122.97222,45.49909],[-122.97162,45.49904],[-122.97151,45.49903],[-122.97153,45.49863],[-122.97154,45.49847],[-122.97155,45.49832],[-122.97156,45.49814],[-122.97157,45.49797],[-122.97158,45.49777],[-122.9713,45.49775],[-122.97102,45.49773],[-122.97078,45.49772],[-122.97037,45.49769],[-122.97023,45.49768],[-122.97014,45.49768],[-122.96991,45.49766],[-122.9698,45.49766],[-122.96982,45.49756],[-122.97003,45.49654],[-122.969,45.49637],[-122.96844,45.49628],[-122.96833,45.49625],[-122.96853,45.49599],[-122.96898,45.49533],[-122.9691,45.49516],[-122.96929,45.49459],[-122.9693,45.49456],[-122.96932,45.49447],[-122.96936,45.4943],[-122.96923,45.49426],[-122.9683,45.49389],[-122.96804,45.49378],[-122.96783,45.49369],[-122.96781,45.49368],[-122.96768,45.49362],[-122.96735,45.49349],[-122.96724,45.49344],[-122.96707,45.49337],[-122.96659,45.49317],[-122.96615,45.49299],[-122.96606,45.49296],[-122.96603,45.49294],[-122.96587,45.49288],[-122.96565,45.49278],[-122.96546,45.4927],[-122.96521,45.4926],[-122.96496,45.4925],[-122.96491,45.49248],[-122.96488,45.49247],[-122.96486,45.49246],[-122.96459,45.49236],[-122.96439,45.49228],[-122.96431,45.49224],[-122.96339,45.49186],[-122.96298,45.49169],[-122.96265,45.49155],[-122.96249,45.49148],[-122.96183,45.49119],[-122.96146,45.49104],[-122.96135,45.49099],[-122.96117,45.49092],[-122.96108,45.49088],[-122.96097,45.49084],[-122.96089,45.49081],[-122.96079,45.49076],[-122.96051,45.49063],[-122.96046,45.49065],[-122.96038,45.49068],[-122.96022,45.49077],[-122.96004,45.49088],[-122.95992,45.49096],[-122.95981,45.49093],[-122.95974,45.4909],[-122.9597,45.49089],[-122.95963,45.49087],[-122.95942,45.49081],[-122.95919,45.49074],[-122.95908,45.4907],[-122.95893,45.49066],[-122.95877,45.49061],[-122.95865,45.49057],[-122.95863,45.49056],[-122.95864,45.4896],[-122.95865,45.48847],[-122.95865,45.48834],[-122.95865,45.48826],[-122.95842,45.48827],[-122.95813,45.48828],[-122.95804,45.4883],[-122.95786,45.48833],[-122.95783,45.48833],[-122.95749,45.48845],[-122.95719,45.48856],[-122.95697,45.4887],[-122.9566,45.48888],[-122.95657,45.48889],[-122.95655,45.4889],[-122.95654,45.4889],[-122.95636,45.48895],[-122.95607,45.48904],[-122.9558,45.48912],[-122.95552,45.4892],[-122.9553,45.48927],[-122.95508,45.48933],[-122.9549,45.4894],[-122.95476,45.48947],[-122.95465,45.48952],[-122.95435,45.48964],[-122.95422,45.4897],[-122.95415,45.48972],[-122.95413,45.48973],[-122.95375,45.48984],[-122.95371,45.48984],[-122.95362,45.48986],[-122.95326,45.48991],[-122.95305,45.48991],[-122.95268,45.4899],[-122.95264,45.48991],[-122.95177,45.48996],[-122.95148,45.48995],[-122.95048,45.49008],[-122.9497,45.49019],[-122.94952,45.49021],[-122.94867,45.49034],[-122.94763,45.49053],[-122.94751,45.49055],[-122.94736,45.49056],[-122.94716,45.49057],[-122.94687,45.49059],[-122.94676,45.4906],[-122.9461,45.49066],[-122.9459,45.49069],[-122.94548,45.49074],[-122.94506,45.49078],[-122.94439,45.49085],[-122.94377,45.49086],[-122.94336,45.49082],[-122.94316,45.49079],[-122.94296,45.49076],[-122.94275,45.4907],[-122.94257,45.49066],[-122.94245,45.49059],[-122.94226,45.49046],[-122.94206,45.49032],[-122.94198,45.49022],[-122.94185,45.4901],[-122.94171,45.48994],[-122.94162,45.48984],[-122.94147,45.48955],[-122.94137,45.48931],[-122.94132,45.48899],[-122.9413,45.48878],[-122.94144,45.48846],[-122.94147,45.48839],[-122.94161,45.48805],[-122.94172,45.48792],[-122.94188,45.48776],[-122.94202,45.48761],[-122.94235,45.48721],[-122.94243,45.48712],[-122.94255,45.48672],[-122.94266,45.48634],[-122.94261,45.48606],[-122.94254,45.48574],[-122.94237,45.48535],[-122.94222,45.48501],[-122.94198,45.48464],[-122.94188,45.48448],[-122.94175,45.48435],[-122.94159,45.48419],[-122.94139,45.48405],[-122.94114,45.48388],[-122.94082,45.48389],[-122.94065,45.4839],[-122.94005,45.48415],[-122.93929,45.48451],[-122.93879,45.48485],[-122.93853,45.48502],[-122.93842,45.48548],[-122.93833,45.4858],[-122.93827,45.48606],[-122.93823,45.48618],[-122.9381,45.4864],[-122.93804,45.48644],[-122.93794,45.48632],[-122.93785,45.48616],[-122.93779,45.48604],[-122.93771,45.48592],[-122.93764,45.48582],[-122.93755,45.48573],[-122.9375,45.48564],[-122.93746,45.48555],[-122.93734,45.48538],[-122.9372,45.4852],[-122.93708,45.48507],[-122.93692,45.48491],[-122.93691,45.4849],[-122.93678,45.48477],[-122.93677,45.48476],[-122.93657,45.48454],[-122.93623,45.4842],[-122.9362,45.48417],[-122.93601,45.48397],[-122.93573,45.48369],[-122.93562,45.48358],[-122.93537,45.48334],[-122.93493,45.48291],[-122.93455,45.48253],[-122.93447,45.48246],[-122.93434,45.48229],[-122.93398,45.48227],[-122.93243,45.48228],[-122.92922,45.48228],[-122.92836,45.48226],[-122.92789,45.48224],[-122.92698,45.48222],[-122.92539,45.48218],[-122.92541,45.48308],[-122.92697,45.48345],[-122.92922,45.484],[-122.9297,45.4841],[-122.93034,45.48425],[-122.93036,45.48492],[-122.93047,45.48803],[-122.93048,45.48829],[-122.93042,45.48834],[-122.93021,45.48837],[-122.93005,45.48848],[-122.92986,45.48856],[-122.92974,45.48874],[-122.92945,45.4889],[-122.92923,45.48896],[-122.92906,45.48891],[-122.92891,45.48887],[-122.92861,45.489],[-122.92844,45.48913],[-122.92828,45.48923],[-122.92812,45.48933],[-122.92792,45.4894],[-122.92774,45.48949],[-122.92761,45.48959],[-122.92744,45.48971],[-122.92727,45.48973],[-122.92701,45.48983],[-122.92683,45.49],[-122.92675,45.49006],[-122.92632,45.49021],[-122.92621,45.49037],[-122.92616,45.49043],[-122.92597,45.49062],[-122.92577,45.49077],[-122.92555,45.49086],[-122.92533,45.49099],[-122.92506,45.49105],[-122.92478,45.49113],[-122.92457,45.49118],[-122.92436,45.49122],[-122.92424,45.49125],[-122.92406,45.49129],[-122.92378,45.49116],[-122.92375,45.49041],[-122.92374,45.4901],[-122.92373,45.48973],[-122.92373,45.48973],[-122.92369,45.48856],[-122.92364,45.48755],[-122.91807,45.48688],[-122.91392,45.48639],[-122.91388,45.48517],[-122.91387,45.48458],[-122.91384,45.48457],[-122.91382,45.48388],[-122.91385,45.48388],[-122.91384,45.48361],[-122.91379,45.48182],[-122.91381,45.48182],[-122.91384,45.48097],[-122.91387,45.48012],[-122.9139,45.47941],[-122.91379,45.47938],[-122.91375,45.47845],[-122.91371,45.47832],[-122.91368,45.47824],[-122.91375,45.47681],[-122.91377,45.4765],[-122.91374,45.47569],[-122.91372,45.47516],[-122.91371,45.4751],[-122.91371,45.47475],[-122.91371,45.47451],[-122.91371,45.47426],[-122.91371,45.4741],[-122.91371,45.47406],[-122.91371,45.47404],[-122.91371,45.47401],[-122.9137,45.47356],[-122.9137,45.47338],[-122.9137,45.47326],[-122.9137,45.473],[-122.9137,45.47259],[-122.91369,45.47134],[-122.91369,45.47118],[-122.91366,45.4694],[-122.91365,45.46925],[-122.91114,45.46926],[-122.91098,45.46927],[-122.91057,45.46928],[-122.90865,45.4693],[-122.90854,45.4693],[-122.90826,45.46941],[-122.90797,45.46956],[-122.90786,45.46962],[-122.90769,45.46972],[-122.90744,45.46986],[-122.90731,45.46993],[-122.90721,45.47003],[-122.90688,45.47016],[-122.90664,45.47017],[-122.90656,45.47018],[-122.90627,45.47018],[-122.90599,45.47018],[-122.90554,45.47018],[-122.90485,45.47017],[-122.90443,45.47017],[-122.90431,45.47017],[-122.9043,45.47031],[-122.90365,45.47031],[-122.90362,45.47202],[-122.90094,45.47198],[-122.90088,45.47061],[-122.90087,45.47036],[-122.8997,45.47035],[-122.89969,45.47029],[-122.89891,45.47028],[-122.89848,45.47028],[-122.8985,45.47022],[-122.90186,45.47023],[-122.90352,45.47023],[-122.90353,45.47016],[-122.90355,45.4696],[-122.9036,45.4686],[-122.9036,45.46842],[-122.90375,45.46573],[-122.90376,45.46567],[-122.90534,45.46563],[-122.90554,45.46563],[-122.90605,45.46465],[-122.90547,45.46438],[-122.90391,45.46364],[-122.90232,45.4629],[-122.90203,45.46276],[-122.90196,45.46273],[-122.90134,45.46223],[-122.90125,45.46215],[-122.8989,45.46214],[-122.89898,45.46207],[-122.90123,45.46208],[-122.90785,45.46213],[-122.90843,45.46213],[-122.90839,45.46041],[-122.90839,45.46027],[-122.90838,45.45855],[-122.90868,45.45855],[-122.90868,45.45848],[-122.90867,45.4567],[-122.90888,45.45673],[-122.90976,45.45684],[-122.90934,45.45444],[-122.90933,45.45441],[-122.90914,45.45394],[-122.90898,45.45286],[-122.90891,45.45234],[-122.9089,45.45228],[-122.90888,45.45218],[-122.90888,45.45216],[-122.9091,45.45205],[-122.90913,45.45204],[-122.90912,45.45193],[-122.9091,45.45178],[-122.90908,45.4516],[-122.90902,45.4511],[-122.909,45.45089],[-122.90898,45.45067],[-122.90896,45.45046],[-122.90893,45.45023],[-122.9089,45.44997],[-122.90887,45.44965],[-122.90882,45.44914],[-122.90779,45.44909],[-122.90625,45.44903],[-122.90461,45.44896],[-122.90453,45.44894],[-122.90446,45.44795],[-122.90445,45.44764],[-122.90335,45.44764],[-122.89942,45.44767],[-122.89837,45.44766],[-122.895,45.44767],[-122.895,45.44764],[-122.89286,45.44764],[-122.89256,45.44764],[-122.89157,45.44763],[-122.89021,45.44763],[-122.88984,45.44763],[-122.88823,45.44762],[-122.88813,45.44766],[-122.88498,45.44764],[-122.885,45.4438],[-122.88492,45.44037],[-122.88606,45.44036],[-122.88628,45.4324],[-122.88013,45.43235],[-122.87935,45.43194],[-122.87892,45.43171],[-122.87831,45.43124],[-122.87784,45.43084],[-122.87778,45.43084],[-122.87753,45.43063],[-122.87714,45.43031],[-122.87665,45.42991],[-122.876,45.42937],[-122.87558,45.42902],[-122.87525,45.42875],[-122.87497,45.4285],[-122.8748,45.4283],[-122.87456,45.428],[-122.87417,45.42754],[-122.87383,45.42712],[-122.87367,45.42694],[-122.87319,45.42635],[-122.87278,45.42585],[-122.87241,45.4254],[-122.87224,45.4252],[-122.87205,45.42496],[-122.87187,45.42474],[-122.87175,45.42459],[-122.87117,45.42475],[-122.86978,45.42514],[-122.86844,45.42551],[-122.86815,45.42559],[-122.86804,45.42561],[-122.86793,45.42563],[-122.86784,45.42565],[-122.86776,45.42566],[-122.86768,45.42567],[-122.86754,45.42569],[-122.86754,45.42559],[-122.86754,45.42468],[-122.86754,45.4244],[-122.86754,45.4243],[-122.86755,45.42244],[-122.86755,45.42236],[-122.86756,45.42062],[-122.86749,45.42062],[-122.86739,45.42062],[-122.86486,45.42064],[-122.86483,45.42057],[-122.86445,45.41972],[-122.86392,45.41972],[-122.86333,45.41973],[-122.86103,45.41974],[-122.86104,45.41933],[-122.85998,45.41932],[-122.85961,45.41932],[-122.85951,45.41932],[-122.85951,45.41917],[-122.85951,45.41906],[-122.85951,45.41891],[-122.85952,45.41885],[-122.85952,45.41878],[-122.85952,45.41874],[-122.85952,45.41864],[-122.85952,45.41861],[-122.85952,45.41841],[-122.85953,45.41841],[-122.85959,45.41841],[-122.8621,45.41839],[-122.8621,45.41837],[-122.8621,45.41731],[-122.8621,45.41551],[-122.86209,45.41528],[-122.86209,45.41487],[-122.86209,45.41481],[-122.86209,45.41478],[-122.86209,45.41477],[-122.86209,45.41325],[-122.86209,45.41281],[-122.86209,45.41235],[-122.86208,45.41116],[-122.85695,45.41119],[-122.85691,45.41119],[-122.85627,45.41119],[-122.85564,45.4112],[-122.85494,45.4112],[-122.85439,45.41121],[-122.85435,45.41121],[-122.85359,45.41121],[-122.85349,45.41121],[-122.85191,45.41122],[-122.85191,45.41056],[-122.85186,45.41018],[-122.85186,45.41014],[-122.85185,45.40984],[-122.85184,45.40981],[-122.85184,45.4098],[-122.85184,45.40895],[-122.85183,45.408],[-122.85183,45.40788],[-122.85182,45.40762],[-122.85182,45.40729],[-122.85182,45.40715],[-122.85182,45.40701],[-122.85182,45.40687],[-122.85185,45.40444],[-122.85186,45.40435],[-122.85189,45.40435],[-122.85191,45.40414],[-122.85191,45.40373],[-122.85192,45.40345],[-122.8519,45.40319],[-122.8519,45.4031],[-122.8519,45.40309],[-122.8519,45.40301],[-122.85191,45.40297],[-122.85197,45.40297],[-122.852,45.40297],[-122.85205,45.40055],[-122.85205,45.40055],[-122.85205,45.40048],[-122.85213,45.39979],[-122.85215,45.39964],[-122.85217,45.3995],[-122.85218,45.39935],[-122.85219,45.39921],[-122.85219,45.39906],[-122.85219,45.39884],[-122.85211,45.39484],[-122.8521,45.3946],[-122.85208,45.39418],[-122.85202,45.39364],[-122.85192,45.39242],[-122.85191,45.39218],[-122.8519,45.39194],[-122.85189,45.3917],[-122.8519,45.39133],[-122.85193,45.39052],[-122.85195,45.38958],[-122.85196,45.3892],[-122.85173,45.3891],[-122.8517,45.38915],[-122.85166,45.38921],[-122.8516,45.38927],[-122.85151,45.38934],[-122.8514,45.38941],[-122.85134,45.38943],[-122.85132,45.38944],[-122.85126,45.38947],[-122.85114,45.38951],[-122.85097,45.38954],[-122.85075,45.38955],[-122.8504,45.38957],[-122.84924,45.38959],[-122.84833,45.38961],[-122.84788,45.38965],[-122.84758,45.38969],[-122.84728,45.38972],[-122.84699,45.38975],[-122.84678,45.38978],[-122.84673,45.38979],[-122.84658,45.38982],[-122.84637,45.3899],[-122.84619,45.38999],[-122.84607,45.3901],[-122.84595,45.39027],[-122.84594,45.39028],[-122.84588,45.3904],[-122.84587,45.39042],[-122.84585,45.39058],[-122.84582,45.39083],[-122.84583,45.39102],[-122.84583,45.39105],[-122.84582,45.39129],[-122.84582,45.39152],[-122.84582,45.39172],[-122.84582,45.3919],[-122.84578,45.39207],[-122.84572,45.39219],[-122.84558,45.39231],[-122.84547,45.39238],[-122.84529,45.39244],[-122.84508,45.39249],[-122.84496,45.39251],[-122.84494,45.39252],[-122.84484,45.39255],[-122.84475,45.39256],[-122.84468,45.39258],[-122.84456,45.3926],[-122.84445,45.39262],[-122.84435,45.39264],[-122.84424,45.39267],[-122.84415,45.39271],[-122.84405,45.39275],[-122.84398,45.39279],[-122.84386,45.39287],[-122.84375,45.39296],[-122.84368,45.39305],[-122.84364,45.39318],[-122.8436,45.39329],[-122.84359,45.39336],[-122.84358,45.39345],[-122.84358,45.39356],[-122.84358,45.39366],[-122.84359,45.39376],[-122.84358,45.39398],[-122.84358,45.39412],[-122.84356,45.39421],[-122.84357,45.39436],[-122.84358,45.39459],[-122.8415,45.39463],[-122.8415,45.39444],[-122.84061,45.39445],[-122.84049,45.39469],[-122.83849,45.39612],[-122.83845,45.39615],[-122.83836,45.39622],[-122.8381,45.39641],[-122.83808,45.39642],[-122.83702,45.39663],[-122.83639,45.39645],[-122.83538,45.3961],[-122.83459,45.39598],[-122.83326,45.39599],[-122.83278,45.396],[-122.83275,45.396],[-122.83129,45.39606],[-122.8312,45.39606],[-122.83116,45.39606],[-122.8308,45.39605],[-122.83079,45.39605],[-122.82874,45.39597],[-122.82824,45.39591],[-122.82733,45.3958],[-122.8261,45.39558],[-122.8261,45.39562],[-122.82606,45.39561],[-122.82554,45.39548],[-122.825,45.39538],[-122.82455,45.39532],[-122.82394,45.39536],[-122.82329,45.39556],[-122.82289,45.39571],[-122.82257,45.39585],[-122.82238,45.39581],[-122.82216,45.39564],[-122.82203,45.39551],[-122.82177,45.39539],[-122.82153,45.39526],[-122.82124,45.39492],[-122.82121,45.39488],[-122.82102,45.39467],[-122.82071,45.39428],[-122.82049,45.39399],[-122.82036,45.39369],[-122.82031,45.39358],[-122.82015,45.39349],[-122.81997,45.3933],[-122.81992,45.39309],[-122.81979,45.39295],[-122.81927,45.39251],[-122.81901,45.39214],[-122.81865,45.39189],[-122.81862,45.39186],[-122.81812,45.39127],[-122.81812,45.39125],[-122.81809,45.38964],[-122.81856,45.38962],[-122.82224,45.38957],[-122.82596,45.38951],[-122.82599,45.3883],[-122.82599,45.3879],[-122.82603,45.386],[-122.82606,45.38463],[-122.82608,45.38371],[-122.82609,45.383],[-122.8261,45.38241],[-122.8261,45.38237],[-122.8261,45.38221],[-122.82611,45.38217],[-122.82611,45.38195],[-122.82573,45.38205],[-122.82544,45.38213],[-122.82466,45.38234],[-122.8243,45.38246],[-122.82259,45.38303],[-122.82207,45.38317],[-122.81824,45.3842],[-122.81799,45.38427],[-122.81786,45.3843],[-122.81772,45.38434],[-122.81755,45.38438],[-122.81727,45.38444],[-122.81717,45.3841],[-122.81711,45.38376],[-122.81704,45.38345],[-122.817,45.38324],[-122.81694,45.38295],[-122.81691,45.38281],[-122.81687,45.38262],[-122.81684,45.38248],[-122.81683,45.38242],[-122.81682,45.38239],[-122.81679,45.38233],[-122.81675,45.38223],[-122.81671,45.38211],[-122.81656,45.38174],[-122.8163,45.38111],[-122.81611,45.38065],[-122.81589,45.3801],[-122.8158,45.37989],[-122.81556,45.37931],[-122.81503,45.378],[-122.81477,45.37735],[-122.81451,45.37673],[-122.81687,45.37516],[-122.8179,45.37449],[-122.8213,45.37228],[-122.82258,45.37144],[-122.82317,45.37106],[-122.82361,45.37077],[-122.82452,45.37016],[-122.82458,45.37008],[-122.82466,45.36995],[-122.82466,45.37001],[-122.82474,45.37001],[-122.8248,45.37001],[-122.82484,45.37],[-122.82488,45.37],[-122.82509,45.37],[-122.82519,45.37],[-122.82533,45.37],[-122.82534,45.36995],[-122.82534,45.36988],[-122.82627,45.36988],[-122.82872,45.36986],[-122.82884,45.36986],[-122.82899,45.36986],[-122.82928,45.36986],[-122.82973,45.36986],[-122.82974,45.37013],[-122.82974,45.3704],[-122.82975,45.37104],[-122.82975,45.37123],[-122.82975,45.37146],[-122.83107,45.37146],[-122.83134,45.37146],[-122.83171,45.37145],[-122.83182,45.37145],[-122.83248,45.37145],[-122.83288,45.37145],[-122.83338,45.37145],[-122.83386,45.37145],[-122.83391,45.37326],[-122.83391,45.37339],[-122.83391,45.37507],[-122.8359,45.37507],[-122.8363,45.37507],[-122.8433,45.37503],[-122.84354,45.37503],[-122.84482,45.37502],[-122.84587,45.37502],[-122.84681,45.37501],[-122.84955,45.37499],[-122.85182,45.37498],[-122.85209,45.37497],[-122.85654,45.37494],[-122.85662,45.37494],[-122.85669,45.37494],[-122.85677,45.37494],[-122.85695,45.37494],[-122.8601,45.37494],[-122.86762,45.37495],[-122.86775,45.37494],[-122.86781,45.3678],[-122.86781,45.3677],[-122.86781,45.3654],[-122.86781,45.3617],[-122.86781,45.36164],[-122.86781,45.36164],[-122.86782,45.36164],[-122.86783,45.36164],[-122.86798,45.36164],[-122.86795,45.36049],[-122.86795,45.35914],[-122.86795,45.35874],[-122.8699,45.35875],[-122.87074,45.35876],[-122.87505,45.35878],[-122.87504,45.35867],[-122.87498,45.35867],[-122.87467,45.35866],[-122.87467,45.35762],[-122.87467,45.356],[-122.87466,45.35335],[-122.87505,45.35335],[-122.87505,45.35324],[-122.87487,45.35324],[-122.87379,45.35324],[-122.87271,45.35323],[-122.87169,45.35323],[-122.87041,45.35322],[-122.86989,45.35322],[-122.86887,45.35322],[-122.86867,45.35322],[-122.86815,45.35322],[-122.86795,45.35322],[-122.86795,45.35301],[-122.86794,45.35264],[-122.86794,45.35262],[-122.86794,45.35262],[-122.86794,45.35262],[-122.86797,45.35258],[-122.86799,45.35255],[-122.86799,45.35255],[-122.86799,45.35255],[-122.86857,45.35157],[-122.86903,45.35073],[-122.86908,45.35063],[-122.86937,45.35009],[-122.86944,45.34995],[-122.86965,45.34955],[-122.86978,45.34931],[-122.87016,45.34859],[-122.87034,45.34826],[-122.87038,45.34819],[-122.87043,45.3481],[-122.87046,45.34805],[-122.87027,45.348],[-122.87047,45.34761],[-122.87051,45.34752],[-122.87057,45.34739],[-122.87076,45.34745],[-122.87111,45.34678],[-122.87141,45.34624],[-122.87152,45.34605],[-122.87152,45.34604],[-122.87018,45.34604],[-122.87018,45.34604],[-122.86965,45.34604],[-122.86965,45.34684],[-122.86965,45.34692],[-122.86944,45.34689],[-122.86916,45.34685],[-122.86796,45.34667],[-122.86788,45.34666],[-122.86788,45.34665],[-122.86787,45.3458],[-122.86787,45.34572],[-122.86787,45.34571],[-122.86782,45.3457],[-122.86696,45.3457],[-122.86672,45.3457],[-122.86661,45.3457],[-122.86652,45.34571],[-122.86542,45.34586],[-122.86527,45.34588],[-122.86495,45.34591],[-122.86495,45.34591],[-122.86495,45.34587],[-122.86495,45.34586],[-122.86494,45.34573],[-122.86494,45.34573],[-122.86492,45.34572],[-122.86492,45.34562],[-122.86492,45.34562],[-122.86415,45.34564],[-122.86156,45.34569],[-122.86144,45.34569],[-122.86144,45.34568],[-122.86144,45.34561],[-122.86144,45.34561],[-122.86142,45.34514],[-122.86141,45.34503],[-122.86141,45.34496],[-122.86135,45.34363],[-122.86102,45.34362],[-122.86102,45.34357],[-122.86102,45.34303],[-122.86101,45.34247],[-122.86101,45.34241],[-122.86101,45.34241],[-122.86101,45.34241],[-122.86101,45.34236],[-122.86057,45.34236],[-122.85938,45.34236],[-122.85881,45.34236],[-122.85801,45.34236],[-122.85696,45.34236],[-122.85681,45.34235],[-122.85661,45.34236],[-122.8566,45.34236],[-122.8537,45.34237],[-122.85369,45.34237],[-122.85368,45.34237],[-122.85207,45.34238],[-122.85207,45.34238],[-122.85164,45.34238],[-122.85164,45.34238],[-122.85152,45.34239],[-122.85146,45.34239],[-122.84974,45.3424],[-122.84939,45.3424],[-122.84905,45.3424],[-122.84902,45.3424],[-122.84902,45.34251],[-122.84901,45.3438],[-122.84901,45.34396],[-122.84901,45.34432],[-122.84901,45.34444],[-122.84935,45.34444],[-122.84935,45.34444],[-122.84942,45.34444],[-122.84942,45.34444],[-122.84942,45.34505],[-122.84942,45.34513],[-122.84941,45.34559],[-122.84941,45.34593],[-122.84933,45.34593],[-122.84931,45.34593],[-122.84859,45.34594],[-122.8484,45.34594],[-122.84653,45.34594],[-122.84653,45.34612],[-122.84661,45.34612],[-122.84706,45.34612],[-122.84708,45.34612],[-122.84729,45.34611],[-122.84729,45.34611],[-122.84706,45.34612],[-122.8466,45.34612],[-122.84484,45.34613],[-122.8433,45.34614],[-122.84323,45.34614],[-122.84075,45.34615],[-122.83926,45.34616],[-122.83834,45.34616],[-122.83718,45.34617],[-122.83711,45.34617],[-122.83658,45.34617],[-122.83619,45.34617],[-122.83616,45.34617],[-122.83611,45.34617],[-122.83593,45.34617],[-122.8349,45.34618],[-122.83366,45.34619],[-122.83361,45.34619],[-122.83256,45.34619],[-122.83232,45.34619],[-122.83179,45.34619],[-122.83154,45.3462],[-122.83129,45.3462],[-122.83101,45.3462],[-122.83073,45.34619],[-122.82599,45.34622],[-122.82577,45.34622],[-122.82574,45.34622],[-122.82558,45.34622],[-122.82537,45.34622],[-122.8249,45.34622],[-122.82393,45.34623],[-122.82216,45.34624],[-122.82186,45.34624],[-122.82147,45.34624],[-122.82112,45.34624],[-122.82073,45.34624],[-122.81976,45.34625],[-122.81783,45.34625],[-122.81581,45.34626],[-122.8156,45.34626],[-122.81446,45.34626],[-122.81158,45.34628],[-122.81149,45.34628],[-122.8113,45.34628],[-122.81066,45.34628],[-122.80942,45.34628],[-122.80748,45.34628],[-122.80711,45.34629],[-122.8057,45.34629],[-122.8057,45.34631],[-122.8056,45.34631],[-122.80365,45.34631],[-122.80231,45.34632],[-122.8012,45.34632],[-122.80076,45.34632],[-122.80073,45.34633],[-122.80047,45.34633],[-122.80046,45.34633],[-122.8002,45.34633],[-122.7979,45.34634],[-122.79532,45.34635],[-122.7944,45.34643],[-122.7942,45.34644],[-122.79402,45.34644],[-122.7936,45.34645],[-122.79264,45.34647],[-122.79023,45.34645],[-122.79001,45.34644],[-122.78963,45.34644],[-122.78878,45.34644],[-122.78748,45.34643],[-122.78513,45.34642],[-122.78507,45.34642],[-122.78507,45.34596],[-122.78506,45.34488],[-122.78505,45.34456],[-122.78701,45.34456],[-122.78755,45.34456],[-122.7886,45.34456],[-122.79013,45.34455],[-122.79013,45.34455],[-122.791,45.34454],[-122.79101,45.34454],[-122.79112,45.34455],[-122.7927,45.34456],[-122.79329,45.34456],[-122.79331,45.34456],[-122.79332,45.34456],[-122.79333,45.34456],[-122.79333,45.34456],[-122.79334,45.34457],[-122.79335,45.34457],[-122.79337,45.34458],[-122.7934,45.34459],[-122.79342,45.3446],[-122.79345,45.3446],[-122.79348,45.3446],[-122.79351,45.34459],[-122.79354,45.34459],[-122.79356,45.34458],[-122.79359,45.34456],[-122.7936,45.34455],[-122.79362,45.34453],[-122.79363,45.34451],[-122.79364,45.34449],[-122.79364,45.34447],[-122.79375,45.34447],[-122.79481,45.34446],[-122.79481,45.34446],[-122.79482,45.34445],[-122.79482,45.34445],[-122.7949,45.34419],[-122.79498,45.34392],[-122.79501,45.34379],[-122.79503,45.34374],[-122.79509,45.34348],[-122.79511,45.34339],[-122.79513,45.3433],[-122.79514,45.34321],[-122.79515,45.34312],[-122.79516,45.34304],[-122.79517,45.34301],[-122.79516,45.34299],[-122.79517,45.34294],[-122.79517,45.34285],[-122.79518,45.34276],[-122.79518,45.34265],[-122.79518,45.34265],[-122.79517,45.3425],[-122.79515,45.34238],[-122.79514,45.34227],[-122.79512,45.34216],[-122.7951,45.34205],[-122.79508,45.34193],[-122.79506,45.34182],[-122.79502,45.34168],[-122.79499,45.34157],[-122.79496,45.34146],[-122.79492,45.34135],[-122.79488,45.34124],[-122.79484,45.34113],[-122.79478,45.34098],[-122.79475,45.34091],[-122.79473,45.34084],[-122.79428,45.33972],[-122.79406,45.33918],[-122.79406,45.33917],[-122.79405,45.33916],[-122.79405,45.33914],[-122.79397,45.33894],[-122.79279,45.33894],[-122.79148,45.33895],[-122.79024,45.33896],[-122.78906,45.33896],[-122.78774,45.33897],[-122.78707,45.33898],[-122.78726,45.33867],[-122.78736,45.3385],[-122.78778,45.33783],[-122.7878,45.33779],[-122.78782,45.33775],[-122.78797,45.33751],[-122.7878,45.33751],[-122.78622,45.33737],[-122.78511,45.33727],[-122.78503,45.33727],[-122.78498,45.33726],[-122.78493,45.33371],[-122.78492,45.33291],[-122.785,45.33293],[-122.78649,45.33322],[-122.78692,45.33331],[-122.78697,45.3332],[-122.78698,45.33318],[-122.78719,45.33265],[-122.78752,45.33182],[-122.78752,45.33182],[-122.78751,45.33182],[-122.78661,45.33182],[-122.78587,45.33182],[-122.78505,45.33183],[-122.785,45.33183],[-122.7849,45.33183],[-122.7849,45.33181],[-122.7849,45.33177],[-122.78479,45.33177],[-122.78479,45.33171],[-122.78479,45.33166],[-122.78477,45.33069],[-122.78492,45.33069],[-122.78492,45.33025],[-122.78492,45.32907],[-122.78492,45.32888],[-122.78492,45.32876],[-122.78491,45.32459],[-122.78493,45.32278],[-122.78495,45.32098],[-122.78496,45.31917],[-122.78498,45.3175],[-122.78498,45.31742],[-122.78498,45.31737],[-122.78498,45.31737],[-122.78498,45.31737],[-122.79041,45.31735],[-122.79057,45.31735],[-122.79099,45.31735],[-122.79524,45.31734],[-122.79708,45.31734],[-122.79746,45.31734],[-122.79804,45.31734],[-122.79845,45.31733],[-122.79972,45.31732],[-122.80058,45.31559],[-122.80067,45.31544],[-122.80074,45.3153],[-122.80083,45.3151],[-122.80086,45.315],[-122.8009,45.31486],[-122.80091,45.31483],[-122.80091,45.31483],[-122.80108,45.31443],[-122.8017,45.31291],[-122.80199,45.31219],[-122.80236,45.31128],[-122.80332,45.30889],[-122.80343,45.30862],[-122.80358,45.30825],[-122.80373,45.30789],[-122.80388,45.30749],[-122.80418,45.30674],[-122.80436,45.30648],[-122.80455,45.30627],[-122.80529,45.30558],[-122.80541,45.30548],[-122.80591,45.30499],[-122.80654,45.30442],[-122.80713,45.3039],[-122.80707,45.30387],[-122.80636,45.30339],[-122.80549,45.30312],[-122.80535,45.30307],[-122.80522,45.30303],[-122.80513,45.30305],[-122.80498,45.30308],[-122.8042,45.30325],[-122.8016,45.30378],[-122.80061,45.30398],[-122.80055,45.30603],[-122.80053,45.30603],[-122.79828,45.30604],[-122.79608,45.30605],[-122.79608,45.30672],[-122.79607,45.30709],[-122.79607,45.30739],[-122.79607,45.30745],[-122.79479,45.30745],[-122.79391,45.30745],[-122.79388,45.30745],[-122.79388,45.30726],[-122.79389,45.30691],[-122.79389,45.30669],[-122.79389,45.30651],[-122.79389,45.30613],[-122.79389,45.30592],[-122.79389,45.30575],[-122.79389,45.3054],[-122.7939,45.30515],[-122.7939,45.30479],[-122.7939,45.30457],[-122.7939,45.30437],[-122.7939,45.30416],[-122.7939,45.30394],[-122.79391,45.30353],[-122.79391,45.30325],[-122.79391,45.30309],[-122.79391,45.30255],[-122.79391,45.30254],[-122.79399,45.30247],[-122.79399,45.30247],[-122.79474,45.30168],[-122.79576,45.30149],[-122.79763,45.30066],[-122.79612,45.29904],[-122.79928,45.29796],[-122.79833,45.29658],[-122.79775,45.29678],[-122.79773,45.29675],[-122.7975,45.29635],[-122.79735,45.29609],[-122.79723,45.29589],[-122.79698,45.29542],[-122.79683,45.29516],[-122.79673,45.29498],[-122.79661,45.29477],[-122.79647,45.29453],[-122.7963,45.29422],[-122.79628,45.29418],[-122.79616,45.29398],[-122.79613,45.29392],[-122.79605,45.29376],[-122.79594,45.29359],[-122.79585,45.29342],[-122.79575,45.29325],[-122.79566,45.29308],[-122.79558,45.29295],[-122.79559,45.29276],[-122.79559,45.29257],[-122.7956,45.29238],[-122.79561,45.29185],[-122.79561,45.29183],[-122.79562,45.29141],[-122.79562,45.2912],[-122.79562,45.29111],[-122.79563,45.29091],[-122.79563,45.29069],[-122.79563,45.29064],[-122.79564,45.29009],[-122.79568,45.28995],[-122.79593,45.28897],[-122.79568,45.28909],[-122.79509,45.28938],[-122.79368,45.29006],[-122.79362,45.29009],[-122.79198,45.29085],[-122.79172,45.29097],[-122.79148,45.29108],[-122.79137,45.29113],[-122.79066,45.29145],[-122.79015,45.2916],[-122.78986,45.29168],[-122.78924,45.29186],[-122.78837,45.2921],[-122.78814,45.29215],[-122.78718,45.29235],[-122.78593,45.29253],[-122.78582,45.29254],[-122.78481,45.29269],[-122.78416,45.29278],[-122.78322,45.2929],[-122.78168,45.29311],[-122.78073,45.29323],[-122.7805,45.29326],[-122.78025,45.2933],[-122.78012,45.29331],[-122.78006,45.29332],[-122.77973,45.29333],[-122.77914,45.29334],[-122.77852,45.29325],[-122.77768,45.29314],[-122.77739,45.29309],[-122.7769,45.29303],[-122.77687,45.29302],[-122.7767,45.293],[-122.77633,45.29295],[-122.77498,45.29264],[-122.77381,45.29237],[-122.77265,45.29211],[-122.77255,45.29209],[-122.77237,45.29205],[-122.77209,45.29198],[-122.77196,45.29198],[-122.77174,45.29196],[-122.77155,45.29195],[-122.77146,45.29194],[-122.77112,45.29192],[-122.76957,45.29182],[-122.76939,45.29181],[-122.76877,45.29177],[-122.76875,45.2915],[-122.76869,45.29065],[-122.76869,45.29062],[-122.76869,45.29013],[-122.76869,45.28951],[-122.76869,45.28875],[-122.76869,45.28859],[-122.76869,45.28772],[-122.76869,45.28717],[-122.76853,45.28696],[-122.76837,45.28674],[-122.76832,45.28674],[-122.76832,45.28668],[-122.76795,45.28617],[-122.76767,45.2858],[-122.76772,45.2856],[-122.76734,45.2855],[-122.76738,45.2846],[-122.76747,45.28443],[-122.76761,45.28416],[-122.76761,45.28416],[-122.76761,45.28416],[-122.76761,45.28415],[-122.76769,45.284],[-122.76769,45.284],[-122.76767,45.28393],[-122.76767,45.28393],[-122.76771,45.28385],[-122.76774,45.2838],[-122.76782,45.28366],[-122.76794,45.28345],[-122.76795,45.28344],[-122.76806,45.28325],[-122.76811,45.28315],[-122.76812,45.28313],[-122.76812,45.28311],[-122.76819,45.28276],[-122.76826,45.28238],[-122.76829,45.28221],[-122.76833,45.28208],[-122.76839,45.28193],[-122.76822,45.28182],[-122.76822,45.28182],[-122.76755,45.28139],[-122.76613,45.28304],[-122.76588,45.28305],[-122.76498,45.28312],[-122.76472,45.28313],[-122.76464,45.28314],[-122.76451,45.28315],[-122.76452,45.28315],[-122.76446,45.28315],[-122.76443,45.28315],[-122.76441,45.28315],[-122.76435,45.28315],[-122.76429,45.28315],[-122.76423,45.28315],[-122.76415,45.28315],[-122.7641,45.28315],[-122.76406,45.28315],[-122.76401,45.28315],[-122.7639,45.28315],[-122.76382,45.28315],[-122.76376,45.28315],[-122.76372,45.28315],[-122.76367,45.28315],[-122.76361,45.28315],[-122.76354,45.28315],[-122.76329,45.28315],[-122.76293,45.28315],[-122.76265,45.28315],[-122.76227,45.28315],[-122.76208,45.28314],[-122.76172,45.28314],[-122.76148,45.28314],[-122.76116,45.28313],[-122.761,45.28313],[-122.76085,45.28313],[-122.76062,45.28313],[-122.76039,45.28313],[-122.76025,45.28313],[-122.75958,45.28313],[-122.75924,45.28313],[-122.75881,45.28313],[-122.75861,45.28313],[-122.75826,45.28313],[-122.7579,45.28313],[-122.75735,45.28313],[-122.75702,45.28312],[-122.75638,45.28312],[-122.75609,45.28312],[-122.75594,45.28312],[-122.7558,45.28312],[-122.75549,45.28312],[-122.75518,45.28312],[-122.75487,45.28312],[-122.75466,45.28312],[-122.75456,45.28312],[-122.75418,45.28312],[-122.75382,45.28312],[-122.75357,45.28312],[-122.75324,45.28312],[-122.75295,45.28312],[-122.75266,45.28312],[-122.75236,45.28312],[-122.75206,45.28312],[-122.75147,45.28313],[-122.75099,45.28313],[-122.75069,45.28313],[-122.75015,45.28312],[-122.74987,45.28311],[-122.7495,45.28311],[-122.74916,45.28311],[-122.74883,45.28311],[-122.74857,45.28311],[-122.74829,45.28311],[-122.74794,45.28311],[-122.74752,45.28311],[-122.74724,45.28311],[-122.74705,45.28311],[-122.74678,45.28311],[-122.7465,45.28311],[-122.7465,45.28338],[-122.7465,45.28379],[-122.7465,45.28398],[-122.7465,45.28422],[-122.7465,45.28459],[-122.7465,45.28481],[-122.74649,45.28529],[-122.74649,45.2854],[-122.74649,45.28562],[-122.74649,45.28587],[-122.74649,45.28607],[-122.74649,45.28628],[-122.74649,45.28653],[-122.74649,45.28686],[-122.74649,45.28726],[-122.74649,45.28756],[-122.74649,45.28804],[-122.74648,45.28858],[-122.74648,45.2888],[-122.74648,45.28908],[-122.74648,45.28931],[-122.74648,45.28954],[-122.74648,45.28975],[-122.74648,45.28995],[-122.74648,45.29016],[-122.74648,45.29037],[-122.74648,45.29058],[-122.74648,45.29082],[-122.74648,45.29106],[-122.74647,45.29129],[-122.74647,45.29153],[-122.74647,45.29178],[-122.74647,45.29198],[-122.74647,45.29252],[-122.74647,45.29282],[-122.74647,45.29291],[-122.74647,45.29313],[-122.74647,45.29327],[-122.74647,45.29367],[-122.74647,45.29381],[-122.74646,45.29409],[-122.74646,45.29423],[-122.74646,45.29452],[-122.74646,45.29493],[-122.74646,45.29538],[-122.74646,45.29549],[-122.74654,45.29549],[-122.74683,45.29549],[-122.74703,45.29549],[-122.74729,45.29549],[-122.7476,45.29549],[-122.74768,45.29549],[-122.74778,45.29549],[-122.74806,45.29549],[-122.74841,45.29549],[-122.74872,45.29548],[-122.74904,45.29548],[-122.74937,45.29548],[-122.74973,45.29548],[-122.75016,45.29548],[-122.75044,45.29548],[-122.75071,45.29539],[-122.75089,45.29533],[-122.75111,45.29526],[-122.75151,45.29513],[-122.75207,45.29494],[-122.75231,45.29486],[-122.75262,45.29476],[-122.75309,45.2946],[-122.75338,45.29451],[-122.75352,45.29446],[-122.7539,45.29434],[-122.75402,45.29429],[-122.7542,45.29424],[-122.75434,45.29419],[-122.75433,45.29463],[-122.75433,45.29473],[-122.75433,45.29493],[-122.75433,45.29507],[-122.75438,45.29563],[-122.75438,45.29564],[-122.75437,45.29577],[-122.75433,45.29579],[-122.7538,45.29609],[-122.75252,45.29681],[-122.75166,45.29729],[-122.75081,45.29776],[-122.75032,45.29805],[-122.75028,45.29807],[-122.7498,45.29835],[-122.74804,45.29899],[-122.748,45.299],[-122.74795,45.29902],[-122.7479,45.29903],[-122.74753,45.29912],[-122.74688,45.29929],[-122.74677,45.29932],[-122.74654,45.29941],[-122.74381,45.30052],[-122.7438,45.30077],[-122.74383,45.30137],[-122.74383,45.30158],[-122.74382,45.30218],[-122.74382,45.30306],[-122.74381,45.30347],[-122.74381,45.30392],[-122.74381,45.30412],[-122.7438,45.30433],[-122.74374,45.30943],[-122.74372,45.31032],[-122.73809,45.3103],[-122.73809,45.31112],[-122.73475,45.31111],[-122.73475,45.31116],[-122.73475,45.31196],[-122.73474,45.31265],[-122.73474,45.3133],[-122.73473,45.31473],[-122.73472,45.31584],[-122.73471,45.31742],[-122.733,45.31741],[-122.73233,45.31741],[-122.73233,45.32104],[-122.73168,45.32104],[-122.73075,45.32415],[-122.73075,45.32475],[-122.73364,45.32476],[-122.73364,45.32485],[-122.73472,45.32485],[-122.73535,45.32486],[-122.74117,45.32488],[-122.74358,45.32489],[-122.74386,45.3249],[-122.74386,45.3248],[-122.74572,45.32479],[-122.74584,45.32479],[-122.74683,45.32479],[-122.74781,45.32478],[-122.74899,45.32478],[-122.74973,45.32477],[-122.74973,45.32469],[-122.75001,45.32456],[-122.75086,45.32405],[-122.75086,45.32333],[-122.74979,45.32334],[-122.74979,45.32232],[-122.75117,45.32232],[-122.75118,45.32329],[-122.7534,45.32305],[-122.75341,45.32303],[-122.75338,45.32246],[-122.75338,45.32231],[-122.75392,45.32231],[-122.75413,45.32231],[-122.75445,45.32231],[-122.75436,45.32236],[-122.75422,45.32245],[-122.75406,45.32255],[-122.75406,45.3227],[-122.75406,45.3229],[-122.75406,45.32336],[-122.75406,45.32361],[-122.75406,45.32375],[-122.75406,45.32382],[-122.75406,45.32392],[-122.75406,45.32402],[-122.75406,45.32413],[-122.75406,45.3243],[-122.75406,45.32438],[-122.75406,45.32446],[-122.75406,45.32457],[-122.75406,45.32464],[-122.75406,45.32475],[-122.75406,45.32482],[-122.75406,45.32497],[-122.75406,45.32511],[-122.75406,45.32561],[-122.75406,45.32818],[-122.75406,45.32825],[-122.75406,45.32836],[-122.75406,45.32844],[-122.75406,45.32856],[-122.75406,45.32902],[-122.75406,45.32907],[-122.75406,45.33006],[-122.75406,45.33085],[-122.75406,45.33104],[-122.75406,45.33193],[-122.75406,45.33197],[-122.75406,45.332],[-122.75195,45.33202],[-122.75016,45.33203],[-122.74917,45.33204],[-122.74891,45.33204],[-122.74875,45.33204],[-122.74414,45.33207],[-122.74392,45.33207],[-122.74385,45.33207],[-122.74378,45.33207],[-122.74378,45.33231],[-122.74379,45.33422],[-122.7438,45.33585],[-122.74381,45.33625],[-122.74383,45.33932],[-122.74383,45.33971],[-122.74384,45.34293],[-122.74384,45.3452],[-122.74384,45.3462],[-122.74384,45.34652],[-122.7438,45.34652],[-122.7438,45.34652],[-122.7438,45.34655],[-122.74374,45.34656],[-122.74047,45.34654],[-122.73645,45.34652],[-122.73618,45.34651],[-122.73295,45.3465],[-122.73289,45.3465],[-122.7329,45.3466],[-122.73116,45.34659],[-122.73126,45.34649],[-122.73098,45.34649],[-122.72955,45.34648],[-122.72776,45.34647],[-122.72776,45.3464],[-122.72519,45.34639],[-122.72519,45.34645],[-122.72432,45.34642],[-122.72398,45.34642],[-122.72276,45.34644],[-122.72252,45.34643],[-122.72022,45.34643],[-122.71805,45.34643],[-122.71759,45.34643],[-122.71734,45.34643],[-122.71561,45.34644],[-122.71474,45.34643],[-122.71407,45.34643],[-122.71249,45.34643],[-122.71234,45.34643],[-122.70889,45.34641],[-122.70873,45.34641],[-122.70724,45.3464],[-122.70669,45.3464],[-122.70617,45.34641],[-122.70485,45.3464],[-122.70414,45.3464],[-122.70212,45.34637],[-122.70213,45.34559],[-122.70213,45.34534],[-122.70214,45.34481],[-122.70214,45.34474],[-122.70214,45.34467],[-122.70215,45.34399],[-122.70217,45.34281],[-122.70217,45.34272],[-122.70218,45.34187],[-122.70218,45.3417],[-122.7022,45.34049],[-122.7022,45.34044],[-122.70222,45.33918],[-122.70222,45.33522],[-122.70222,45.33505],[-122.70222,45.33443],[-122.70222,45.33411],[-122.70222,45.3335],[-122.70223,45.33227],[-122.70223,45.33206],[-122.70223,45.332],[-122.70029,45.33198],[-122.69979,45.33198],[-122.69962,45.33198],[-122.69912,45.33197],[-122.6971,45.33195],[-122.692,45.3319],[-122.6884,45.33186],[-122.687,45.33185],[-122.68687,45.33185],[-122.68425,45.33182],[-122.68305,45.33181],[-122.68166,45.33179],[-122.68167,45.33018],[-122.68167,45.33016],[-122.68167,45.3293],[-122.68167,45.32892],[-122.68167,45.32872],[-122.68167,45.32809],[-122.68167,45.32757],[-122.68168,45.32671],[-122.68168,45.32611],[-122.68168,45.32599],[-122.68167,45.32589],[-122.68167,45.32485],[-122.68168,45.32475],[-122.68169,45.32315],[-122.68171,45.32315],[-122.68171,45.32309],[-122.68171,45.32293],[-122.68172,45.32175],[-122.68173,45.32099],[-122.68164,45.32098],[-122.68164,45.31984],[-122.68163,45.31791],[-122.68163,45.31734],[-122.68147,45.31734],[-122.67814,45.31731],[-122.67798,45.3173],[-122.67303,45.31726],[-122.67161,45.31725],[-122.66663,45.31725],[-122.66633,45.31728],[-122.66629,45.31728],[-122.66591,45.31727],[-122.66581,45.31727],[-122.66573,45.31727],[-122.66565,45.31727],[-122.66533,45.31727],[-122.66526,45.31727],[-122.66461,45.31726],[-122.66303,45.31725],[-122.66213,45.31725],[-122.661,45.31723],[-122.66073,45.31723],[-122.6605,45.31723],[-122.65996,45.31724],[-122.65939,45.31724],[-122.65923,45.31724],[-122.65916,45.31724],[-122.65895,45.31724],[-122.65869,45.31724],[-122.65792,45.31724],[-122.65742,45.31724],[-122.65713,45.31724],[-122.65442,45.31723],[-122.65324,45.31723],[-122.65099,45.31723],[-122.65084,45.31723],[-122.65004,45.31723],[-122.64692,45.31722],[-122.6466,45.31722],[-122.6466,45.31722],[-122.64649,45.31722],[-122.64617,45.31722],[-122.64617,45.31722],[-122.64585,45.31722],[-122.64585,45.31722],[-122.64297,45.31721],[-122.64142,45.31721],[-122.64037,45.31721],[-122.63938,45.31721],[-122.63935,45.31721],[-122.63935,45.31718],[-122.63935,45.31715],[-122.63932,45.31715],[-122.63932,45.31715],[-122.63926,45.31715],[-122.63892,45.31716],[-122.63756,45.31718],[-122.63654,45.31796],[-122.63545,45.31881],[-122.63529,45.31893],[-122.63418,45.31979],[-122.63245,45.32112],[-122.63217,45.32133],[-122.63164,45.32097],[-122.63152,45.32089],[-122.6306,45.32161],[-122.63028,45.32185],[-122.6304,45.32191],[-122.63125,45.32247],[-122.63129,45.32249],[-122.63133,45.32252],[-122.63086,45.32288],[-122.63079,45.32292],[-122.63066,45.32286],[-122.6304,45.32269],[-122.62733,45.32071],[-122.62668,45.32029],[-122.62663,45.32026],[-122.62666,45.32024],[-122.62668,45.32022],[-122.62755,45.31955],[-122.62762,45.31948],[-122.62767,45.31941],[-122.62771,45.31935],[-122.62774,45.31929],[-122.62775,45.31922],[-122.62777,45.31916],[-122.62777,45.31909],[-122.62771,45.31902],[-122.62767,45.31895],[-122.62759,45.31886],[-122.62751,45.31878],[-122.62744,45.3187],[-122.6273,45.31856],[-122.62643,45.31776],[-122.62631,45.31768],[-122.62618,45.31758],[-122.6261,45.31748],[-122.62603,45.31739],[-122.62599,45.3173],[-122.62595,45.3172],[-122.62591,45.31718],[-122.62523,45.3169],[-122.62503,45.31627],[-122.62497,45.3162],[-122.62475,45.31637],[-122.62423,45.31677],[-122.62402,45.31693],[-122.62397,45.31697],[-122.62397,45.31697],[-122.62395,45.31699],[-122.62386,45.31693],[-122.62274,45.3162],[-122.6204,45.31469],[-122.62017,45.31487],[-122.6191,45.31569],[-122.61899,45.31578],[-122.6183,45.31631],[-122.6175,45.31693],[-122.61716,45.31719],[-122.6165,45.3172],[-122.61582,45.31722],[-122.61519,45.31723],[-122.61385,45.31724],[-122.61357,45.31724],[-122.61017,45.31714],[-122.60985,45.31714],[-122.6085,45.31713],[-122.60833,45.31702],[-122.60815,45.3169],[-122.6075,45.31647],[-122.60722,45.31667],[-122.60715,45.31672],[-122.6065,45.31629],[-122.60619,45.31651],[-122.60589,45.31674],[-122.60536,45.31713],[-122.60482,45.31753],[-122.60442,45.31783],[-122.60345,45.31852],[-122.60339,45.31856],[-122.60316,45.31866],[-122.60284,45.3189],[-122.60253,45.31913],[-122.60224,45.31935],[-122.60195,45.31957],[-122.60163,45.31981],[-122.60123,45.32011],[-122.60111,45.3202],[-122.60095,45.32032],[-122.60092,45.32034],[-122.60043,45.32071],[-122.60015,45.32053],[-122.59959,45.32015],[-122.59944,45.32005],[-122.59926,45.31993],[-122.59841,45.32058],[-122.59672,45.31946],[-122.5965,45.31931],[-122.59598,45.31897],[-122.59579,45.31884],[-122.59559,45.31871],[-122.59539,45.31858],[-122.59519,45.31844],[-122.59499,45.31831],[-122.5947,45.31812],[-122.59463,45.31807],[-122.59514,45.31768],[-122.59608,45.31697],[-122.59361,45.31696],[-122.59299,45.31695],[-122.59287,45.31687],[-122.59249,45.31661],[-122.59245,45.31658],[-122.59237,45.31665],[-122.59196,45.31694],[-122.59192,45.31698],[-122.59189,45.31698],[-122.59171,45.31698],[-122.59127,45.31698],[-122.58944,45.31697],[-122.58919,45.31697],[-122.58864,45.31737],[-122.58762,45.31814],[-122.58802,45.3184],[-122.5882,45.31852],[-122.58738,45.31877],[-122.5873,45.31879],[-122.58699,45.31888],[-122.58693,45.31889],[-122.5845,45.31938],[-122.58435,45.31898],[-122.5842,45.31862],[-122.58271,45.31892],[-122.58268,45.31892],[-122.57984,45.31949],[-122.57975,45.31951],[-122.57924,45.31962],[-122.57911,45.31964],[-122.57857,45.31975],[-122.57797,45.31934],[-122.57771,45.31944],[-122.57747,45.31953],[-122.57712,45.31966],[-122.57705,45.31958],[-122.57701,45.31954],[-122.578,45.31917],[-122.57863,45.3196],[-122.57926,45.31946],[-122.57978,45.31935],[-122.57969,45.31913],[-122.57934,45.31824],[-122.5793,45.31816],[-122.57916,45.3178],[-122.57923,45.31778],[-122.58036,45.31756],[-122.5804,45.31755],[-122.58044,45.3175],[-122.58077,45.31704],[-122.58079,45.31702],[-122.58142,45.31632],[-122.58167,45.31605],[-122.58174,45.31603],[-122.58196,45.31594],[-122.58195,45.31592],[-122.5816,45.31484],[-122.58173,45.31482],[-122.582,45.31476],[-122.58205,45.31475],[-122.58205,45.31471],[-122.58204,45.3146],[-122.58202,45.31426],[-122.58201,45.31402],[-122.582,45.314],[-122.58191,45.31374],[-122.58184,45.31355],[-122.58183,45.31354],[-122.58183,45.31352],[-122.58182,45.31352],[-122.58212,45.3135],[-122.58264,45.31348],[-122.58262,45.31259],[-122.58258,45.31106],[-122.5822,45.31114],[-122.58219,45.31114],[-122.58219,45.31114],[-122.58169,45.31124],[-122.58088,45.3114],[-122.5792,45.31174],[-122.5792,45.31174],[-122.5792,45.31176],[-122.5792,45.31178],[-122.579,45.31182],[-122.57875,45.31187],[-122.57871,45.31187],[-122.57871,45.31187],[-122.57851,45.31191],[-122.57722,45.31215],[-122.57721,45.31215],[-122.57721,45.31215],[-122.57721,45.31215],[-122.57731,45.31228],[-122.57736,45.31235],[-122.57799,45.31319],[-122.57808,45.31331],[-122.57811,45.31335],[-122.57811,45.31335],[-122.57811,45.31335],[-122.57829,45.31358],[-122.57829,45.31358],[-122.57829,45.31359],[-122.57803,45.31363],[-122.57775,45.31369],[-122.57756,45.31372],[-122.57747,45.31374],[-122.57689,45.31385],[-122.5767,45.31388],[-122.57619,45.31397],[-122.57585,45.31404],[-122.57557,45.31409],[-122.57554,45.3141],[-122.57524,45.31415],[-122.57478,45.31424],[-122.5745,45.31429],[-122.57437,45.31431],[-122.57419,45.31408],[-122.57417,45.31405],[-122.5745,45.31381],[-122.57447,45.31379],[-122.57445,45.31376],[-122.57443,45.31374],[-122.57441,45.31372],[-122.57422,45.31347],[-122.57421,45.31346],[-122.57421,45.31346],[-122.5742,45.31345],[-122.5742,45.31345],[-122.57419,45.31345],[-122.57419,45.31345],[-122.57418,45.31344],[-122.57418,45.31344],[-122.57417,45.31344],[-122.57416,45.31344],[-122.57416,45.31344],[-122.57415,45.31344],[-122.57414,45.31344],[-122.57414,45.31344],[-122.57413,45.31344],[-122.57412,45.31344],[-122.57412,45.31344],[-122.57411,45.31344],[-122.57409,45.31345],[-122.57407,45.31346],[-122.57397,45.31334],[-122.57357,45.31281],[-122.57345,45.3126],[-122.5734,45.31249],[-122.57336,45.31243],[-122.57323,45.31219],[-122.57315,45.31204],[-122.57309,45.31192],[-122.57262,45.31192],[-122.57261,45.31059],[-122.57122,45.3111],[-122.57074,45.31128],[-122.57039,45.31141],[-122.57023,45.31139],[-122.57005,45.31139],[-122.56893,45.31139],[-122.56815,45.31139],[-122.56815,45.31114],[-122.56763,45.31114],[-122.56749,45.31114],[-122.56634,45.31113],[-122.56459,45.31111],[-122.56458,45.31192],[-122.56458,45.31283],[-122.56372,45.31282],[-122.56368,45.31282],[-122.56356,45.31282],[-122.56325,45.31282],[-122.56255,45.31282],[-122.56229,45.31282],[-122.56199,45.31282],[-122.56191,45.31282],[-122.5617,45.31282],[-122.56143,45.31282],[-122.56135,45.31282],[-122.56118,45.31281],[-122.56102,45.31281],[-122.56036,45.31281],[-122.55972,45.3128],[-122.55968,45.3128],[-122.55945,45.3128],[-122.55914,45.3128],[-122.55897,45.3128],[-122.55888,45.3128],[-122.55862,45.3128],[-122.55861,45.31257],[-122.55861,45.31238],[-122.55804,45.31237],[-122.55793,45.31237],[-122.55773,45.31237],[-122.55735,45.31237],[-122.55729,45.31237],[-122.55703,45.31237],[-122.5568,45.31236],[-122.55659,45.31236],[-122.5562,45.31236],[-122.55611,45.31236],[-122.55603,45.31236],[-122.55579,45.31236],[-122.55561,45.31236],[-122.55511,45.31235],[-122.55491,45.31235],[-122.55458,45.31235],[-122.55446,45.31235],[-122.55429,45.31235],[-122.55402,45.31235],[-122.55399,45.31235],[-122.55357,45.31235],[-122.55313,45.31234],[-122.55314,45.31186],[-122.55314,45.31178],[-122.55239,45.31177],[-122.55206,45.31177],[-122.55168,45.31176],[-122.55144,45.31176],[-122.55106,45.31176],[-122.55098,45.31176],[-122.5507,45.31176],[-122.55055,45.31176],[-122.55041,45.31176],[-122.55013,45.31176],[-122.54997,45.31175],[-122.54968,45.31175],[-122.54961,45.31175],[-122.54907,45.31175],[-122.54894,45.31175],[-122.54869,45.31175],[-122.54872,45.31179],[-122.54879,45.31188],[-122.54886,45.31198],[-122.54903,45.31221],[-122.54932,45.31259],[-122.54945,45.31277],[-122.54968,45.31308],[-122.5497,45.3131],[-122.54976,45.31317],[-122.54982,45.31324],[-122.54831,45.31324],[-122.54767,45.31324],[-122.54728,45.31324],[-122.54683,45.31324],[-122.54643,45.31324],[-122.54604,45.31324],[-122.5454,45.31324],[-122.54489,45.31324],[-122.54452,45.31324],[-122.54314,45.31325],[-122.54314,45.3134],[-122.54313,45.3136],[-122.54313,45.31396],[-122.54312,45.31434],[-122.54312,45.31472],[-122.54312,45.31648],[-122.54311,45.31685],[-122.54666,45.31684],[-122.54844,45.31684],[-122.55047,45.31684],[-122.55051,45.31528],[-122.55224,45.31522],[-122.55229,45.31526],[-122.55234,45.3153],[-122.55232,45.31685],[-122.5523,45.31821],[-122.5523,45.31827],[-122.55528,45.31828],[-122.55543,45.31828],[-122.5554,45.32059],[-122.5554,45.32066],[-122.55768,45.32067],[-122.55865,45.32068],[-122.55863,45.32264],[-122.55863,45.32276],[-122.55824,45.32299],[-122.55863,45.32331],[-122.55863,45.32386],[-122.55863,45.3239],[-122.55935,45.3239],[-122.55938,45.3239],[-122.56076,45.32391],[-122.56107,45.32391],[-122.56108,45.32398],[-122.56107,45.3244],[-122.56105,45.32576],[-122.56103,45.32686],[-122.56103,45.32704],[-122.56106,45.32815],[-122.56107,45.32841],[-122.56107,45.32852],[-122.56229,45.32853],[-122.56229,45.33058],[-122.56229,45.33122],[-122.5623,45.33127],[-122.56239,45.33127],[-122.56251,45.33127],[-122.56252,45.33133],[-122.56252,45.33208],[-122.56349,45.33209],[-122.56349,45.33285],[-122.56392,45.33285],[-122.5642,45.33285],[-122.56422,45.33315],[-122.56425,45.33367],[-122.56428,45.3342],[-122.56428,45.33435],[-122.56431,45.33473],[-122.56431,45.33488],[-122.56432,45.33507],[-122.56445,45.33693],[-122.56446,45.33699],[-122.56329,45.33702],[-122.56329,45.33701],[-122.56176,45.33705],[-122.56177,45.3375],[-122.56108,45.33751],[-122.56109,45.3378],[-122.5611,45.33814],[-122.56111,45.33837],[-122.56112,45.33869],[-122.56112,45.33886],[-122.56113,45.33923],[-122.56117,45.34034],[-122.56117,45.34073],[-122.56117,45.34079],[-122.55958,45.34083],[-122.55958,45.34094],[-122.5596,45.34169],[-122.55961,45.34206],[-122.55962,45.34211],[-122.55963,45.34255],[-122.56014,45.34253],[-122.56036,45.34253],[-122.56123,45.3425],[-122.56124,45.34295],[-122.56125,45.34338],[-122.56128,45.3444],[-122.56182,45.34439],[-122.56184,45.3446],[-122.56132,45.34462],[-122.56134,45.34544],[-122.56134,45.34612],[-122.561,45.3466],[-122.56023,45.34767],[-122.56023,45.34767],[-122.55957,45.34753],[-122.55906,45.34712],[-122.55891,45.34699],[-122.55822,45.34713],[-122.55746,45.34728],[-122.55747,45.34877],[-122.55689,45.34877],[-122.55689,45.34881],[-122.55692,45.35047],[-122.55756,45.35045],[-122.55857,45.35041],[-122.56061,45.35035],[-122.56061,45.35035],[-122.5608,45.35035],[-122.56389,45.35028],[-122.56456,45.35026],[-122.56552,45.35024],[-122.56588,45.35023],[-122.56756,45.3502],[-122.56755,45.35045],[-122.56755,45.35108],[-122.56755,45.35168],[-122.56755,45.35173],[-122.56754,45.35179],[-122.56754,45.35231],[-122.56754,45.35259],[-122.56753,45.35317],[-122.56752,45.3549],[-122.56878,45.35494],[-122.56841,45.35597],[-122.5682,45.35655],[-122.56897,45.35758],[-122.56899,45.3576],[-122.56935,45.35809],[-122.56996,45.35834],[-122.57029,45.35847],[-122.57068,45.35863],[-122.5707,45.35868],[-122.57024,45.3585],[-122.56994,45.35838],[-122.56978,45.35869],[-122.56998,45.35908],[-122.57038,45.35947],[-122.57032,45.35963],[-122.57028,45.35973],[-122.57015,45.36006],[-122.57012,45.36013],[-122.56984,45.36012],[-122.56928,45.36013],[-122.56883,45.36009],[-122.56881,45.36017],[-122.56875,45.36067],[-122.56873,45.36081],[-122.56835,45.36073],[-122.56823,45.36195],[-122.56821,45.36222],[-122.56676,45.36221],[-122.56677,45.36196],[-122.56522,45.36201],[-122.56472,45.36203],[-122.56438,45.36211],[-122.56437,45.363],[-122.56437,45.36393],[-122.56437,45.36399],[-122.56342,45.36398],[-122.56257,45.36398],[-122.5618,45.36398],[-122.56169,45.36454],[-122.56154,45.36521],[-122.5612,45.36702],[-122.56114,45.36702],[-122.56083,45.36702],[-122.56066,45.36702],[-122.56055,45.36702],[-122.56007,45.36702],[-122.55996,45.36702],[-122.5598,45.36702],[-122.55943,45.36703],[-122.5591,45.36703],[-122.55891,45.36703],[-122.55857,45.36703],[-122.55857,45.36698],[-122.5566,45.36698],[-122.55487,45.36699],[-122.55486,45.36843],[-122.55482,45.36842],[-122.55439,45.36832],[-122.55404,45.36824],[-122.55368,45.36816],[-122.55357,45.36841],[-122.55351,45.36855],[-122.55343,45.36872],[-122.55331,45.36899],[-122.55329,45.36904],[-122.55307,45.36906],[-122.55307,45.36915],[-122.55307,45.36945],[-122.55306,45.36963],[-122.55306,45.36981],[-122.55305,45.37015],[-122.55305,45.37022],[-122.55305,45.3703],[-122.55304,45.37064],[-122.55304,45.37082],[-122.55304,45.37101],[-122.55303,45.3712],[-122.55303,45.37138],[-122.55303,45.37156],[-122.55302,45.37175],[-122.55302,45.37194],[-122.55301,45.37212],[-122.55301,45.37231],[-122.55301,45.37253],[-122.553,45.37268],[-122.553,45.37291],[-122.553,45.37312],[-122.55299,45.37332],[-122.55299,45.37355],[-122.55298,45.3737],[-122.55298,45.37397],[-122.55297,45.37427],[-122.55338,45.37427],[-122.55347,45.37427],[-122.5545,45.37427],[-122.55475,45.37427],[-122.55496,45.37427],[-122.55554,45.37426],[-122.55593,45.37426],[-122.55627,45.37426],[-122.55658,45.37426],[-122.55691,45.37426],[-122.55723,45.37426],[-122.55756,45.37426],[-122.55789,45.37426],[-122.55849,45.37426],[-122.55857,45.37426],[-122.55857,45.37464],[-122.55903,45.37498],[-122.55902,45.37502],[-122.55929,45.37524],[-122.56019,45.37586],[-122.56111,45.37655],[-122.56111,45.37611],[-122.56273,45.37611],[-122.56354,45.37611],[-122.56366,45.37612],[-122.56367,45.37571],[-122.56519,45.3757],[-122.56627,45.3757],[-122.56626,45.37591],[-122.56626,45.37603],[-122.56626,45.37609],[-122.56626,45.37633],[-122.56626,45.37688],[-122.56634,45.37688],[-122.56641,45.37688],[-122.56665,45.37688],[-122.56686,45.37688],[-122.56735,45.37689],[-122.5675,45.37689],[-122.56763,45.37689],[-122.5678,45.37689],[-122.56784,45.37689],[-122.5679,45.37689],[-122.56793,45.37689],[-122.56798,45.3769],[-122.56802,45.37691],[-122.56817,45.37693],[-122.56827,45.37695],[-122.5684,45.37698],[-122.56884,45.37709],[-122.56952,45.37709],[-122.57076,45.37709],[-122.57109,45.37709],[-122.57121,45.37709],[-122.57127,45.37709],[-122.5713,45.37709],[-122.5714,45.37709],[-122.57173,45.37709],[-122.57253,45.3771],[-122.57253,45.37731],[-122.57253,45.37733],[-122.57253,45.37739],[-122.57253,45.37745],[-122.57255,45.37745],[-122.57263,45.37742],[-122.57264,45.37741],[-122.57272,45.37737],[-122.57279,45.37733],[-122.57286,45.37728],[-122.57293,45.37723],[-122.57298,45.37715],[-122.5731,45.37697],[-122.57312,45.37694],[-122.57313,45.37692],[-122.57316,45.3769],[-122.57318,45.37688],[-122.57319,45.37688],[-122.57321,45.37687],[-122.57323,45.37685],[-122.57326,45.37684],[-122.5733,45.37682],[-122.57334,45.37681],[-122.57338,45.3768],[-122.57348,45.3768],[-122.57406,45.37679],[-122.57476,45.37677],[-122.57521,45.37676],[-122.57576,45.37694],[-122.57611,45.37713],[-122.57659,45.37712],[-122.57715,45.37724],[-122.57772,45.377],[-122.57775,45.37699],[-122.57831,45.37716],[-122.57817,45.37796],[-122.57816,45.37806],[-122.57786,45.37806],[-122.5776,45.37806],[-122.5776,45.37854],[-122.5776,45.37856],[-122.5776,45.37861],[-122.57765,45.37862],[-122.57765,45.37865],[-122.57764,45.37872],[-122.57764,45.37874],[-122.57764,45.37888],[-122.57764,45.37901],[-122.57764,45.37913],[-122.57765,45.37922],[-122.57765,45.37927],[-122.57765,45.37947],[-122.57761,45.37946],[-122.57758,45.37944],[-122.57736,45.37934],[-122.57734,45.37933],[-122.57701,45.37915],[-122.57691,45.37909],[-122.57687,45.37907],[-122.57682,45.37905],[-122.57675,45.37902],[-122.57669,45.379],[-122.57666,45.37899],[-122.57661,45.37899],[-122.57658,45.37899],[-122.57648,45.37898],[-122.57639,45.37898],[-122.57638,45.37899],[-122.57622,45.37913],[-122.57614,45.3792],[-122.57609,45.37924],[-122.57602,45.37929],[-122.57561,45.37955],[-122.57559,45.37956],[-122.57546,45.37964],[-122.57521,45.37981],[-122.5751,45.37989],[-122.57482,45.38011],[-122.57452,45.38033],[-122.57437,45.38055],[-122.5743,45.38073],[-122.57421,45.38096],[-122.57404,45.38137],[-122.5739,45.38164],[-122.57381,45.38192],[-122.57372,45.38218],[-122.5737,45.38258],[-122.57366,45.38279],[-122.57366,45.38308],[-122.57369,45.38347],[-122.57376,45.38397],[-122.57378,45.38419],[-122.57386,45.38455],[-122.57403,45.38565],[-122.574,45.38599],[-122.57393,45.38631],[-122.57388,45.38656],[-122.5739,45.38687],[-122.57393,45.38721],[-122.57402,45.38747],[-122.57408,45.38767],[-122.57408,45.38804],[-122.57409,45.38824],[-122.57403,45.38844],[-122.57397,45.38862],[-122.57389,45.38874],[-122.57386,45.3888],[-122.57361,45.38915],[-122.57346,45.38937],[-122.57341,45.38946],[-122.57307,45.38978],[-122.57254,45.39008],[-122.57228,45.39025],[-122.57162,45.39069],[-122.5713,45.39086],[-122.57107,45.39097],[-122.57095,45.39103],[-122.57034,45.39137],[-122.56987,45.39159],[-122.56982,45.39163],[-122.56944,45.39186],[-122.56934,45.39192],[-122.56926,45.39197],[-122.56921,45.39199],[-122.56841,45.39246],[-122.56711,45.39322],[-122.56547,45.39419],[-122.56526,45.39431],[-122.56514,45.39438],[-122.56482,45.39456],[-122.56452,45.39474],[-122.56401,45.39504],[-122.56372,45.39521],[-122.56324,45.39549],[-122.5632,45.39551],[-122.56185,45.39618],[-122.56161,45.39629],[-122.56147,45.39634],[-122.56133,45.3964],[-122.5612,45.39646],[-122.56107,45.3965],[-122.56098,45.39653],[-122.56033,45.39676],[-122.55991,45.39691],[-122.55955,45.39704],[-122.55937,45.3971],[-122.55924,45.39714],[-122.55907,45.3972],[-122.55848,45.3974],[-122.55788,45.39749],[-122.55752,45.39752],[-122.55715,45.39756],[-122.55687,45.39759],[-122.55625,45.39774],[-122.55601,45.39795],[-122.55579,45.39817],[-122.55537,45.39865],[-122.55521,45.39905],[-122.55502,45.39948],[-122.55494,45.39968],[-122.55477,45.39983],[-122.55455,45.40002],[-122.55369,45.4001],[-122.55317,45.40005],[-122.55255,45.39981],[-122.55196,45.39929],[-122.55165,45.39906],[-122.55148,45.39894],[-122.55111,45.39875],[-122.55037,45.39847],[-122.55021,45.39842],[-122.54925,45.39818],[-122.54867,45.39787],[-122.54824,45.39758],[-122.54799,45.39753],[-122.5479,45.39752],[-122.5478,45.3975],[-122.5476,45.39748],[-122.54742,45.39743],[-122.54716,45.39735],[-122.54699,45.39723],[-122.54679,45.39707],[-122.54667,45.39698],[-122.54657,45.39691],[-122.54618,45.39661],[-122.54613,45.39658],[-122.54597,45.39645],[-122.54564,45.39611],[-122.54484,45.39528],[-122.54391,45.3949],[-122.54351,45.39474],[-122.54334,45.39468],[-122.5432,45.39463],[-122.54302,45.39456],[-122.54291,45.39452],[-122.54266,45.39442],[-122.5423,45.39429],[-122.54211,45.39421],[-122.54183,45.39411],[-122.5416,45.39402],[-122.54077,45.3937],[-122.54065,45.39366],[-122.54016,45.39347],[-122.53982,45.39326],[-122.53963,45.39313],[-122.53951,45.39306],[-122.53918,45.393],[-122.53898,45.39306],[-122.53886,45.39312],[-122.5383,45.39345],[-122.53797,45.3935],[-122.53746,45.39355],[-122.53681,45.39355],[-122.53616,45.39353],[-122.53562,45.3935],[-122.53525,45.39348],[-122.53471,45.39344],[-122.53331,45.39347],[-122.53014,45.39355],[-122.52973,45.39358],[-122.52912,45.39366],[-122.52866,45.39372],[-122.52796,45.3938],[-122.5273,45.39398],[-122.52665,45.39412],[-122.52583,45.39435],[-122.52518,45.39453],[-122.52484,45.39457],[-122.52441,45.3946],[-122.52429,45.39467],[-122.52418,45.39473],[-122.5236,45.39538],[-122.52362,45.39588],[-122.52381,45.3961],[-122.52388,45.39618],[-122.5239,45.3962],[-122.52393,45.39624],[-122.52396,45.39627],[-122.52397,45.39629],[-122.52399,45.39667],[-122.5241,45.39824],[-122.52366,45.39938],[-122.52346,45.40025],[-122.52331,45.40052],[-122.52325,45.40058],[-122.52286,45.40076],[-122.52248,45.40096],[-122.5221,45.40112],[-122.52141,45.40141],[-122.52088,45.40163],[-122.52017,45.40217],[-122.5196,45.40256],[-122.51921,45.40304],[-122.5188,45.40357],[-122.51834,45.40459],[-122.5181,45.40513],[-122.51801,45.4057],[-122.5179,45.40648],[-122.51782,45.40694],[-122.5178,45.40711],[-122.51779,45.4076],[-122.5177,45.40791],[-122.51766,45.40819],[-122.51748,45.40854],[-122.51737,45.40874],[-122.51707,45.40904],[-122.51686,45.40918],[-122.51659,45.40937],[-122.51586,45.40951],[-122.51544,45.4095],[-122.51495,45.4095],[-122.51461,45.40939],[-122.51441,45.40932],[-122.51382,45.40912],[-122.5134,45.40881],[-122.51263,45.40825],[-122.51234,45.408],[-122.5121,45.40778],[-122.51166,45.40739],[-122.51132,45.40699],[-122.51105,45.40668],[-122.51072,45.40629],[-122.51072,45.40629],[-122.51025,45.40574],[-122.50998,45.40543],[-122.50957,45.40511],[-122.50957,45.40511],[-122.50927,45.40487],[-122.50906,45.40478],[-122.50871,45.40453],[-122.50829,45.4041],[-122.50813,45.40395],[-122.50798,45.40374],[-122.50774,45.40337],[-122.50757,45.40315],[-122.50753,45.40305],[-122.50738,45.40267],[-122.50729,45.40226],[-122.50726,45.40201],[-122.50743,45.40162],[-122.50756,45.4014],[-122.50759,45.40136],[-122.50769,45.40123],[-122.5077,45.40113],[-122.50771,45.40101],[-122.50772,45.4009],[-122.50733,45.40049],[-122.50729,45.40046],[-122.50675,45.39972],[-122.50584,45.39882],[-122.50555,45.3986],[-122.50532,45.39838],[-122.50517,45.39825],[-122.50485,45.39799],[-122.50449,45.39767],[-122.50373,45.39687],[-122.50277,45.39592],[-122.50228,45.39554],[-122.50199,45.39532],[-122.50166,45.39506],[-122.50114,45.39469],[-122.50058,45.39429],[-122.50039,45.39418],[-122.49957,45.39374],[-122.49871,45.39327],[-122.49831,45.39313],[-122.49793,45.39293],[-122.49766,45.39287],[-122.49735,45.3928],[-122.49689,45.39269],[-122.49689,45.39288],[-122.4969,45.39308],[-122.49689,45.39345],[-122.49689,45.39347],[-122.49688,45.39405],[-122.49688,45.39424],[-122.49688,45.3943],[-122.49687,45.39458],[-122.49687,45.39474],[-122.49686,45.39497],[-122.49686,45.39507],[-122.49686,45.39518],[-122.49686,45.39535],[-122.49685,45.39549],[-122.49685,45.39566],[-122.49685,45.39582],[-122.49684,45.39593],[-122.49684,45.39615],[-122.49673,45.39621],[-122.4966,45.39627],[-122.49651,45.39631],[-122.4964,45.39636],[-122.49637,45.39638],[-122.49623,45.39644],[-122.49618,45.39646],[-122.49606,45.39652],[-122.49598,45.39648],[-122.49564,45.39627],[-122.49573,45.396],[-122.49543,45.39595],[-122.49537,45.39614],[-122.49474,45.39607],[-122.49423,45.39601],[-122.49398,45.39569],[-122.49336,45.39492],[-122.49323,45.39476],[-122.49309,45.39458],[-122.49333,45.3942],[-122.49323,45.39418],[-122.4932,45.39418],[-122.49316,45.39418],[-122.49313,45.39417],[-122.49311,45.39417],[-122.49308,45.39417],[-122.49306,45.39417],[-122.49306,45.39417],[-122.49298,45.39416],[-122.4929,45.39416],[-122.4929,45.39416],[-122.49283,45.39416],[-122.49275,45.39416],[-122.49275,45.39416],[-122.49267,45.39416],[-122.4926,45.39417],[-122.4926,45.39417],[-122.49252,45.39418],[-122.49177,45.39426],[-122.49172,45.39427],[-122.49172,45.39427],[-122.49166,45.39428],[-122.49166,45.39428],[-122.4916,45.39429],[-122.4916,45.39429],[-122.49154,45.3943],[-122.49154,45.3943],[-122.49149,45.39432],[-122.49149,45.39432],[-122.49143,45.39433],[-122.49143,45.39433],[-122.49138,45.39435],[-122.49138,45.39435],[-122.49133,45.39437],[-122.49133,45.39437],[-122.49128,45.39439],[-122.49128,45.39439],[-122.49123,45.39442],[-122.49123,45.39442],[-122.49118,45.39444],[-122.49118,45.39444],[-122.49118,45.39444],[-122.49117,45.39445],[-122.49115,45.39446],[-122.49114,45.39447],[-122.49114,45.39447],[-122.49112,45.39448],[-122.49111,45.39449],[-122.49109,45.3945],[-122.49109,45.3945],[-122.49108,45.39451],[-122.49106,45.39452],[-122.49105,45.39453],[-122.49104,45.39454],[-122.49102,45.39455],[-122.49101,45.39456],[-122.49101,45.39456],[-122.491,45.39457],[-122.49099,45.39458],[-122.49098,45.39459],[-122.49098,45.39459],[-122.49096,45.3946],[-122.49095,45.39461],[-122.49094,45.39462],[-122.49094,45.39462],[-122.49093,45.39463],[-122.49092,45.39464],[-122.49091,45.39465],[-122.49091,45.39465],[-122.4909,45.39466],[-122.49089,45.39467],[-122.49088,45.39469],[-122.49034,45.39532],[-122.49033,45.39533],[-122.49032,45.39534],[-122.49031,45.39535],[-122.49031,45.39535],[-122.49029,45.39537],[-122.49028,45.39538],[-122.49027,45.39539],[-122.49027,45.39539],[-122.49026,45.3954],[-122.49024,45.39542],[-122.49023,45.39543],[-122.49023,45.39543],[-122.49022,45.39544],[-122.4902,45.39545],[-122.49019,45.39546],[-122.49019,45.39546],[-122.49017,45.39547],[-122.49016,45.39548],[-122.49014,45.3955],[-122.49014,45.3955],[-122.49013,45.39551],[-122.49011,45.39552],[-122.4901,45.39553],[-122.4901,45.39553],[-122.49008,45.39554],[-122.49006,45.39555],[-122.49005,45.39556],[-122.49005,45.39556],[-122.49003,45.39557],[-122.49001,45.39558],[-122.49,45.39559],[-122.49,45.39559],[-122.48998,45.39559],[-122.48996,45.3956],[-122.48994,45.39561],[-122.48994,45.39561],[-122.48993,45.39562],[-122.48991,45.39563],[-122.48989,45.39564],[-122.48989,45.39564],[-122.48987,45.39564],[-122.48985,45.39565],[-122.48984,45.39566],[-122.48983,45.39566],[-122.48982,45.39567],[-122.4898,45.39567],[-122.48978,45.39568],[-122.48978,45.39568],[-122.48976,45.39569],[-122.48974,45.39569],[-122.48972,45.3957],[-122.48972,45.3957],[-122.4897,45.39571],[-122.48968,45.39571],[-122.48966,45.39572],[-122.48966,45.39572],[-122.48964,45.39572],[-122.48962,45.39573],[-122.4896,45.39573],[-122.4896,45.39573],[-122.48958,45.39574],[-122.48956,45.39574],[-122.48954,45.39575],[-122.48954,45.39575],[-122.48952,45.39575],[-122.48949,45.39575],[-122.48947,45.39576],[-122.489,45.39583],[-122.48894,45.39584],[-122.48894,45.39584],[-122.48892,45.39585],[-122.4889,45.39585],[-122.48888,45.39585],[-122.48888,45.39585],[-122.48886,45.39586],[-122.48884,45.39586],[-122.48882,45.39587],[-122.4888,45.39587],[-122.48879,45.39588],[-122.48877,45.39588],[-122.48877,45.39588],[-122.48875,45.39589],[-122.48873,45.3959],[-122.48871,45.3959],[-122.48871,45.3959],[-122.48869,45.39591],[-122.48867,45.39592],[-122.48866,45.39592],[-122.48865,45.39593],[-122.48864,45.39593],[-122.48864,45.39593],[-122.48802,45.39619],[-122.48702,45.39659],[-122.48695,45.39662],[-122.48695,45.39662],[-122.48693,45.39663],[-122.4869,45.39664],[-122.48688,45.39665],[-122.48688,45.39665],[-122.48686,45.39666],[-122.48683,45.39666],[-122.48681,45.39667],[-122.48681,45.39667],[-122.48679,45.39668],[-122.48676,45.39669],[-122.48674,45.39669],[-122.48674,45.39669],[-122.48671,45.3967],[-122.48669,45.39671],[-122.48666,45.39671],[-122.48664,45.39672],[-122.48662,45.39673],[-122.48659,45.39673],[-122.48659,45.39673],[-122.48657,45.39674],[-122.48654,45.39674],[-122.48652,45.39675],[-122.48652,45.39675],[-122.48649,45.39675],[-122.48647,45.39676],[-122.48644,45.39676],[-122.48644,45.39676],[-122.48641,45.39677],[-122.48639,45.39677],[-122.48636,45.39678],[-122.48636,45.39678],[-122.48634,45.39678],[-122.48631,45.39679],[-122.48629,45.39679],[-122.48587,45.39685],[-122.48587,45.39699],[-122.48586,45.39796],[-122.48491,45.39798],[-122.48372,45.398],[-122.48312,45.39801],[-122.48138,45.39804],[-122.48071,45.39804],[-122.48065,45.398],[-122.48066,45.39915],[-122.48066,45.39954],[-122.48131,45.39975],[-122.48159,45.39984],[-122.48324,45.40037],[-122.48372,45.40053],[-122.48529,45.40103],[-122.48531,45.40104],[-122.48582,45.4012],[-122.48581,45.40207],[-122.48581,45.40226],[-122.4858,45.40316],[-122.4858,45.40317],[-122.4858,45.40317],[-122.48444,45.40317],[-122.48424,45.40317],[-122.48387,45.40317],[-122.48359,45.40317],[-122.48331,45.40316],[-122.48311,45.40316],[-122.48249,45.40316],[-122.48187,45.40316],[-122.48071,45.40316],[-122.4793,45.40316],[-122.47802,45.40316],[-122.47599,45.40316],[-122.47589,45.40316],[-122.47583,45.40316],[-122.47552,45.40316],[-122.47533,45.40316],[-122.47412,45.40316],[-122.47288,45.40316],[-122.47146,45.40317],[-122.47033,45.40317],[-122.46579,45.40318],[-122.46562,45.40318],[-122.46521,45.40318],[-122.46461,45.40318],[-122.46048,45.40319],[-122.46009,45.40319],[-122.45754,45.40319],[-122.45497,45.40319],[-122.45376,45.4032],[-122.45238,45.4032],[-122.45062,45.40321],[-122.44988,45.40321],[-122.44472,45.40323],[-122.44468,45.40323],[-122.44456,45.40323],[-122.4427,45.40324],[-122.4401,45.40327],[-122.43847,45.40329],[-122.43455,45.40332],[-122.43326,45.40331],[-122.43115,45.40329],[-122.43077,45.40329],[-122.4307,45.40329],[-122.43066,45.40329],[-122.4283,45.40327],[-122.42751,45.40326],[-122.4268,45.40326],[-122.42541,45.40324],[-122.42435,45.40323],[-122.42412,45.40324],[-122.41695,45.40345],[-122.41492,45.40351],[-122.41391,45.40354],[-122.4139,45.40444],[-122.41389,45.40485],[-122.41388,45.40535],[-122.41384,45.40806],[-122.41379,45.41077],[-122.41373,45.41439],[-122.41369,45.41718],[-122.41368,45.41779],[-122.41366,45.41799],[-122.41366,45.41806],[-122.40379,45.41802],[-122.40354,45.41802],[-122.40338,45.41802],[-122.40176,45.41802],[-122.40071,45.41802],[-122.40043,45.41802],[-122.40039,45.41802],[-122.39841,45.41802],[-122.39834,45.41802],[-122.39674,45.41802],[-122.39576,45.41802],[-122.39452,45.41802],[-122.39336,45.41803],[-122.39301,45.41803],[-122.39209,45.41802],[-122.39159,45.41803],[-122.38302,45.41804],[-122.37769,45.41806],[-122.37277,45.41806],[-122.37271,45.41782],[-122.36991,45.41788],[-122.36781,45.41793],[-122.36001,45.41801],[-122.35235,45.41809],[-122.34327,45.41817],[-122.34223,45.41818],[-122.34211,45.41818],[-122.34205,45.42547],[-122.34192,45.43262],[-122.34192,45.43266],[-122.34189,45.43412],[-122.3419,45.43984],[-122.34192,45.44327],[-122.3419,45.44388],[-122.34191,45.44432],[-122.34192,45.44716],[-122.34192,45.44806],[-122.34194,45.45339],[-122.34207,45.45432],[-122.34251,45.45491],[-122.3472,45.46024],[-122.34831,45.46151],[-122.34818,45.46151],[-122.34783,45.46151],[-122.3473,45.46151],[-122.34707,45.46151],[-122.3453,45.46152],[-122.34438,45.46153],[-122.34415,45.46153],[-122.34361,45.46153],[-122.34304,45.46153],[-122.34201,45.46154],[-122.33985,45.46154],[-122.33898,45.46153],[-122.33696,45.46153],[-122.33669,45.46153],[-122.336,45.46153],[-122.33385,45.46153],[-122.33337,45.46153],[-122.33163,45.46152],[-122.33163,45.46201],[-122.33163,45.46235],[-122.33167,45.46244],[-122.33173,45.46256],[-122.33173,45.46341],[-122.3317,45.46341],[-122.33164,45.46341],[-122.33165,45.46544],[-122.33166,45.46632],[-122.33166,45.46676],[-122.33166,45.46739],[-122.33166,45.46778],[-122.33166,45.46801],[-122.33167,45.46836],[-122.33167,45.46875],[-122.33167,45.46939],[-122.33167,45.46966],[-122.33167,45.46994],[-122.33167,45.4701],[-122.33168,45.47036],[-122.33168,45.47156],[-122.33169,45.47242],[-122.33169,45.4729],[-122.3317,45.47416],[-122.3317,45.47507],[-122.33171,45.47532],[-122.33171,45.47589],[-122.33171,45.47605],[-122.33174,45.47866],[-122.33174,45.47956],[-122.33175,45.48027],[-122.33177,45.48171],[-122.33177,45.48219],[-122.33178,45.48286],[-122.33178,45.483],[-122.33178,45.48306],[-122.33177,45.48535],[-122.33177,45.4855],[-122.33177,45.48563],[-122.33177,45.48581],[-122.33176,45.48676],[-122.33176,45.48757],[-122.33177,45.49038],[-122.33166,45.49395],[-122.33161,45.49395],[-122.33161,45.49467],[-122.3316,45.49522],[-122.3316,45.49676],[-122.33159,45.49755],[-122.33171,45.49755],[-122.33163,45.49999],[-122.33162,45.50021],[-122.33162,45.50049],[-122.33161,45.50079],[-122.3316,45.50101],[-122.33158,45.50164],[-122.33156,45.50223],[-122.33155,45.50243],[-122.33153,45.50291],[-122.33148,45.50455],[-122.33151,45.50813],[-122.33152,45.51033],[-122.33153,45.5111],[-122.33153,45.51185],[-122.33155,45.51224],[-122.33167,45.51896],[-122.33169,45.51907],[-122.3317,45.52242],[-122.33171,45.5249],[-122.33171,45.5251],[-122.33172,45.52622],[-122.33172,45.52741],[-122.33172,45.52758],[-122.33172,45.52863],[-122.33173,45.52985],[-122.33173,45.53001],[-122.33173,45.53124],[-122.33173,45.53143],[-122.33173,45.53185],[-122.33173,45.5334],[-122.33173,45.53348],[-122.33173,45.53356],[-122.33173,45.53382],[-122.33174,45.5371],[-122.33173,45.53789],[-122.33173,45.53803],[-122.33172,45.53832],[-122.33172,45.53856],[-122.33171,45.53906],[-122.3317,45.5395],[-122.3317,45.53971],[-122.33169,45.54076],[-122.33168,45.54109],[-122.33167,45.5416],[-122.33166,45.54249],[-122.33165,45.54321],[-122.33152,45.54773],[-122.33152,45.54847],[-122.3315,45.54988],[-122.33342,45.55179],[-122.3376,45.55596],[-122.34104,45.5594],[-122.34361,45.56195],[-122.34532,45.56366],[-122.34693,45.56527],[-122.34976,45.56809],[-122.35113,45.56945],[-122.35525,45.57041],[-122.35911,45.57132],[-122.36229,45.57206],[-122.36602,45.57294],[-122.37277,45.57451],[-122.3789,45.57595],[-122.38103,45.57575],[-122.38262,45.5756],[-122.38548,45.57534],[-122.38879,45.57503],[-122.39051,45.57487],[-122.39437,45.57344],[-122.39914,45.57167],[-122.40135,45.57086],[-122.40401,45.56987],[-122.40666,45.56888],[-122.41015,45.56759],[-122.41327,45.56714],[-122.41425,45.567],[-122.41567,45.56679],[-122.41774,45.5665],[-122.4201,45.56616],[-122.42325,45.5657],[-122.42723,45.56513],[-122.43286,45.56432],[-122.43774,45.56362],[-122.44589,45.56575],[-122.4526,45.56751],[-122.45849,45.5708],[-122.46265,45.57313],[-122.46461,45.57422],[-122.46938,45.57689],[-122.47238,45.57856],[-122.4769,45.57975],[-122.48029,45.58064],[-122.4857,45.58205],[-122.48868,45.58283],[-122.48928,45.58299],[-122.49168,45.58362],[-122.49258,45.58379],[-122.49375,45.58403],[-122.49557,45.58438],[-122.49814,45.58489],[-122.50218,45.58569],[-122.51574,45.58836],[-122.5234,45.58987],[-122.52712,45.59095],[-122.52939,45.59161],[-122.53156,45.59224],[-122.53352,45.59281],[-122.53588,45.5935],[-122.5385,45.59426],[-122.54317,45.59562],[-122.54668,45.59664],[-122.54934,45.59721],[-122.5503,45.59741],[-122.55259,45.59789],[-122.55662,45.59874],[-122.57377,45.60237],[-122.57773,45.6032],[-122.57987,45.60365],[-122.58223,45.60415],[-122.58537,45.60482],[-122.5889,45.60556],[-122.59046,45.60581],[-122.59311,45.60623],[-122.59529,45.60658],[-122.59687,45.60684],[-122.5983,45.60706],[-122.60096,45.60749],[-122.6037,45.60793],[-122.60593,45.60828],[-122.60917,45.60839],[-122.61134,45.60846],[-122.61347,45.60854],[-122.61615,45.60863],[-122.62021,45.60876],[-122.62476,45.60891],[-122.62904,45.60906],[-122.63263,45.60918],[-122.63452,45.60924],[-122.63672,45.60931],[-122.63937,45.6094],[-122.64085,45.60945],[-122.64194,45.60974],[-122.64657,45.61096],[-122.65138,45.61224],[-122.65521,45.61325],[-122.65732,45.61381],[-122.65992,45.61449],[-122.66258,45.6152],[-122.6659,45.61607],[-122.67206,45.6177],[-122.67386,45.61823],[-122.67416,45.61832],[-122.67596,45.61885],[-122.67668,45.61915],[-122.68227,45.62148],[-122.68538,45.62278],[-122.68841,45.62404],[-122.68895,45.62432],[-122.68997,45.62486],[-122.69311,45.6265],[-122.69404,45.62703],[-122.69622,45.62829],[-122.69954,45.6302],[-122.70218,45.63172],[-122.70451,45.63306],[-122.70866,45.63545],[-122.71107,45.63683],[-122.7122,45.63748],[-122.71321,45.63806],[-122.71706,45.6391],[-122.72091,45.64013],[-122.72528,45.64131],[-122.72983,45.64253],[-122.73358,45.64354],[-122.73696,45.64445],[-122.73923,45.64559],[-122.73992,45.64594],[-122.74217,45.64707],[-122.74328,45.64763],[-122.74482,45.6484],[-122.7464,45.6492],[-122.74675,45.64937],[-122.75031,45.65116],[-122.75243,45.65223],[-122.75633,45.65419],[-122.76279,45.65744],[-122.76509,45.65288],[-122.76545,45.65237],[-122.76626,45.65122],[-122.76778,45.64907],[-122.77133,45.6449],[-122.7729,45.64391],[-122.77327,45.64368],[-122.78486,45.63633],[-122.78515,45.63615],[-122.78518,45.63614],[-122.78599,45.63568],[-122.78645,45.63541],[-122.7877,45.6347],[-122.78779,45.63458],[-122.78792,45.6344],[-122.78809,45.63413],[-122.78834,45.63374],[-122.78845,45.63356],[-122.78849,45.63349],[-122.78854,45.6334],[-122.78863,45.6332],[-122.78866,45.63314],[-122.78867,45.63312],[-122.78873,45.63301],[-122.7888,45.63286],[-122.78886,45.63275],[-122.78888,45.6327],[-122.78898,45.63251],[-122.78906,45.63234],[-122.78916,45.63215],[-122.7892,45.63206],[-122.78923,45.63199],[-122.78928,45.63189],[-122.7893,45.63185],[-122.78938,45.63168],[-122.78942,45.63158],[-122.78944,45.63153],[-122.78949,45.63142],[-122.78955,45.63128],[-122.78958,45.6312],[-122.7896,45.63114],[-122.78966,45.63099],[-122.78969,45.63091],[-122.78972,45.63083],[-122.78976,45.63071],[-122.7898,45.6306],[-122.78989,45.63035],[-122.78998,45.63013],[-122.79004,45.62997],[-122.79006,45.62992],[-122.79007,45.62989],[-122.79009,45.62983],[-122.79011,45.62976],[-122.79015,45.62962],[-122.79016,45.6296],[-122.79023,45.62939],[-122.79028,45.62921],[-122.79034,45.62902],[-122.79036,45.62898],[-122.79043,45.62877],[-122.79045,45.62869],[-122.79048,45.62859],[-122.79052,45.62844],[-122.79053,45.62841],[-122.79057,45.62825],[-122.79061,45.62808],[-122.79063,45.62799],[-122.79066,45.62789],[-122.79069,45.62775],[-122.7907,45.62769],[-122.79073,45.62757],[-122.79077,45.62738],[-122.7908,45.62725],[-122.79086,45.62705],[-122.79089,45.62693],[-122.79093,45.6268],[-122.791,45.62656],[-122.79106,45.62631],[-122.79109,45.62619],[-122.79113,45.62604],[-122.79124,45.62578],[-122.79133,45.62554],[-122.79139,45.62539],[-122.79145,45.62519],[-122.79145,45.62517],[-122.7915,45.625],[-122.79157,45.62476],[-122.79158,45.62474],[-122.79161,45.62463],[-122.79166,45.62436],[-122.79168,45.62424],[-122.79169,45.62421],[-122.79172,45.62402],[-122.79174,45.62394],[-122.79175,45.62389],[-122.79179,45.62375],[-122.79182,45.62365],[-122.79187,45.62346],[-122.79192,45.62327],[-122.79192,45.62325],[-122.79194,45.62313],[-122.792,45.62277],[-122.79203,45.62258],[-122.79203,45.62252],[-122.79204,45.6225],[-122.79219,45.62212],[-122.79231,45.62183],[-122.79243,45.62148],[-122.79254,45.62115],[-122.79254,45.621],[-122.79254,45.62084],[-122.79254,45.62074],[-122.79253,45.62062],[-122.79252,45.62051],[-122.79249,45.62034],[-122.79246,45.62014],[-122.79246,45.62013],[-122.79241,45.62001],[-122.79238,45.61993],[-122.79232,45.61978],[-122.79235,45.61976],[-122.79294,45.61962],[-122.79358,45.61958],[-122.79441,45.61947],[-122.79503,45.61944],[-122.7951,45.61944],[-122.80157,45.61966],[-122.80171,45.61967],[-122.80173,45.61967],[-122.80173,45.61965],[-122.80173,45.61962],[-122.80174,45.61862],[-122.80174,45.61858],[-122.80174,45.61833],[-122.80174,45.61831],[-122.80174,45.61806],[-122.80173,45.61549],[-122.80173,45.61429],[-122.80173,45.61423],[-122.80178,45.61424],[-122.80184,45.61425],[-122.80202,45.61429],[-122.80216,45.61438],[-122.80226,45.61451],[-122.80235,45.61463],[-122.80243,45.61473],[-122.80244,45.61475],[-122.80246,45.61472],[-122.80252,45.61462],[-122.80269,45.61457],[-122.80272,45.61454],[-122.80286,45.61442],[-122.8029,45.6143],[-122.80284,45.61427],[-122.80258,45.61447],[-122.80244,45.61437],[-122.80248,45.61434],[-122.8027,45.61417],[-122.80256,45.61408],[-122.80268,45.61397],[-122.8027,45.61398],[-122.80273,45.61399],[-122.80276,45.61399],[-122.80278,45.61398],[-122.8028,45.61397],[-122.80282,45.61396],[-122.80284,45.61393],[-122.80285,45.61392],[-122.80286,45.6139],[-122.80289,45.61389],[-122.80293,45.61387],[-122.80296,45.61387],[-122.80299,45.61387],[-122.80302,45.61387],[-122.8031,45.61389],[-122.80313,45.61389],[-122.80318,45.6139],[-122.80325,45.61391],[-122.80336,45.61394],[-122.80346,45.61396],[-122.80355,45.61398],[-122.80361,45.61399],[-122.80374,45.61402],[-122.80397,45.61406],[-122.80382,45.61396],[-122.80375,45.61392],[-122.80358,45.61381],[-122.80334,45.61365],[-122.80341,45.61359],[-122.80348,45.61355],[-122.80381,45.61329],[-122.80385,45.61331],[-122.80396,45.61338],[-122.8041,45.61347],[-122.80425,45.61357],[-122.80438,45.61366],[-122.8045,45.61373],[-122.80453,45.61375],[-122.80414,45.61406],[-122.80417,45.61408],[-122.8043,45.61416],[-122.80436,45.6142],[-122.80429,45.61427],[-122.80402,45.61447],[-122.80417,45.61456],[-122.80422,45.6146],[-122.80449,45.6144],[-122.80457,45.61434],[-122.80458,45.61435],[-122.80473,45.61444],[-122.8049,45.61455],[-122.80507,45.61466],[-122.80524,45.61477],[-122.80536,45.61485],[-122.8054,45.61487],[-122.80532,45.61493],[-122.80473,45.61538],[-122.80488,45.61548],[-122.8053,45.61576],[-122.80524,45.61581],[-122.80497,45.61601],[-122.80511,45.6161],[-122.80527,45.6162],[-122.8054,45.61629],[-122.80553,45.61637],[-122.80556,45.61639],[-122.80582,45.61619],[-122.8059,45.61614],[-122.80607,45.61625],[-122.80618,45.61632],[-122.80624,45.61628],[-122.80651,45.61607],[-122.80677,45.61587],[-122.80685,45.61581],[-122.807,45.6159],[-122.80714,45.616],[-122.80751,45.61623],[-122.80744,45.6163],[-122.8073,45.6164],[-122.80717,45.6165],[-122.80704,45.6166],[-122.80691,45.6167],[-122.80677,45.6168],[-122.80727,45.61713],[-122.8073,45.61712],[-122.80745,45.61705],[-122.80754,45.61701],[-122.80762,45.61698],[-122.80779,45.6169],[-122.80784,45.61688],[-122.80798,45.61684],[-122.80818,45.61678],[-122.80838,45.61673],[-122.80846,45.61671],[-122.80877,45.6166],[-122.80883,45.61651],[-122.80895,45.61634],[-122.80929,45.61623],[-122.80961,45.61609],[-122.80985,45.61582],[-122.80992,45.61574],[-122.81,45.61555],[-122.81003,45.61548],[-122.81008,45.61535],[-122.81012,45.61521],[-122.81017,45.61498],[-122.81009,45.61491],[-122.80993,45.61478],[-122.80987,45.61471],[-122.80997,45.61453],[-122.81006,45.61438],[-122.8102,45.61418],[-122.81027,45.61406],[-122.81047,45.61384],[-122.81056,45.61375],[-122.81061,45.61369],[-122.81071,45.6135],[-122.8108,45.61334],[-122.81082,45.61332],[-122.81113,45.61332],[-122.81148,45.61332],[-122.81426,45.61332],[-122.8158,45.61332],[-122.81585,45.61332],[-122.81585,45.61321],[-122.81584,45.61138],[-122.81584,45.6097],[-122.81601,45.60613],[-122.81605,45.60377],[-122.8263,45.6038],[-122.8263,45.60392],[-122.82629,45.6044],[-122.82629,45.60448],[-122.82628,45.60457],[-122.82628,45.60475],[-122.82628,45.60487],[-122.82628,45.60497],[-122.82627,45.60563],[-122.82627,45.60566],[-122.82626,45.60614],[-122.82626,45.60617],[-122.82743,45.60617],[-122.82759,45.60617],[-122.82797,45.60618],[-122.82821,45.60618],[-122.829,45.60618],[-122.82951,45.60618],[-122.82977,45.60618],[-122.83045,45.60619],[-122.83056,45.60619],[-122.83134,45.60619],[-122.83148,45.60619],[-122.83181,45.60619],[-122.83251,45.60619],[-122.83266,45.60619],[-122.83288,45.6062],[-122.83287,45.60715],[-122.83287,45.60811],[-122.83319,45.60811],[-122.83369,45.60811],[-122.83377,45.60811],[-122.83396,45.60811],[-122.83428,45.60811],[-122.83439,45.60811],[-122.83472,45.60811],[-122.83472,45.60821],[-122.83473,45.60883],[-122.83473,45.60891],[-122.83473,45.60894],[-122.83474,45.60952],[-122.83654,45.60954],[-122.83653,45.60865],[-122.83651,45.60777],[-122.83651,45.60747],[-122.8365,45.60707],[-122.8365,45.60694],[-122.83649,45.6068],[-122.83649,45.6067],[-122.83649,45.60621],[-122.83649,45.60603],[-122.8365,45.60569],[-122.8365,45.60533],[-122.8365,45.60531],[-122.83651,45.60476],[-122.83652,45.60422],[-122.83652,45.60408],[-122.83653,45.60367],[-122.83654,45.60335],[-122.83654,45.60312],[-122.83654,45.6029],[-122.83655,45.6027],[-122.83655,45.60257],[-122.83655,45.60237],[-122.83656,45.60202],[-122.83657,45.60157],[-122.83657,45.6012],[-122.83658,45.60054],[-122.83659,45.60047],[-122.83659,45.60038],[-122.8366,45.59955],[-122.83661,45.59908],[-122.83913,45.59909],[-122.84172,45.59909],[-122.8451,45.5991],[-122.84681,45.59911],[-122.84858,45.59911],[-122.84877,45.59911],[-122.85187,45.5991],[-122.85191,45.59704],[-122.85428,45.59699],[-122.8545,45.59698],[-122.85467,45.59698],[-122.85479,45.59694],[-122.85522,45.59679],[-122.856,45.59649],[-122.85634,45.59633],[-122.85716,45.59592],[-122.85716,45.59548],[-122.85719,45.59423],[-122.85724,45.59195],[-122.85724,45.59192],[-122.85481,45.5919],[-122.85255,45.59189],[-122.84857,45.59185],[-122.8479,45.59184],[-122.84686,45.59184],[-122.84686,45.59179],[-122.84686,45.59176],[-122.84686,45.59005],[-122.84686,45.59001],[-122.84686,45.58841],[-122.84686,45.58823],[-122.84686,45.58788],[-122.84685,45.58664],[-122.84686,45.58636],[-122.84685,45.58467],[-122.84692,45.58112],[-122.84692,45.58102],[-122.84692,45.58098],[-122.84699,45.57756],[-122.84699,45.57752],[-122.8468,45.57752],[-122.84699,45.57752],[-122.84736,45.57752],[-122.84802,45.57752],[-122.84807,45.57752],[-122.84856,45.57752],[-122.84861,45.57752],[-122.84904,45.57752],[-122.84915,45.57752],[-122.85181,45.57751],[-122.8528,45.57751],[-122.853,45.57751],[-122.8553,45.5775],[-122.85731,45.57749],[-122.85733,45.57664],[-122.85735,45.57586],[-122.85735,45.57577],[-122.85735,45.57559],[-122.8574,45.57392],[-122.85738,45.57027],[-122.86235,45.57027],[-122.86236,45.56942],[-122.86745,45.56945],[-122.86768,45.56944],[-122.8677,45.56668],[-122.86771,45.56438],[-122.86771,45.56409],[-122.86759,45.56408],[-122.86759,45.56408],[-122.86759,45.56294],[-122.86759,45.56272],[-122.8676,45.56251],[-122.8676,45.56232],[-122.8676,45.56232],[-122.8676,45.5623],[-122.8676,45.56225],[-122.8676,45.56199],[-122.86772,45.56199],[-122.86874,45.56192],[-122.8693,45.5618],[-122.8725,45.56115],[-122.8725,45.56111],[-122.87256,45.55878],[-122.87256,45.55873],[-122.87296,45.55879],[-122.87298,45.55879],[-122.87383,45.55892],[-122.87471,45.55905],[-122.87516,45.55912],[-122.87532,45.55914],[-122.87588,45.55922],[-122.87618,45.55926],[-122.87723,45.55942],[-122.87839,45.55959],[-122.88038,45.55988],[-122.88247,45.56018],[-122.88259,45.5602],[-122.88264,45.56021],[-122.88273,45.56022],[-122.88299,45.56027],[-122.88317,45.56032],[-122.88323,45.56034],[-122.88326,45.56035],[-122.88341,45.5604],[-122.88356,45.56048],[-122.88384,45.56063],[-122.88393,45.56068],[-122.88404,45.56074],[-122.88536,45.56148],[-122.88625,45.56199],[-122.88688,45.56234],[-122.8873,45.56258],[-122.88748,45.56268],[-122.88753,45.56271],[-122.88776,45.56284],[-122.8881,45.56304],[-122.88819,45.56309],[-122.89136,45.56487],[-122.89168,45.56504],[-122.89168,45.56504],[-122.89168,45.56504],[-122.89168,45.56505],[-122.89244,45.56547],[-122.89277,45.56565],[-122.89389,45.56627],[-122.89391,45.56628],[-122.89392,45.56628],[-122.89392,45.56628],[-122.89393,45.56628],[-122.89382,45.5664],[-122.89397,45.56648],[-122.89413,45.56656],[-122.89404,45.56669],[-122.89401,45.56672],[-122.89376,45.5671],[-122.89376,45.56711],[-122.89375,45.56711],[-122.89375,45.56711],[-122.89375,45.56711],[-122.89375,45.56711],[-122.89375,45.56712],[-122.89375,45.56712],[-122.89375,45.56712],[-122.89375,45.56712],[-122.89374,45.56712],[-122.89374,45.56713],[-122.89374,45.56713],[-122.89374,45.56713],[-122.89374,45.56713],[-122.89374,45.56713],[-122.89374,45.56714],[-122.89374,45.56714],[-122.89373,45.56714],[-122.89373,45.56714],[-122.89373,45.56714],[-122.89373,45.56715],[-122.89373,45.56715],[-122.89373,45.56715],[-122.89373,45.56715],[-122.89372,45.56715],[-122.89372,45.56716],[-122.89372,45.56716],[-122.89372,45.56716],[-122.89372,45.56716],[-122.89372,45.56716],[-122.89372,45.56717],[-122.89372,45.56717],[-122.89371,45.56717],[-122.89371,45.56717],[-122.89371,45.56717],[-122.89371,45.56718],[-122.89371,45.56718],[-122.89371,45.56718],[-122.89371,45.56718],[-122.8937,45.56718],[-122.8937,45.56719],[-122.8937,45.56719],[-122.8937,45.56719],[-122.8937,45.56719],[-122.8937,45.56719],[-122.8937,45.5672],[-122.8937,45.5672],[-122.89369,45.5672],[-122.89369,45.5672],[-122.89369,45.5672],[-122.89369,45.56721],[-122.89369,45.56721],[-122.89369,45.56721],[-122.89369,45.56721],[-122.89369,45.56721],[-122.89368,45.56722],[-122.89368,45.56722],[-122.89368,45.56722],[-122.89368,45.56722],[-122.89368,45.56722],[-122.89368,45.56723],[-122.89368,45.56723],[-122.89367,45.56723],[-122.89367,45.56723],[-122.89367,45.56723],[-122.89367,45.56724],[-122.89367,45.56724],[-122.89367,45.56724],[-122.89367,45.56724],[-122.89367,45.56724],[-122.89366,45.56725],[-122.89366,45.56725],[-122.89366,45.56725],[-122.89366,45.56725],[-122.89366,45.56725],[-122.89366,45.56726],[-122.89366,45.56726],[-122.89365,45.56726],[-122.89365,45.56726],[-122.89365,45.56726],[-122.89365,45.56727],[-122.89365,45.56727],[-122.89365,45.56727],[-122.89365,45.56727],[-122.89365,45.56727],[-122.89364,45.56728],[-122.89364,45.56728],[-122.89364,45.56728],[-122.89364,45.56728],[-122.89364,45.56728],[-122.89364,45.56729],[-122.89364,45.56729],[-122.89364,45.56729],[-122.89363,45.56729],[-122.89363,45.56729],[-122.89363,45.5673],[-122.89363,45.5673],[-122.89363,45.5673],[-122.89363,45.5673],[-122.89363,45.5673],[-122.89362,45.56731],[-122.89362,45.56731],[-122.89362,45.56731],[-122.89362,45.56731],[-122.89362,45.56731],[-122.89362,45.56732],[-122.89362,45.56732],[-122.89362,45.56732],[-122.89361,45.56732],[-122.89361,45.56732],[-122.89361,45.56732],[-122.89361,45.56733],[-122.89361,45.56733],[-122.89361,45.56733],[-122.89361,45.56733],[-122.8936,45.56733],[-122.8936,45.56734],[-122.8936,45.56734],[-122.8936,45.56734],[-122.8936,45.56734],[-122.8936,45.56734],[-122.8936,45.56735],[-122.8936,45.56735],[-122.89359,45.56735],[-122.89359,45.56735],[-122.89359,45.56735],[-122.89359,45.56736],[-122.89359,45.56736],[-122.89359,45.56736],[-122.89359,45.56736],[-122.89358,45.56736],[-122.89358,45.56737],[-122.89358,45.56737],[-122.89358,45.56737],[-122.89358,45.56737],[-122.89358,45.56737],[-122.89358,45.56738],[-122.89358,45.56738],[-122.89357,45.56738],[-122.89357,45.56738],[-122.89357,45.56738],[-122.89357,45.56739],[-122.89357,45.56739],[-122.89357,45.56739],[-122.89357,45.56739],[-122.89356,45.56739],[-122.89356,45.5674],[-122.89356,45.5674],[-122.89356,45.5674],[-122.89356,45.5674],[-122.89356,45.5674],[-122.89356,45.56741],[-122.89356,45.56741],[-122.89355,45.56741],[-122.89355,45.56741],[-122.89355,45.56741],[-122.89355,45.56742],[-122.89355,45.56742],[-122.89355,45.56742],[-122.89355,45.56742],[-122.89354,45.56742],[-122.89354,45.56743],[-122.89354,45.56743],[-122.89354,45.56743],[-122.89354,45.56743],[-122.89354,45.56743],[-122.89354,45.56744],[-122.89354,45.56744],[-122.89353,45.56744],[-122.89353,45.56744],[-122.89353,45.56744],[-122.89353,45.56745],[-122.89353,45.56745],[-122.89353,45.56745],[-122.89353,45.56745],[-122.89352,45.56745],[-122.89352,45.56746],[-122.89352,45.56746],[-122.89352,45.56746],[-122.89352,45.56746],[-122.89352,45.56746],[-122.89352,45.56747],[-122.89352,45.56747],[-122.89351,45.56747],[-122.89351,45.56747],[-122.89351,45.56747],[-122.89351,45.56748],[-122.89351,45.56748],[-122.89351,45.56748],[-122.89351,45.56748],[-122.8935,45.56748],[-122.8935,45.56749],[-122.8935,45.56749],[-122.8935,45.56749],[-122.8935,45.56749],[-122.8935,45.56749],[-122.8935,45.5675],[-122.8935,45.5675],[-122.89349,45.5675],[-122.89349,45.5675],[-122.89349,45.5675],[-122.89349,45.56751],[-122.89349,45.56751],[-122.89349,45.56751],[-122.89349,45.56751],[-122.89348,45.56751],[-122.89348,45.56752],[-122.89348,45.56752],[-122.89348,45.56752],[-122.89348,45.56752],[-122.89348,45.56752],[-122.89348,45.56753],[-122.89347,45.56753],[-122.89347,45.56753],[-122.89347,45.56753],[-122.89347,45.56753],[-122.89347,45.56754],[-122.89347,45.56754],[-122.89347,45.56754],[-122.89347,45.56754],[-122.89346,45.56754],[-122.89346,45.56755],[-122.89346,45.56755],[-122.89346,45.56755],[-122.89346,45.56755],[-122.89346,45.56755],[-122.89346,45.56756],[-122.89345,45.56756],[-122.89345,45.56756],[-122.89345,45.56756],[-122.89345,45.56756],[-122.89345,45.56757],[-122.89345,45.56757],[-122.89345,45.56757],[-122.89345,45.56757],[-122.89344,45.56757],[-122.89344,45.56758],[-122.89344,45.56758],[-122.89344,45.56758],[-122.89344,45.56758],[-122.89344,45.56758],[-122.89344,45.56759],[-122.89343,45.56759],[-122.89343,45.56759],[-122.89343,45.56759],[-122.89343,45.56759],[-122.89343,45.5676],[-122.89343,45.5676],[-122.89343,45.5676],[-122.89342,45.5676],[-122.89342,45.5676],[-122.89342,45.56761],[-122.89342,45.56761],[-122.89342,45.56761],[-122.89342,45.56761],[-122.89342,45.56761],[-122.89342,45.56761],[-122.89341,45.56762],[-122.89341,45.56762],[-122.89341,45.56762],[-122.89341,45.56762],[-122.89341,45.56762],[-122.89341,45.56763],[-122.89341,45.56763],[-122.8934,45.56763],[-122.8934,45.56763],[-122.8934,45.56763],[-122.8934,45.56764],[-122.8934,45.56764],[-122.8934,45.56764],[-122.8934,45.56764],[-122.89339,45.56764],[-122.89339,45.56765],[-122.89339,45.56765],[-122.89339,45.56765],[-122.89339,45.56765],[-122.89339,45.56765],[-122.89339,45.56766],[-122.89339,45.56766],[-122.89338,45.56766],[-122.89338,45.56766],[-122.89338,45.56766],[-122.89338,45.56767],[-122.89338,45.56767],[-122.89338,45.56767],[-122.89338,45.56767],[-122.89337,45.56767],[-122.89337,45.56768],[-122.89337,45.56768],[-122.89337,45.56768],[-122.89337,45.56768],[-122.89337,45.56768],[-122.89337,45.56769],[-122.89336,45.56769],[-122.89336,45.56769],[-122.89336,45.56769],[-122.89336,45.56769],[-122.89336,45.5677],[-122.89336,45.5677],[-122.89336,45.5677],[-122.89335,45.5677],[-122.89335,45.5677],[-122.89335,45.56771],[-122.89335,45.56771],[-122.89335,45.56771],[-122.89335,45.56771],[-122.89335,45.56771],[-122.89334,45.56772],[-122.89334,45.56772],[-122.89334,45.56772],[-122.89334,45.56772],[-122.89334,45.56772],[-122.89334,45.56773],[-122.89334,45.56773],[-122.89334,45.56773],[-122.89333,45.56773],[-122.89333,45.56773],[-122.89333,45.56774],[-122.89333,45.56774],[-122.89333,45.56774],[-122.89333,45.56774],[-122.89333,45.56774],[-122.89332,45.56775],[-122.89332,45.56775],[-122.89332,45.56775],[-122.89332,45.56775],[-122.89332,45.56775],[-122.89332,45.56775],[-122.89332,45.56776],[-122.89331,45.56776],[-122.89331,45.56776],[-122.89331,45.56776],[-122.89331,45.56776],[-122.89331,45.56777],[-122.89331,45.56777],[-122.89331,45.56777],[-122.8933,45.56777],[-122.8933,45.56777],[-122.8933,45.56778],[-122.8933,45.56778],[-122.8933,45.56778],[-122.8933,45.56778],[-122.8933,45.56778],[-122.89329,45.56779],[-122.89329,45.56779],[-122.89329,45.56779],[-122.89329,45.56779],[-122.89329,45.56779],[-122.89329,45.5678],[-122.89329,45.5678],[-122.89328,45.5678],[-122.89328,45.5678],[-122.89328,45.5678],[-122.89328,45.56781],[-122.89328,45.56781],[-122.89328,45.56781],[-122.89328,45.56781],[-122.89327,45.56781],[-122.89327,45.56782],[-122.89327,45.56782],[-122.89327,45.56782],[-122.89327,45.56782],[-122.89327,45.56782],[-122.89327,45.56783],[-122.89326,45.56783],[-122.89326,45.56783],[-122.89326,45.56783],[-122.89326,45.56783],[-122.89326,45.56784],[-122.89326,45.56784],[-122.89326,45.56784],[-122.89325,45.56784],[-122.89325,45.56784],[-122.89325,45.56785],[-122.89325,45.56785],[-122.89325,45.56785],[-122.89325,45.56785],[-122.89325,45.56785],[-122.89325,45.56786],[-122.89324,45.56786],[-122.89324,45.56786],[-122.89324,45.56786],[-122.89324,45.56786],[-122.89324,45.56786],[-122.89324,45.56787],[-122.89324,45.56787],[-122.89323,45.56787],[-122.89323,45.56787],[-122.89323,45.56787],[-122.89323,45.56788],[-122.89323,45.56788],[-122.89323,45.56788],[-122.89322,45.56788],[-122.89322,45.56788],[-122.89322,45.56789],[-122.89322,45.56789],[-122.89322,45.56789],[-122.89322,45.56789],[-122.89322,45.56789],[-122.89321,45.5679],[-122.89321,45.5679],[-122.89321,45.5679],[-122.89321,45.5679],[-122.89321,45.5679],[-122.89321,45.56791],[-122.89321,45.56791],[-122.8932,45.56791],[-122.8932,45.56791],[-122.8932,45.56791],[-122.8932,45.56792],[-122.8932,45.56792],[-122.8932,45.56792],[-122.8932,45.56792],[-122.89319,45.56792],[-122.89319,45.56793],[-122.89319,45.56793],[-122.89319,45.56793],[-122.89319,45.56793],[-122.89319,45.56793],[-122.89319,45.56794],[-122.89318,45.56794],[-122.89318,45.56794],[-122.89318,45.56794],[-122.89318,45.56794],[-122.89318,45.56794],[-122.89318,45.56795],[-122.89318,45.56795],[-122.89317,45.56795],[-122.89317,45.56795],[-122.89317,45.56795],[-122.89317,45.56796],[-122.89317,45.56796],[-122.89317,45.56796],[-122.89317,45.56796],[-122.89316,45.56796],[-122.89316,45.56797],[-122.89316,45.56797],[-122.89316,45.56797],[-122.89316,45.56797],[-122.89316,45.56797],[-122.89316,45.56798],[-122.89315,45.56798],[-122.89315,45.56798],[-122.89315,45.56798],[-122.89315,45.56798],[-122.89315,45.56799],[-122.89315,45.56799],[-122.89315,45.56799],[-122.89314,45.56799],[-122.89314,45.56799],[-122.89314,45.568],[-122.89314,45.568],[-122.89314,45.568],[-122.89314,45.568],[-122.89313,45.568],[-122.89313,45.56801],[-122.89313,45.56801],[-122.89313,45.56801],[-122.89313,45.56801],[-122.89313,45.56801],[-122.89313,45.56801],[-122.89312,45.56802],[-122.89312,45.56802],[-122.89312,45.56802],[-122.89312,45.56802],[-122.89312,45.56802],[-122.89312,45.56803],[-122.89312,45.56803],[-122.89311,45.56803],[-122.89311,45.56803],[-122.89311,45.56803],[-122.89311,45.56804],[-122.89311,45.56804],[-122.89311,45.56804],[-122.89311,45.56804],[-122.8931,45.56804],[-122.8931,45.56805],[-122.8931,45.56805],[-122.8931,45.56805],[-122.8931,45.56805],[-122.8931,45.56805],[-122.89309,45.56806],[-122.89309,45.56806],[-122.89309,45.56806],[-122.89309,45.56806],[-122.89309,45.56806],[-122.89309,45.56807],[-122.89309,45.56807],[-122.89308,45.56807],[-122.89308,45.56807],[-122.89308,45.56807],[-122.89308,45.56807],[-122.89308,45.56808],[-122.89308,45.56808],[-122.89308,45.56808],[-122.89307,45.56808],[-122.89307,45.56808],[-122.89307,45.56809],[-122.89306,45.5681],[-122.89295,45.56824],[-122.89296,45.56824],[-122.89521,45.56824],[-122.89564,45.56824],[-122.89524,45.56717],[-122.89721,45.56718],[-122.89731,45.56718],[-122.89741,45.56718],[-122.89877,45.56718],[-122.89876,45.56748],[-122.89874,45.56816],[-122.89872,45.56874],[-122.89871,45.56922],[-122.8987,45.56933],[-122.8987,45.56955],[-122.8987,45.5697],[-122.8987,45.56988],[-122.89872,45.57027],[-122.89873,45.57047],[-122.89875,45.57071],[-122.89838,45.57055],[-122.89852,45.57038],[-122.89851,45.56995],[-122.8985,45.56965],[-122.89732,45.56965],[-122.89732,45.57008],[-122.89732,45.57032],[-122.8975,45.5704],[-122.89773,45.57051],[-122.89796,45.57061],[-122.89853,45.57085],[-122.89877,45.57096],[-122.89918,45.57114],[-122.89917,45.57101],[-122.89917,45.57101],[-122.89994,45.57135],[-122.90037,45.57153],[-122.90233,45.57242],[-122.90279,45.57262],[-122.90355,45.57292],[-122.90389,45.57302],[-122.90416,45.57307],[-122.90478,45.57316],[-122.90587,45.5733],[-122.90651,45.5734],[-122.90717,45.57358],[-122.90866,45.57405],[-122.90868,45.57406],[-122.91027,45.57457],[-122.91188,45.57507],[-122.91199,45.57511],[-122.91203,45.57505],[-122.91212,45.57462],[-122.9122,45.57423],[-122.91233,45.57363],[-122.91252,45.57271],[-122.91252,45.57272],[-122.91252,45.57272],[-122.91418,45.57271],[-122.91422,45.57271],[-122.91443,45.57271],[-122.91443,45.57271],[-122.91411,45.57437],[-122.91389,45.5755],[-122.9134,45.57545],[-122.91313,45.57538],[-122.91295,45.57535],[-122.91262,45.57524],[-122.91253,45.57521],[-122.91203,45.57505],[-122.91203,45.57505],[-122.91199,45.57511],[-122.91201,45.57511],[-122.91201,45.57511],[-122.91202,45.57511],[-122.91212,45.57515],[-122.91218,45.57516],[-122.91246,45.57525],[-122.91277,45.57535],[-122.91319,45.57547],[-122.91326,45.57548],[-122.91354,45.57554],[-122.91365,45.57555],[-122.91389,45.57558],[-122.91442,45.57561],[-122.91453,45.57562],[-122.91542,45.57565],[-122.91719,45.57573],[-122.91724,45.57573],[-122.91892,45.5758],[-122.91892,45.5758],[-122.91893,45.5758],[-122.91895,45.57571],[-122.91899,45.57561],[-122.91955,45.57431],[-122.91966,45.57405],[-122.91988,45.57353],[-122.92023,45.57272],[-122.92023,45.57272],[-122.92025,45.57272],[-122.92061,45.57272],[-122.92106,45.57272],[-122.92118,45.57272],[-122.92142,45.57273],[-122.9217,45.57273],[-122.92178,45.57273],[-122.92202,45.57273],[-122.9223,45.57273],[-122.9223,45.57273],[-122.92244,45.57274],[-122.92258,45.57274],[-122.92275,45.57274],[-122.92297,45.57274],[-122.92294,45.57282],[-122.92286,45.573],[-122.92309,45.57305],[-122.92323,45.57275],[-122.92323,45.57273],[-122.92332,45.57253],[-122.92341,45.57231],[-122.9235,45.57208],[-122.9235,45.57208],[-122.92357,45.57193],[-122.92365,45.57175],[-122.92373,45.57158],[-122.9238,45.57141],[-122.92387,45.57125],[-122.92391,45.57117],[-122.92395,45.57107],[-122.92405,45.57085],[-122.92411,45.57072],[-122.92414,45.57066],[-122.9242,45.57067],[-122.92423,45.57059],[-122.92436,45.57031],[-122.9246,45.56975],[-122.92462,45.56974],[-122.92468,45.56968],[-122.92474,45.56966],[-122.92476,45.56961],[-122.92496,45.56944],[-122.92545,45.56911],[-122.92602,45.56888],[-122.92656,45.56863],[-122.9273,45.56827],[-122.92773,45.56798],[-122.92816,45.56763],[-122.92852,45.56733],[-122.92889,45.56707],[-122.92909,45.56681],[-122.92916,45.56672],[-122.92935,45.56686],[-122.93184,45.56873],[-122.93186,45.56869],[-122.93188,45.56866],[-122.9319,45.56861],[-122.93273,45.56696],[-122.93273,45.56696],[-122.93157,45.56652],[-122.93016,45.56602],[-122.93011,45.56583],[-122.92984,45.56577],[-122.92967,45.56575],[-122.92918,45.56574],[-122.92855,45.56573],[-122.92803,45.56572],[-122.92752,45.56571],[-122.92722,45.56571],[-122.92689,45.5657],[-122.9265,45.56569],[-122.92615,45.56573],[-122.92614,45.56573],[-122.92614,45.56568],[-122.92614,45.56562],[-122.92615,45.56546],[-122.92615,45.56546],[-122.92616,45.56546],[-122.92616,45.56546],[-122.92616,45.56545],[-122.92616,45.56545],[-122.92618,45.56545],[-122.92618,45.56545],[-122.92618,45.56545],[-122.92641,45.56544],[-122.92642,45.56534],[-122.92647,45.56527],[-122.92646,45.5645],[-122.92645,45.56412],[-122.92645,45.56378],[-122.92644,45.56347],[-122.92644,45.56325],[-122.92645,45.56296],[-122.92646,45.56234],[-122.92646,45.56213],[-122.92646,45.56199],[-122.92647,45.56178],[-122.92741,45.56179],[-122.92907,45.5618],[-122.9307,45.56181],[-122.9309,45.56181],[-122.93175,45.56181],[-122.93257,45.56182],[-122.93253,45.56397],[-122.93403,45.564],[-122.934,45.56581],[-122.9325,45.56579],[-122.9325,45.5659],[-122.93241,45.56608],[-122.93255,45.56652],[-122.93273,45.56696]],[[-122.91385,45.56551],[-122.9139,45.56551],[-122.9139,45.56551],[-122.91385,45.56551]],[[-122.84794,45.34611],[-122.84794,45.34611],[-122.84834,45.34611],[-122.84834,45.34611],[-122.84815,45.34611],[-122.84794,45.34611]],[[-122.78491,45.3322],[-122.7849,45.33183],[-122.7849,45.33185],[-122.78491,45.3322]],[[-122.83642,45.40401],[-122.83642,45.40401],[-122.83642,45.4048],[-122.83642,45.4048],[-122.83642,45.40407],[-122.83642,45.40401]],[[-122.99264,45.51275],[-122.99256,45.51275],[-122.99256,45.51282],[-122.99272,45.51282],[-122.9929,45.51282],[-122.99307,45.5128],[-122.99306,45.51275],[-122.99295,45.51275],[-122.99284,45.51275],[-122.99264,45.51275]],[[-122.85489,45.57394],[-122.85489,45.57398],[-122.85579,45.57397],[-122.85654,45.57397],[-122.85723,45.57397],[-122.85723,45.57392],[-122.85673,45.57393],[-122.85647,45.57393],[-122.85614,45.57393],[-122.85489,45.57394]],[[-122.93687,45.55119],[-122.93687,45.55119],[-122.93687,45.55119],[-122.93687,45.55119],[-122.93687,45.55119],[-122.93686,45.55119],[-122.93686,45.55119],[-122.93686,45.55119],[-122.93686,45.55119],[-122.93686,45.55119],[-122.93686,45.55119],[-122.93685,45.55119],[-122.93685,45.55119],[-122.93685,45.55119],[-122.93685,45.55119],[-122.93685,45.55119],[-122.93685,45.5512],[-122.93684,45.5512],[-122.93684,45.5512],[-122.93684,45.5512],[-122.93684,45.5512],[-122.93684,45.5512],[-122.93683,45.5512],[-122.93683,45.5512],[-122.93683,45.5512],[-122.93683,45.5512],[-122.93683,45.5512],[-122.93683,45.5512],[-122.93682,45.5512],[-122.93682,45.5512],[-122.93682,45.55153],[-122.93682,45.55153],[-122.93687,45.55153],[-122.9369,45.55154],[-122.93726,45.55154],[-122.93727,45.5512],[-122.93688,45.55119],[-122.93687,45.55119]],[[-122.99661,45.54414],[-122.99647,45.54414],[-122.99646,45.54438],[-122.99677,45.54439],[-122.99707,45.54439],[-122.99709,45.54439],[-122.99709,45.54414],[-122.99686,45.54414],[-122.99678,45.54414],[-122.99661,45.54414],[-122.99661,45.54414]],[[-122.84796,45.5737],[-122.84851,45.5737],[-122.84851,45.57337],[-122.84796,45.57337],[-122.84796,45.5737]],[[-122.8584,45.34606],[-122.85849,45.34604],[-122.85851,45.34603],[-122.85865,45.34599],[-122.85865,45.34599],[-122.85866,45.34599],[-122.85866,45.34599],[-122.85866,45.34599],[-122.85962,45.34569],[-122.85976,45.34565],[-122.85989,45.34561],[-122.85995,45.34559],[-122.85995,45.34559],[-122.85939,45.34558],[-122.85781,45.34606],[-122.85834,45.34607],[-122.85838,45.34607],[-122.85838,45.34607],[-122.8584,45.34606]],[[-122.85275,45.56363],[-122.85273,45.56304],[-122.85273,45.56295],[-122.85238,45.56294],[-122.85219,45.56299],[-122.85218,45.56299],[-122.85219,45.56311],[-122.85219,45.56347],[-122.85218,45.56363],[-122.85275,45.56363]],[[-122.75235,45.32143],[-122.75176,45.32143],[-122.75176,45.32164],[-122.75176,45.32223],[-122.75235,45.32223],[-122.75235,45.32143]],[[-123.07595,45.51691],[-123.07595,45.51691],[-123.07595,45.51696],[-123.07595,45.51705],[-123.07595,45.51735],[-123.07595,45.51743],[-123.07721,45.5174],[-123.07721,45.5174],[-123.07721,45.51739],[-123.07721,45.51691],[-123.07621,45.51691],[-123.07606,45.51691],[-123.07595,45.51691]],[[-122.91359,45.49152],[-122.91262,45.49151],[-122.91261,45.49199],[-122.9126,45.49226],[-122.91357,45.49227],[-122.91358,45.492],[-122.91359,45.49152]],[[-122.78509,45.33915],[-122.78501,45.33915],[-122.78502,45.34024],[-122.78502,45.34024],[-122.78503,45.34024],[-122.7851,45.34024],[-122.78524,45.34023],[-122.78541,45.34007],[-122.78571,45.33984],[-122.78601,45.33959],[-122.78634,45.33933],[-122.78657,45.33915],[-122.78652,45.33915],[-122.78571,45.33915],[-122.78515,45.33915],[-122.78509,45.33915]],[[-122.95254,45.55271],[-122.95102,45.55271],[-122.95102,45.55314],[-122.95102,45.55337],[-122.95102,45.55337],[-122.95182,45.55338],[-122.95269,45.55338],[-122.9527,45.55338],[-122.9527,45.55314],[-122.95269,45.55271],[-122.95269,45.55271],[-122.95265,45.55271],[-122.95254,45.55271]],[[-122.86616,45.56262],[-122.86616,45.56292],[-122.86616,45.56316],[-122.86609,45.56316],[-122.8658,45.56316],[-122.8658,45.56298],[-122.86569,45.563],[-122.86561,45.56302],[-122.86561,45.5639],[-122.86561,45.56407],[-122.86617,45.56407],[-122.86617,45.56404],[-122.86617,45.56383],[-122.86675,45.56383],[-122.86674,45.56288],[-122.86674,45.56272],[-122.86674,45.5625],[-122.86616,45.56262]],[[-122.85323,45.42486],[-122.85182,45.42486],[-122.85182,45.42501],[-122.85182,45.42573],[-122.85182,45.42579],[-122.85182,45.42579],[-122.8527,45.4258],[-122.85271,45.4258],[-122.853,45.4258],[-122.85307,45.4258],[-122.85318,45.42573],[-122.85318,45.42559],[-122.85319,45.42541],[-122.85322,45.42512],[-122.85323,45.42486]],[[-122.83734,45.57434],[-122.83735,45.57431],[-122.83738,45.57422],[-122.83741,45.57413],[-122.83741,45.57413],[-122.83742,45.57385],[-122.83523,45.57386],[-122.83523,45.57386],[-122.83522,45.57422],[-122.83521,45.57438],[-122.83674,45.57447],[-122.83673,45.57497],[-122.83673,45.57496],[-122.83674,45.57495],[-122.83675,45.57494],[-122.83676,45.57493],[-122.83677,45.57492],[-122.83678,45.57491],[-122.83679,45.5749],[-122.8368,45.57489],[-122.83681,45.57487],[-122.83682,45.57486],[-122.83684,45.57485],[-122.83685,45.57484],[-122.83686,45.57483],[-122.83687,45.57482],[-122.83689,45.57481],[-122.8369,45.5748],[-122.83691,45.57479],[-122.83702,45.57472],[-122.83704,45.57471],[-122.83705,45.57469],[-122.83707,45.57468],[-122.83708,45.57467],[-122.83709,45.57466],[-122.83711,45.57465],[-122.83712,45.57464],[-122.83713,45.57462],[-122.83715,45.57461],[-122.83716,45.5746],[-122.83717,45.57459],[-122.83718,45.57457],[-122.8372,45.57456],[-122.83721,45.57455],[-122.83722,45.57453],[-122.83723,45.57452],[-122.83724,45.57451],[-122.83725,45.57449],[-122.83726,45.57448],[-122.83727,45.57447],[-122.83728,45.57445],[-122.83729,45.57444],[-122.83729,45.57442],[-122.8373,45.57441],[-122.83731,45.5744],[-122.83732,45.57438],[-122.83732,45.57437],[-122.83733,45.57435],[-122.83734,45.57434]],[[-122.93833,45.55567],[-122.93834,45.55471],[-122.93801,45.55471],[-122.93674,45.55469],[-122.93674,45.55469],[-122.93674,45.55469],[-122.93672,45.55469],[-122.93671,45.55565],[-122.93672,45.55565],[-122.93672,45.55565],[-122.93833,45.55567]],[[-123.07643,45.51556],[-123.07644,45.51544],[-123.07644,45.51535],[-123.07644,45.51504],[-123.07621,45.51504],[-123.07597,45.51504],[-123.07598,45.51509],[-123.07598,45.51509],[-123.076,45.51514],[-123.076,45.51534],[-123.076,45.51544],[-123.076,45.51553],[-123.076,45.51565],[-123.07599,45.51581],[-123.07598,45.51599],[-123.07598,45.51605],[-123.07597,45.51609],[-123.07597,45.51633],[-123.07597,45.5164],[-123.07596,45.51658],[-123.07596,45.51674],[-123.07596,45.51674],[-123.07623,45.51674],[-123.07681,45.51674],[-123.07681,45.51677],[-123.07692,45.51677],[-123.0774,45.51677],[-123.0774,45.51667],[-123.0774,45.51666],[-123.0774,45.51666],[-123.07741,45.51623],[-123.07741,45.51613],[-123.07741,45.51611],[-123.07738,45.51611],[-123.07738,45.51609],[-123.07739,45.51599],[-123.07739,45.51581],[-123.07739,45.51577],[-123.07698,45.51577],[-123.07698,45.51565],[-123.07698,45.51557],[-123.07697,45.51556],[-123.07643,45.51556]],[[-122.90445,45.48605],[-122.90445,45.48618],[-122.90445,45.48618],[-122.90505,45.48618],[-122.90535,45.48619],[-122.90535,45.48615],[-122.90535,45.48612],[-122.90544,45.48376],[-122.90491,45.48376],[-122.90454,45.48376],[-122.90446,45.48583],[-122.90445,45.48605]],[[-122.75078,45.32164],[-122.75078,45.32128],[-122.75078,45.321],[-122.75078,45.32018],[-122.75078,45.3199],[-122.75078,45.31987],[-122.74991,45.31987],[-122.74979,45.31987],[-122.74979,45.31992],[-122.74979,45.32016],[-122.74979,45.32077],[-122.74979,45.32151],[-122.74979,45.32171],[-122.74979,45.32223],[-122.75078,45.32223],[-122.75078,45.32164]],[[-122.89387,45.48076],[-122.89375,45.48077],[-122.89371,45.48101],[-122.8936,45.48157],[-122.89359,45.48158],[-122.89371,45.48158],[-122.89375,45.48158],[-122.894,45.48158],[-122.89408,45.48158],[-122.89458,45.48157],[-122.89472,45.48157],[-122.89514,45.48156],[-122.89529,45.48156],[-122.89571,45.48156],[-122.89588,45.48156],[-122.896,45.48156],[-122.89622,45.48155],[-122.89629,45.48155],[-122.89633,45.48155],[-122.89634,45.48155],[-122.8971,45.48154],[-122.89714,45.48154],[-122.89712,45.48073],[-122.89626,45.48074],[-122.89597,45.48074],[-122.89524,45.48075],[-122.89393,45.48076],[-122.89387,45.48076]],[[-122.91964,45.49124],[-122.91944,45.49211],[-122.91944,45.49215],[-122.91944,45.49215],[-122.92066,45.49253],[-122.92069,45.49257],[-122.92123,45.49275],[-122.92124,45.49281],[-122.92142,45.49281],[-122.92145,45.49279],[-122.92147,45.49265],[-122.92151,45.49253],[-122.92166,45.49246],[-122.92175,45.49241],[-122.9219,45.49238],[-122.92204,45.49227],[-122.92225,45.49219],[-122.92235,45.4921],[-122.92248,45.49197],[-122.92253,45.49194],[-122.9227,45.49183],[-122.92289,45.4917],[-122.92322,45.49154],[-122.92387,45.49137],[-122.92401,45.49131],[-122.92389,45.49131],[-122.92329,45.49131],[-122.92269,45.49131],[-122.92189,45.49131],[-122.92192,45.49135],[-122.9214,45.49182],[-122.91972,45.49127],[-122.91964,45.49124]],[[-122.84254,45.56919],[-122.84292,45.56919],[-122.84292,45.56919],[-122.84432,45.56919],[-122.84432,45.56919],[-122.84432,45.56924],[-122.84447,45.56925],[-122.84526,45.56926],[-122.84686,45.56926],[-122.84715,45.56925],[-122.84715,45.5692],[-122.84692,45.5692],[-122.84447,45.56919],[-122.84447,45.56918],[-122.84447,45.56918],[-122.84447,45.56757],[-122.8443,45.56757],[-122.84254,45.56757],[-122.84254,45.56919]],[[-122.92245,45.56783],[-122.92173,45.56946],[-122.92302,45.56946],[-122.92376,45.56947],[-122.92376,45.5694],[-122.92402,45.5694],[-122.9241,45.5694],[-122.92418,45.56941],[-122.92423,45.56941],[-122.92426,45.56942],[-122.92434,45.56943],[-122.92441,45.56945],[-122.92443,45.56942],[-122.9245,45.56925],[-122.92453,45.56918],[-122.9248,45.56853],[-122.92487,45.56835],[-122.92407,45.56818],[-122.92313,45.56798],[-122.92245,45.56783]],[[-122.91806,45.49533],[-122.9181,45.49534],[-122.91818,45.49496],[-122.91819,45.49494],[-122.91834,45.49484],[-122.9186,45.49466],[-122.91883,45.49451],[-122.9189,45.49446],[-122.91892,45.49436],[-122.91895,45.49425],[-122.91895,45.49423],[-122.91905,45.49383],[-122.91905,45.49383],[-122.91904,45.49383],[-122.9183,45.49382],[-122.91561,45.49378],[-122.9156,45.49395],[-122.9156,45.49412],[-122.91558,45.49467],[-122.91558,45.49483],[-122.91558,45.49484],[-122.91558,45.49484],[-122.91558,45.49484],[-122.91645,45.49501],[-122.9167,45.49506],[-122.91776,45.49527],[-122.91804,45.49533],[-122.91806,45.49533]],[[-122.89714,45.48277],[-122.89714,45.48202],[-122.89714,45.48171],[-122.89714,45.48164],[-122.89714,45.4816],[-122.89604,45.48161],[-122.89376,45.48163],[-122.89371,45.48163],[-122.8937,45.48163],[-122.89358,45.48163],[-122.89358,45.48166],[-122.89357,45.48169],[-122.89357,45.4817],[-122.89339,45.48258],[-122.89335,45.48283],[-122.89334,45.48283],[-122.89334,45.48286],[-122.89349,45.48286],[-122.89354,45.48286],[-122.89471,45.48285],[-122.89604,45.48284],[-122.89714,45.48284],[-122.89714,45.48277]],[[-122.82861,45.57488],[-122.82915,45.5739],[-122.82915,45.5739],[-122.82932,45.57358],[-122.82863,45.57338],[-122.82859,45.57337],[-122.8278,45.57314],[-122.82741,45.57303],[-122.82732,45.573],[-122.82717,45.57295],[-122.82644,45.57274],[-122.82636,45.57272],[-122.82629,45.57269],[-122.82629,45.57269],[-122.8263,45.57333],[-122.8263,45.57391],[-122.82632,45.5748],[-122.82811,45.57479],[-122.82811,45.57479],[-122.82811,45.57479],[-122.82811,45.57479],[-122.82811,45.57479],[-122.82811,45.57479],[-122.82812,45.57479],[-122.82812,45.57479],[-122.82812,45.57479],[-122.82812,45.57479],[-122.82812,45.57479],[-122.82812,45.57479],[-122.82813,45.57479],[-122.82813,45.57479],[-122.82813,45.57479],[-122.82813,45.57479],[-122.82813,45.57479],[-122.82814,45.57479],[-122.82814,45.57479],[-122.82814,45.57479],[-122.82814,45.57479],[-122.82814,45.57479],[-122.82815,45.57479],[-122.82815,45.57479],[-122.82815,45.57479],[-122.82815,45.57479],[-122.82815,45.57479],[-122.82816,45.57479],[-122.82816,45.57479],[-122.82816,45.57479],[-122.82816,45.57479],[-122.82816,45.57479],[-122.82817,45.57479],[-122.82817,45.57479],[-122.82817,45.57479],[-122.82817,45.57479],[-122.82817,45.57479],[-122.82818,45.57479],[-122.82818,45.57479],[-122.82818,45.57479],[-122.82818,45.57479],[-122.82818,45.57479],[-122.82819,45.57479],[-122.82819,45.57479],[-122.82819,45.57479],[-122.82819,45.57479],[-122.82819,45.57479],[-122.8282,45.57479],[-122.8282,45.57479],[-122.8282,45.57479],[-122.8282,45.57479],[-122.8282,45.57479],[-122.8282,45.57479],[-122.82821,45.57479],[-122.82821,45.57479],[-122.82821,45.57479],[-122.82821,45.57479],[-122.82821,45.57479],[-122.82822,45.57479],[-122.82822,45.57479],[-122.82822,45.57479],[-122.82822,45.57479],[-122.82822,45.57479],[-122.82823,45.57479],[-122.82823,45.57479],[-122.82823,45.57479],[-122.82823,45.57479],[-122.82823,45.57479],[-122.82824,45.57479],[-122.82824,45.57479],[-122.82824,45.57479],[-122.82824,45.57479],[-122.82824,45.57479],[-122.82825,45.5748],[-122.82825,45.5748],[-122.82825,45.5748],[-122.82825,45.5748],[-122.82825,45.5748],[-122.82826,45.5748],[-122.82826,45.5748],[-122.82826,45.5748],[-122.82826,45.5748],[-122.82826,45.5748],[-122.82826,45.5748],[-122.82827,45.5748],[-122.82827,45.5748],[-122.82827,45.5748],[-122.82827,45.5748],[-122.82827,45.5748],[-122.82828,45.5748],[-122.82828,45.5748],[-122.82828,45.5748],[-122.82828,45.5748],[-122.82828,45.5748],[-122.82829,45.5748],[-122.82829,45.5748],[-122.82829,45.5748],[-122.82829,45.5748],[-122.82829,45.5748],[-122.8283,45.5748],[-122.8283,45.5748],[-122.8283,45.5748],[-122.8283,45.5748],[-122.8283,45.5748],[-122.8283,45.5748],[-122.82831,45.5748],[-122.82831,45.5748],[-122.82831,45.5748],[-122.82831,45.5748],[-122.82831,45.5748],[-122.82832,45.5748],[-122.82832,45.57481],[-122.82832,45.57481],[-122.82832,45.57481],[-122.82832,45.57481],[-122.82833,45.57481],[-122.82833,45.57481],[-122.82833,45.57481],[-122.82833,45.57481],[-122.82833,45.57481],[-122.82834,45.57481],[-122.82834,45.57481],[-122.82834,45.57481],[-122.82834,45.57481],[-122.82834,45.57481],[-122.82834,45.57481],[-122.82835,45.57481],[-122.82835,45.57481],[-122.82835,45.57481],[-122.82835,45.57481],[-122.82835,45.57481],[-122.82836,45.57481],[-122.82836,45.57481],[-122.82836,45.57481],[-122.82836,45.57481],[-122.82836,45.57481],[-122.82837,45.57481],[-122.82837,45.57481],[-122.82837,45.57481],[-122.82837,45.57482],[-122.82837,45.57482],[-122.82837,45.57482],[-122.82838,45.57482],[-122.82838,45.57482],[-122.82838,45.57482],[-122.82838,45.57482],[-122.82838,45.57482],[-122.82839,45.57482],[-122.82839,45.57482],[-122.82839,45.57482],[-122.82839,45.57482],[-122.82839,45.57482],[-122.8284,45.57482],[-122.8284,45.57482],[-122.8284,45.57482],[-122.8284,45.57482],[-122.8284,45.57482],[-122.8284,45.57482],[-122.82841,45.57482],[-122.82841,45.57482],[-122.82841,45.57482],[-122.82841,45.57482],[-122.82841,45.57482],[-122.82842,45.57483],[-122.82842,45.57483],[-122.82842,45.57483],[-122.82842,45.57483],[-122.82842,45.57483],[-122.82842,45.57483],[-122.82843,45.57483],[-122.82843,45.57483],[-122.82843,45.57483],[-122.82843,45.57483],[-122.82843,45.57483],[-122.82844,45.57483],[-122.82844,45.57483],[-122.82844,45.57483],[-122.82844,45.57483],[-122.82844,45.57483],[-122.82844,45.57483],[-122.82845,45.57483],[-122.82845,45.57483],[-122.82845,45.57483],[-122.82845,45.57484],[-122.82861,45.57488],[-122.82861,45.57488]],[[-122.84918,45.42814],[-122.8492,45.42695],[-122.8492,45.42695],[-122.8491,45.42695],[-122.8491,45.42695],[-122.84901,45.42696],[-122.84892,45.42697],[-122.84882,45.42699],[-122.84873,45.427],[-122.84864,45.42701],[-122.84855,45.42703],[-122.84846,45.42705],[-122.84837,45.42706],[-122.84828,45.42708],[-122.84819,45.4271],[-122.8481,45.42712],[-122.84801,45.42714],[-122.84766,45.42724],[-122.84759,45.42716],[-122.84721,45.42673],[-122.84715,45.42678],[-122.84667,45.42727],[-122.84667,45.42731],[-122.84667,45.42744],[-122.84667,45.42747],[-122.84667,45.4276],[-122.84662,45.42764],[-122.84662,45.42767],[-122.84661,45.42833],[-122.84661,45.42855],[-122.8466,45.42937],[-122.8466,45.42963],[-122.8466,45.42966],[-122.8466,45.42968],[-122.84659,45.42974],[-122.84917,45.42973],[-122.84918,45.42814]],[[-122.91921,45.56728],[-122.92307,45.5673],[-122.92308,45.56595],[-122.92347,45.56596],[-122.92348,45.56555],[-122.92348,45.56554],[-122.92341,45.56554],[-122.92323,45.56554],[-122.92309,45.56554],[-122.92252,45.56554],[-122.92243,45.56554],[-122.92243,45.56554],[-122.92189,45.56554],[-122.92189,45.56554],[-122.92135,45.56554],[-122.92127,45.56554],[-122.92088,45.56553],[-122.91952,45.56553],[-122.91922,45.56553],[-122.91922,45.56553],[-122.91922,45.56553],[-122.91921,45.56728]],[[-122.83661,45.56936],[-122.8366,45.56935],[-122.83655,45.56938],[-122.83654,45.56937],[-122.83652,45.56937],[-122.83651,45.56936],[-122.83649,45.56936],[-122.83647,45.56936],[-122.83644,45.56937],[-122.8363,45.56939],[-122.83617,45.56942],[-122.83607,45.56945],[-122.8358,45.56952],[-122.83493,45.56952],[-122.83493,45.56978],[-122.83336,45.57027],[-122.83327,45.5703],[-122.83322,45.57033],[-122.83316,45.57037],[-122.83311,45.57041],[-122.83306,45.57046],[-122.83303,45.57051],[-122.833,45.57057],[-122.83298,45.57064],[-122.83297,45.5707],[-122.83297,45.57075],[-122.833,45.57083],[-122.83303,45.5709],[-122.83308,45.57097],[-122.83314,45.57102],[-122.83321,45.57107],[-122.83329,45.57111],[-122.83334,45.57113],[-122.83361,45.57122],[-122.83393,45.57132],[-122.83401,45.57134],[-122.8349,45.5716],[-122.83793,45.57159],[-122.83791,45.57141],[-122.83789,45.57124],[-122.83787,45.57116],[-122.83786,45.5711],[-122.83785,45.57104],[-122.83781,45.57092],[-122.83778,45.57084],[-122.83774,45.57076],[-122.83772,45.57071],[-122.83771,45.57068],[-122.83769,45.57064],[-122.83766,45.5706],[-122.83764,45.57056],[-122.83759,45.57048],[-122.83751,45.57036],[-122.83743,45.57023],[-122.83732,45.5701],[-122.83725,45.57001],[-122.83719,45.56994],[-122.83713,45.56988],[-122.837,45.56974],[-122.8369,45.56965],[-122.83682,45.56957],[-122.83674,45.56949],[-122.83666,45.56941],[-122.83661,45.56936]],[[-122.83821,45.57242],[-122.83821,45.57246],[-122.8382,45.5725],[-122.8382,45.57254],[-122.83819,45.57258],[-122.83818,45.57262],[-122.83817,45.57266],[-122.83816,45.5727],[-122.83814,45.57274],[-122.83813,45.57278],[-122.83794,45.57332],[-122.83794,45.57332],[-122.84088,45.57332],[-122.84088,45.57421],[-122.84178,45.5742],[-122.84294,45.5742],[-122.84294,45.57359],[-122.84294,45.57338],[-122.84576,45.57338],[-122.84576,45.57255],[-122.84516,45.57255],[-122.84435,45.57255],[-122.84355,45.57255],[-122.84294,45.57255],[-122.84294,45.57239],[-122.84216,45.57239],[-122.84178,45.57239],[-122.84088,45.57238],[-122.83822,45.57237],[-122.83822,45.57238],[-122.83821,45.57242]],[[-122.91368,45.56629],[-122.9135,45.56726],[-122.91342,45.56771],[-122.91339,45.56786],[-122.91326,45.56861],[-122.91304,45.56979],[-122.91294,45.57039],[-122.91254,45.57257],[-122.91253,45.57263],[-122.91253,45.57266],[-122.91253,45.57266],[-122.91415,45.57264],[-122.91422,45.57264],[-122.91453,45.5722],[-122.91475,45.57104],[-122.91477,45.57094],[-122.91505,45.56951],[-122.91505,45.56951],[-122.91505,45.56951],[-122.91505,45.56951],[-122.91572,45.56602],[-122.91602,45.56556],[-122.91603,45.56556],[-122.91603,45.56556],[-122.91581,45.56556],[-122.91578,45.56556],[-122.91484,45.56556],[-122.9145,45.56555],[-122.91385,45.56555],[-122.91384,45.56555],[-122.91384,45.56555],[-122.91381,45.56556],[-122.91368,45.56629]],[[-122.89715,45.47858],[-122.89708,45.47656],[-122.8978,45.47656],[-122.89823,45.47657],[-122.89833,45.47657],[-122.89833,45.4765],[-122.89833,45.4765],[-122.89847,45.4765],[-122.89847,45.47648],[-122.89847,45.47648],[-122.89847,45.4765],[-122.9001,45.47651],[-122.90182,45.47652],[-122.90353,45.47652],[-122.90353,45.47649],[-122.90355,45.47649],[-122.90353,45.47649],[-122.90353,45.47649],[-122.90353,45.47649],[-122.90355,45.47509],[-122.90113,45.4751],[-122.90113,45.4738],[-122.8988,45.4738],[-122.89849,45.4738],[-122.89849,45.4739],[-122.89849,45.4743],[-122.89847,45.47507],[-122.89848,45.47521],[-122.89847,45.4764],[-122.89846,45.47648],[-122.89726,45.47648],[-122.897,45.47648],[-122.89692,45.47648],[-122.89629,45.47648],[-122.89482,45.47649],[-122.89458,45.47649],[-122.89448,45.47702],[-122.89443,45.47729],[-122.89441,45.47739],[-122.89438,45.47753],[-122.89437,45.47754],[-122.89432,45.4778],[-122.8943,45.47789],[-122.89417,45.47859],[-122.89417,45.47861],[-122.89428,45.47861],[-122.89428,45.47861],[-122.89434,45.47861],[-122.89464,45.47861],[-122.8953,45.47862],[-122.89549,45.47862],[-122.89693,45.47862],[-122.89701,45.47862],[-122.89705,45.47862],[-122.89715,45.47862],[-122.89715,45.47858],[-122.89715,45.47858]],[[-122.89184,45.49589],[-122.89185,45.49578],[-122.89189,45.49451],[-122.89193,45.49359],[-122.89195,45.49302],[-122.89198,45.49223],[-122.89203,45.49089],[-122.89203,45.49089],[-122.89203,45.49089],[-122.89206,45.49089],[-122.89206,45.49089],[-122.89209,45.49089],[-122.89211,45.49006],[-122.89212,45.48961],[-122.89212,45.48959],[-122.89213,45.48956],[-122.89213,45.48953],[-122.89213,45.4895],[-122.89214,45.48947],[-122.89214,45.48944],[-122.89215,45.48941],[-122.89215,45.48938],[-122.89233,45.4885],[-122.89281,45.48614],[-122.89282,45.48607],[-122.89283,45.48607],[-122.89329,45.48607],[-122.89329,45.48607],[-122.8938,45.48608],[-122.89415,45.48608],[-122.89525,45.48609],[-122.89528,45.48609],[-122.8962,45.4861],[-122.89667,45.4861],[-122.89691,45.48611],[-122.89809,45.48612],[-122.89868,45.48612],[-122.89868,45.48612],[-122.89876,45.48612],[-122.89876,45.48612],[-122.89953,45.48613],[-122.90129,45.48615],[-122.90197,45.48615],[-122.90206,45.48615],[-122.90266,45.48616],[-122.90326,45.48617],[-122.90328,45.48578],[-122.90267,45.48577],[-122.90275,45.48375],[-122.89833,45.48375],[-122.89833,45.48375],[-122.89831,45.48376],[-122.89722,45.48404],[-122.89694,45.48404],[-122.89604,45.48406],[-122.89528,45.48407],[-122.89326,45.48411],[-122.89326,45.48411],[-122.89327,45.4841],[-122.89322,45.4841],[-122.8931,45.4841],[-122.89308,45.4842],[-122.89304,45.48437],[-122.893,45.48461],[-122.89292,45.485],[-122.89274,45.48584],[-122.89272,45.48597],[-122.89243,45.48734],[-122.89232,45.48789],[-122.89202,45.4894],[-122.892,45.4895],[-122.89197,45.49016],[-122.89194,45.49094],[-122.89186,45.49248],[-122.89183,45.49338],[-122.89183,45.4936],[-122.89182,45.49383],[-122.89179,45.49585],[-122.89177,45.49594],[-122.89176,45.496],[-122.89174,45.49618],[-122.89173,45.4962],[-122.89172,45.49628],[-122.89176,45.4962],[-122.8918,45.4961],[-122.89182,45.49603],[-122.89184,45.49595],[-122.89184,45.49589]],[[-122.95277,45.55343],[-122.95284,45.55343],[-122.95285,45.55343],[-122.95278,45.55343],[-122.95277,45.55343],[-122.95269,45.55343],[-122.95102,45.55343],[-122.95102,45.5537],[-122.95102,45.55396],[-122.95102,45.55423],[-122.95102,45.55449],[-122.95102,45.55476],[-122.95069,45.55476],[-122.95001,45.55476],[-122.9476,45.55475],[-122.9476,45.55525],[-122.94742,45.55525],[-122.94742,45.55566],[-122.94741,45.55574],[-122.94741,45.55586],[-122.94728,45.55586],[-122.94713,45.55586],[-122.94702,45.55586],[-122.94702,45.55646],[-122.94701,45.55707],[-122.94701,45.55712],[-122.94701,45.55764],[-122.947,45.55868],[-122.947,45.55868],[-122.947,45.55877],[-122.947,45.55868],[-122.94995,45.55867],[-122.9527,45.55867],[-122.9527,45.55867],[-122.9527,45.55867],[-122.9527,45.55867],[-122.9527,45.55705],[-122.95263,45.55705],[-122.95263,45.55672],[-122.95263,45.55645],[-122.95268,45.55645],[-122.95268,45.55582],[-122.95268,45.55566],[-122.9527,45.55566],[-122.9527,45.5555],[-122.9527,45.55511],[-122.9527,45.55476],[-122.9527,45.55458],[-122.9527,45.55423],[-122.9527,45.55396],[-122.9527,45.5537],[-122.9527,45.55345],[-122.9527,45.55343],[-122.95277,45.55343]],[[-122.95838,45.55796],[-122.95838,45.55734],[-122.95838,45.55721],[-122.95838,45.55702],[-122.95837,45.5568],[-122.95837,45.55667],[-122.95837,45.55656],[-122.95837,45.55597],[-122.95763,45.55596],[-122.95728,45.55596],[-122.95728,45.55593],[-122.95679,45.55593],[-122.95561,45.55592],[-122.95561,45.55634],[-122.95467,45.55633],[-122.95467,45.55583],[-122.95387,45.55583],[-122.95321,45.55583],[-122.95285,45.55582],[-122.95286,45.55632],[-122.95286,45.55681],[-122.95286,45.5583],[-122.95288,45.5583],[-122.95288,45.55871],[-122.95286,45.55871],[-122.95286,45.5589],[-122.95286,45.56028],[-122.95286,45.56042],[-122.95286,45.56091],[-122.95286,45.56128],[-122.95501,45.56126],[-122.95501,45.56194],[-122.9556,45.56194],[-122.95837,45.56201],[-122.95838,45.56073],[-122.95838,45.55974],[-122.95838,45.55908],[-122.95838,45.5585],[-122.95838,45.55796]],[[-122.84155,45.40933],[-122.84155,45.40855],[-122.84412,45.40857],[-122.84668,45.40856],[-122.84667,45.40844],[-122.84661,45.40838],[-122.84655,45.40831],[-122.8465,45.40825],[-122.84646,45.40818],[-122.84642,45.4081],[-122.8464,45.40803],[-122.84638,45.40795],[-122.84637,45.40788],[-122.84636,45.40765],[-122.84567,45.40765],[-122.84296,45.40765],[-122.84154,45.40764],[-122.84154,45.40584],[-122.83907,45.40583],[-122.83899,45.40583],[-122.83889,45.40583],[-122.8368,45.40583],[-122.83642,45.40582],[-122.83642,45.40582],[-122.83642,45.40588],[-122.83642,45.40673],[-122.83643,45.40764],[-122.83643,45.40854],[-122.83643,45.40854],[-122.83643,45.40919],[-122.83643,45.40969],[-122.83643,45.41034],[-122.83643,45.41077],[-122.83643,45.41126],[-122.83697,45.41126],[-122.83876,45.41126],[-122.83949,45.41126],[-122.84036,45.41126],[-122.84156,45.41126],[-122.84156,45.41091],[-122.84155,45.41036],[-122.84155,45.40933]],[[-122.95853,45.55496],[-122.95853,45.55585],[-122.95853,45.55594],[-122.95853,45.55636],[-122.95853,45.5565],[-122.95853,45.55735],[-122.95869,45.55735],[-122.9596,45.55735],[-122.96068,45.55735],[-122.9619,45.55735],[-122.96313,45.55735],[-122.96313,45.55696],[-122.96313,45.55649],[-122.96313,45.55622],[-122.96313,45.55596],[-122.96312,45.55495],[-122.96312,45.55442],[-122.96312,45.55376],[-122.96312,45.55298],[-122.96312,45.5525],[-122.96314,45.55217],[-122.9632,45.55211],[-122.96337,45.55202],[-122.96354,45.55192],[-122.96368,45.55184],[-122.96382,45.55174],[-122.96395,45.55164],[-122.96407,45.55154],[-122.96419,45.55144],[-122.9643,45.55132],[-122.96438,45.55125],[-122.96442,45.5512],[-122.96447,45.55116],[-122.96452,45.55111],[-122.96457,45.55107],[-122.96462,45.55103],[-122.96467,45.55098],[-122.96473,45.55094],[-122.96478,45.5509],[-122.96483,45.55086],[-122.96489,45.55082],[-122.96495,45.55078],[-122.96501,45.55074],[-122.96507,45.55071],[-122.96513,45.55067],[-122.96519,45.55063],[-122.96525,45.5506],[-122.96531,45.55056],[-122.96538,45.55053],[-122.96544,45.55049],[-122.96551,45.55046],[-122.96557,45.55043],[-122.96564,45.5504],[-122.96571,45.55037],[-122.96576,45.55034],[-122.96579,45.55034],[-122.96583,45.55032],[-122.96586,45.55031],[-122.9659,45.55029],[-122.96593,45.55028],[-122.96597,45.55026],[-122.966,45.55025],[-122.96603,45.55024],[-122.96609,45.55022],[-122.96616,45.55019],[-122.96627,45.55016],[-122.96631,45.55011],[-122.96636,45.55002],[-122.96627,45.55002],[-122.96586,45.55002],[-122.9656,45.55003],[-122.96536,45.55003],[-122.96516,45.55003],[-122.96458,45.55003],[-122.9641,45.55004],[-122.964,45.55004],[-122.96383,45.55004],[-122.96372,45.55005],[-122.96303,45.55012],[-122.96295,45.55014],[-122.96282,45.55017],[-122.96249,45.55023],[-122.96225,45.55028],[-122.96223,45.55029],[-122.96217,45.55031],[-122.96186,45.55042],[-122.96139,45.55058],[-122.9611,45.55067],[-122.96038,45.55091],[-122.95978,45.55107],[-122.95915,45.55118],[-122.95884,45.55122],[-122.95873,45.55124],[-122.9584,45.55126],[-122.95834,45.55127],[-122.95794,45.55127],[-122.9564,45.55127],[-122.95643,45.55128],[-122.95654,45.5513],[-122.95669,45.55134],[-122.95684,45.55138],[-122.95692,45.55141],[-122.95705,45.55145],[-122.95719,45.5515],[-122.95733,45.55156],[-122.9574,45.55159],[-122.95754,45.55165],[-122.9576,45.55168],[-122.95773,45.55174],[-122.95777,45.55176],[-122.95786,45.55181],[-122.95796,45.55187],[-122.95798,45.55187],[-122.95805,45.55192],[-122.9581,45.55195],[-122.95816,45.55198],[-122.95822,45.55201],[-122.95828,45.55204],[-122.95833,45.55208],[-122.95837,45.55209],[-122.95845,45.55213],[-122.95845,45.55293],[-122.95845,45.55308],[-122.95845,45.55317],[-122.95845,45.55326],[-122.95845,45.55335],[-122.95845,45.55344],[-122.95845,45.55345],[-122.95845,45.55354],[-122.95845,45.55363],[-122.95845,45.5537],[-122.95845,45.55379],[-122.95845,45.55388],[-122.95845,45.55397],[-122.95853,45.55398],[-122.95853,45.55496]]]}},{"type":"Feature","properties":{"k":"edge"},"geometry":{"type":"MultiLineString","coordinates":[[[-122.9997,45.54376],[-122.9997,45.54404],[-122.9997,45.54405],[-122.99969,45.5441],[-122.99968,45.54444],[-122.99968,45.54455],[-122.99968,45.54456],[-122.99968,45.54456],[-123.00001,45.54457],[-123.00092,45.54458],[-123.00092,45.54458],[-123.00092,45.54458],[-123.00092,45.54458],[-123.00092,45.54449],[-123.00092,45.54418],[-123.00092,45.54378],[-123.00091,45.54312],[-123.00091,45.54311],[-123.00092,45.54311],[-123.00119,45.54311],[-123.00121,45.54311],[-123.00148,45.54312],[-123.00176,45.54312],[-123.00218,45.54313],[-123.00218,45.54313],[-123.00218,45.54305],[-123.00218,45.54305],[-123.00218,45.54305],[-123.00218,45.54304],[-123.0022,45.5429],[-123.00226,45.54281],[-123.00243,45.5427],[-123.00234,45.54267],[-123.00228,45.54265],[-123.00212,45.54258],[-123.00207,45.54256],[-123.00185,45.54246],[-123.00109,45.54245],[-123.00066,45.54244],[-123.00023,45.54244],[-122.99988,45.54245],[-122.99974,45.54244],[-122.99974,45.5426],[-122.99973,45.54277],[-122.99973,45.54294],[-122.99972,45.54309],[-122.9997,45.54376]],[[-122.93273,45.56696],[-122.93273,45.56696],[-122.93412,45.56748],[-122.93509,45.56785],[-122.93602,45.5682],[-122.93838,45.5691],[-122.94071,45.56998],[-122.94103,45.5701],[-122.94132,45.57021],[-122.94152,45.57028],[-122.94497,45.57158],[-122.94531,45.57172],[-122.94567,45.57186],[-122.94644,45.57214],[-122.94676,45.57226],[-122.94709,45.57238],[-122.94751,45.57254],[-122.94841,45.57287],[-122.94905,45.57311],[-122.94983,45.57339],[-122.94983,45.57263],[-122.9506,45.57291],[-122.95238,45.57356],[-122.95305,45.57381],[-122.95526,45.57462],[-122.95584,45.57296],[-122.95617,45.57203],[-122.95632,45.57159],[-122.95635,45.57145],[-122.95647,45.57135],[-122.95657,45.57126],[-122.95663,45.57121],[-122.95671,45.57115],[-122.95676,45.57111],[-122.95681,45.57106],[-122.95686,45.57103],[-122.95694,45.57095],[-122.95699,45.57091],[-122.95698,45.57084],[-122.95691,45.57077],[-122.95683,45.57071],[-122.95675,45.57063],[-122.95666,45.57055],[-122.95657,45.57048],[-122.95655,45.57045],[-122.95654,45.57042],[-122.95649,45.57034],[-122.95647,45.57029],[-122.95643,45.57022],[-122.95638,45.5701],[-122.95632,45.56997],[-122.95627,45.56986],[-122.95626,45.56981],[-122.95624,45.56972],[-122.9562,45.5696],[-122.95625,45.56948],[-122.95691,45.56847],[-122.95715,45.5681],[-122.95742,45.56767],[-122.95748,45.56759],[-122.9576,45.56739],[-122.95768,45.56727],[-122.95805,45.5671],[-122.95855,45.56687],[-122.95878,45.56676],[-122.95902,45.56665],[-122.95921,45.56656],[-122.96026,45.56614],[-122.96086,45.56594],[-122.96117,45.56589],[-122.96137,45.56585],[-122.9616,45.56579],[-122.96182,45.56568],[-122.96208,45.56555],[-122.96233,45.56542],[-122.96256,45.5653],[-122.9627,45.5651],[-122.96286,45.56491],[-122.96299,45.56465],[-122.96312,45.56445],[-122.96324,45.56426],[-122.96344,45.56414],[-122.9637,45.56398],[-122.96389,45.56387],[-122.96428,45.56365],[-122.96458,45.56354],[-122.96505,45.56338],[-122.9654,45.56326],[-122.96578,45.56313],[-122.96608,45.56313],[-122.96649,45.56313],[-122.96676,45.56313],[-122.96716,45.56313],[-122.9676,45.56313],[-122.96802,45.56313],[-122.96834,45.56313],[-122.96868,45.56313],[-122.96877,45.56313],[-122.96902,45.56313],[-122.96928,45.56319],[-122.96948,45.56323],[-122.96975,45.56329],[-122.96996,45.56335],[-122.97016,45.5634],[-122.97034,45.56345],[-122.97056,45.5636],[-122.97076,45.56374],[-122.97095,45.56386],[-122.97107,45.564],[-122.97117,45.56411],[-122.97127,45.56422],[-122.97137,45.56434],[-122.97145,45.56442],[-122.97142,45.56448],[-122.97134,45.56456],[-122.97125,45.56463],[-122.97117,45.56469],[-122.9711,45.56472],[-122.97104,45.56477],[-122.971,45.56482],[-122.97105,45.56491],[-122.97111,45.56486],[-122.97118,45.5648],[-122.97125,45.56475],[-122.97133,45.56468],[-122.97141,45.56462],[-122.97157,45.56449],[-122.97178,45.56431],[-122.97188,45.56422],[-122.97199,45.56413],[-122.97204,45.56408],[-122.97211,45.56399],[-122.97218,45.56393],[-122.97221,45.56386],[-122.97226,45.56376],[-122.97228,45.56371],[-122.97232,45.56364],[-122.97235,45.56359],[-122.97245,45.56347],[-122.97249,45.56343],[-122.97253,45.56337],[-122.97254,45.56326],[-122.97255,45.56316],[-122.97256,45.56301],[-122.97257,45.56289],[-122.97257,45.56278],[-122.97258,45.56267],[-122.97259,45.56255],[-122.9726,45.56242],[-122.97261,45.56226],[-122.97262,45.56212],[-122.97263,45.562],[-122.97263,45.5619],[-122.97264,45.56179],[-122.97265,45.56167],[-122.9728,45.55945],[-122.97293,45.55735],[-122.973,45.55626],[-122.97318,45.55359],[-122.97319,45.55338],[-122.97323,45.55289],[-122.97326,45.5525],[-122.97335,45.55118],[-122.97336,45.55104],[-122.97341,45.55039],[-122.97343,45.55002],[-122.97465,45.55002],[-122.97528,45.55002],[-122.97557,45.55001],[-122.97561,45.55001],[-122.97613,45.55001],[-122.97785,45.54999],[-122.97854,45.54998],[-122.97947,45.54997],[-122.97974,45.54997],[-122.97984,45.54997],[-122.98046,45.54996],[-122.98118,45.54995],[-122.98154,45.54995],[-122.98351,45.54993],[-122.9836,45.54993],[-122.98405,45.54993],[-122.9841,45.54993],[-122.98448,45.54992],[-122.98495,45.54992],[-122.98524,45.54992],[-122.98633,45.54991],[-122.98758,45.5499],[-122.98855,45.54989],[-122.98878,45.54989],[-122.98953,45.54988],[-122.99086,45.54987],[-122.99193,45.54986],[-122.99232,45.54985],[-122.99479,45.54983],[-122.99542,45.54982],[-122.9955,45.54982],[-122.99551,45.54934],[-122.99552,45.54901],[-122.99552,45.54899],[-122.99553,45.54856],[-122.99554,45.54802],[-122.99555,45.54745],[-122.99557,45.54701],[-122.99563,45.5445],[-122.99578,45.54451],[-122.99595,45.54451],[-122.99627,45.54452],[-122.99709,45.54453],[-122.99734,45.54453],[-122.99812,45.54454],[-122.99827,45.54454],[-122.99835,45.54455],[-122.99836,45.54442],[-122.99842,45.54299],[-122.9984,45.54241],[-122.99816,45.54241],[-122.99777,45.5424],[-122.99733,45.5424],[-122.99715,45.5424],[-122.99634,45.54238],[-122.9959,45.54238],[-122.99584,45.54238],[-122.99583,45.54263],[-122.99589,45.54263],[-122.99638,45.54264],[-122.99679,45.54264],[-122.99694,45.54265],[-122.99714,45.54265],[-122.99713,45.5429],[-122.99713,45.54302],[-122.99712,45.54307],[-122.99712,45.54333],[-122.99587,45.54332],[-122.99587,45.54343],[-122.99586,45.54347],[-122.99586,45.54351],[-122.99586,45.54354],[-122.99632,45.54354],[-122.99645,45.54355],[-122.99646,45.54355],[-122.99645,45.54361],[-122.99644,45.5439],[-122.99585,45.5439],[-122.99585,45.54392],[-122.99585,45.54394],[-122.99585,45.54413],[-122.99579,45.54413],[-122.99578,45.5444],[-122.99563,45.5444],[-122.99564,45.54408],[-122.99569,45.54262],[-122.99569,45.54259],[-122.9957,45.54237],[-122.99571,45.54215],[-122.99575,45.54099],[-122.99588,45.541],[-122.99594,45.541],[-122.99624,45.541],[-122.99676,45.54101],[-122.99703,45.54101],[-122.9975,45.54102],[-122.99777,45.54102],[-122.99821,45.54103],[-122.99845,45.54103],[-122.99862,45.54104],[-122.99863,45.54054],[-122.99853,45.54054],[-122.99832,45.54054],[-122.99812,45.54054],[-122.998,45.54054],[-122.99789,45.54053],[-122.99777,45.54053],[-122.99765,45.54053],[-122.99754,45.54053],[-122.99742,45.54053],[-122.9973,45.54053],[-122.99718,45.54052],[-122.99707,45.54052],[-122.99695,45.54052],[-122.99683,45.54052],[-122.99672,45.54052],[-122.9966,45.54052],[-122.99648,45.54051],[-122.99636,45.54051],[-122.99625,45.54051],[-122.99613,45.54051],[-122.99595,45.54051],[-122.99591,45.54051],[-122.99577,45.5405],[-122.99577,45.5405],[-122.99579,45.5394],[-122.9958,45.53914],[-122.99579,45.53856],[-122.99579,45.53847],[-122.99574,45.53828],[-122.99567,45.53811],[-122.99556,45.53795],[-122.99536,45.53774],[-122.99507,45.53747],[-122.99503,45.53744],[-122.99337,45.53621],[-122.99303,45.53603],[-122.99301,45.53602],[-122.99299,45.53601],[-122.99265,45.53591],[-122.9926,45.5359],[-122.99191,45.5358],[-122.99188,45.5358],[-122.99122,45.53571],[-122.99116,45.5357],[-122.99101,45.53566],[-122.99071,45.53557],[-122.99066,45.53555],[-122.99055,45.53549],[-122.99026,45.53534],[-122.99024,45.53533],[-122.99017,45.53529],[-122.99006,45.53519],[-122.9899,45.53506],[-122.98984,45.53496],[-122.98974,45.5348],[-122.98969,45.53471],[-122.98968,45.53469],[-122.98963,45.53454],[-122.98962,45.53451],[-122.98975,45.53451],[-122.98996,45.53451],[-122.99052,45.53451],[-122.99087,45.53451],[-122.99103,45.5345],[-122.99117,45.53451],[-122.99145,45.53451],[-122.99168,45.53451],[-122.9919,45.53451],[-122.99216,45.53451],[-122.99256,45.53451],[-122.99285,45.53444],[-122.99288,45.53443],[-122.99299,45.53444],[-122.99313,45.53444],[-122.99314,45.53444],[-122.99471,45.53446],[-122.99523,45.53446],[-122.99523,45.53453],[-122.99573,45.53453],[-122.99574,45.53446],[-122.99579,45.53446],[-122.99597,45.53446],[-122.99615,45.53447],[-122.99621,45.53447],[-122.99639,45.53447],[-122.99657,45.53447],[-122.99677,45.53451],[-122.99714,45.53451],[-122.99714,45.53446],[-122.9978,45.53446],[-122.99796,45.53458],[-122.99896,45.53459],[-123.00053,45.5346],[-123.00201,45.53462],[-123.00214,45.53453],[-123.00227,45.53446],[-123.00236,45.53442],[-123.00248,45.53437],[-123.00252,45.53435],[-123.00255,45.53433],[-123.0026,45.53431],[-123.00262,45.5343],[-123.00271,45.53425],[-123.00283,45.53419],[-123.00291,45.53412],[-123.003,45.53402],[-123.00307,45.53395],[-123.00311,45.53391],[-123.00315,45.53386],[-123.00317,45.53383],[-123.0032,45.53379],[-123.00321,45.53377],[-123.00323,45.53374],[-123.00325,45.53372],[-123.00326,45.53371],[-123.00329,45.53367],[-123.0033,45.53365],[-123.00331,45.53364],[-123.00333,45.53361],[-123.00334,45.5336],[-123.00335,45.53356],[-123.00338,45.53349],[-123.00339,45.53347],[-123.00341,45.53341],[-123.00342,45.53338],[-123.00343,45.53335],[-123.00344,45.5333],[-123.00345,45.53326],[-123.00346,45.53318],[-123.00346,45.53313],[-123.00346,45.5331],[-123.00346,45.53305],[-123.00346,45.53302],[-123.00346,45.533],[-123.00351,45.53295],[-123.00356,45.53291],[-123.00361,45.53286],[-123.00387,45.5328],[-123.00402,45.5328],[-123.00414,45.5328],[-123.00418,45.53281],[-123.00424,45.53281],[-123.00428,45.53281],[-123.00433,45.53281],[-123.00436,45.53281],[-123.0044,45.5328],[-123.00444,45.5328],[-123.00449,45.53279],[-123.00455,45.53278],[-123.00463,45.53277],[-123.00467,45.53276],[-123.00469,45.53275],[-123.00473,45.53274],[-123.00475,45.53273],[-123.00479,45.53272],[-123.00478,45.53267],[-123.00476,45.53256],[-123.00476,45.53254],[-123.00476,45.53252],[-123.00477,45.5325],[-123.00477,45.53248],[-123.00477,45.53245],[-123.00477,45.53243],[-123.00476,45.53241],[-123.00476,45.53239],[-123.00476,45.53237],[-123.00475,45.53234],[-123.00475,45.53233],[-123.00474,45.5323],[-123.00472,45.53225],[-123.00472,45.53223],[-123.00471,45.5322],[-123.00471,45.53218],[-123.0047,45.53215],[-123.00469,45.53209],[-123.00469,45.53206],[-123.00469,45.53204],[-123.00469,45.53203],[-123.00469,45.53201],[-123.00469,45.53199],[-123.00471,45.53196],[-123.0047,45.53193],[-123.00474,45.53188],[-123.00477,45.53184],[-123.00481,45.53179],[-123.00485,45.53174],[-123.00487,45.53172],[-123.00492,45.53167],[-123.00502,45.53154],[-123.00513,45.53146],[-123.00517,45.53143],[-123.00522,45.53125],[-123.00523,45.53121],[-123.00523,45.53113],[-123.00518,45.53107],[-123.00508,45.53102],[-123.00495,45.53096],[-123.00487,45.53093],[-123.0048,45.53091],[-123.00475,45.53089],[-123.00469,45.53087],[-123.0046,45.53081],[-123.00454,45.53077],[-123.00448,45.53073],[-123.00446,45.5307],[-123.0044,45.53062],[-123.00434,45.53056],[-123.0043,45.53051],[-123.00428,45.53049],[-123.00423,45.53042],[-123.00422,45.53039],[-123.00422,45.53031],[-123.00425,45.53026],[-123.0043,45.5302],[-123.00439,45.53016],[-123.00443,45.53014],[-123.00452,45.5301],[-123.0046,45.53007],[-123.0047,45.53005],[-123.0048,45.53004],[-123.00494,45.53002],[-123.00506,45.53],[-123.00514,45.52998],[-123.00521,45.52997],[-123.00526,45.52992],[-123.00537,45.52991],[-123.00546,45.52989],[-123.00561,45.52981],[-123.00571,45.52978],[-123.00581,45.52975],[-123.00594,45.5297],[-123.00606,45.52964],[-123.00614,45.52959],[-123.00619,45.52957],[-123.00626,45.52953],[-123.00635,45.52947],[-123.00645,45.52934],[-123.00645,45.52928],[-123.00648,45.52921],[-123.00649,45.5292],[-123.00653,45.5291],[-123.00656,45.52903],[-123.00658,45.52899],[-123.00661,45.52892],[-123.00665,45.52886],[-123.00668,45.52883],[-123.00672,45.52877],[-123.00674,45.52874],[-123.00677,45.52868],[-123.00678,45.52867],[-123.00681,45.52862],[-123.00683,45.52859],[-123.00685,45.52855],[-123.00688,45.52847],[-123.00691,45.52842],[-123.00691,45.5284],[-123.00695,45.52833],[-123.00694,45.52828],[-123.00694,45.52817],[-123.00693,45.52807],[-123.00688,45.52801],[-123.00684,45.52799],[-123.0068,45.52797],[-123.00675,45.52795],[-123.00671,45.52794],[-123.00667,45.52794],[-123.0066,45.52795],[-123.00651,45.52796],[-123.00643,45.52799],[-123.00638,45.52803],[-123.00636,45.52804],[-123.0063,45.5281],[-123.00627,45.52817],[-123.00624,45.52824],[-123.00622,45.52829],[-123.00621,45.52831],[-123.00617,45.5284],[-123.00614,45.52846],[-123.0061,45.52849],[-123.00604,45.52856],[-123.006,45.5286],[-123.00594,45.52865],[-123.0059,45.52869],[-123.00587,45.52872],[-123.00582,45.52876],[-123.00577,45.52881],[-123.00572,45.52884],[-123.00567,45.52888],[-123.00564,45.5289],[-123.00557,45.52892],[-123.00552,45.52892],[-123.00545,45.52893],[-123.00541,45.5289],[-123.00537,45.52881],[-123.00534,45.52872],[-123.00532,45.52869],[-123.00531,45.52864],[-123.0053,45.52854],[-123.00532,45.52846],[-123.00533,45.52844],[-123.00535,45.52834],[-123.00538,45.52825],[-123.0054,45.5281],[-123.00544,45.52801],[-123.00546,45.52798],[-123.00559,45.52773],[-123.00555,45.52767],[-123.00546,45.52764],[-123.00541,45.52764],[-123.00536,45.52765],[-123.00532,45.52766],[-123.00526,45.5277],[-123.00523,45.52771],[-123.0052,45.52775],[-123.00514,45.52782],[-123.0051,45.52785],[-123.00506,45.52788],[-123.00501,45.52791],[-123.00497,45.5279],[-123.00488,45.52789],[-123.00481,45.52785],[-123.0047,45.5278],[-123.00464,45.52772],[-123.00465,45.5276],[-123.00465,45.52745],[-123.00464,45.52737],[-123.00464,45.5273],[-123.00464,45.52724],[-123.00464,45.5272],[-123.00464,45.52717],[-123.00464,45.52711],[-123.00464,45.52704],[-123.00463,45.52697],[-123.00461,45.52689],[-123.0046,45.52685],[-123.00458,45.52681],[-123.00457,45.52675],[-123.00456,45.52669],[-123.00455,45.52661],[-123.00456,45.52655],[-123.00456,45.52654],[-123.00457,45.52652],[-123.00458,45.52648],[-123.00458,45.52646],[-123.0046,45.52639],[-123.0046,45.52634],[-123.00461,45.5263],[-123.00462,45.52625],[-123.00463,45.5262],[-123.00464,45.52616],[-123.00465,45.52614],[-123.00466,45.52606],[-123.00468,45.52598],[-123.0047,45.52593],[-123.00473,45.52588],[-123.00475,45.52582],[-123.0048,45.52572],[-123.00484,45.52562],[-123.00487,45.52558],[-123.0049,45.52552],[-123.00492,45.52549],[-123.00496,45.52544],[-123.00506,45.52542],[-123.00517,45.52539],[-123.00526,45.52539],[-123.00531,45.52538],[-123.00537,45.52537],[-123.0054,45.52537],[-123.00546,45.52536],[-123.00553,45.52536],[-123.0056,45.52535],[-123.00568,45.52531],[-123.00571,45.5253],[-123.00573,45.52529],[-123.00589,45.52527],[-123.00592,45.52526],[-123.00607,45.5252],[-123.00617,45.52513],[-123.00624,45.52503],[-123.00628,45.52493],[-123.00638,45.52486],[-123.00644,45.52475],[-123.00657,45.52465],[-123.00661,45.52457],[-123.00668,45.52451],[-123.0067,45.52447],[-123.0067,45.52444],[-123.00664,45.52436],[-123.00664,45.5243],[-123.0067,45.52424],[-123.00677,45.52421],[-123.00686,45.52413],[-123.00689,45.52403],[-123.00689,45.52398],[-123.00692,45.52391],[-123.00692,45.52389],[-123.00692,45.52382],[-123.00692,45.52377],[-123.00688,45.5237],[-123.00684,45.52364],[-123.00681,45.52356],[-123.00683,45.5235],[-123.00695,45.52349],[-123.0072,45.52349],[-123.00735,45.52343],[-123.00744,45.52339],[-123.00755,45.52335],[-123.00754,45.52318],[-123.00754,45.52314],[-123.00753,45.52307],[-123.0074,45.52295],[-123.00733,45.52289],[-123.00735,45.52282],[-123.00746,45.52277],[-123.00761,45.5227],[-123.00775,45.52261],[-123.00791,45.52251],[-123.00798,45.52247],[-123.00805,45.5224],[-123.00811,45.52234],[-123.00819,45.52227],[-123.00825,45.52221],[-123.00828,45.52218],[-123.00837,45.52209],[-123.0084,45.52206],[-123.00843,45.52203],[-123.00846,45.522],[-123.00855,45.52192],[-123.00878,45.5219],[-123.0089,45.52203],[-123.00903,45.52205],[-123.0092,45.52207],[-123.00939,45.52217],[-123.00967,45.5223],[-123.00983,45.52245],[-123.00992,45.5225],[-123.01002,45.52256],[-123.01017,45.52264],[-123.01031,45.52274],[-123.01043,45.52281],[-123.01054,45.52283],[-123.01056,45.52283],[-123.01081,45.52285],[-123.01096,45.52285],[-123.01098,45.52285],[-123.01105,45.52283],[-123.01109,45.52282],[-123.01118,45.52278],[-123.01129,45.52274],[-123.01132,45.52272],[-123.01134,45.5227],[-123.01136,45.52269],[-123.01139,45.52268],[-123.01147,45.52265],[-123.0115,45.52263],[-123.01156,45.5226],[-123.01158,45.52258],[-123.01164,45.52253],[-123.01173,45.52245],[-123.01175,45.52243],[-123.01177,45.52242],[-123.01179,45.5224],[-123.01203,45.52249],[-123.01212,45.52252],[-123.01225,45.52258],[-123.01234,45.52261],[-123.01259,45.52269],[-123.0127,45.52272],[-123.01272,45.52273],[-123.01275,45.52273],[-123.01283,45.52275],[-123.01287,45.52276],[-123.0129,45.52277],[-123.01296,45.52279],[-123.013,45.5228],[-123.01308,45.52283],[-123.01317,45.52287],[-123.01321,45.52289],[-123.01323,45.5229],[-123.01326,45.52292],[-123.01333,45.52297],[-123.01334,45.52298],[-123.01338,45.52301],[-123.01341,45.52303],[-123.01343,45.52304],[-123.01346,45.52306],[-123.01348,45.52308],[-123.01349,45.52309],[-123.01351,45.52311],[-123.01352,45.52313],[-123.01352,45.52315],[-123.01353,45.52318],[-123.01353,45.5232],[-123.01353,45.52322],[-123.01353,45.52324],[-123.01353,45.52326],[-123.01353,45.52329],[-123.01353,45.52332],[-123.01353,45.52335],[-123.01353,45.52337],[-123.01353,45.52341],[-123.01352,45.52361],[-123.01357,45.52378],[-123.01359,45.52382],[-123.01366,45.52389],[-123.0138,45.52397],[-123.01398,45.52399],[-123.014,45.524],[-123.01417,45.52401],[-123.01432,45.52402],[-123.01439,45.52403],[-123.01442,45.52403],[-123.01446,45.52403],[-123.01451,45.52403],[-123.01463,45.52403],[-123.0147,45.52403],[-123.01478,45.52404],[-123.01483,45.52404],[-123.01485,45.52404],[-123.01489,45.52403],[-123.01492,45.52403],[-123.01498,45.52403],[-123.01504,45.52402],[-123.01506,45.52402],[-123.01511,45.52402],[-123.01514,45.52401],[-123.01518,45.52401],[-123.01527,45.52399],[-123.01532,45.52398],[-123.01539,45.52397],[-123.01545,45.52396],[-123.0155,45.52395],[-123.01552,45.52395],[-123.01555,45.52394],[-123.01559,45.52393],[-123.01562,45.52392],[-123.01566,45.52391],[-123.0157,45.5239],[-123.01574,45.52389],[-123.0158,45.52389],[-123.01585,45.52388],[-123.01587,45.52388],[-123.01595,45.52387],[-123.01601,45.52387],[-123.01608,45.52386],[-123.01612,45.52386],[-123.0162,45.52385],[-123.01623,45.52385],[-123.01626,45.52385],[-123.01628,45.52385],[-123.01631,45.52385],[-123.01633,45.52384],[-123.01636,45.52384],[-123.01639,45.52385],[-123.01643,45.52385],[-123.01647,45.52385],[-123.01651,45.52385],[-123.01654,45.52386],[-123.0166,45.52388],[-123.01663,45.52389],[-123.01665,45.5239],[-123.01668,45.52392],[-123.01671,45.52394],[-123.01672,45.52396],[-123.01673,45.52398],[-123.01674,45.524],[-123.01674,45.52403],[-123.01674,45.52405],[-123.01674,45.52409],[-123.01672,45.52411],[-123.01671,45.52413],[-123.01669,45.52417],[-123.01667,45.5242],[-123.01664,45.52424],[-123.01662,45.52426],[-123.0166,45.52428],[-123.01658,45.5243],[-123.01653,45.52436],[-123.0165,45.5244],[-123.01647,45.52444],[-123.01642,45.52449],[-123.01636,45.52456],[-123.01631,45.52461],[-123.01628,45.52464],[-123.01625,45.52468],[-123.01621,45.52472],[-123.01618,45.52476],[-123.0161,45.52485],[-123.01606,45.52489],[-123.01599,45.52497],[-123.01596,45.525],[-123.01593,45.52505],[-123.0159,45.52508],[-123.01588,45.52511],[-123.01586,45.52514],[-123.01583,45.5252],[-123.01581,45.52523],[-123.01578,45.52529],[-123.01577,45.52532],[-123.01576,45.52535],[-123.01575,45.52538],[-123.01574,45.52541],[-123.01573,45.52543],[-123.01573,45.52545],[-123.01573,45.52547],[-123.01572,45.5255],[-123.01572,45.52554],[-123.01572,45.52556],[-123.01572,45.52558],[-123.01572,45.5256],[-123.01572,45.52562],[-123.01572,45.52564],[-123.01572,45.52567],[-123.01573,45.52569],[-123.01573,45.52573],[-123.01575,45.52578],[-123.01576,45.52581],[-123.01577,45.52583],[-123.0158,45.52587],[-123.01582,45.5259],[-123.01584,45.52592],[-123.01586,45.52594],[-123.01588,45.52596],[-123.01592,45.52599],[-123.01598,45.52604],[-123.016,45.52606],[-123.01607,45.52611],[-123.01611,45.52614],[-123.01614,45.52617],[-123.0162,45.52622],[-123.01634,45.52632],[-123.01645,45.52639],[-123.01668,45.5265],[-123.01679,45.52658],[-123.0169,45.52664],[-123.01713,45.52683],[-123.01723,45.52692],[-123.01728,45.52698],[-123.0173,45.52701],[-123.01731,45.52703],[-123.01735,45.5271],[-123.01737,45.52716],[-123.01737,45.52722],[-123.01737,45.52725],[-123.01737,45.52728],[-123.01735,45.52734],[-123.01731,45.5274],[-123.01718,45.52754],[-123.01693,45.5278],[-123.01689,45.52784],[-123.01683,45.5279],[-123.01682,45.52792],[-123.0168,45.52794],[-123.01677,45.52799],[-123.01677,45.52804],[-123.01677,45.52809],[-123.01681,45.52823],[-123.01682,45.52826],[-123.01687,45.52839],[-123.01692,45.52853],[-123.01696,45.5286],[-123.01698,45.52863],[-123.017,45.52865],[-123.0172,45.52888],[-123.01723,45.5289],[-123.01724,45.52892],[-123.01727,45.52895],[-123.01728,45.52899],[-123.0173,45.52902],[-123.0173,45.52904],[-123.01732,45.52908],[-123.01733,45.52912],[-123.01733,45.52915],[-123.01733,45.52918],[-123.01732,45.52922],[-123.01732,45.52924],[-123.01731,45.52926],[-123.01728,45.5293],[-123.01727,45.52932],[-123.01725,45.52934],[-123.01722,45.52937],[-123.01718,45.5294],[-123.01711,45.52945],[-123.01703,45.52949],[-123.01696,45.52952],[-123.01689,45.52955],[-123.0165,45.52966],[-123.01635,45.52972],[-123.01633,45.52973],[-123.01624,45.52976],[-123.01621,45.52978],[-123.01618,45.52979],[-123.01616,45.52981],[-123.01613,45.52982],[-123.01608,45.52985],[-123.01603,45.52988],[-123.01599,45.52991],[-123.01596,45.52994],[-123.01593,45.52999],[-123.01591,45.53001],[-123.0159,45.53004],[-123.0159,45.53006],[-123.01589,45.53008],[-123.01588,45.53011],[-123.01588,45.53015],[-123.01587,45.5302],[-123.0159,45.53036],[-123.01592,45.53041],[-123.01594,45.53043],[-123.01597,45.53046],[-123.01601,45.53049],[-123.01604,45.53052],[-123.01608,45.53055],[-123.0161,45.53057],[-123.01613,45.5306],[-123.01618,45.53062],[-123.01621,45.53063],[-123.01623,45.53064],[-123.01629,45.53067],[-123.01636,45.5307],[-123.01639,45.53071],[-123.01643,45.53072],[-123.01646,45.53072],[-123.01648,45.53072],[-123.01651,45.53072],[-123.01654,45.53071],[-123.01657,45.5307],[-123.01659,45.53069],[-123.01661,45.53068],[-123.01663,45.53066],[-123.01665,45.53064],[-123.01666,45.53062],[-123.01667,45.5306],[-123.01677,45.53046],[-123.01699,45.53028],[-123.01716,45.53022],[-123.01726,45.53018],[-123.01732,45.53017],[-123.01735,45.53016],[-123.01738,45.53015],[-123.01741,45.53015],[-123.01746,45.53014],[-123.0175,45.53014],[-123.01755,45.53014],[-123.01758,45.53015],[-123.01765,45.53016],[-123.01768,45.53017],[-123.0177,45.53018],[-123.01773,45.5302],[-123.01775,45.53021],[-123.01777,45.53022],[-123.01779,45.53024],[-123.01781,45.53026],[-123.01783,45.5303],[-123.01783,45.53034],[-123.01783,45.53036],[-123.01785,45.53041],[-123.01786,45.53044],[-123.01786,45.53045],[-123.01787,45.53047],[-123.01789,45.5305],[-123.0179,45.53052],[-123.01793,45.53056],[-123.01795,45.53057],[-123.01797,45.5306],[-123.01799,45.53062],[-123.01802,45.53064],[-123.01804,45.53065],[-123.01807,45.53066],[-123.01811,45.53067],[-123.01815,45.53069],[-123.0182,45.5307],[-123.01824,45.53071],[-123.01827,45.53071],[-123.0183,45.53071],[-123.01834,45.53072],[-123.01837,45.53072],[-123.01841,45.53072],[-123.01846,45.53072],[-123.01849,45.53072],[-123.01851,45.53072],[-123.0186,45.53072],[-123.01864,45.53072],[-123.01869,45.53073],[-123.01874,45.53073],[-123.01878,45.53074],[-123.01885,45.53075],[-123.01889,45.53076],[-123.01893,45.53077],[-123.019,45.53079],[-123.01906,45.53081],[-123.01912,45.53083],[-123.01914,45.53084],[-123.01918,45.53085],[-123.0192,45.53086],[-123.01925,45.53089],[-123.01929,45.53092],[-123.01934,45.53094],[-123.01936,45.53096],[-123.01938,45.53097],[-123.01942,45.531],[-123.01946,45.53103],[-123.01948,45.53104],[-123.0195,45.53107],[-123.01951,45.53108],[-123.01954,45.53112],[-123.01955,45.53115],[-123.01957,45.53118],[-123.01958,45.53122],[-123.01959,45.53125],[-123.01959,45.53128],[-123.01963,45.53141],[-123.01965,45.53148],[-123.01968,45.53157],[-123.0197,45.53162],[-123.01971,45.53167],[-123.01972,45.53171],[-123.01974,45.53176],[-123.01974,45.53178],[-123.01976,45.53181],[-123.01977,45.53184],[-123.01979,45.53187],[-123.01981,45.5319],[-123.01982,45.53192],[-123.01985,45.53196],[-123.01988,45.532],[-123.0199,45.53203],[-123.01992,45.53206],[-123.01996,45.53209],[-123.01999,45.53212],[-123.02001,45.53215],[-123.02003,45.53217],[-123.02005,45.53218],[-123.02008,45.53221],[-123.02009,45.53222],[-123.02012,45.53224],[-123.02019,45.53227],[-123.02024,45.53229],[-123.02031,45.53232],[-123.02042,45.53237],[-123.02058,45.53239],[-123.02065,45.5324],[-123.02094,45.53242],[-123.02097,45.53242],[-123.02101,45.53241],[-123.02104,45.5324],[-123.02106,45.53239],[-123.02109,45.53237],[-123.0211,45.53235],[-123.02111,45.53234],[-123.02111,45.53232],[-123.02111,45.53229],[-123.02107,45.5322],[-123.02104,45.53216],[-123.02099,45.53212],[-123.02098,45.53208],[-123.02098,45.53205],[-123.02097,45.53202],[-123.02098,45.53197],[-123.02099,45.53194],[-123.021,45.53192],[-123.02101,45.53188],[-123.02101,45.53185],[-123.02102,45.53183],[-123.02104,45.53182],[-123.02106,45.5318],[-123.02108,45.53179],[-123.02111,45.53178],[-123.02113,45.53177],[-123.02116,45.53177],[-123.02119,45.53177],[-123.02121,45.53178],[-123.02123,45.53179],[-123.02133,45.53182],[-123.02139,45.53182],[-123.02142,45.53182],[-123.02145,45.53182],[-123.02151,45.53183],[-123.02155,45.53182],[-123.0216,45.53182],[-123.02165,45.53182],[-123.0217,45.53182],[-123.02176,45.53182],[-123.02184,45.53182],[-123.02191,45.53181],[-123.02196,45.53181],[-123.02198,45.53181],[-123.02206,45.53181],[-123.02217,45.53179],[-123.0223,45.53177],[-123.02243,45.53173],[-123.02249,45.5317],[-123.02255,45.53167],[-123.0226,45.53165],[-123.02268,45.53162],[-123.02275,45.53159],[-123.02285,45.53155],[-123.02292,45.53154],[-123.02295,45.53153],[-123.02303,45.53156],[-123.02306,45.53156],[-123.02307,45.53127],[-123.0231,45.5299],[-123.0231,45.52969],[-123.02311,45.52953],[-123.02348,45.52917],[-123.02376,45.52889],[-123.02407,45.52858],[-123.02419,45.52846],[-123.02459,45.52809],[-123.02478,45.52792],[-123.02486,45.52785],[-123.02497,45.52774],[-123.02503,45.52765],[-123.02512,45.52753],[-123.02525,45.52736],[-123.02534,45.52728],[-123.02536,45.52727],[-123.02542,45.52724],[-123.02548,45.52721],[-123.02561,45.52718],[-123.02632,45.52716],[-123.02655,45.52706],[-123.02713,45.52673],[-123.028,45.52654],[-123.02842,45.52647],[-123.02877,45.52648],[-123.02913,45.52649],[-123.02953,45.52643],[-123.02992,45.52635],[-123.03048,45.52634],[-123.03067,45.52641],[-123.03083,45.5265],[-123.03089,45.52654],[-123.03121,45.52661],[-123.03142,45.52659],[-123.03169,45.52655],[-123.03177,45.52655],[-123.03194,45.52655],[-123.03203,45.52654],[-123.03223,45.52654],[-123.03227,45.52654],[-123.03236,45.52655],[-123.0324,45.52655],[-123.0326,45.52657],[-123.03297,45.52661],[-123.03319,45.52662],[-123.03333,45.52663],[-123.03391,45.52664],[-123.03395,45.52664],[-123.03423,45.52666],[-123.03454,45.52674],[-123.03568,45.52699],[-123.03572,45.527],[-123.03593,45.52705],[-123.03655,45.52728],[-123.03657,45.52728],[-123.03661,45.5273],[-123.03675,45.52737],[-123.03685,45.52743],[-123.03692,45.52748],[-123.037,45.52753],[-123.03711,45.52759],[-123.03717,45.52762],[-123.03721,45.52765],[-123.03724,45.52769],[-123.03728,45.52772],[-123.0373,45.52775],[-123.03733,45.5278],[-123.03745,45.5279],[-123.03825,45.52848],[-123.03843,45.52856],[-123.03859,45.52868],[-123.03861,45.5287],[-123.03863,45.52871],[-123.03873,45.52881],[-123.03882,45.52893],[-123.03892,45.52906],[-123.03897,45.52913],[-123.03898,45.52914],[-123.03902,45.52921],[-123.03905,45.52925],[-123.03917,45.52933],[-123.0393,45.52939],[-123.03933,45.52939],[-123.03945,45.5294],[-123.03948,45.5294],[-123.03958,45.52941],[-123.03962,45.52941],[-123.03964,45.52941],[-123.03968,45.52942],[-123.0398,45.5294],[-123.03989,45.52931],[-123.03994,45.52926],[-123.04001,45.52922],[-123.04007,45.52918],[-123.0402,45.52914],[-123.04031,45.5291],[-123.04045,45.52907],[-123.04062,45.52905],[-123.0409,45.52901],[-123.04114,45.52898],[-123.0412,45.52898],[-123.04125,45.52897],[-123.04139,45.52896],[-123.04163,45.52896],[-123.04196,45.52898],[-123.04252,45.52895],[-123.04265,45.52895],[-123.0429,45.52894],[-123.04315,45.52889],[-123.04335,45.52881],[-123.0436,45.52874],[-123.04384,45.52868],[-123.04431,45.52859],[-123.04455,45.52855],[-123.04477,45.52851],[-123.04512,45.52844],[-123.04537,45.52838],[-123.04565,45.52832],[-123.04568,45.52831],[-123.04587,45.52825],[-123.04594,45.52824],[-123.04615,45.52819],[-123.04656,45.52815],[-123.04673,45.5281],[-123.04684,45.52802],[-123.04695,45.52795],[-123.04716,45.52765],[-123.04728,45.52764],[-123.04737,45.52767],[-123.04743,45.52769],[-123.04748,45.5277],[-123.0477,45.52775],[-123.04786,45.52772],[-123.04794,45.52759],[-123.0479,45.52745],[-123.04789,45.52732],[-123.04802,45.52727],[-123.04814,45.52725],[-123.04837,45.52732],[-123.04859,45.52731],[-123.04861,45.5273],[-123.04864,45.52729],[-123.04873,45.52724],[-123.04874,45.52722],[-123.04878,45.52716],[-123.04881,45.52711],[-123.04893,45.52693],[-123.04907,45.52691],[-123.04915,45.52691],[-123.04922,45.52692],[-123.04935,45.52693],[-123.04949,45.52703],[-123.04959,45.52708],[-123.04964,45.52709],[-123.04992,45.52715],[-123.04997,45.52716],[-123.05004,45.52717],[-123.05009,45.52718],[-123.05023,45.52723],[-123.05042,45.52731],[-123.05063,45.52734],[-123.05088,45.52736],[-123.0511,45.52733],[-123.05111,45.52731],[-123.05117,45.52718],[-123.05137,45.52697],[-123.05146,45.52696],[-123.05152,45.52695],[-123.05156,45.52701],[-123.05162,45.52707],[-123.05171,45.52711],[-123.05173,45.52712],[-123.05178,45.52714],[-123.05197,45.52711],[-123.05201,45.52703],[-123.05202,45.527],[-123.05204,45.52695],[-123.05205,45.5269],[-123.05209,45.5267],[-123.0521,45.52663],[-123.05218,45.52648],[-123.05231,45.52643],[-123.05249,45.52647],[-123.05262,45.52649],[-123.05269,45.5265],[-123.05284,45.52646],[-123.05303,45.52645],[-123.05321,45.52644],[-123.05328,45.52654],[-123.05333,45.52662],[-123.05335,45.52667],[-123.05363,45.5268],[-123.05376,45.52676],[-123.05387,45.52671],[-123.05417,45.52661],[-123.05439,45.52657],[-123.05454,45.52665],[-123.05455,45.52674],[-123.0545,45.52685],[-123.05451,45.52691],[-123.05452,45.52696],[-123.05469,45.52699],[-123.05472,45.527],[-123.05473,45.52701],[-123.05474,45.52702],[-123.05481,45.52703],[-123.05492,45.52705],[-123.05494,45.52703],[-123.05501,45.52695],[-123.05507,45.52691],[-123.05517,45.52689],[-123.05522,45.52688],[-123.05532,45.52687],[-123.05538,45.52688],[-123.05538,45.52688],[-123.0555,45.52707],[-123.05553,45.52712],[-123.05556,45.52714],[-123.05561,45.52717],[-123.05568,45.52718],[-123.05577,45.52717],[-123.0558,45.52717],[-123.05606,45.52704],[-123.05614,45.52702],[-123.05645,45.52705],[-123.05655,45.52723],[-123.05667,45.52732],[-123.05667,45.52732],[-123.05672,45.52732],[-123.0568,45.52732],[-123.05714,45.52722],[-123.05726,45.52718],[-123.05729,45.52719],[-123.05737,45.5272],[-123.05747,45.52725],[-123.05749,45.52726],[-123.0575,45.5273],[-123.05749,45.52733],[-123.05746,45.52734],[-123.05734,45.52741],[-123.05731,45.5275],[-123.05742,45.52758],[-123.05763,45.52773],[-123.05765,45.52775],[-123.05769,45.52776],[-123.05774,45.52777],[-123.05778,45.52778],[-123.05788,45.5277],[-123.05789,45.52762],[-123.05795,45.52753],[-123.0581,45.52749],[-123.05826,45.52748],[-123.0584,45.52751],[-123.05847,45.52758],[-123.05851,45.52767],[-123.05845,45.52775],[-123.05831,45.52778],[-123.05819,45.52783],[-123.0582,45.52795],[-123.05826,45.52809],[-123.05831,45.52817],[-123.05832,45.52818],[-123.05834,45.52818],[-123.0584,45.52819],[-123.05844,45.5282],[-123.05857,45.5282],[-123.05867,45.52824],[-123.05873,45.52826],[-123.05876,45.52827],[-123.05877,45.52831],[-123.05878,45.52839],[-123.05878,45.52841],[-123.05878,45.52859],[-123.05873,45.52869],[-123.05885,45.52882],[-123.05897,45.52889],[-123.05916,45.52904],[-123.05907,45.52918],[-123.05903,45.52928],[-123.05911,45.52937],[-123.05913,45.5294],[-123.05925,45.52944],[-123.05933,45.52947],[-123.05941,45.5295],[-123.05978,45.52962],[-123.05996,45.52967],[-123.06011,45.52974],[-123.06012,45.52978],[-123.06013,45.5298],[-123.06014,45.52986],[-123.06011,45.52999],[-123.0602,45.53009],[-123.06036,45.53013],[-123.06106,45.53014],[-123.06117,45.53021],[-123.0612,45.53023],[-123.06119,45.53026],[-123.06114,45.53042],[-123.06123,45.53049],[-123.06128,45.5305],[-123.06151,45.53056],[-123.06164,45.53061],[-123.06163,45.53071],[-123.06149,45.53083],[-123.06147,45.53093],[-123.06158,45.53099],[-123.06172,45.53102],[-123.0618,45.53109],[-123.06175,45.53118],[-123.06176,45.5313],[-123.06192,45.53141],[-123.06207,45.53146],[-123.06212,45.53148],[-123.06221,45.53153],[-123.06225,45.53154],[-123.06242,45.53169],[-123.06254,45.53191],[-123.0626,45.53202],[-123.06269,45.53217],[-123.06275,45.53218],[-123.06296,45.53222],[-123.063,45.53223],[-123.06302,45.53223],[-123.06309,45.53223],[-123.06314,45.53224],[-123.06329,45.53221],[-123.06342,45.53217],[-123.06345,45.53214],[-123.0636,45.53206],[-123.06373,45.53192],[-123.06389,45.5319],[-123.0641,45.53186],[-123.06439,45.53167],[-123.06448,45.53161],[-123.06466,45.53163],[-123.06483,45.53163],[-123.06497,45.53147],[-123.06512,45.53144],[-123.06518,45.53142],[-123.06532,45.53143],[-123.06535,45.53144],[-123.06547,45.53145],[-123.0658,45.53144],[-123.06594,45.53139],[-123.06613,45.53131],[-123.06627,45.53127],[-123.06639,45.53108],[-123.06649,45.531],[-123.06668,45.53095],[-123.06678,45.53088],[-123.06688,45.53074],[-123.06701,45.53035],[-123.06705,45.53031],[-123.06718,45.53017],[-123.06738,45.53018],[-123.06738,45.53015],[-123.06737,45.53008],[-123.06732,45.53001],[-123.06737,45.52998],[-123.06746,45.52995],[-123.06749,45.52988],[-123.06765,45.52987],[-123.06773,45.52977],[-123.06782,45.52972],[-123.0681,45.52974],[-123.06849,45.52972],[-123.06872,45.52984],[-123.06884,45.52987],[-123.0689,45.52984],[-123.06893,45.52972],[-123.06896,45.52968],[-123.06902,45.52967],[-123.06914,45.52973],[-123.06923,45.52972],[-123.06928,45.52969],[-123.06929,45.52962],[-123.06951,45.52958],[-123.06964,45.52959],[-123.06969,45.52959],[-123.06963,45.5294],[-123.06963,45.52933],[-123.06968,45.52926],[-123.06979,45.5292],[-123.06984,45.52919],[-123.06986,45.52921],[-123.0699,45.52924],[-123.06994,45.52929],[-123.07,45.52932],[-123.07008,45.52932],[-123.07013,45.52923],[-123.07023,45.52917],[-123.07033,45.52915],[-123.07038,45.52912],[-123.07071,45.52906],[-123.07079,45.52903],[-123.07084,45.52896],[-123.07099,45.52878],[-123.07123,45.52866],[-123.07135,45.52864],[-123.07141,45.52869],[-123.07136,45.5288],[-123.0714,45.52887],[-123.07155,45.52889],[-123.0719,45.52872],[-123.07202,45.52872],[-123.07212,45.52873],[-123.07212,45.52887],[-123.07213,45.52899],[-123.07252,45.52906],[-123.07316,45.52907],[-123.07347,45.52933],[-123.07349,45.52934],[-123.07358,45.52942],[-123.0739,45.52956],[-123.07398,45.52961],[-123.07418,45.52973],[-123.07433,45.52983],[-123.07444,45.52986],[-123.07455,45.5299],[-123.07473,45.52994],[-123.0748,45.52994],[-123.07487,45.52994],[-123.07495,45.52995],[-123.07499,45.52994],[-123.07512,45.52992],[-123.07526,45.52984],[-123.0754,45.52979],[-123.07559,45.52971],[-123.07576,45.52962],[-123.07593,45.52953],[-123.07605,45.52947],[-123.07609,45.52945],[-123.07614,45.52941],[-123.0763,45.52929],[-123.07633,45.52921],[-123.07636,45.52904],[-123.07636,45.5289],[-123.07634,45.52886],[-123.07633,45.52882],[-123.07629,45.52873],[-123.0763,45.52865],[-123.0763,45.52862],[-123.07631,45.52858],[-123.07628,45.52848],[-123.07631,45.52841],[-123.07639,45.52827],[-123.07656,45.52812],[-123.07667,45.52805],[-123.07672,45.52803],[-123.07688,45.52797],[-123.07707,45.52795],[-123.07729,45.52797],[-123.07746,45.52801],[-123.07761,45.52805],[-123.07781,45.52808],[-123.07806,45.52808],[-123.07827,45.52807],[-123.07849,45.5281],[-123.07867,45.52815],[-123.07887,45.52822],[-123.07904,45.52829],[-123.07923,45.52835],[-123.07935,45.52837],[-123.07953,45.52837],[-123.07975,45.52836],[-123.07987,45.52831],[-123.08012,45.52822],[-123.08029,45.52815],[-123.08038,45.52809],[-123.08054,45.528],[-123.08061,45.52795],[-123.08066,45.52791],[-123.08077,45.52784],[-123.08088,45.52778],[-123.081,45.52772],[-123.08104,45.5277],[-123.08112,45.52765],[-123.08127,45.52761],[-123.0814,45.52758],[-123.0816,45.52755],[-123.08182,45.52754],[-123.08205,45.52755],[-123.08226,45.52756],[-123.08259,45.52758],[-123.08272,45.52764],[-123.08282,45.52768],[-123.08292,45.52773],[-123.08292,45.52774],[-123.08296,45.52777],[-123.08307,45.52784],[-123.08314,45.52792],[-123.08316,45.52794],[-123.08317,45.52796],[-123.08324,45.52803],[-123.08327,45.52805],[-123.08331,45.52807],[-123.08344,45.52815],[-123.08349,45.52821],[-123.08353,45.52826],[-123.0836,45.52835],[-123.08362,45.52837],[-123.08366,45.5284],[-123.08372,45.52845],[-123.08374,45.52847],[-123.08376,45.52849],[-123.08382,45.52851],[-123.08384,45.52852],[-123.08395,45.52858],[-123.08409,45.52865],[-123.08416,45.52868],[-123.08419,45.52869],[-123.08422,45.52871],[-123.08447,45.52882],[-123.08479,45.52894],[-123.08484,45.52895],[-123.08512,45.52904],[-123.08518,45.52906],[-123.08522,45.52908],[-123.08537,45.52916],[-123.0854,45.52917],[-123.08553,45.52925],[-123.08562,45.52929],[-123.08568,45.52932],[-123.08573,45.52933],[-123.08584,45.52936],[-123.08586,45.52936],[-123.08604,45.52944],[-123.08609,45.52946],[-123.08614,45.52949],[-123.08619,45.5295],[-123.08623,45.52951],[-123.08665,45.52962],[-123.08679,45.52964],[-123.08706,45.52969],[-123.08718,45.5297],[-123.08738,45.52972],[-123.0874,45.52972],[-123.08776,45.52973],[-123.08809,45.52969],[-123.08817,45.52969],[-123.08823,45.5297],[-123.08836,45.52973],[-123.08851,45.52976],[-123.0886,45.52978],[-123.08869,45.52981],[-123.0888,45.52983],[-123.0889,45.52983],[-123.08903,45.52984],[-123.08908,45.52985],[-123.08922,45.52984],[-123.08934,45.52985],[-123.08949,45.52986],[-123.08957,45.52989],[-123.08967,45.52994],[-123.08968,45.52995],[-123.08971,45.52999],[-123.08975,45.53005],[-123.08978,45.53008],[-123.08983,45.53018],[-123.08987,45.53024],[-123.09004,45.53034],[-123.0901,45.53038],[-123.09013,45.53039],[-123.09029,45.53046],[-123.09044,45.5305],[-123.09061,45.53052],[-123.09081,45.53054],[-123.09102,45.53055],[-123.09125,45.53055],[-123.09136,45.53055],[-123.09166,45.53051],[-123.09192,45.53051],[-123.09257,45.53045],[-123.0926,45.53045],[-123.09264,45.53045],[-123.09268,45.53047],[-123.09276,45.5305],[-123.09289,45.53058],[-123.09306,45.53076],[-123.09334,45.53087],[-123.09348,45.53095],[-123.09356,45.53099],[-123.09362,45.53102],[-123.09377,45.53107],[-123.09389,45.53108],[-123.09425,45.53108],[-123.09431,45.53108],[-123.09479,45.53103],[-123.09523,45.531],[-123.09544,45.53102],[-123.09566,45.53111],[-123.09595,45.53114],[-123.0961,45.53116],[-123.09667,45.53137],[-123.09684,45.53144],[-123.09691,45.53146],[-123.09705,45.53152],[-123.09716,45.53156],[-123.0977,45.5317],[-123.09793,45.53195],[-123.09797,45.5321],[-123.09812,45.53219],[-123.09848,45.53219],[-123.09888,45.5322],[-123.09905,45.53223],[-123.09914,45.53226],[-123.09926,45.53227],[-123.09936,45.53227],[-123.09942,45.53228],[-123.09951,45.53229],[-123.09953,45.53229],[-123.09964,45.53232],[-123.09973,45.53233],[-123.09977,45.53233],[-123.09984,45.53232],[-123.09993,45.53233],[-123.10002,45.53235],[-123.10004,45.53236],[-123.10012,45.53239],[-123.10019,45.53242],[-123.10028,45.53242],[-123.10044,45.53248],[-123.10054,45.53248],[-123.10063,45.5325],[-123.10065,45.53251],[-123.1007,45.53253],[-123.10072,45.53255],[-123.10074,45.53257],[-123.10079,45.53263],[-123.1008,45.53266],[-123.10082,45.53269],[-123.10087,45.53273],[-123.10093,45.53274],[-123.10097,45.53277],[-123.10108,45.53284],[-123.10119,45.53291],[-123.10135,45.53307],[-123.10141,45.53312],[-123.10145,45.53317],[-123.10163,45.53339],[-123.10178,45.53351],[-123.10191,45.53361],[-123.10196,45.53365],[-123.10204,45.53372],[-123.10209,45.53375],[-123.10219,45.53383],[-123.10225,45.53387],[-123.10228,45.53389],[-123.1024,45.53398],[-123.10251,45.53405],[-123.10272,45.53421],[-123.10276,45.53423],[-123.10284,45.53429],[-123.10323,45.53455],[-123.10347,45.53471],[-123.10353,45.53475],[-123.1036,45.5348],[-123.10372,45.53487],[-123.10392,45.535],[-123.10408,45.5351],[-123.10415,45.53515],[-123.10432,45.53525],[-123.10437,45.53536],[-123.10438,45.53546],[-123.10439,45.53552],[-123.10441,45.53562],[-123.10442,45.53566],[-123.10444,45.53571],[-123.10445,45.53573],[-123.10446,45.53583],[-123.10455,45.53602],[-123.10463,45.53626],[-123.10468,45.53644],[-123.10474,45.53658],[-123.10477,45.53666],[-123.10491,45.53681],[-123.10501,45.53692],[-123.10507,45.53702],[-123.10509,45.53703],[-123.10741,45.53706],[-123.10753,45.53706],[-123.10753,45.53708],[-123.10726,45.53708],[-123.1073,45.53723],[-123.10734,45.53737],[-123.10737,45.53752],[-123.1074,45.53767],[-123.10741,45.53782],[-123.10741,45.53797],[-123.10741,45.53799],[-123.10747,45.53799],[-123.10747,45.53864],[-123.10754,45.53864],[-123.10754,45.53902],[-123.10754,45.53905],[-123.10752,45.53912],[-123.10748,45.53951],[-123.10739,45.53989],[-123.10729,45.54037],[-123.10722,45.54056],[-123.10721,45.5406],[-123.10712,45.54106],[-123.1071,45.54115],[-123.10719,45.54118],[-123.10732,45.54122],[-123.10733,45.54124],[-123.10733,45.54124],[-123.10738,45.54133],[-123.10741,45.54152],[-123.10745,45.54163],[-123.1076,45.54195],[-123.10772,45.5422],[-123.10774,45.54226],[-123.10774,45.54226],[-123.10775,45.54229],[-123.10797,45.54275],[-123.10809,45.54297],[-123.10824,45.5432],[-123.1084,45.54343],[-123.10856,45.54364],[-123.10868,45.54382],[-123.1087,45.54386],[-123.1087,45.54386],[-123.10875,45.54401],[-123.10886,45.54415],[-123.10892,45.54425],[-123.10913,45.54427],[-123.10969,45.54435],[-123.10969,45.54435],[-123.10977,45.54436],[-123.11039,45.54448],[-123.11071,45.54454],[-123.11105,45.5446],[-123.1114,45.54465],[-123.11175,45.5447],[-123.11192,45.54475],[-123.11207,45.54481],[-123.11223,45.5449],[-123.11239,45.54501],[-123.11263,45.54512],[-123.11294,45.54522],[-123.1131,45.54532],[-123.11315,45.54532],[-123.11315,45.54532],[-123.11378,45.54533],[-123.11405,45.54533],[-123.11442,45.54533],[-123.11478,45.54533],[-123.11547,45.54535],[-123.11584,45.54535],[-123.11621,45.54535],[-123.11657,45.54534],[-123.1173,45.5453],[-123.11754,45.5453],[-123.11755,45.5453],[-123.1177,45.5453],[-123.11809,45.54527],[-123.11846,45.54527],[-123.11887,45.54523],[-123.11935,45.54524],[-123.11974,45.54522],[-123.12005,45.54511],[-123.12067,45.54486],[-123.121,45.54473],[-123.12135,45.54464],[-123.12135,45.54464],[-123.12137,45.54464],[-123.12164,45.54463],[-123.12164,45.54463],[-123.12177,45.54462],[-123.12203,45.54464],[-123.12204,45.54483],[-123.12209,45.54572],[-123.12207,45.54612],[-123.12508,45.54802],[-123.12714,45.5493],[-123.12858,45.55022],[-123.13005,45.55115],[-123.13074,45.55241],[-123.13154,45.55383],[-123.13249,45.55553],[-123.13515,45.56025],[-123.13538,45.56065],[-123.13538,45.56058],[-123.13538,45.56012],[-123.1354,45.55755],[-123.13541,45.55652],[-123.13541,45.55582],[-123.13541,45.55434],[-123.1354,45.55185],[-123.1354,45.55155],[-123.1354,45.55149],[-123.1354,45.55144],[-123.1354,45.55141],[-123.1354,45.55137],[-123.1354,45.55119],[-123.13539,45.54993],[-123.13539,45.54931],[-123.1354,45.54845],[-123.1354,45.54786],[-123.13541,45.54704],[-123.13542,45.54588],[-123.13543,45.54518],[-123.13544,45.54328],[-123.13545,45.54268],[-123.13545,45.54199],[-123.13544,45.53941],[-123.13544,45.53933],[-123.13668,45.53931],[-123.137,45.53935],[-123.13727,45.53937],[-123.13744,45.53939],[-123.13866,45.53949],[-123.13914,45.53953],[-123.13939,45.53956],[-123.1405,45.53972],[-123.1406,45.53973],[-123.14073,45.53975],[-123.14077,45.53976],[-123.14132,45.53989],[-123.14135,45.5399],[-123.14144,45.53992],[-123.14148,45.53993],[-123.14226,45.54002],[-123.14229,45.54002],[-123.14234,45.54003],[-123.14246,45.54004],[-123.14309,45.54025],[-123.14329,45.54031],[-123.14382,45.5405],[-123.14392,45.54053],[-123.14403,45.54057],[-123.14406,45.54058],[-123.14412,45.54061],[-123.14437,45.54071],[-123.1444,45.54073],[-123.14443,45.54074],[-123.14445,45.54075],[-123.14458,45.54086],[-123.14462,45.5409],[-123.14464,45.54091],[-123.14465,45.54094],[-123.14468,45.54098],[-123.14469,45.541],[-123.14475,45.54109],[-123.14477,45.54112],[-123.14479,45.54116],[-123.14479,45.54123],[-123.1448,45.54128],[-123.1448,45.54142],[-123.1448,45.54144],[-123.14481,45.54152],[-123.14483,45.54158],[-123.14485,45.54164],[-123.14491,45.5418],[-123.14508,45.54245],[-123.14509,45.54247],[-123.14515,45.54284],[-123.14517,45.54293],[-123.14517,45.54296],[-123.14517,45.54302],[-123.14516,45.5431],[-123.14515,45.54327],[-123.14517,45.54351],[-123.14517,45.54353],[-123.14518,45.54362],[-123.14519,45.54366],[-123.14523,45.54382],[-123.14524,45.54385],[-123.14531,45.54393],[-123.14535,45.54397],[-123.14542,45.54405],[-123.14565,45.54431],[-123.14581,45.54446],[-123.14597,45.54462],[-123.14602,45.54466],[-123.14606,45.54469],[-123.14622,45.54477],[-123.14625,45.54478],[-123.14633,45.54481],[-123.14644,45.54484],[-123.14651,45.54486],[-123.14684,45.54493],[-123.14686,45.54494],[-123.14697,45.54495],[-123.14701,45.54495],[-123.14707,45.54487],[-123.14726,45.54441],[-123.14728,45.54434],[-123.14739,45.54407],[-123.14755,45.54366],[-123.14756,45.54317],[-123.14756,45.54294],[-123.14756,45.5427],[-123.14756,45.54247],[-123.14756,45.5422],[-123.14832,45.54224],[-123.1484,45.54224],[-123.14873,45.54226],[-123.14922,45.54228],[-123.14943,45.5423],[-123.14943,45.54208],[-123.15046,45.54207],[-123.15046,45.54187],[-123.15045,45.54177],[-123.15045,45.54142],[-123.15044,45.54117],[-123.15044,45.54093],[-123.15043,45.54068],[-123.15043,45.54066],[-123.15043,45.54047],[-123.15042,45.54025],[-123.15042,45.54003],[-123.15041,45.53981],[-123.15041,45.53959],[-123.1504,45.53935],[-123.1504,45.53896],[-123.15039,45.53868],[-123.15039,45.53846],[-123.15064,45.53849],[-123.15065,45.53837],[-123.15065,45.53849],[-123.15112,45.53854],[-123.15273,45.5387],[-123.15264,45.53697],[-123.15264,45.53695],[-123.15281,45.53696],[-123.15291,45.53697],[-123.15294,45.53681],[-123.15296,45.53665],[-123.15298,45.53654],[-123.15299,45.53647],[-123.153,45.53637],[-123.15308,45.5362],[-123.15319,45.53599],[-123.15323,45.53589],[-123.15341,45.53552],[-123.15345,45.53525],[-123.15347,45.5351],[-123.15347,45.53506],[-123.1535,45.53487],[-123.1535,45.53484],[-123.15351,45.53473],[-123.15354,45.53451],[-123.1533,45.5345],[-123.15326,45.53449],[-123.15292,45.53447],[-123.15295,45.53399],[-123.15301,45.53318],[-123.15302,45.53311],[-123.15277,45.5331],[-123.15218,45.53306],[-123.15143,45.533],[-123.15112,45.53298],[-123.15069,45.53292],[-123.15051,45.53286],[-123.15042,45.53284],[-123.15025,45.53277],[-123.14974,45.53251],[-123.14947,45.53232],[-123.14844,45.53167],[-123.14842,45.53166],[-123.14819,45.53152],[-123.14783,45.53129],[-123.14755,45.53111],[-123.14733,45.53096],[-123.14699,45.53079],[-123.14629,45.53051],[-123.14542,45.5302],[-123.14484,45.52999],[-123.1446,45.52989],[-123.14407,45.52971],[-123.14382,45.5296],[-123.14373,45.52957],[-123.14327,45.52945],[-123.14295,45.52941],[-123.14298,45.52931],[-123.14294,45.52824],[-123.142,45.52827],[-123.14164,45.52828],[-123.141,45.52829],[-123.14115,45.5281],[-123.14103,45.52805],[-123.1409,45.52798],[-123.14069,45.52814],[-123.14052,45.5283],[-123.14052,45.5283],[-123.14008,45.5283],[-123.13991,45.5283],[-123.13987,45.5283],[-123.13985,45.52801],[-123.13985,45.52801],[-123.14016,45.52789],[-123.14039,45.52781],[-123.14016,45.52749],[-123.14048,45.52738],[-123.14038,45.52726],[-123.14031,45.52716],[-123.1401,45.52699],[-123.13985,45.52685],[-123.13956,45.52676],[-123.13925,45.5267],[-123.13894,45.52669],[-123.13894,45.52655],[-123.13894,45.52632],[-123.13896,45.52568],[-123.13835,45.52568],[-123.13599,45.52569],[-123.13564,45.52569],[-123.13562,45.52569],[-123.13568,45.52332],[-123.13568,45.5233],[-123.13568,45.52326],[-123.13573,45.5204],[-123.13573,45.52032],[-123.13574,45.52019],[-123.13519,45.52018],[-123.13514,45.52015],[-123.13511,45.52011],[-123.13506,45.52005],[-123.13502,45.52002],[-123.13493,45.51997],[-123.13491,45.51996],[-123.1347,45.51983],[-123.13456,45.51975],[-123.13441,45.51967],[-123.13433,45.5196],[-123.13427,45.51951],[-123.13428,45.51942],[-123.13437,45.51931],[-123.13448,45.51921],[-123.13467,45.51906],[-123.13481,45.51896],[-123.13481,45.51891],[-123.13475,45.51886],[-123.13468,45.51882],[-123.13459,45.51879],[-123.13452,45.51879],[-123.13447,45.51878],[-123.13434,45.51877],[-123.13412,45.51874],[-123.13387,45.51869],[-123.13376,45.51868],[-123.1336,45.51868],[-123.13336,45.51871],[-123.13309,45.51874],[-123.13283,45.51882],[-123.1326,45.51889],[-123.1324,45.51893],[-123.1323,45.51893],[-123.13227,45.51893],[-123.1322,45.51889],[-123.13208,45.51881],[-123.13194,45.51877],[-123.13184,45.51874],[-123.13181,45.51874],[-123.13175,45.51873],[-123.13163,45.51874],[-123.13149,45.51878],[-123.13138,45.51882],[-123.1313,45.51891],[-123.13125,45.51894],[-123.13118,45.51895],[-123.13105,45.51895],[-123.13084,45.51893],[-123.13067,45.5189],[-123.13054,45.51888],[-123.13042,45.51885],[-123.13027,45.51881],[-123.13021,45.51878],[-123.13018,45.51877],[-123.13012,45.51874],[-123.12988,45.51867],[-123.12979,45.51865],[-123.12974,45.51864],[-123.12925,45.51831],[-123.12903,45.51743],[-123.12877,45.51657],[-123.12868,45.51645],[-123.12844,45.5163],[-123.12785,45.51602],[-123.12766,45.51591],[-123.12744,45.51562],[-123.12725,45.51552],[-123.12707,45.51551],[-123.12696,45.51558],[-123.12696,45.51558],[-123.12695,45.51563],[-123.12694,45.51565],[-123.12694,45.51567],[-123.12696,45.51582],[-123.12708,45.516],[-123.1271,45.5161],[-123.12678,45.51637],[-123.12612,45.51674],[-123.12588,45.51683],[-123.12583,45.51685],[-123.12567,45.51686],[-123.12556,45.51684],[-123.12542,45.51677],[-123.12529,45.51671],[-123.12524,45.5166],[-123.12526,45.51653],[-123.12539,45.51642],[-123.12542,45.51639],[-123.12552,45.5163],[-123.12561,45.51622],[-123.1257,45.51613],[-123.12567,45.51601],[-123.12556,45.51587],[-123.12538,45.51578],[-123.12517,45.51573],[-123.12498,45.51571],[-123.12486,45.5157],[-123.12471,45.51566],[-123.12456,45.51559],[-123.12453,45.51557],[-123.12442,45.51552],[-123.12435,45.51547],[-123.12429,45.51544],[-123.12421,45.51538],[-123.12409,45.51534],[-123.12394,45.51532],[-123.12379,45.51533],[-123.1237,45.51533],[-123.12361,45.51532],[-123.12353,45.51531],[-123.12345,45.5153],[-123.12342,45.51529],[-123.12339,45.51528],[-123.12331,45.51525],[-123.12319,45.5152],[-123.12301,45.51513],[-123.12292,45.51508],[-123.12285,45.51504],[-123.12274,45.51499],[-123.1227,45.51497],[-123.12259,45.51491],[-123.12256,45.5149],[-123.12244,45.51484],[-123.12233,45.5148],[-123.12226,45.51489],[-123.12223,45.51496],[-123.12222,45.51505],[-123.12223,45.51517],[-123.12224,45.51528],[-123.12228,45.51536],[-123.12234,45.51544],[-123.12238,45.51547],[-123.12247,45.51557],[-123.1225,45.51565],[-123.12251,45.51574],[-123.12248,45.51582],[-123.1224,45.51593],[-123.12235,45.51598],[-123.12222,45.51608],[-123.12215,45.51613],[-123.12203,45.51618],[-123.12196,45.51618],[-123.12183,45.51616],[-123.12174,45.51616],[-123.12162,45.51618],[-123.12148,45.51624],[-123.12142,45.51628],[-123.12136,45.51636],[-123.12133,45.51642],[-123.12132,45.51651],[-123.12132,45.51655],[-123.12131,45.51669],[-123.12131,45.51681],[-123.12131,45.51687],[-123.12127,45.51698],[-123.12122,45.51703],[-123.12112,45.51708],[-123.12097,45.51709],[-123.12086,45.51707],[-123.12079,45.51703],[-123.12068,45.51697],[-123.12061,45.51691],[-123.1206,45.5169],[-123.12049,45.5168],[-123.12042,45.51667],[-123.1204,45.51656],[-123.12033,45.51645],[-123.12029,45.51643],[-123.12013,45.51637],[-123.11997,45.51632],[-123.11984,45.51631],[-123.1198,45.51631],[-123.11965,45.51631],[-123.11952,45.5163],[-123.11948,45.5163],[-123.11942,45.51628],[-123.11937,45.51623],[-123.11937,45.51619],[-123.1194,45.51608],[-123.11944,45.51603],[-123.11952,45.51595],[-123.11963,45.51585],[-123.11976,45.51575],[-123.1198,45.51572],[-123.11982,45.51568],[-123.11987,45.51562],[-123.11989,45.51556],[-123.11991,45.51551],[-123.11989,45.51543],[-123.11982,45.51539],[-123.11972,45.51537],[-123.11955,45.51534],[-123.11928,45.51529],[-123.11921,45.51526],[-123.11914,45.51522],[-123.1191,45.51517],[-123.11909,45.51506],[-123.11909,45.51505],[-123.11909,45.515],[-123.11911,45.51496],[-123.11919,45.51486],[-123.11925,45.5148],[-123.11932,45.51473],[-123.11942,45.51462],[-123.11952,45.51451],[-123.11961,45.51435],[-123.11963,45.51424],[-123.1196,45.51416],[-123.11954,45.51409],[-123.11948,45.51406],[-123.11939,45.51404],[-123.11928,45.51404],[-123.11919,45.51405],[-123.11903,45.51407],[-123.11892,45.51412],[-123.11867,45.51425],[-123.11823,45.51446],[-123.11805,45.51453],[-123.118,45.51455],[-123.11796,45.51455],[-123.11786,45.51457],[-123.11776,45.51457],[-123.11768,45.51456],[-123.1176,45.51452],[-123.11757,45.51449],[-123.11755,45.51445],[-123.11755,45.51436],[-123.11759,45.51425],[-123.11772,45.51385],[-123.11778,45.51371],[-123.11781,45.51364],[-123.11783,45.51359],[-123.11784,45.51354],[-123.11786,45.51343],[-123.11786,45.51334],[-123.11786,45.51332],[-123.11783,45.51317],[-123.11781,45.51311],[-123.11778,45.51304],[-123.11776,45.513],[-123.11773,45.51295],[-123.1177,45.51293],[-123.11762,45.51282],[-123.11749,45.51273],[-123.1174,45.51268],[-123.11734,45.51266],[-123.11726,45.51268],[-123.11716,45.51277],[-123.11705,45.51293],[-123.11698,45.51308],[-123.11692,45.5132],[-123.11684,45.51329],[-123.11678,45.51334],[-123.11673,45.51338],[-123.11663,45.51346],[-123.11659,45.51348],[-123.11654,45.5135],[-123.11646,45.51352],[-123.11641,45.5135],[-123.11636,45.51343],[-123.11633,45.51337],[-123.11631,45.51332],[-123.1162,45.51312],[-123.11614,45.51303],[-123.116,45.51279],[-123.11595,45.51268],[-123.11591,45.51259],[-123.11587,45.51249],[-123.11585,45.51241],[-123.11582,45.51229],[-123.11579,45.51217],[-123.11578,45.51215],[-123.11577,45.51208],[-123.11576,45.51204],[-123.11576,45.512],[-123.11575,45.51195],[-123.11575,45.5119],[-123.11575,45.51187],[-123.11575,45.51182],[-123.11576,45.51178],[-123.11578,45.51164],[-123.11581,45.51155],[-123.11593,45.51136],[-123.11612,45.5111],[-123.11624,45.51093],[-123.11627,45.51089],[-123.11628,45.51085],[-123.11625,45.51081],[-123.11623,45.5108],[-123.11615,45.51074],[-123.1161,45.51071],[-123.11603,45.51069],[-123.1159,45.51072],[-123.11585,45.51074],[-123.11571,45.51077],[-123.11547,45.51082],[-123.11511,45.51078],[-123.11496,45.51068],[-123.11471,45.51066],[-123.11452,45.51062],[-123.1143,45.51046],[-123.11413,45.51024],[-123.11412,45.51012],[-123.11412,45.51004],[-123.11414,45.5098],[-123.11403,45.50972],[-123.11395,45.50968],[-123.11375,45.5096],[-123.11366,45.50944],[-123.1136,45.50927],[-123.11359,45.50926],[-123.11359,45.50924],[-123.11351,45.50908],[-123.11351,45.50908],[-123.11346,45.509],[-123.11323,45.50872],[-123.11315,45.50864],[-123.11313,45.50863],[-123.11299,45.50849],[-123.11291,45.50841],[-123.11285,45.50835],[-123.1128,45.50831],[-123.11264,45.50829],[-123.11255,45.50831],[-123.11256,45.50838],[-123.11256,45.50842],[-123.11256,45.50852],[-123.11257,45.50875],[-123.11268,45.5091],[-123.11269,45.50913],[-123.11273,45.50924],[-123.11272,45.50932],[-123.11271,45.50945],[-123.11271,45.50954],[-123.11271,45.5096],[-123.11261,45.50972],[-123.11236,45.50975],[-123.11226,45.50974],[-123.11218,45.50973],[-123.11207,45.50972],[-123.11198,45.50971],[-123.11193,45.5097],[-123.1119,45.5097],[-123.11174,45.50966],[-123.11145,45.5096],[-123.11128,45.50953],[-123.11117,45.50949],[-123.111,45.50942],[-123.11087,45.50937],[-123.11063,45.50928],[-123.11053,45.50924],[-123.11046,45.50921],[-123.1104,45.50919],[-123.11034,45.50917],[-123.11017,45.5091],[-123.11008,45.50901],[-123.10999,45.50891],[-123.10997,45.50883],[-123.10992,45.50862],[-123.10987,45.50839],[-123.10978,45.50803],[-123.10978,45.50802],[-123.10967,45.50755],[-123.10961,45.50728],[-123.10961,45.50727],[-123.10956,45.50713],[-123.10949,45.50706],[-123.10947,45.50689],[-123.10947,45.50679],[-123.10949,45.50662],[-123.10951,45.50647],[-123.10946,45.50636],[-123.1093,45.50623],[-123.10916,45.50609],[-123.10909,45.506],[-123.10905,45.50594],[-123.10903,45.50588],[-123.109,45.50583],[-123.10895,45.50577],[-123.10891,45.50572],[-123.10883,45.5056],[-123.1088,45.50554],[-123.10881,45.50549],[-123.10884,45.50544],[-123.10886,45.50542],[-123.10892,45.50536],[-123.10894,45.50534],[-123.10904,45.50524],[-123.1092,45.50508],[-123.10922,45.50505],[-123.10927,45.505],[-123.10933,45.50492],[-123.10947,45.5048],[-123.10958,45.50471],[-123.10964,45.50469],[-123.10974,45.50467],[-123.10988,45.50464],[-123.10998,45.50454],[-123.10998,45.50442],[-123.10987,45.50439],[-123.10979,45.50432],[-123.10975,45.5043],[-123.10972,45.50429],[-123.10969,45.50426],[-123.10958,45.50422],[-123.10952,45.50422],[-123.10923,45.50423],[-123.10876,45.50428],[-123.1085,45.50435],[-123.10835,45.50439],[-123.10781,45.50454],[-123.10766,45.50455],[-123.10755,45.50455],[-123.10731,45.50451],[-123.10722,45.50443],[-123.10714,45.50419],[-123.10704,45.50393],[-123.10696,45.50375],[-123.10694,45.50369],[-123.1068,45.50348],[-123.10669,45.50317],[-123.10667,45.50309],[-123.10668,45.50302],[-123.1067,45.50284],[-123.10682,45.50276],[-123.10724,45.50271],[-123.10742,45.50265],[-123.10753,45.50261],[-123.10761,45.50259],[-123.10818,45.50233],[-123.10855,45.50215],[-123.10904,45.50191],[-123.10924,45.50174],[-123.10921,45.5016],[-123.10919,45.50151],[-123.10918,45.50143],[-123.10448,45.50359],[-123.10421,45.50371],[-123.10419,45.5037],[-123.1041,45.50374],[-123.10399,45.50376],[-123.10376,45.50369],[-123.10358,45.50342],[-123.10345,45.50322],[-123.10328,45.50295],[-123.10324,45.50285],[-123.10315,45.50266],[-123.10317,45.50253],[-123.10315,45.50229],[-123.10323,45.502],[-123.10322,45.50182],[-123.10181,45.50197],[-123.10117,45.50219],[-123.10092,45.50227],[-123.10004,45.50266],[-123.09927,45.50306],[-123.09884,45.50324],[-123.09765,45.5045],[-123.09651,45.50468],[-123.09581,45.50565],[-123.09491,45.50691],[-123.09533,45.50772],[-123.09512,45.50782],[-123.09486,45.50794],[-123.0945,45.50811],[-123.0929,45.50887],[-123.09144,45.50957],[-123.09134,45.5096],[-123.09139,45.50772],[-123.0914,45.50768],[-123.09144,45.5063],[-123.09144,45.50628],[-123.09144,45.50626],[-123.09143,45.50614],[-123.09143,45.50606],[-123.09142,45.506],[-123.0914,45.50595],[-123.09128,45.50563],[-123.09116,45.50539],[-123.09055,45.50409],[-123.09018,45.50332],[-123.08989,45.50273],[-123.08987,45.50267],[-123.08971,45.50233],[-123.08969,45.50222],[-123.08968,45.5021],[-123.08966,45.50191],[-123.08955,45.50192],[-123.08903,45.50198],[-123.08869,45.50202],[-123.08797,45.50211],[-123.08536,45.50242],[-123.08499,45.50246],[-123.08499,45.50254],[-123.08499,45.5027],[-123.08499,45.50297],[-123.08499,45.5035],[-123.08498,45.5043],[-123.085,45.50536],[-123.085,45.50576],[-123.08501,45.50651],[-123.08501,45.50694],[-123.08142,45.50685],[-123.0812,45.51092],[-123.07867,45.51092],[-123.07756,45.51096],[-123.07755,45.5106],[-123.07486,45.51063],[-123.07463,45.51063],[-123.07464,45.50997],[-123.07076,45.50997],[-123.07076,45.51067],[-123.07076,45.51067],[-123.07076,45.51067],[-123.07076,45.51068],[-123.07076,45.51076],[-123.07076,45.51112],[-123.07076,45.51137],[-123.07076,45.51173],[-123.07076,45.51196],[-123.07076,45.51222],[-123.07075,45.51239],[-123.07076,45.51262],[-123.07076,45.51283],[-123.07076,45.51288],[-123.07076,45.51303],[-123.07076,45.51325],[-123.07076,45.51337],[-123.07076,45.51351],[-123.07076,45.51361],[-123.07076,45.51378],[-123.07076,45.51386],[-123.07076,45.51387],[-123.07046,45.51387],[-123.07034,45.51387],[-123.07017,45.51387],[-123.06994,45.51387],[-123.06963,45.51387],[-123.06933,45.51387],[-123.06919,45.51387],[-123.06903,45.51387],[-123.06874,45.51387],[-123.06844,45.51387],[-123.06814,45.51387],[-123.06784,45.51387],[-123.06754,45.51387],[-123.06724,45.51387],[-123.06706,45.51387],[-123.06693,45.51387],[-123.0667,45.51386],[-123.06656,45.51385],[-123.0664,45.51385],[-123.06626,45.51385],[-123.06611,45.51385],[-123.06596,45.51385],[-123.06582,45.51385],[-123.06558,45.51385],[-123.06539,45.51385],[-123.06524,45.51385],[-123.06485,45.51385],[-123.0648,45.51385],[-123.06477,45.51385],[-123.06474,45.51385],[-123.0647,45.51384],[-123.06467,45.51384],[-123.06463,45.51384],[-123.0646,45.51383],[-123.06457,45.51383],[-123.06454,45.51382],[-123.06451,45.51382],[-123.06449,45.51381],[-123.06446,45.51381],[-123.06444,45.5138],[-123.0644,45.51379],[-123.06433,45.51378],[-123.06428,45.51378],[-123.06419,45.51377],[-123.06412,45.51377],[-123.06409,45.51376],[-123.06409,45.51272],[-123.06409,45.51257],[-123.06408,45.51248],[-123.06408,45.51243],[-123.06408,45.5124],[-123.06408,45.51233],[-123.06408,45.51224],[-123.06408,45.51217],[-123.06408,45.51208],[-123.06408,45.51168],[-123.06408,45.51153],[-123.06408,45.51142],[-123.06408,45.51125],[-123.06408,45.51102],[-123.06408,45.51099],[-123.06408,45.51084],[-123.06408,45.51076],[-123.06408,45.5106],[-123.06408,45.51049],[-123.06408,45.51035],[-123.06408,45.51021],[-123.06408,45.51008],[-123.06408,45.50999],[-123.06408,45.50992],[-123.06368,45.50991],[-123.06339,45.50991],[-123.06309,45.50991],[-123.0628,45.50991],[-123.06249,45.5099],[-123.06226,45.5099],[-123.06194,45.5099],[-123.06164,45.5099],[-123.06133,45.50989],[-123.06075,45.50989],[-123.06061,45.50989],[-123.06063,45.50976],[-123.06077,45.50879],[-123.06082,45.5083],[-123.06082,45.5083],[-123.06082,45.50829],[-123.06076,45.50828],[-123.06072,45.50813],[-123.06068,45.50798],[-123.06068,45.50798],[-123.06067,45.50794],[-123.06062,45.50775],[-123.06061,45.5077],[-123.06035,45.50769],[-123.05941,45.50757],[-123.05877,45.50768],[-123.05859,45.50803],[-123.0578,45.50954],[-123.05768,45.50975],[-123.05768,45.50975],[-123.05707,45.5102],[-123.05695,45.51028],[-123.05694,45.51062],[-123.05694,45.51065],[-123.05694,45.51074],[-123.05694,45.51077],[-123.05703,45.5108],[-123.05652,45.5108],[-123.0564,45.5108],[-123.05628,45.5108],[-123.05609,45.5109],[-123.05604,45.51093],[-123.05597,45.51097],[-123.05574,45.51097],[-123.0554,45.51096],[-123.05506,45.51096],[-123.05484,45.51096],[-123.05484,45.51096],[-123.05484,45.51096],[-123.05484,45.51097],[-123.05484,45.51097],[-123.05484,45.51097],[-123.05483,45.51098],[-123.05483,45.51098],[-123.05483,45.51098],[-123.05483,45.51099],[-123.05483,45.51099],[-123.05483,45.51099],[-123.05483,45.51099],[-123.05482,45.51099],[-123.05482,45.511],[-123.05482,45.511],[-123.05482,45.51101],[-123.05482,45.51101],[-123.05481,45.51101],[-123.05481,45.51102],[-123.05481,45.51102],[-123.0548,45.51102],[-123.0548,45.51102],[-123.0548,45.51103],[-123.0548,45.51103],[-123.0548,45.51103],[-123.05479,45.51104],[-123.05478,45.51105],[-123.05446,45.51123],[-123.0543,45.51133],[-123.0538,45.51161],[-123.0538,45.51171],[-123.0538,45.51172],[-123.05366,45.51179],[-123.05339,45.51196],[-123.05317,45.51216],[-123.05309,45.51219],[-123.0529,45.51232],[-123.05282,45.51234],[-123.05272,45.51237],[-123.05255,45.51245],[-123.05253,45.51245],[-123.05227,45.51254],[-123.05226,45.51254],[-123.05189,45.5126],[-123.05181,45.51262],[-123.05191,45.51246],[-123.0519,45.51246],[-123.0519,45.51246],[-123.05188,45.51246],[-123.05188,45.51246],[-123.05187,45.51246],[-123.05186,45.51246],[-123.05186,45.51246],[-123.05186,45.51246],[-123.05185,45.51246],[-123.05184,45.51246],[-123.05184,45.51246],[-123.05183,45.51246],[-123.05182,45.51246],[-123.05182,45.51246],[-123.05181,45.51246],[-123.0518,45.51246],[-123.0518,45.51246],[-123.0518,45.51245],[-123.05179,45.51245],[-123.05178,45.51245],[-123.05178,45.51245],[-123.05177,45.51245],[-123.05176,45.51245],[-123.05176,45.51245],[-123.05175,45.51245],[-123.05174,45.51245],[-123.05174,45.51245],[-123.05172,45.51244],[-123.05172,45.51244],[-123.0517,45.51244],[-123.05168,45.51243],[-123.05168,45.51243],[-123.05168,45.51243],[-123.05167,45.51243],[-123.05166,45.51243],[-123.05166,45.51243],[-123.05166,45.51243],[-123.05164,45.51242],[-123.05163,45.51242],[-123.05163,45.51242],[-123.05163,45.51242],[-123.05162,45.51242],[-123.05161,45.51241],[-123.05161,45.51241],[-123.05161,45.51241],[-123.0516,45.51241],[-123.05159,45.51241],[-123.05158,45.5124],[-123.05157,45.5124],[-123.05157,45.5124],[-123.05157,45.5124],[-123.05156,45.51239],[-123.05155,45.51239],[-123.05155,45.51239],[-123.05155,45.51239],[-123.05154,45.51239],[-123.05154,45.51239],[-123.05153,45.51238],[-123.05152,45.51238],[-123.0515,45.51237],[-123.0515,45.51237],[-123.05149,45.51237],[-123.05149,45.51236],[-123.05148,45.51236],[-123.05148,45.51236],[-123.05147,45.51235],[-123.05147,45.51235],[-123.05146,45.51235],[-123.05145,45.51234],[-123.05145,45.51234],[-123.05145,45.51234],[-123.05144,45.51233],[-123.05144,45.51233],[-123.05143,45.51233],[-123.05142,45.51232],[-123.05142,45.51232],[-123.05141,45.51232],[-123.05141,45.51231],[-123.05141,45.51231],[-123.0514,45.51231],[-123.05139,45.5123],[-123.05139,45.5123],[-123.05139,45.5123],[-123.05138,45.51229],[-123.05138,45.51229],[-123.05137,45.51228],[-123.05137,45.51228],[-123.05137,45.51228],[-123.05136,45.51228],[-123.05135,45.51227],[-123.05135,45.51227],[-123.05135,45.51226],[-123.05134,45.51226],[-123.05134,45.51226],[-123.05133,45.51225],[-123.05133,45.51225],[-123.05133,45.51225],[-123.05133,45.51224],[-123.05132,45.51224],[-123.05132,45.51223],[-123.05131,45.51223],[-123.05131,45.51222],[-123.05131,45.51222],[-123.0513,45.51221],[-123.0513,45.51221],[-123.0513,45.51221],[-123.05129,45.51221],[-123.05129,45.5122],[-123.05129,45.5122],[-123.05128,45.51219],[-123.05128,45.51218],[-123.05128,45.51218],[-123.05127,45.51218],[-123.05127,45.51217],[-123.05127,45.51217],[-123.05127,45.51217],[-123.05126,45.51216],[-123.05126,45.51216],[-123.05126,45.51216],[-123.05126,45.51215],[-123.05125,45.51214],[-123.05125,45.51214],[-123.05125,45.51214],[-123.05125,45.51213],[-123.05125,45.51213],[-123.05124,45.51213],[-123.05124,45.51212],[-123.05124,45.51212],[-123.05124,45.51212],[-123.05124,45.51211],[-123.05123,45.5121],[-123.05123,45.5121],[-123.05123,45.51209],[-123.05123,45.51209],[-123.05123,45.51209],[-123.05123,45.51209],[-123.05122,45.51208],[-123.05122,45.51207],[-123.05122,45.51207],[-123.05122,45.51207],[-123.05122,45.51206],[-123.05122,45.51206],[-123.05122,45.51206],[-123.05122,45.51205],[-123.05122,45.51205],[-123.05122,45.51205],[-123.05121,45.51204],[-123.05121,45.51204],[-123.05121,45.51203],[-123.05121,45.51203],[-123.05121,45.51203],[-123.05121,45.51202],[-123.05121,45.51202],[-123.05121,45.51201],[-123.05121,45.512],[-123.05121,45.512],[-123.05121,45.512],[-123.05121,45.51199],[-123.05121,45.51199],[-123.05121,45.51199],[-123.05121,45.51198],[-123.05121,45.51198],[-123.05121,45.51197],[-123.05121,45.51197],[-123.05121,45.51196],[-123.05121,45.51196],[-123.05121,45.51196],[-123.05121,45.51195],[-123.05121,45.51195],[-123.05121,45.51194],[-123.05121,45.51194],[-123.05121,45.51193],[-123.05121,45.51193],[-123.05121,45.51193],[-123.05121,45.51192],[-123.05121,45.51192],[-123.05121,45.51192],[-123.05121,45.51192],[-123.05121,45.51191],[-123.05121,45.5119],[-123.05121,45.5119],[-123.05121,45.5119],[-123.05121,45.51189],[-123.05122,45.51189],[-123.05122,45.51189],[-123.05122,45.51188],[-123.05122,45.51187],[-123.05122,45.51187],[-123.05122,45.51187],[-123.05122,45.51186],[-123.05122,45.51186],[-123.05122,45.51186],[-123.05122,45.51186],[-123.05123,45.51185],[-123.05123,45.51185],[-123.05123,45.51184],[-123.05123,45.51184],[-123.05123,45.51183],[-123.05123,45.51183],[-123.05123,45.51183],[-123.05124,45.51182],[-123.05124,45.51182],[-123.05124,45.51182],[-123.05124,45.51182],[-123.05124,45.51181],[-123.05124,45.51181],[-123.05125,45.5118],[-123.05125,45.5118],[-123.05125,45.5118],[-123.05125,45.51179],[-123.05125,45.51179],[-123.05126,45.51178],[-123.05126,45.51178],[-123.05126,45.51178],[-123.05126,45.51178],[-123.05126,45.51177],[-123.05127,45.51177],[-123.05127,45.51176],[-123.05127,45.51176],[-123.05127,45.51176],[-123.05127,45.51176],[-123.05128,45.51175],[-123.05128,45.51175],[-123.05128,45.51174],[-123.05129,45.51174],[-123.05129,45.51174],[-123.05129,45.51174],[-123.05129,45.51173],[-123.05129,45.51173],[-123.0513,45.51173],[-123.0513,45.51172],[-123.0513,45.51172],[-123.0513,45.51172],[-123.05131,45.51171],[-123.05162,45.51138],[-123.05198,45.5109],[-123.05203,45.51084],[-123.05204,45.51082],[-123.05204,45.51082],[-123.05205,45.5108],[-123.05205,45.5108],[-123.05205,45.5108],[-123.05205,45.5108],[-123.05205,45.51079],[-123.05205,45.51079],[-123.05205,45.51078],[-123.05206,45.51078],[-123.05206,45.51078],[-123.05206,45.51077],[-123.05206,45.51077],[-123.05206,45.51076],[-123.05207,45.51075],[-123.05207,45.51074],[-123.05207,45.51073],[-123.05207,45.51073],[-123.05208,45.51072],[-123.05208,45.51071],[-123.05208,45.51071],[-123.05208,45.51071],[-123.05208,45.5107],[-123.05208,45.51069],[-123.05209,45.51068],[-123.05209,45.51066],[-123.05209,45.51066],[-123.05209,45.51066],[-123.05209,45.51065],[-123.05209,45.51064],[-123.05209,45.51064],[-123.05209,45.51064],[-123.05209,45.51062],[-123.0521,45.51062],[-123.0521,45.51061],[-123.0521,45.51059],[-123.0521,45.51059],[-123.0521,45.51059],[-123.0521,45.51058],[-123.0521,45.51057],[-123.0521,45.51057],[-123.0521,45.51056],[-123.0521,45.51055],[-123.0521,45.51055],[-123.0521,45.51054],[-123.0521,45.51053],[-123.0521,45.51052],[-123.0521,45.51052],[-123.0521,45.51051],[-123.0521,45.51051],[-123.05209,45.5105],[-123.05209,45.5105],[-123.05209,45.51049],[-123.05209,45.51048],[-123.05209,45.51048],[-123.05209,45.51046],[-123.05209,45.51046],[-123.05209,45.51046],[-123.05209,45.51045],[-123.05209,45.51044],[-123.05209,45.51044],[-123.05209,45.51044],[-123.05208,45.51044],[-123.05208,45.51043],[-123.05208,45.51042],[-123.05208,45.51042],[-123.05208,45.51042],[-123.05208,45.51041],[-123.05208,45.51041],[-123.05207,45.51038],[-123.052,45.51018],[-123.052,45.51018],[-123.052,45.51018],[-123.05196,45.5101],[-123.05196,45.51008],[-123.05196,45.51008],[-123.05196,45.51007],[-123.05196,45.51007],[-123.05196,45.51007],[-123.05196,45.51007],[-123.05196,45.51007],[-123.05195,45.51005],[-123.05195,45.51005],[-123.05195,45.51004],[-123.05195,45.51004],[-123.05194,45.51003],[-123.05194,45.51003],[-123.05194,45.51002],[-123.05194,45.51001],[-123.05194,45.51001],[-123.05193,45.51],[-123.05193,45.51],[-123.05192,45.50998],[-123.05192,45.50998],[-123.05192,45.50998],[-123.05192,45.50997],[-123.05192,45.50997],[-123.05191,45.50996],[-123.05191,45.50996],[-123.05191,45.50996],[-123.0519,45.50994],[-123.0519,45.50994],[-123.0519,45.50994],[-123.05189,45.50993],[-123.05155,45.50971],[-123.05153,45.50969],[-123.05144,45.50964],[-123.05144,45.50964],[-123.05144,45.50964],[-123.05143,45.50963],[-123.05143,45.50963],[-123.05142,45.50962],[-123.05142,45.50962],[-123.05142,45.50962],[-123.05141,45.50962],[-123.05141,45.50962],[-123.05141,45.50962],[-123.05139,45.50961],[-123.05139,45.50961],[-123.05138,45.50961],[-123.05138,45.50961],[-123.05137,45.5096],[-123.05137,45.5096],[-123.05135,45.5096],[-123.05135,45.5096],[-123.05134,45.50959],[-123.05132,45.50959],[-123.05132,45.50959],[-123.05132,45.50959],[-123.05131,45.50959],[-123.05131,45.50959],[-123.05131,45.50959],[-123.05131,45.50959],[-123.0513,45.50959],[-123.05129,45.50958],[-123.05129,45.50958],[-123.05128,45.50958],[-123.05126,45.50958],[-123.05126,45.50958],[-123.05126,45.50958],[-123.05126,45.50958],[-123.05125,45.50958],[-123.05125,45.50958],[-123.05125,45.50958],[-123.05124,45.50958],[-123.05123,45.50958],[-123.05123,45.50958],[-123.05123,45.50958],[-123.05122,45.50958],[-123.05122,45.50958],[-123.05121,45.50958],[-123.05121,45.50958],[-123.0512,45.50958],[-123.0512,45.50958],[-123.0512,45.50958],[-123.05119,45.50957],[-123.05119,45.50958],[-123.05119,45.50958],[-123.05118,45.50958],[-123.05117,45.50958],[-123.05117,45.50958],[-123.05117,45.50958],[-123.05116,45.50958],[-123.05116,45.50958],[-123.05115,45.50958],[-123.05115,45.50958],[-123.05114,45.50958],[-123.05114,45.50958],[-123.05114,45.50958],[-123.05113,45.50958],[-123.05113,45.50958],[-123.05113,45.50958],[-123.05113,45.50958],[-123.05112,45.50958],[-123.05111,45.50958],[-123.05111,45.50958],[-123.05111,45.50958],[-123.0511,45.50958],[-123.0511,45.50958],[-123.0511,45.50958],[-123.05108,45.50959],[-123.05108,45.50959],[-123.05107,45.50959],[-123.05107,45.50959],[-123.05105,45.50959],[-123.05105,45.50959],[-123.05104,45.5096],[-123.05104,45.5096],[-123.05103,45.5096],[-123.05103,45.5096],[-123.05101,45.50961],[-123.05101,45.50961],[-123.051,45.50961],[-123.05087,45.50964],[-123.05064,45.5097],[-123.05056,45.50972],[-123.05048,45.50974],[-123.05026,45.5098],[-123.05021,45.51258],[-123.05019,45.51394],[-123.04981,45.51394],[-123.04968,45.51393],[-123.04923,45.51381],[-123.04911,45.51375],[-123.04846,45.51334],[-123.048,45.51311],[-123.04765,45.51288],[-123.04721,45.51256],[-123.04699,45.51244],[-123.04681,45.51238],[-123.04653,45.51222],[-123.04629,45.51204],[-123.04529,45.51131],[-123.04485,45.51085],[-123.0446,45.51067],[-123.04436,45.51044],[-123.04403,45.51017],[-123.04362,45.50988],[-123.04351,45.50971],[-123.04351,45.50955],[-123.0436,45.50943],[-123.0435,45.50947],[-123.04325,45.5094],[-123.04305,45.50919],[-123.04234,45.5088],[-123.04191,45.50862],[-123.04172,45.50858],[-123.04151,45.50859],[-123.04146,45.50866],[-123.04152,45.50874],[-123.04166,45.50905],[-123.04182,45.50912],[-123.0419,45.5092],[-123.0419,45.50924],[-123.04176,45.50934],[-123.04173,45.50948],[-123.04178,45.50987],[-123.04175,45.51006],[-123.04159,45.51069],[-123.04143,45.5109],[-123.0412,45.51106],[-123.04092,45.51099],[-123.0404,45.51095],[-123.04037,45.51085],[-123.04073,45.5107],[-123.04092,45.51058],[-123.04094,45.51034],[-123.04083,45.51009],[-123.04091,45.50979],[-123.0409,45.50906],[-123.04084,45.50898],[-123.0406,45.5091],[-123.04028,45.50937],[-123.04027,45.50937],[-123.04011,45.50946],[-123.03988,45.50953],[-123.03965,45.50955],[-123.03933,45.50954],[-123.03917,45.50952],[-123.03897,45.50943],[-123.03862,45.50917],[-123.03849,45.50901],[-123.03847,45.50888],[-123.03862,45.50839],[-123.03864,45.50825],[-123.03857,45.50811],[-123.03847,45.50801],[-123.03772,45.50752],[-123.03734,45.50739],[-123.03723,45.50719],[-123.03709,45.50703],[-123.03694,45.50693],[-123.03633,45.5068],[-123.03543,45.50673],[-123.03542,45.50654],[-123.03539,45.50651],[-123.03531,45.50643],[-123.03527,45.50639],[-123.03519,45.50626],[-123.03511,45.50617],[-123.0351,45.5058],[-123.0351,45.50556],[-123.03299,45.50556],[-123.03299,45.5055],[-123.03283,45.5055],[-123.03283,45.50556],[-123.03283,45.50561],[-123.03284,45.50593],[-123.03282,45.5066],[-123.0328,45.50722],[-123.03279,45.50727],[-123.03277,45.50811],[-123.03276,45.5083],[-123.03274,45.50893],[-123.03274,45.50895],[-123.03274,45.50901],[-123.03272,45.50956],[-123.03272,45.50957],[-123.0327,45.51012],[-123.0327,45.51016],[-123.0327,45.5102],[-123.03268,45.51067],[-123.03267,45.51122],[-123.03263,45.51263],[-123.03263,45.51266],[-123.03259,45.51381],[-123.03259,45.51384],[-123.03257,45.51481],[-123.03256,45.51504],[-123.03256,45.51558],[-123.03253,45.51609],[-123.03253,45.5163],[-123.03252,45.51635],[-123.03252,45.51666],[-123.03251,45.51684],[-123.0325,45.51706],[-123.0325,45.51716],[-123.0325,45.5173],[-123.03249,45.51752],[-123.03249,45.51758],[-123.03248,45.51783],[-123.03246,45.51855],[-123.03244,45.51924],[-123.03244,45.51933],[-123.03231,45.51931],[-123.03165,45.51923],[-123.03144,45.5192],[-123.03133,45.51919],[-123.03123,45.51918],[-123.02902,45.51891],[-123.02894,45.5189],[-123.02633,45.5186],[-123.02261,45.51817],[-123.02233,45.51814],[-123.02042,45.5179],[-123.02015,45.51787],[-123.01829,45.5177],[-123.01668,45.51769],[-123.01492,45.5177],[-123.01474,45.5177],[-123.01372,45.51753],[-123.0129,45.51728],[-123.01232,45.51699],[-123.01188,45.51668],[-123.01162,45.51651],[-123.01031,45.51597],[-123.00926,45.51567],[-123.00915,45.51564],[-123.009,45.5156],[-123.00814,45.51537],[-123.00794,45.51531],[-123.00769,45.51524],[-123.00749,45.51519],[-123.00734,45.51515],[-123.00677,45.51499],[-123.00654,45.51493],[-123.00599,45.51479],[-123.00501,45.51453],[-123.00402,45.51425],[-123.00376,45.51416],[-123.00357,45.51411],[-123.00379,45.51411],[-123.00395,45.51415],[-123.00417,45.51415],[-123.0055,45.51416],[-123.00571,45.51416],[-123.00727,45.51417],[-123.00673,45.51342],[-123.00654,45.51319],[-123.00388,45.50992],[-122.99756,45.50993],[-122.99756,45.50946],[-122.99295,45.50947],[-122.991,45.50949],[-122.991,45.50949],[-122.991,45.50867],[-122.991,45.50865],[-122.991,45.50741],[-122.991,45.50738],[-122.99099,45.50567],[-122.99099,45.50552],[-122.99099,45.50538],[-122.99099,45.50535],[-122.991,45.5053],[-122.99099,45.50515],[-122.991,45.50515],[-122.991,45.50515],[-122.99101,45.50352],[-122.99102,45.50219],[-122.99102,45.50178],[-122.99102,45.50133],[-122.99103,45.50093],[-122.99103,45.50031],[-122.99103,45.50029],[-122.99103,45.50022],[-122.99103,45.5001],[-122.99103,45.50007],[-122.99102,45.50004],[-122.99095,45.50001],[-122.99079,45.49993],[-122.99064,45.49985],[-122.9905,45.49973],[-122.99036,45.49961],[-122.99025,45.49951],[-122.99023,45.49949],[-122.99022,45.49948],[-122.99022,45.49948],[-122.99022,45.49948],[-122.99011,45.49939],[-122.98996,45.49927],[-122.98977,45.49914],[-122.98974,45.49912],[-122.98958,45.49905],[-122.98942,45.49896],[-122.98926,45.49884],[-122.98915,45.49872],[-122.98899,45.49857],[-122.98884,45.49842],[-122.98871,45.49828],[-122.9886,45.49815],[-122.98846,45.498],[-122.98842,45.49795],[-122.98833,45.49786],[-122.98832,45.49785],[-122.98831,45.49784],[-122.98812,45.49765],[-122.98795,45.49749],[-122.98791,45.49748],[-122.98778,45.49746],[-122.98755,45.49748],[-122.9874,45.49756],[-122.98734,45.49765],[-122.98739,45.49782],[-122.9875,45.49801],[-122.98762,45.49818],[-122.98769,45.49834],[-122.98775,45.49851],[-122.98773,45.49867],[-122.98771,45.49881],[-122.98769,45.49892],[-122.9876,45.49914],[-122.98751,45.49928],[-122.98736,45.49941],[-122.98734,45.49942],[-122.98717,45.49949],[-122.98694,45.49956],[-122.98673,45.49961],[-122.98672,45.49961],[-122.98659,45.49961],[-122.9865,45.49961],[-122.98645,45.49961],[-122.9863,45.49959],[-122.98629,45.49959],[-122.98626,45.49958],[-122.98611,45.49949],[-122.98605,45.49941],[-122.98603,45.49938],[-122.98592,45.49921],[-122.98583,45.49904],[-122.98582,45.49903],[-122.98574,45.49888],[-122.98563,45.49877],[-122.9856,45.49875],[-122.98544,45.49864],[-122.98524,45.49852],[-122.98503,45.49839],[-122.98502,45.49839],[-122.98486,45.49831],[-122.98484,45.4983],[-122.98482,45.4983],[-122.98459,45.49824],[-122.98434,45.4982],[-122.98403,45.49816],[-122.98378,45.49814],[-122.98345,45.4981],[-122.98315,45.4981],[-122.98292,45.49814],[-122.98269,45.49824],[-122.98248,45.49837],[-122.98231,45.4985],[-122.9823,45.49851],[-122.98216,45.49865],[-122.98216,45.49888],[-122.98217,45.5034],[-122.98217,45.50354],[-122.98217,45.50529],[-122.98217,45.50559],[-122.98217,45.5064],[-122.98217,45.50726],[-122.98203,45.50726],[-122.98081,45.50724],[-122.98003,45.50722],[-122.97959,45.50722],[-122.97728,45.50718],[-122.97721,45.50718],[-122.97647,45.50716],[-122.97645,45.50712],[-122.97645,45.50712],[-122.97645,45.50712],[-122.97645,45.50712],[-122.97643,45.50706],[-122.97626,45.50658],[-122.97615,45.50626],[-122.97601,45.50588],[-122.97598,45.50581],[-122.97586,45.50556],[-122.97577,45.50537],[-122.97556,45.50493],[-122.97556,45.50493],[-122.97556,45.50493],[-122.97519,45.50508],[-122.97447,45.50538],[-122.973,45.50539],[-122.97262,45.50531],[-122.97205,45.50519],[-122.97206,45.50514],[-122.97207,45.50514],[-122.97207,45.50514],[-122.97211,45.50505],[-122.97205,45.50504],[-122.97205,45.50504],[-122.97205,45.50504],[-122.97181,45.50499],[-122.97016,45.50469],[-122.96996,45.50465],[-122.96945,45.50455],[-122.96929,45.50453],[-122.96929,45.50453],[-122.97017,45.50381],[-122.97027,45.50373],[-122.97072,45.50336],[-122.97173,45.50254],[-122.97183,45.50246],[-122.97209,45.50224],[-122.97266,45.50178],[-122.97283,45.50163],[-122.97285,45.50161],[-122.97415,45.50056],[-122.97417,45.4999],[-122.97418,45.49963],[-122.97418,45.49959],[-122.97419,45.49951],[-122.9742,45.49928],[-122.97417,45.49928],[-122.97252,45.49912],[-122.97222,45.49909],[-122.97162,45.49904],[-122.97151,45.49903],[-122.97153,45.49863],[-122.97154,45.49847],[-122.97155,45.49832],[-122.97156,45.49814],[-122.97157,45.49797],[-122.97158,45.49777],[-122.9713,45.49775],[-122.97102,45.49773],[-122.97078,45.49772],[-122.97037,45.49769],[-122.97023,45.49768],[-122.97014,45.49768],[-122.96991,45.49766],[-122.9698,45.49766],[-122.96982,45.49756],[-122.97003,45.49654],[-122.969,45.49637],[-122.96844,45.49628],[-122.96833,45.49625],[-122.96853,45.49599],[-122.96898,45.49533],[-122.9691,45.49516],[-122.96929,45.49459],[-122.9693,45.49456],[-122.96932,45.49447],[-122.96936,45.4943],[-122.96923,45.49426],[-122.9683,45.49389],[-122.96804,45.49378],[-122.96783,45.49369],[-122.96781,45.49368],[-122.96768,45.49362],[-122.96735,45.49349],[-122.96724,45.49344],[-122.96707,45.49337],[-122.96659,45.49317],[-122.96615,45.49299],[-122.96606,45.49296],[-122.96603,45.49294],[-122.96587,45.49288],[-122.96565,45.49278],[-122.96546,45.4927],[-122.96521,45.4926],[-122.96496,45.4925],[-122.96491,45.49248],[-122.96488,45.49247],[-122.96486,45.49246],[-122.96459,45.49236],[-122.96439,45.49228],[-122.96431,45.49224],[-122.96339,45.49186],[-122.96298,45.49169],[-122.96265,45.49155],[-122.96249,45.49148],[-122.96183,45.49119],[-122.96146,45.49104],[-122.96135,45.49099],[-122.96117,45.49092],[-122.96108,45.49088],[-122.96097,45.49084],[-122.96089,45.49081],[-122.96079,45.49076],[-122.96051,45.49063],[-122.96046,45.49065],[-122.96038,45.49068],[-122.96022,45.49077],[-122.96004,45.49088],[-122.95992,45.49096],[-122.95981,45.49093],[-122.95974,45.4909],[-122.9597,45.49089],[-122.95963,45.49087],[-122.95942,45.49081],[-122.95919,45.49074],[-122.95908,45.4907],[-122.95893,45.49066],[-122.95877,45.49061],[-122.95865,45.49057],[-122.95863,45.49056],[-122.95864,45.4896],[-122.95865,45.48847],[-122.95865,45.48834],[-122.95865,45.48826],[-122.95842,45.48827],[-122.95813,45.48828],[-122.95804,45.4883],[-122.95786,45.48833],[-122.95783,45.48833],[-122.95749,45.48845],[-122.95719,45.48856],[-122.95697,45.4887],[-122.9566,45.48888],[-122.95657,45.48889],[-122.95655,45.4889],[-122.95654,45.4889],[-122.95636,45.48895],[-122.95607,45.48904],[-122.9558,45.48912],[-122.95552,45.4892],[-122.9553,45.48927],[-122.95508,45.48933],[-122.9549,45.4894],[-122.95476,45.48947],[-122.95465,45.48952],[-122.95435,45.48964],[-122.95422,45.4897],[-122.95415,45.48972],[-122.95413,45.48973],[-122.95375,45.48984],[-122.95371,45.48984],[-122.95362,45.48986],[-122.95326,45.48991],[-122.95305,45.48991],[-122.95268,45.4899],[-122.95264,45.48991],[-122.95177,45.48996],[-122.95148,45.48995],[-122.95048,45.49008],[-122.9497,45.49019],[-122.94952,45.49021],[-122.94867,45.49034],[-122.94763,45.49053],[-122.94751,45.49055],[-122.94736,45.49056],[-122.94716,45.49057],[-122.94687,45.49059],[-122.94676,45.4906],[-122.9461,45.49066],[-122.9459,45.49069],[-122.94548,45.49074],[-122.94506,45.49078],[-122.94439,45.49085],[-122.94377,45.49086],[-122.94336,45.49082],[-122.94316,45.49079],[-122.94296,45.49076],[-122.94275,45.4907],[-122.94257,45.49066],[-122.94245,45.49059],[-122.94226,45.49046],[-122.94206,45.49032],[-122.94198,45.49022],[-122.94185,45.4901],[-122.94171,45.48994],[-122.94162,45.48984],[-122.94147,45.48955],[-122.94137,45.48931],[-122.94132,45.48899],[-122.9413,45.48878],[-122.94144,45.48846],[-122.94147,45.48839],[-122.94161,45.48805],[-122.94172,45.48792],[-122.94188,45.48776],[-122.94202,45.48761],[-122.94235,45.48721],[-122.94243,45.48712],[-122.94255,45.48672],[-122.94266,45.48634],[-122.94261,45.48606],[-122.94254,45.48574],[-122.94237,45.48535],[-122.94222,45.48501],[-122.94198,45.48464],[-122.94188,45.48448],[-122.94175,45.48435],[-122.94159,45.48419],[-122.94139,45.48405],[-122.94114,45.48388],[-122.94082,45.48389],[-122.94065,45.4839],[-122.94005,45.48415],[-122.93929,45.48451],[-122.93879,45.48485],[-122.93853,45.48502],[-122.93842,45.48548],[-122.93833,45.4858],[-122.93827,45.48606],[-122.93823,45.48618],[-122.9381,45.4864],[-122.93804,45.48644],[-122.93794,45.48632],[-122.93785,45.48616],[-122.93779,45.48604],[-122.93771,45.48592],[-122.93764,45.48582],[-122.93755,45.48573],[-122.9375,45.48564],[-122.93746,45.48555],[-122.93734,45.48538],[-122.9372,45.4852],[-122.93708,45.48507],[-122.93692,45.48491],[-122.93691,45.4849],[-122.93678,45.48477],[-122.93677,45.48476],[-122.93657,45.48454],[-122.93623,45.4842],[-122.9362,45.48417],[-122.93601,45.48397],[-122.93573,45.48369],[-122.93562,45.48358],[-122.93537,45.48334],[-122.93493,45.48291],[-122.93455,45.48253],[-122.93447,45.48246],[-122.93434,45.48229],[-122.93398,45.48227],[-122.93243,45.48228],[-122.92922,45.48228],[-122.92836,45.48226],[-122.92789,45.48224],[-122.92698,45.48222],[-122.92539,45.48218],[-122.92541,45.48308],[-122.92697,45.48345],[-122.92922,45.484],[-122.9297,45.4841],[-122.93034,45.48425],[-122.93036,45.48492],[-122.93047,45.48803],[-122.93048,45.48829],[-122.93042,45.48834],[-122.93021,45.48837],[-122.93005,45.48848],[-122.92986,45.48856],[-122.92974,45.48874],[-122.92945,45.4889],[-122.92923,45.48896],[-122.92906,45.48891],[-122.92891,45.48887],[-122.92861,45.489],[-122.92844,45.48913],[-122.92828,45.48923],[-122.92812,45.48933],[-122.92792,45.4894],[-122.92774,45.48949],[-122.92761,45.48959],[-122.92744,45.48971],[-122.92727,45.48973],[-122.92701,45.48983],[-122.92683,45.49],[-122.92675,45.49006],[-122.92632,45.49021],[-122.92621,45.49037],[-122.92616,45.49043],[-122.92597,45.49062],[-122.92577,45.49077],[-122.92555,45.49086],[-122.92533,45.49099],[-122.92506,45.49105],[-122.92478,45.49113],[-122.92457,45.49118],[-122.92436,45.49122],[-122.92424,45.49125],[-122.92406,45.49129],[-122.92378,45.49116],[-122.92375,45.49041],[-122.92374,45.4901],[-122.92373,45.48973],[-122.92373,45.48973],[-122.92369,45.48856],[-122.92364,45.48755],[-122.91807,45.48688],[-122.91392,45.48639],[-122.91388,45.48517],[-122.91387,45.48458],[-122.91384,45.48457],[-122.91382,45.48388],[-122.91385,45.48388],[-122.91384,45.48361],[-122.91379,45.48182],[-122.91381,45.48182],[-122.91384,45.48097],[-122.91387,45.48012],[-122.9139,45.47941],[-122.91379,45.47938],[-122.91375,45.47845],[-122.91371,45.47832],[-122.91368,45.47824],[-122.91375,45.47681],[-122.91377,45.4765],[-122.91374,45.47569],[-122.91372,45.47516],[-122.91371,45.4751],[-122.91371,45.47475],[-122.91371,45.47451],[-122.91371,45.47426],[-122.91371,45.4741],[-122.91371,45.47406],[-122.91371,45.47404],[-122.91371,45.47401],[-122.9137,45.47356],[-122.9137,45.47338],[-122.9137,45.47326],[-122.9137,45.473],[-122.9137,45.47259],[-122.91369,45.47134],[-122.91369,45.47118],[-122.91366,45.4694],[-122.91365,45.46925],[-122.91114,45.46926],[-122.91098,45.46927],[-122.91057,45.46928],[-122.90865,45.4693],[-122.90854,45.4693],[-122.90826,45.46941],[-122.90797,45.46956],[-122.90786,45.46962],[-122.90769,45.46972],[-122.90744,45.46986],[-122.90731,45.46993],[-122.90721,45.47003],[-122.90688,45.47016],[-122.90664,45.47017],[-122.90656,45.47018],[-122.90627,45.47018],[-122.90599,45.47018],[-122.90554,45.47018],[-122.90485,45.47017],[-122.90443,45.47017],[-122.90431,45.47017],[-122.9043,45.47031],[-122.90365,45.47031],[-122.90362,45.47202],[-122.90094,45.47198],[-122.90088,45.47061],[-122.90087,45.47036],[-122.8997,45.47035],[-122.89969,45.47029],[-122.89891,45.47028],[-122.89848,45.47028],[-122.8985,45.47022],[-122.90186,45.47023],[-122.90352,45.47023],[-122.90353,45.47016],[-122.90355,45.4696],[-122.9036,45.4686],[-122.9036,45.46842],[-122.90375,45.46573],[-122.90376,45.46567],[-122.90534,45.46563],[-122.90554,45.46563],[-122.90605,45.46465],[-122.90547,45.46438],[-122.90391,45.46364],[-122.90232,45.4629],[-122.90203,45.46276],[-122.90196,45.46273],[-122.90134,45.46223],[-122.90125,45.46215],[-122.8989,45.46214],[-122.89898,45.46207],[-122.90123,45.46208],[-122.90785,45.46213],[-122.90843,45.46213],[-122.90839,45.46041],[-122.90839,45.46027],[-122.90838,45.45855],[-122.90868,45.45855],[-122.90868,45.45848],[-122.90867,45.4567],[-122.90888,45.45673],[-122.90976,45.45684],[-122.90934,45.45444],[-122.90933,45.45441],[-122.90914,45.45394],[-122.90898,45.45286],[-122.90891,45.45234],[-122.9089,45.45228],[-122.90888,45.45218],[-122.90888,45.45216],[-122.9091,45.45205],[-122.90913,45.45204],[-122.90912,45.45193],[-122.9091,45.45178],[-122.90908,45.4516],[-122.90902,45.4511],[-122.909,45.45089],[-122.90898,45.45067],[-122.90896,45.45046],[-122.90893,45.45023],[-122.9089,45.44997],[-122.90887,45.44965],[-122.90882,45.44914],[-122.90779,45.44909],[-122.90625,45.44903],[-122.90461,45.44896],[-122.90453,45.44894],[-122.90446,45.44795],[-122.90445,45.44764],[-122.90335,45.44764],[-122.89942,45.44767],[-122.89837,45.44766],[-122.895,45.44767],[-122.895,45.44764],[-122.89286,45.44764],[-122.89256,45.44764],[-122.89157,45.44763],[-122.89021,45.44763],[-122.88984,45.44763],[-122.88823,45.44762],[-122.88813,45.44766],[-122.88498,45.44764],[-122.885,45.4438],[-122.88492,45.44037],[-122.88606,45.44036],[-122.88628,45.4324],[-122.88013,45.43235],[-122.87935,45.43194],[-122.87892,45.43171],[-122.87831,45.43124],[-122.87784,45.43084],[-122.87778,45.43084],[-122.87753,45.43063],[-122.87714,45.43031],[-122.87665,45.42991],[-122.876,45.42937],[-122.87558,45.42902],[-122.87525,45.42875],[-122.87497,45.4285],[-122.8748,45.4283],[-122.87456,45.428],[-122.87417,45.42754],[-122.87383,45.42712],[-122.87367,45.42694],[-122.87319,45.42635],[-122.87278,45.42585],[-122.87241,45.4254],[-122.87224,45.4252],[-122.87205,45.42496],[-122.87187,45.42474],[-122.87175,45.42459],[-122.87117,45.42475],[-122.86978,45.42514],[-122.86844,45.42551],[-122.86815,45.42559],[-122.86804,45.42561],[-122.86793,45.42563],[-122.86784,45.42565],[-122.86776,45.42566],[-122.86768,45.42567],[-122.86754,45.42569],[-122.86754,45.42559],[-122.86754,45.42468],[-122.86754,45.4244],[-122.86754,45.4243],[-122.86755,45.42244],[-122.86755,45.42236],[-122.86756,45.42062],[-122.86749,45.42062],[-122.86739,45.42062],[-122.86486,45.42064],[-122.86483,45.42057],[-122.86445,45.41972],[-122.86392,45.41972],[-122.86333,45.41973],[-122.86103,45.41974],[-122.86104,45.41933],[-122.85998,45.41932],[-122.85961,45.41932],[-122.85951,45.41932],[-122.85951,45.41917],[-122.85951,45.41906],[-122.85951,45.41891],[-122.85952,45.41885],[-122.85952,45.41878],[-122.85952,45.41874],[-122.85952,45.41864],[-122.85952,45.41861],[-122.85952,45.41841],[-122.85953,45.41841],[-122.85959,45.41841],[-122.8621,45.41839],[-122.8621,45.41837],[-122.8621,45.41731],[-122.8621,45.41551],[-122.86209,45.41528],[-122.86209,45.41487],[-122.86209,45.41481],[-122.86209,45.41478],[-122.86209,45.41477],[-122.86209,45.41325],[-122.86209,45.41281],[-122.86209,45.41235],[-122.86208,45.41116],[-122.85695,45.41119],[-122.85691,45.41119],[-122.85627,45.41119],[-122.85564,45.4112],[-122.85494,45.4112],[-122.85439,45.41121],[-122.85435,45.41121],[-122.85359,45.41121],[-122.85349,45.41121],[-122.85191,45.41122],[-122.85191,45.41056],[-122.85186,45.41018],[-122.85186,45.41014],[-122.85185,45.40984],[-122.85184,45.40981],[-122.85184,45.4098],[-122.85184,45.40895],[-122.85183,45.408],[-122.85183,45.40788],[-122.85182,45.40762],[-122.85182,45.40729],[-122.85182,45.40715],[-122.85182,45.40701],[-122.85182,45.40687],[-122.85185,45.40444],[-122.85186,45.40435],[-122.85189,45.40435],[-122.85191,45.40414],[-122.85191,45.40373],[-122.85192,45.40345],[-122.8519,45.40319],[-122.8519,45.4031],[-122.8519,45.40309],[-122.8519,45.40301],[-122.85191,45.40297],[-122.85197,45.40297],[-122.852,45.40297],[-122.85205,45.40055],[-122.85205,45.40055],[-122.85205,45.40048],[-122.85213,45.39979],[-122.85215,45.39964],[-122.85217,45.3995],[-122.85218,45.39935],[-122.85219,45.39921],[-122.85219,45.39906],[-122.85219,45.39884],[-122.85211,45.39484],[-122.8521,45.3946],[-122.85208,45.39418],[-122.85202,45.39364],[-122.85192,45.39242],[-122.85191,45.39218],[-122.8519,45.39194],[-122.85189,45.3917],[-122.8519,45.39133],[-122.85193,45.39052],[-122.85195,45.38958],[-122.85196,45.3892],[-122.85173,45.3891],[-122.8517,45.38915],[-122.85166,45.38921],[-122.8516,45.38927],[-122.85151,45.38934],[-122.8514,45.38941],[-122.85134,45.38943],[-122.85132,45.38944],[-122.85126,45.38947],[-122.85114,45.38951],[-122.85097,45.38954],[-122.85075,45.38955],[-122.8504,45.38957],[-122.84924,45.38959],[-122.84833,45.38961],[-122.84788,45.38965],[-122.84758,45.38969],[-122.84728,45.38972],[-122.84699,45.38975],[-122.84678,45.38978],[-122.84673,45.38979],[-122.84658,45.38982],[-122.84637,45.3899],[-122.84619,45.38999],[-122.84607,45.3901],[-122.84595,45.39027],[-122.84594,45.39028],[-122.84588,45.3904],[-122.84587,45.39042],[-122.84585,45.39058],[-122.84582,45.39083],[-122.84583,45.39102],[-122.84583,45.39105],[-122.84582,45.39129],[-122.84582,45.39152],[-122.84582,45.39172],[-122.84582,45.3919],[-122.84578,45.39207],[-122.84572,45.39219],[-122.84558,45.39231],[-122.84547,45.39238],[-122.84529,45.39244],[-122.84508,45.39249],[-122.84496,45.39251],[-122.84494,45.39252],[-122.84484,45.39255],[-122.84475,45.39256],[-122.84468,45.39258],[-122.84456,45.3926],[-122.84445,45.39262],[-122.84435,45.39264],[-122.84424,45.39267],[-122.84415,45.39271],[-122.84405,45.39275],[-122.84398,45.39279],[-122.84386,45.39287],[-122.84375,45.39296],[-122.84368,45.39305],[-122.84364,45.39318],[-122.8436,45.39329],[-122.84359,45.39336],[-122.84358,45.39345],[-122.84358,45.39356],[-122.84358,45.39366],[-122.84359,45.39376],[-122.84358,45.39398],[-122.84358,45.39412],[-122.84356,45.39421],[-122.84357,45.39436],[-122.84358,45.39459],[-122.8415,45.39463],[-122.8415,45.39444],[-122.84061,45.39445],[-122.84049,45.39469],[-122.83849,45.39612],[-122.83845,45.39615],[-122.83836,45.39622],[-122.8381,45.39641],[-122.83808,45.39642],[-122.83702,45.39663],[-122.83639,45.39645],[-122.83538,45.3961],[-122.83459,45.39598],[-122.83326,45.39599],[-122.83278,45.396],[-122.83275,45.396],[-122.83129,45.39606],[-122.8312,45.39606],[-122.83116,45.39606],[-122.8308,45.39605],[-122.83079,45.39605],[-122.82874,45.39597],[-122.82824,45.39591],[-122.82733,45.3958],[-122.8261,45.39558],[-122.8261,45.39562],[-122.82606,45.39561],[-122.82554,45.39548],[-122.825,45.39538],[-122.82455,45.39532],[-122.82394,45.39536],[-122.82329,45.39556],[-122.82289,45.39571],[-122.82257,45.39585],[-122.82238,45.39581],[-122.82216,45.39564],[-122.82203,45.39551],[-122.82177,45.39539],[-122.82153,45.39526],[-122.82124,45.39492],[-122.82121,45.39488],[-122.82102,45.39467],[-122.82071,45.39428],[-122.82049,45.39399],[-122.82036,45.39369],[-122.82031,45.39358],[-122.82015,45.39349],[-122.81997,45.3933],[-122.81992,45.39309],[-122.81979,45.39295],[-122.81927,45.39251],[-122.81901,45.39214],[-122.81865,45.39189],[-122.81862,45.39186],[-122.81812,45.39127],[-122.81812,45.39125],[-122.81809,45.38964],[-122.81856,45.38962],[-122.82224,45.38957],[-122.82596,45.38951],[-122.82599,45.3883],[-122.82599,45.3879],[-122.82603,45.386],[-122.82606,45.38463],[-122.82608,45.38371],[-122.82609,45.383],[-122.8261,45.38241],[-122.8261,45.38237],[-122.8261,45.38221],[-122.82611,45.38217],[-122.82611,45.38195],[-122.82573,45.38205],[-122.82544,45.38213],[-122.82466,45.38234],[-122.8243,45.38246],[-122.82259,45.38303],[-122.82207,45.38317],[-122.81824,45.3842],[-122.81799,45.38427],[-122.81786,45.3843],[-122.81772,45.38434],[-122.81755,45.38438],[-122.81727,45.38444],[-122.81717,45.3841],[-122.81711,45.38376],[-122.81704,45.38345],[-122.817,45.38324],[-122.81694,45.38295],[-122.81691,45.38281],[-122.81687,45.38262],[-122.81684,45.38248],[-122.81683,45.38242],[-122.81682,45.38239],[-122.81679,45.38233],[-122.81675,45.38223],[-122.81671,45.38211],[-122.81656,45.38174],[-122.8163,45.38111],[-122.81611,45.38065],[-122.81589,45.3801],[-122.8158,45.37989],[-122.81556,45.37931],[-122.81503,45.378],[-122.81477,45.37735],[-122.81451,45.37673],[-122.81687,45.37516],[-122.8179,45.37449],[-122.8213,45.37228],[-122.82258,45.37144],[-122.82317,45.37106],[-122.82361,45.37077],[-122.82452,45.37016],[-122.82458,45.37008],[-122.82466,45.36995],[-122.82466,45.37001],[-122.82474,45.37001],[-122.8248,45.37001],[-122.82484,45.37],[-122.82488,45.37],[-122.82509,45.37],[-122.82519,45.37],[-122.82533,45.37],[-122.82534,45.36995],[-122.82534,45.36988],[-122.82627,45.36988],[-122.82872,45.36986],[-122.82884,45.36986],[-122.82899,45.36986],[-122.82928,45.36986],[-122.82973,45.36986],[-122.82974,45.37013],[-122.82974,45.3704],[-122.82975,45.37104],[-122.82975,45.37123],[-122.82975,45.37146],[-122.83107,45.37146],[-122.83134,45.37146],[-122.83171,45.37145],[-122.83182,45.37145],[-122.83248,45.37145],[-122.83288,45.37145],[-122.83338,45.37145],[-122.83386,45.37145],[-122.83391,45.37326],[-122.83391,45.37339],[-122.83391,45.37507],[-122.8359,45.37507],[-122.8363,45.37507],[-122.8433,45.37503],[-122.84354,45.37503],[-122.84482,45.37502],[-122.84587,45.37502],[-122.84681,45.37501],[-122.84955,45.37499],[-122.85182,45.37498],[-122.85209,45.37497],[-122.85654,45.37494],[-122.85662,45.37494],[-122.85669,45.37494],[-122.85677,45.37494],[-122.85695,45.37494],[-122.8601,45.37494],[-122.86762,45.37495],[-122.86775,45.37494],[-122.86781,45.3678],[-122.86781,45.3677],[-122.86781,45.3654],[-122.86781,45.3617],[-122.86781,45.36164],[-122.86781,45.36164],[-122.86782,45.36164],[-122.86783,45.36164],[-122.86798,45.36164],[-122.86795,45.36049],[-122.86795,45.35914],[-122.86795,45.35874],[-122.8699,45.35875],[-122.87074,45.35876],[-122.87505,45.35878],[-122.87504,45.35867],[-122.87498,45.35867],[-122.87467,45.35866],[-122.87467,45.35762],[-122.87467,45.356],[-122.87466,45.35335],[-122.87505,45.35335],[-122.87505,45.35324],[-122.87487,45.35324],[-122.87379,45.35324],[-122.87271,45.35323],[-122.87169,45.35323],[-122.87041,45.35322],[-122.86989,45.35322],[-122.86887,45.35322],[-122.86867,45.35322],[-122.86815,45.35322],[-122.86795,45.35322],[-122.86795,45.35301],[-122.86794,45.35264],[-122.86794,45.35262],[-122.86794,45.35262],[-122.86794,45.35262],[-122.86797,45.35258],[-122.86799,45.35255],[-122.86799,45.35255],[-122.86799,45.35255],[-122.86857,45.35157],[-122.86903,45.35073],[-122.86908,45.35063],[-122.86937,45.35009],[-122.86944,45.34995],[-122.86965,45.34955],[-122.86978,45.34931],[-122.87016,45.34859],[-122.87034,45.34826],[-122.87038,45.34819],[-122.87043,45.3481],[-122.87046,45.34805],[-122.87027,45.348],[-122.87047,45.34761],[-122.87051,45.34752],[-122.87057,45.34739],[-122.87076,45.34745],[-122.87111,45.34678],[-122.87141,45.34624],[-122.87152,45.34605],[-122.87152,45.34604],[-122.87018,45.34604],[-122.87018,45.34604],[-122.86965,45.34604],[-122.86965,45.34684],[-122.86965,45.34692],[-122.86944,45.34689],[-122.86916,45.34685],[-122.86796,45.34667],[-122.86788,45.34666],[-122.86788,45.34665],[-122.86787,45.3458],[-122.86787,45.34572],[-122.86787,45.34571],[-122.86782,45.3457],[-122.86696,45.3457],[-122.86672,45.3457],[-122.86661,45.3457],[-122.86652,45.34571],[-122.86542,45.34586],[-122.86527,45.34588],[-122.86495,45.34591],[-122.86495,45.34591],[-122.86495,45.34587],[-122.86495,45.34586],[-122.86494,45.34573],[-122.86494,45.34573],[-122.86492,45.34572],[-122.86492,45.34562],[-122.86492,45.34562],[-122.86415,45.34564],[-122.86156,45.34569],[-122.86144,45.34569],[-122.86144,45.34568],[-122.86144,45.34561],[-122.86144,45.34561],[-122.86142,45.34514],[-122.86141,45.34503],[-122.86141,45.34496],[-122.86135,45.34363],[-122.86102,45.34362],[-122.86102,45.34357],[-122.86102,45.34303],[-122.86101,45.34247],[-122.86101,45.34241],[-122.86101,45.34241],[-122.86101,45.34241],[-122.86101,45.34236],[-122.86057,45.34236],[-122.85938,45.34236],[-122.85881,45.34236],[-122.85801,45.34236],[-122.85696,45.34236],[-122.85681,45.34235],[-122.85661,45.34236],[-122.8566,45.34236],[-122.8537,45.34237],[-122.85369,45.34237],[-122.85368,45.34237],[-122.85207,45.34238],[-122.85207,45.34238],[-122.85164,45.34238],[-122.85164,45.34238],[-122.85152,45.34239],[-122.85146,45.34239],[-122.84974,45.3424],[-122.84939,45.3424],[-122.84905,45.3424],[-122.84902,45.3424],[-122.84902,45.34251],[-122.84901,45.3438],[-122.84901,45.34396],[-122.84901,45.34432],[-122.84901,45.34444],[-122.84935,45.34444],[-122.84935,45.34444],[-122.84942,45.34444],[-122.84942,45.34444],[-122.84942,45.34505],[-122.84942,45.34513],[-122.84941,45.34559],[-122.84941,45.34593],[-122.84933,45.34593],[-122.84931,45.34593],[-122.84859,45.34594],[-122.8484,45.34594],[-122.84653,45.34594],[-122.84653,45.34612],[-122.84661,45.34612],[-122.84706,45.34612],[-122.84708,45.34612],[-122.84729,45.34611],[-122.84729,45.34611],[-122.84706,45.34612],[-122.8466,45.34612],[-122.84484,45.34613],[-122.8433,45.34614],[-122.84323,45.34614],[-122.84075,45.34615],[-122.83926,45.34616],[-122.83834,45.34616],[-122.83718,45.34617],[-122.83711,45.34617],[-122.83658,45.34617],[-122.83619,45.34617],[-122.83616,45.34617],[-122.83611,45.34617],[-122.83593,45.34617],[-122.8349,45.34618],[-122.83366,45.34619],[-122.83361,45.34619],[-122.83256,45.34619],[-122.83232,45.34619],[-122.83179,45.34619],[-122.83154,45.3462],[-122.83129,45.3462],[-122.83101,45.3462],[-122.83073,45.34619],[-122.82599,45.34622],[-122.82577,45.34622],[-122.82574,45.34622],[-122.82558,45.34622],[-122.82537,45.34622],[-122.8249,45.34622],[-122.82393,45.34623],[-122.82216,45.34624],[-122.82186,45.34624],[-122.82147,45.34624],[-122.82112,45.34624],[-122.82073,45.34624],[-122.81976,45.34625],[-122.81783,45.34625],[-122.81581,45.34626],[-122.8156,45.34626],[-122.81446,45.34626],[-122.81158,45.34628],[-122.81149,45.34628],[-122.8113,45.34628],[-122.81066,45.34628],[-122.80942,45.34628],[-122.80748,45.34628],[-122.80711,45.34629],[-122.8057,45.34629],[-122.8057,45.34631],[-122.8056,45.34631],[-122.80365,45.34631],[-122.80231,45.34632],[-122.8012,45.34632],[-122.80076,45.34632],[-122.80073,45.34633],[-122.80047,45.34633],[-122.80046,45.34633],[-122.8002,45.34633],[-122.7979,45.34634],[-122.79532,45.34635],[-122.7944,45.34643],[-122.7942,45.34644],[-122.79402,45.34644],[-122.7936,45.34645],[-122.79264,45.34647],[-122.79023,45.34645],[-122.79001,45.34644],[-122.78963,45.34644],[-122.78878,45.34644],[-122.78748,45.34643],[-122.78513,45.34642],[-122.78507,45.34642],[-122.78507,45.34596],[-122.78506,45.34488],[-122.78505,45.34456],[-122.78701,45.34456],[-122.78755,45.34456],[-122.7886,45.34456],[-122.79013,45.34455],[-122.79013,45.34455],[-122.791,45.34454],[-122.79101,45.34454],[-122.79112,45.34455],[-122.7927,45.34456],[-122.79329,45.34456],[-122.79331,45.34456],[-122.79332,45.34456],[-122.79333,45.34456],[-122.79333,45.34456],[-122.79334,45.34457],[-122.79335,45.34457],[-122.79337,45.34458],[-122.7934,45.34459],[-122.79342,45.3446],[-122.79345,45.3446],[-122.79348,45.3446],[-122.79351,45.34459],[-122.79354,45.34459],[-122.79356,45.34458],[-122.79359,45.34456],[-122.7936,45.34455],[-122.79362,45.34453],[-122.79363,45.34451],[-122.79364,45.34449],[-122.79364,45.34447],[-122.79375,45.34447],[-122.79481,45.34446],[-122.79481,45.34446],[-122.79482,45.34445],[-122.79482,45.34445],[-122.7949,45.34419],[-122.79498,45.34392],[-122.79501,45.34379],[-122.79503,45.34374],[-122.79509,45.34348],[-122.79511,45.34339],[-122.79513,45.3433],[-122.79514,45.34321],[-122.79515,45.34312],[-122.79516,45.34304],[-122.79517,45.34301],[-122.79516,45.34299],[-122.79517,45.34294],[-122.79517,45.34285],[-122.79518,45.34276],[-122.79518,45.34265],[-122.79518,45.34265],[-122.79517,45.3425],[-122.79515,45.34238],[-122.79514,45.34227],[-122.79512,45.34216],[-122.7951,45.34205],[-122.79508,45.34193],[-122.79506,45.34182],[-122.79502,45.34168],[-122.79499,45.34157],[-122.79496,45.34146],[-122.79492,45.34135],[-122.79488,45.34124],[-122.79484,45.34113],[-122.79478,45.34098],[-122.79475,45.34091],[-122.79473,45.34084],[-122.79428,45.33972],[-122.79406,45.33918],[-122.79406,45.33917],[-122.79405,45.33916],[-122.79405,45.33914],[-122.79397,45.33894],[-122.79279,45.33894],[-122.79148,45.33895],[-122.79024,45.33896],[-122.78906,45.33896],[-122.78774,45.33897],[-122.78707,45.33898],[-122.78726,45.33867],[-122.78736,45.3385],[-122.78778,45.33783],[-122.7878,45.33779],[-122.78782,45.33775],[-122.78797,45.33751],[-122.7878,45.33751],[-122.78622,45.33737],[-122.78511,45.33727],[-122.78503,45.33727],[-122.78498,45.33726],[-122.78493,45.33371],[-122.78492,45.33291],[-122.785,45.33293],[-122.78649,45.33322],[-122.78692,45.33331],[-122.78697,45.3332],[-122.78698,45.33318],[-122.78719,45.33265],[-122.78752,45.33182],[-122.78752,45.33182],[-122.78751,45.33182],[-122.78661,45.33182],[-122.78587,45.33182],[-122.78505,45.33183],[-122.785,45.33183],[-122.7849,45.33183],[-122.7849,45.33181],[-122.7849,45.33177],[-122.78479,45.33177],[-122.78479,45.33171],[-122.78479,45.33166],[-122.78477,45.33069],[-122.78492,45.33069],[-122.78492,45.33025],[-122.78492,45.32907],[-122.78492,45.32888],[-122.78492,45.32876],[-122.78491,45.32459],[-122.78493,45.32278],[-122.78495,45.32098],[-122.78496,45.31917],[-122.78498,45.3175],[-122.78498,45.31742],[-122.78498,45.31737],[-122.78498,45.31737],[-122.78498,45.31737],[-122.79041,45.31735],[-122.79057,45.31735],[-122.79099,45.31735],[-122.79524,45.31734],[-122.79708,45.31734],[-122.79746,45.31734],[-122.79804,45.31734],[-122.79845,45.31733],[-122.79972,45.31732],[-122.80058,45.31559],[-122.80067,45.31544],[-122.80074,45.3153],[-122.80083,45.3151],[-122.80086,45.315],[-122.8009,45.31486],[-122.80091,45.31483],[-122.80091,45.31483],[-122.80108,45.31443],[-122.8017,45.31291],[-122.80199,45.31219],[-122.80236,45.31128],[-122.80332,45.30889],[-122.80343,45.30862],[-122.80358,45.30825],[-122.80373,45.30789],[-122.80388,45.30749],[-122.80418,45.30674],[-122.80436,45.30648],[-122.80455,45.30627],[-122.80529,45.30558],[-122.80541,45.30548],[-122.80591,45.30499],[-122.80654,45.30442],[-122.80713,45.3039],[-122.80707,45.30387],[-122.80636,45.30339],[-122.80549,45.30312],[-122.80535,45.30307],[-122.80522,45.30303],[-122.80513,45.30305],[-122.80498,45.30308],[-122.8042,45.30325],[-122.8016,45.30378],[-122.80061,45.30398],[-122.80055,45.30603],[-122.80053,45.30603],[-122.79828,45.30604],[-122.79608,45.30605],[-122.79608,45.30672],[-122.79607,45.30709],[-122.79607,45.30739],[-122.79607,45.30745],[-122.79479,45.30745],[-122.79391,45.30745],[-122.79388,45.30745],[-122.79388,45.30726],[-122.79389,45.30691],[-122.79389,45.30669],[-122.79389,45.30651],[-122.79389,45.30613],[-122.79389,45.30592],[-122.79389,45.30575],[-122.79389,45.3054],[-122.7939,45.30515],[-122.7939,45.30479],[-122.7939,45.30457],[-122.7939,45.30437],[-122.7939,45.30416],[-122.7939,45.30394],[-122.79391,45.30353],[-122.79391,45.30325],[-122.79391,45.30309],[-122.79391,45.30255],[-122.79391,45.30254],[-122.79399,45.30247],[-122.79399,45.30247],[-122.79474,45.30168],[-122.79576,45.30149],[-122.79763,45.30066],[-122.79612,45.29904],[-122.79928,45.29796],[-122.79833,45.29658],[-122.79775,45.29678],[-122.79773,45.29675],[-122.7975,45.29635],[-122.79735,45.29609],[-122.79723,45.29589],[-122.79698,45.29542],[-122.79683,45.29516],[-122.79673,45.29498],[-122.79661,45.29477],[-122.79647,45.29453],[-122.7963,45.29422],[-122.79628,45.29418],[-122.79616,45.29398],[-122.79613,45.29392],[-122.79605,45.29376],[-122.79594,45.29359],[-122.79585,45.29342],[-122.79575,45.29325],[-122.79566,45.29308],[-122.79558,45.29295],[-122.79559,45.29276],[-122.79559,45.29257],[-122.7956,45.29238],[-122.79561,45.29185],[-122.79561,45.29183],[-122.79562,45.29141],[-122.79562,45.2912],[-122.79562,45.29111],[-122.79563,45.29091],[-122.79563,45.29069],[-122.79563,45.29064],[-122.79564,45.29009],[-122.79568,45.28995],[-122.79593,45.28897],[-122.79568,45.28909],[-122.79509,45.28938],[-122.79368,45.29006],[-122.79362,45.29009],[-122.79198,45.29085],[-122.79172,45.29097],[-122.79148,45.29108],[-122.79137,45.29113],[-122.79066,45.29145],[-122.79015,45.2916],[-122.78986,45.29168],[-122.78924,45.29186],[-122.78837,45.2921],[-122.78814,45.29215],[-122.78718,45.29235],[-122.78593,45.29253],[-122.78582,45.29254],[-122.78481,45.29269],[-122.78416,45.29278],[-122.78322,45.2929],[-122.78168,45.29311],[-122.78073,45.29323],[-122.7805,45.29326],[-122.78025,45.2933],[-122.78012,45.29331],[-122.78006,45.29332],[-122.77973,45.29333],[-122.77914,45.29334],[-122.77852,45.29325],[-122.77768,45.29314],[-122.77739,45.29309],[-122.7769,45.29303],[-122.77687,45.29302],[-122.7767,45.293],[-122.77633,45.29295],[-122.77498,45.29264],[-122.77381,45.29237],[-122.77265,45.29211],[-122.77255,45.29209],[-122.77237,45.29205],[-122.77209,45.29198],[-122.77196,45.29198],[-122.77174,45.29196],[-122.77155,45.29195],[-122.77146,45.29194],[-122.77112,45.29192],[-122.76957,45.29182],[-122.76939,45.29181],[-122.76877,45.29177],[-122.76875,45.2915],[-122.76869,45.29065],[-122.76869,45.29062],[-122.76869,45.29013],[-122.76869,45.28951],[-122.76869,45.28875],[-122.76869,45.28859],[-122.76869,45.28772],[-122.76869,45.28717],[-122.76853,45.28696],[-122.76837,45.28674],[-122.76832,45.28674],[-122.76832,45.28668],[-122.76795,45.28617],[-122.76767,45.2858],[-122.76772,45.2856],[-122.76734,45.2855],[-122.76738,45.2846],[-122.76747,45.28443],[-122.76761,45.28416],[-122.76761,45.28416],[-122.76761,45.28416],[-122.76761,45.28415],[-122.76769,45.284],[-122.76769,45.284],[-122.76767,45.28393],[-122.76767,45.28393],[-122.76771,45.28385],[-122.76774,45.2838],[-122.76782,45.28366],[-122.76794,45.28345],[-122.76795,45.28344],[-122.76806,45.28325],[-122.76811,45.28315],[-122.76812,45.28313],[-122.76812,45.28311],[-122.76819,45.28276],[-122.76826,45.28238],[-122.76829,45.28221],[-122.76833,45.28208],[-122.76839,45.28193],[-122.76822,45.28182],[-122.76822,45.28182],[-122.76755,45.28139],[-122.76613,45.28304],[-122.76588,45.28305],[-122.76498,45.28312],[-122.76472,45.28313],[-122.76464,45.28314],[-122.76451,45.28315],[-122.76452,45.28315],[-122.76446,45.28315],[-122.76443,45.28315],[-122.76441,45.28315],[-122.76435,45.28315],[-122.76429,45.28315],[-122.76423,45.28315],[-122.76415,45.28315],[-122.7641,45.28315],[-122.76406,45.28315],[-122.76401,45.28315],[-122.7639,45.28315],[-122.76382,45.28315],[-122.76376,45.28315],[-122.76372,45.28315],[-122.76367,45.28315],[-122.76361,45.28315],[-122.76354,45.28315],[-122.76329,45.28315],[-122.76293,45.28315],[-122.76265,45.28315],[-122.76227,45.28315],[-122.76208,45.28314],[-122.76172,45.28314],[-122.76148,45.28314],[-122.76116,45.28313],[-122.761,45.28313],[-122.76085,45.28313],[-122.76062,45.28313],[-122.76039,45.28313],[-122.76025,45.28313],[-122.75958,45.28313],[-122.75924,45.28313],[-122.75881,45.28313],[-122.75861,45.28313],[-122.75826,45.28313],[-122.7579,45.28313],[-122.75735,45.28313],[-122.75702,45.28312],[-122.75638,45.28312],[-122.75609,45.28312],[-122.75594,45.28312],[-122.7558,45.28312],[-122.75549,45.28312],[-122.75518,45.28312],[-122.75487,45.28312],[-122.75466,45.28312],[-122.75456,45.28312],[-122.75418,45.28312],[-122.75382,45.28312],[-122.75357,45.28312],[-122.75324,45.28312],[-122.75295,45.28312],[-122.75266,45.28312],[-122.75236,45.28312],[-122.75206,45.28312],[-122.75147,45.28313],[-122.75099,45.28313],[-122.75069,45.28313],[-122.75015,45.28312],[-122.74987,45.28311],[-122.7495,45.28311],[-122.74916,45.28311],[-122.74883,45.28311],[-122.74857,45.28311],[-122.74829,45.28311],[-122.74794,45.28311],[-122.74752,45.28311],[-122.74724,45.28311],[-122.74705,45.28311],[-122.74678,45.28311],[-122.7465,45.28311],[-122.7465,45.28338],[-122.7465,45.28379],[-122.7465,45.28398],[-122.7465,45.28422],[-122.7465,45.28459],[-122.7465,45.28481],[-122.74649,45.28529],[-122.74649,45.2854],[-122.74649,45.28562],[-122.74649,45.28587],[-122.74649,45.28607],[-122.74649,45.28628],[-122.74649,45.28653],[-122.74649,45.28686],[-122.74649,45.28726],[-122.74649,45.28756],[-122.74649,45.28804],[-122.74648,45.28858],[-122.74648,45.2888],[-122.74648,45.28908],[-122.74648,45.28931],[-122.74648,45.28954],[-122.74648,45.28975],[-122.74648,45.28995],[-122.74648,45.29016],[-122.74648,45.29037],[-122.74648,45.29058],[-122.74648,45.29082],[-122.74648,45.29106],[-122.74647,45.29129],[-122.74647,45.29153],[-122.74647,45.29178],[-122.74647,45.29198],[-122.74647,45.29252],[-122.74647,45.29282],[-122.74647,45.29291],[-122.74647,45.29313],[-122.74647,45.29327],[-122.74647,45.29367],[-122.74647,45.29381],[-122.74646,45.29409],[-122.74646,45.29423],[-122.74646,45.29452],[-122.74646,45.29493],[-122.74646,45.29538],[-122.74646,45.29549],[-122.74654,45.29549],[-122.74683,45.29549],[-122.74703,45.29549],[-122.74729,45.29549],[-122.7476,45.29549],[-122.74768,45.29549],[-122.74778,45.29549],[-122.74806,45.29549],[-122.74841,45.29549],[-122.74872,45.29548],[-122.74904,45.29548],[-122.74937,45.29548],[-122.74973,45.29548],[-122.75016,45.29548],[-122.75044,45.29548],[-122.75071,45.29539],[-122.75089,45.29533],[-122.75111,45.29526],[-122.75151,45.29513],[-122.75207,45.29494],[-122.75231,45.29486],[-122.75262,45.29476],[-122.75309,45.2946],[-122.75338,45.29451],[-122.75352,45.29446],[-122.7539,45.29434],[-122.75402,45.29429],[-122.7542,45.29424],[-122.75434,45.29419],[-122.75433,45.29463],[-122.75433,45.29473],[-122.75433,45.29493],[-122.75433,45.29507],[-122.75438,45.29563],[-122.75438,45.29564],[-122.75437,45.29577],[-122.75433,45.29579],[-122.7538,45.29609],[-122.75252,45.29681],[-122.75166,45.29729],[-122.75081,45.29776],[-122.75032,45.29805],[-122.75028,45.29807],[-122.7498,45.29835],[-122.74804,45.29899],[-122.748,45.299],[-122.74795,45.29902],[-122.7479,45.29903],[-122.74753,45.29912],[-122.74688,45.29929],[-122.74677,45.29932],[-122.74654,45.29941],[-122.74381,45.30052],[-122.7438,45.30077],[-122.74383,45.30137],[-122.74383,45.30158],[-122.74382,45.30218],[-122.74382,45.30306],[-122.74381,45.30347],[-122.74381,45.30392],[-122.74381,45.30412],[-122.7438,45.30433],[-122.74374,45.30943],[-122.74372,45.31032],[-122.73809,45.3103],[-122.73809,45.31112],[-122.73475,45.31111],[-122.73475,45.31116],[-122.73475,45.31196],[-122.73474,45.31265],[-122.73474,45.3133],[-122.73473,45.31473],[-122.73472,45.31584],[-122.73471,45.31742],[-122.733,45.31741],[-122.73233,45.31741],[-122.73233,45.32104],[-122.73168,45.32104],[-122.73075,45.32415],[-122.73075,45.32475],[-122.73364,45.32476],[-122.73364,45.32485],[-122.73472,45.32485],[-122.73535,45.32486],[-122.74117,45.32488],[-122.74358,45.32489],[-122.74386,45.3249],[-122.74386,45.3248],[-122.74572,45.32479],[-122.74584,45.32479],[-122.74683,45.32479],[-122.74781,45.32478],[-122.74899,45.32478],[-122.74973,45.32477],[-122.74973,45.32469],[-122.75001,45.32456],[-122.75086,45.32405],[-122.75086,45.32333],[-122.74979,45.32334],[-122.74979,45.32232],[-122.75117,45.32232],[-122.75118,45.32329],[-122.7534,45.32305],[-122.75341,45.32303],[-122.75338,45.32246],[-122.75338,45.32231],[-122.75392,45.32231],[-122.75413,45.32231],[-122.75445,45.32231],[-122.75436,45.32236],[-122.75422,45.32245],[-122.75406,45.32255],[-122.75406,45.3227],[-122.75406,45.3229],[-122.75406,45.32336],[-122.75406,45.32361],[-122.75406,45.32375],[-122.75406,45.32382],[-122.75406,45.32392],[-122.75406,45.32402],[-122.75406,45.32413],[-122.75406,45.3243],[-122.75406,45.32438],[-122.75406,45.32446],[-122.75406,45.32457],[-122.75406,45.32464],[-122.75406,45.32475],[-122.75406,45.32482],[-122.75406,45.32497],[-122.75406,45.32511],[-122.75406,45.32561],[-122.75406,45.32818],[-122.75406,45.32825],[-122.75406,45.32836],[-122.75406,45.32844],[-122.75406,45.32856],[-122.75406,45.32902],[-122.75406,45.32907],[-122.75406,45.33006],[-122.75406,45.33085],[-122.75406,45.33104],[-122.75406,45.33193],[-122.75406,45.33197],[-122.75406,45.332],[-122.75195,45.33202],[-122.75016,45.33203],[-122.74917,45.33204],[-122.74891,45.33204],[-122.74875,45.33204],[-122.74414,45.33207],[-122.74392,45.33207],[-122.74385,45.33207],[-122.74378,45.33207],[-122.74378,45.33231],[-122.74379,45.33422],[-122.7438,45.33585],[-122.74381,45.33625],[-122.74383,45.33932],[-122.74383,45.33971],[-122.74384,45.34293],[-122.74384,45.3452],[-122.74384,45.3462],[-122.74384,45.34652],[-122.7438,45.34652],[-122.7438,45.34652],[-122.7438,45.34655],[-122.74374,45.34656],[-122.74047,45.34654],[-122.73645,45.34652],[-122.73618,45.34651],[-122.73295,45.3465],[-122.73289,45.3465],[-122.7329,45.3466],[-122.73116,45.34659],[-122.73126,45.34649],[-122.73098,45.34649],[-122.72955,45.34648],[-122.72776,45.34647],[-122.72776,45.3464],[-122.72519,45.34639],[-122.72519,45.34645],[-122.72432,45.34642],[-122.72398,45.34642],[-122.72276,45.34644],[-122.72252,45.34643],[-122.72022,45.34643],[-122.71805,45.34643],[-122.71759,45.34643],[-122.71734,45.34643],[-122.71561,45.34644],[-122.71474,45.34643],[-122.71407,45.34643],[-122.71249,45.34643],[-122.71234,45.34643],[-122.70889,45.34641],[-122.70873,45.34641],[-122.70724,45.3464],[-122.70669,45.3464],[-122.70617,45.34641],[-122.70485,45.3464],[-122.70414,45.3464],[-122.70212,45.34637],[-122.70213,45.34559],[-122.70213,45.34534],[-122.70214,45.34481],[-122.70214,45.34474],[-122.70214,45.34467],[-122.70215,45.34399],[-122.70217,45.34281],[-122.70217,45.34272],[-122.70218,45.34187],[-122.70218,45.3417],[-122.7022,45.34049],[-122.7022,45.34044],[-122.70222,45.33918],[-122.70222,45.33522],[-122.70222,45.33505],[-122.70222,45.33443],[-122.70222,45.33411],[-122.70222,45.3335],[-122.70223,45.33227],[-122.70223,45.33206],[-122.70223,45.332],[-122.70029,45.33198],[-122.69979,45.33198],[-122.69962,45.33198],[-122.69912,45.33197],[-122.6971,45.33195],[-122.692,45.3319],[-122.6884,45.33186],[-122.687,45.33185],[-122.68687,45.33185],[-122.68425,45.33182],[-122.68305,45.33181],[-122.68166,45.33179],[-122.68167,45.33018],[-122.68167,45.33016],[-122.68167,45.3293],[-122.68167,45.32892],[-122.68167,45.32872],[-122.68167,45.32809],[-122.68167,45.32757],[-122.68168,45.32671],[-122.68168,45.32611],[-122.68168,45.32599],[-122.68167,45.32589],[-122.68167,45.32485],[-122.68168,45.32475],[-122.68169,45.32315],[-122.68171,45.32315],[-122.68171,45.32309],[-122.68171,45.32293],[-122.68172,45.32175],[-122.68173,45.32099],[-122.68164,45.32098],[-122.68164,45.31984],[-122.68163,45.31791],[-122.68163,45.31734],[-122.68147,45.31734],[-122.67814,45.31731],[-122.67798,45.3173],[-122.67303,45.31726],[-122.67161,45.31725],[-122.66663,45.31725],[-122.66633,45.31728],[-122.66629,45.31728],[-122.66591,45.31727],[-122.66581,45.31727],[-122.66573,45.31727],[-122.66565,45.31727],[-122.66533,45.31727],[-122.66526,45.31727],[-122.66461,45.31726],[-122.66303,45.31725],[-122.66213,45.31725],[-122.661,45.31723],[-122.66073,45.31723],[-122.6605,45.31723],[-122.65996,45.31724],[-122.65939,45.31724],[-122.65923,45.31724],[-122.65916,45.31724],[-122.65895,45.31724],[-122.65869,45.31724],[-122.65792,45.31724],[-122.65742,45.31724],[-122.65713,45.31724],[-122.65442,45.31723],[-122.65324,45.31723],[-122.65099,45.31723],[-122.65084,45.31723],[-122.65004,45.31723],[-122.64692,45.31722],[-122.6466,45.31722],[-122.6466,45.31722],[-122.64649,45.31722],[-122.64617,45.31722],[-122.64617,45.31722],[-122.64585,45.31722],[-122.64585,45.31722],[-122.64297,45.31721],[-122.64142,45.31721],[-122.64037,45.31721],[-122.63938,45.31721],[-122.63935,45.31721],[-122.63935,45.31718],[-122.63935,45.31715],[-122.63932,45.31715],[-122.63932,45.31715],[-122.63926,45.31715],[-122.63892,45.31716],[-122.63756,45.31718],[-122.63654,45.31796],[-122.63545,45.31881],[-122.63529,45.31893],[-122.63418,45.31979],[-122.63245,45.32112],[-122.63217,45.32133],[-122.63164,45.32097],[-122.63152,45.32089],[-122.6306,45.32161],[-122.63028,45.32185],[-122.6304,45.32191],[-122.63125,45.32247],[-122.63129,45.32249],[-122.63133,45.32252],[-122.63086,45.32288],[-122.63079,45.32292],[-122.63066,45.32286],[-122.6304,45.32269],[-122.62733,45.32071],[-122.62668,45.32029],[-122.62663,45.32026],[-122.62666,45.32024],[-122.62668,45.32022],[-122.62755,45.31955],[-122.62762,45.31948],[-122.62767,45.31941],[-122.62771,45.31935],[-122.62774,45.31929],[-122.62775,45.31922],[-122.62777,45.31916],[-122.62777,45.31909],[-122.62771,45.31902],[-122.62767,45.31895],[-122.62759,45.31886],[-122.62751,45.31878],[-122.62744,45.3187],[-122.6273,45.31856],[-122.62643,45.31776],[-122.62631,45.31768],[-122.62618,45.31758],[-122.6261,45.31748],[-122.62603,45.31739],[-122.62599,45.3173],[-122.62595,45.3172],[-122.62591,45.31718],[-122.62523,45.3169],[-122.62503,45.31627],[-122.62497,45.3162],[-122.62475,45.31637],[-122.62423,45.31677],[-122.62402,45.31693],[-122.62397,45.31697],[-122.62397,45.31697],[-122.62395,45.31699],[-122.62386,45.31693],[-122.62274,45.3162],[-122.6204,45.31469],[-122.62017,45.31487],[-122.6191,45.31569],[-122.61899,45.31578],[-122.6183,45.31631],[-122.6175,45.31693],[-122.61716,45.31719],[-122.6165,45.3172],[-122.61582,45.31722],[-122.61519,45.31723],[-122.61385,45.31724],[-122.61357,45.31724],[-122.61017,45.31714],[-122.60985,45.31714],[-122.6085,45.31713],[-122.60833,45.31702],[-122.60815,45.3169],[-122.6075,45.31647],[-122.60722,45.31667],[-122.60715,45.31672],[-122.6065,45.31629],[-122.60619,45.31651],[-122.60589,45.31674],[-122.60536,45.31713],[-122.60482,45.31753],[-122.60442,45.31783],[-122.60345,45.31852],[-122.60339,45.31856],[-122.60316,45.31866],[-122.60284,45.3189],[-122.60253,45.31913],[-122.60224,45.31935],[-122.60195,45.31957],[-122.60163,45.31981],[-122.60123,45.32011],[-122.60111,45.3202],[-122.60095,45.32032],[-122.60092,45.32034],[-122.60043,45.32071],[-122.60015,45.32053],[-122.59959,45.32015],[-122.59944,45.32005],[-122.59926,45.31993],[-122.59841,45.32058],[-122.59672,45.31946],[-122.5965,45.31931],[-122.59598,45.31897],[-122.59579,45.31884],[-122.59559,45.31871],[-122.59539,45.31858],[-122.59519,45.31844],[-122.59499,45.31831],[-122.5947,45.31812],[-122.59463,45.31807],[-122.59514,45.31768],[-122.59608,45.31697],[-122.59361,45.31696],[-122.59299,45.31695],[-122.59287,45.31687],[-122.59249,45.31661],[-122.59245,45.31658],[-122.59237,45.31665],[-122.59196,45.31694],[-122.59192,45.31698],[-122.59189,45.31698],[-122.59171,45.31698],[-122.59127,45.31698],[-122.58944,45.31697],[-122.58919,45.31697],[-122.58864,45.31737],[-122.58762,45.31814],[-122.58802,45.3184],[-122.5882,45.31852],[-122.58738,45.31877],[-122.5873,45.31879],[-122.58699,45.31888],[-122.58693,45.31889],[-122.5845,45.31938],[-122.58435,45.31898],[-122.5842,45.31862],[-122.58271,45.31892],[-122.58268,45.31892],[-122.57984,45.31949],[-122.57975,45.31951],[-122.57924,45.31962],[-122.57911,45.31964],[-122.57857,45.31975],[-122.57797,45.31934],[-122.57771,45.31944],[-122.57747,45.31953],[-122.57712,45.31966],[-122.57705,45.31958],[-122.57701,45.31954],[-122.578,45.31917],[-122.57863,45.3196],[-122.57926,45.31946],[-122.57978,45.31935],[-122.57969,45.31913],[-122.57934,45.31824],[-122.5793,45.31816],[-122.57916,45.3178],[-122.57923,45.31778],[-122.58036,45.31756],[-122.5804,45.31755],[-122.58044,45.3175],[-122.58077,45.31704],[-122.58079,45.31702],[-122.58142,45.31632],[-122.58167,45.31605],[-122.58174,45.31603],[-122.58196,45.31594],[-122.58195,45.31592],[-122.5816,45.31484],[-122.58173,45.31482],[-122.582,45.31476],[-122.58205,45.31475],[-122.58205,45.31471],[-122.58204,45.3146],[-122.58202,45.31426],[-122.58201,45.31402],[-122.582,45.314],[-122.58191,45.31374],[-122.58184,45.31355],[-122.58183,45.31354],[-122.58183,45.31352],[-122.58182,45.31352],[-122.58212,45.3135],[-122.58264,45.31348],[-122.58262,45.31259],[-122.58258,45.31106],[-122.5822,45.31114],[-122.58219,45.31114],[-122.58219,45.31114],[-122.58169,45.31124],[-122.58088,45.3114],[-122.5792,45.31174],[-122.5792,45.31174],[-122.5792,45.31176],[-122.5792,45.31178],[-122.579,45.31182],[-122.57875,45.31187],[-122.57871,45.31187],[-122.57871,45.31187],[-122.57851,45.31191],[-122.57722,45.31215],[-122.57721,45.31215],[-122.57721,45.31215],[-122.57721,45.31215],[-122.57731,45.31228],[-122.57736,45.31235],[-122.57799,45.31319],[-122.57808,45.31331],[-122.57811,45.31335],[-122.57811,45.31335],[-122.57811,45.31335],[-122.57829,45.31358],[-122.57829,45.31358],[-122.57829,45.31359],[-122.57803,45.31363],[-122.57775,45.31369],[-122.57756,45.31372],[-122.57747,45.31374],[-122.57689,45.31385],[-122.5767,45.31388],[-122.57619,45.31397],[-122.57585,45.31404],[-122.57557,45.31409],[-122.57554,45.3141],[-122.57524,45.31415],[-122.57478,45.31424],[-122.5745,45.31429],[-122.57437,45.31431],[-122.57419,45.31408],[-122.57417,45.31405],[-122.5745,45.31381],[-122.57447,45.31379],[-122.57445,45.31376],[-122.57443,45.31374],[-122.57441,45.31372],[-122.57422,45.31347],[-122.57421,45.31346],[-122.57421,45.31346],[-122.5742,45.31345],[-122.5742,45.31345],[-122.57419,45.31345],[-122.57419,45.31345],[-122.57418,45.31344],[-122.57418,45.31344],[-122.57417,45.31344],[-122.57416,45.31344],[-122.57416,45.31344],[-122.57415,45.31344],[-122.57414,45.31344],[-122.57414,45.31344],[-122.57413,45.31344],[-122.57412,45.31344],[-122.57412,45.31344],[-122.57411,45.31344],[-122.57409,45.31345],[-122.57407,45.31346],[-122.57397,45.31334],[-122.57357,45.31281],[-122.57345,45.3126],[-122.5734,45.31249],[-122.57336,45.31243],[-122.57323,45.31219],[-122.57315,45.31204],[-122.57309,45.31192],[-122.57262,45.31192],[-122.57261,45.31059],[-122.57122,45.3111],[-122.57074,45.31128],[-122.57039,45.31141],[-122.57023,45.31139],[-122.57005,45.31139],[-122.56893,45.31139],[-122.56815,45.31139],[-122.56815,45.31114],[-122.56763,45.31114],[-122.56749,45.31114],[-122.56634,45.31113],[-122.56459,45.31111],[-122.56458,45.31192],[-122.56458,45.31283],[-122.56372,45.31282],[-122.56368,45.31282],[-122.56356,45.31282],[-122.56325,45.31282],[-122.56255,45.31282],[-122.56229,45.31282],[-122.56199,45.31282],[-122.56191,45.31282],[-122.5617,45.31282],[-122.56143,45.31282],[-122.56135,45.31282],[-122.56118,45.31281],[-122.56102,45.31281],[-122.56036,45.31281],[-122.55972,45.3128],[-122.55968,45.3128],[-122.55945,45.3128],[-122.55914,45.3128],[-122.55897,45.3128],[-122.55888,45.3128],[-122.55862,45.3128],[-122.55861,45.31257],[-122.55861,45.31238],[-122.55804,45.31237],[-122.55793,45.31237],[-122.55773,45.31237],[-122.55735,45.31237],[-122.55729,45.31237],[-122.55703,45.31237],[-122.5568,45.31236],[-122.55659,45.31236],[-122.5562,45.31236],[-122.55611,45.31236],[-122.55603,45.31236],[-122.55579,45.31236],[-122.55561,45.31236],[-122.55511,45.31235],[-122.55491,45.31235],[-122.55458,45.31235],[-122.55446,45.31235],[-122.55429,45.31235],[-122.55402,45.31235],[-122.55399,45.31235],[-122.55357,45.31235],[-122.55313,45.31234],[-122.55314,45.31186],[-122.55314,45.31178],[-122.55239,45.31177],[-122.55206,45.31177],[-122.55168,45.31176],[-122.55144,45.31176],[-122.55106,45.31176],[-122.55098,45.31176],[-122.5507,45.31176],[-122.55055,45.31176],[-122.55041,45.31176],[-122.55013,45.31176],[-122.54997,45.31175],[-122.54968,45.31175],[-122.54961,45.31175],[-122.54907,45.31175],[-122.54894,45.31175],[-122.54869,45.31175],[-122.54872,45.31179],[-122.54879,45.31188],[-122.54886,45.31198],[-122.54903,45.31221],[-122.54932,45.31259],[-122.54945,45.31277],[-122.54968,45.31308],[-122.5497,45.3131],[-122.54976,45.31317],[-122.54982,45.31324],[-122.54831,45.31324],[-122.54767,45.31324],[-122.54728,45.31324],[-122.54683,45.31324],[-122.54643,45.31324],[-122.54604,45.31324],[-122.5454,45.31324],[-122.54489,45.31324],[-122.54452,45.31324],[-122.54314,45.31325],[-122.54314,45.3134],[-122.54313,45.3136],[-122.54313,45.31396],[-122.54312,45.31434],[-122.54312,45.31472],[-122.54312,45.31648],[-122.54311,45.31685],[-122.54666,45.31684],[-122.54844,45.31684],[-122.55047,45.31684],[-122.55051,45.31528],[-122.55224,45.31522],[-122.55229,45.31526],[-122.55234,45.3153],[-122.55232,45.31685],[-122.5523,45.31821],[-122.5523,45.31827],[-122.55528,45.31828],[-122.55543,45.31828],[-122.5554,45.32059],[-122.5554,45.32066],[-122.55768,45.32067],[-122.55865,45.32068],[-122.55863,45.32264],[-122.55863,45.32276],[-122.55824,45.32299],[-122.55863,45.32331],[-122.55863,45.32386],[-122.55863,45.3239],[-122.55935,45.3239],[-122.55938,45.3239],[-122.56076,45.32391],[-122.56107,45.32391],[-122.56108,45.32398],[-122.56107,45.3244],[-122.56105,45.32576],[-122.56103,45.32686],[-122.56103,45.32704],[-122.56106,45.32815],[-122.56107,45.32841],[-122.56107,45.32852],[-122.56229,45.32853],[-122.56229,45.33058],[-122.56229,45.33122],[-122.5623,45.33127],[-122.56239,45.33127],[-122.56251,45.33127],[-122.56252,45.33133],[-122.56252,45.33208],[-122.56349,45.33209],[-122.56349,45.33285],[-122.56392,45.33285],[-122.5642,45.33285],[-122.56422,45.33315],[-122.56425,45.33367],[-122.56428,45.3342],[-122.56428,45.33435],[-122.56431,45.33473],[-122.56431,45.33488],[-122.56432,45.33507],[-122.56445,45.33693],[-122.56446,45.33699],[-122.56329,45.33702],[-122.56329,45.33701],[-122.56176,45.33705],[-122.56177,45.3375],[-122.56108,45.33751],[-122.56109,45.3378],[-122.5611,45.33814],[-122.56111,45.33837],[-122.56112,45.33869],[-122.56112,45.33886],[-122.56113,45.33923],[-122.56117,45.34034],[-122.56117,45.34073],[-122.56117,45.34079],[-122.55958,45.34083],[-122.55958,45.34094],[-122.5596,45.34169],[-122.55961,45.34206],[-122.55962,45.34211],[-122.55963,45.34255],[-122.56014,45.34253],[-122.56036,45.34253],[-122.56123,45.3425],[-122.56124,45.34295],[-122.56125,45.34338],[-122.56128,45.3444],[-122.56182,45.34439],[-122.56184,45.3446],[-122.56132,45.34462],[-122.56134,45.34544],[-122.56134,45.34612],[-122.561,45.3466],[-122.56023,45.34767],[-122.56023,45.34767],[-122.55957,45.34753],[-122.55906,45.34712],[-122.55891,45.34699],[-122.55822,45.34713],[-122.55746,45.34728],[-122.55747,45.34877],[-122.55689,45.34877],[-122.55689,45.34881],[-122.55692,45.35047],[-122.55756,45.35045],[-122.55857,45.35041],[-122.56061,45.35035],[-122.56061,45.35035],[-122.5608,45.35035],[-122.56389,45.35028],[-122.56456,45.35026],[-122.56552,45.35024],[-122.56588,45.35023],[-122.56756,45.3502],[-122.56755,45.35045],[-122.56755,45.35108],[-122.56755,45.35168],[-122.56755,45.35173],[-122.56754,45.35179],[-122.56754,45.35231],[-122.56754,45.35259],[-122.56753,45.35317],[-122.56752,45.3549],[-122.56878,45.35494],[-122.56841,45.35597],[-122.5682,45.35655],[-122.56897,45.35758],[-122.56899,45.3576],[-122.56935,45.35809],[-122.56996,45.35834],[-122.57029,45.35847],[-122.57068,45.35863],[-122.5707,45.35868],[-122.57024,45.3585],[-122.56994,45.35838],[-122.56978,45.35869],[-122.56998,45.35908],[-122.57038,45.35947],[-122.57032,45.35963],[-122.57028,45.35973],[-122.57015,45.36006],[-122.57012,45.36013],[-122.56984,45.36012],[-122.56928,45.36013],[-122.56883,45.36009],[-122.56881,45.36017],[-122.56875,45.36067],[-122.56873,45.36081],[-122.56835,45.36073],[-122.56823,45.36195],[-122.56821,45.36222],[-122.56676,45.36221],[-122.56677,45.36196],[-122.56522,45.36201],[-122.56472,45.36203],[-122.56438,45.36211],[-122.56437,45.363],[-122.56437,45.36393],[-122.56437,45.36399],[-122.56342,45.36398],[-122.56257,45.36398],[-122.5618,45.36398],[-122.56169,45.36454],[-122.56154,45.36521],[-122.5612,45.36702],[-122.56114,45.36702],[-122.56083,45.36702],[-122.56066,45.36702],[-122.56055,45.36702],[-122.56007,45.36702],[-122.55996,45.36702],[-122.5598,45.36702],[-122.55943,45.36703],[-122.5591,45.36703],[-122.55891,45.36703],[-122.55857,45.36703],[-122.55857,45.36698],[-122.5566,45.36698],[-122.55487,45.36699],[-122.55486,45.36843],[-122.55482,45.36842],[-122.55439,45.36832],[-122.55404,45.36824],[-122.55368,45.36816],[-122.55357,45.36841],[-122.55351,45.36855],[-122.55343,45.36872],[-122.55331,45.36899],[-122.55329,45.36904],[-122.55307,45.36906],[-122.55307,45.36915],[-122.55307,45.36945],[-122.55306,45.36963],[-122.55306,45.36981],[-122.55305,45.37015],[-122.55305,45.37022],[-122.55305,45.3703],[-122.55304,45.37064],[-122.55304,45.37082],[-122.55304,45.37101],[-122.55303,45.3712],[-122.55303,45.37138],[-122.55303,45.37156],[-122.55302,45.37175],[-122.55302,45.37194],[-122.55301,45.37212],[-122.55301,45.37231],[-122.55301,45.37253],[-122.553,45.37268],[-122.553,45.37291],[-122.553,45.37312],[-122.55299,45.37332],[-122.55299,45.37355],[-122.55298,45.3737],[-122.55298,45.37397],[-122.55297,45.37427],[-122.55338,45.37427],[-122.55347,45.37427],[-122.5545,45.37427],[-122.55475,45.37427],[-122.55496,45.37427],[-122.55554,45.37426],[-122.55593,45.37426],[-122.55627,45.37426],[-122.55658,45.37426],[-122.55691,45.37426],[-122.55723,45.37426],[-122.55756,45.37426],[-122.55789,45.37426],[-122.55849,45.37426],[-122.55857,45.37426],[-122.55857,45.37464],[-122.55903,45.37498],[-122.55902,45.37502],[-122.55929,45.37524],[-122.56019,45.37586],[-122.56111,45.37655],[-122.56111,45.37611],[-122.56273,45.37611],[-122.56354,45.37611],[-122.56366,45.37612],[-122.56367,45.37571],[-122.56519,45.3757],[-122.56627,45.3757],[-122.56626,45.37591],[-122.56626,45.37603],[-122.56626,45.37609],[-122.56626,45.37633],[-122.56626,45.37688],[-122.56634,45.37688],[-122.56641,45.37688],[-122.56665,45.37688],[-122.56686,45.37688],[-122.56735,45.37689],[-122.5675,45.37689],[-122.56763,45.37689],[-122.5678,45.37689],[-122.56784,45.37689],[-122.5679,45.37689],[-122.56793,45.37689],[-122.56798,45.3769],[-122.56802,45.37691],[-122.56817,45.37693],[-122.56827,45.37695],[-122.5684,45.37698],[-122.56884,45.37709],[-122.56952,45.37709],[-122.57076,45.37709],[-122.57109,45.37709],[-122.57121,45.37709],[-122.57127,45.37709],[-122.5713,45.37709],[-122.5714,45.37709],[-122.57173,45.37709],[-122.57253,45.3771],[-122.57253,45.37731],[-122.57253,45.37733],[-122.57253,45.37739],[-122.57253,45.37745],[-122.57255,45.37745],[-122.57263,45.37742],[-122.57264,45.37741],[-122.57272,45.37737],[-122.57279,45.37733],[-122.57286,45.37728],[-122.57293,45.37723],[-122.57298,45.37715],[-122.5731,45.37697],[-122.57312,45.37694],[-122.57313,45.37692],[-122.57316,45.3769],[-122.57318,45.37688],[-122.57319,45.37688],[-122.57321,45.37687],[-122.57323,45.37685],[-122.57326,45.37684],[-122.5733,45.37682],[-122.57334,45.37681],[-122.57338,45.3768],[-122.57348,45.3768],[-122.57406,45.37679],[-122.57476,45.37677],[-122.57521,45.37676],[-122.57576,45.37694],[-122.57611,45.37713],[-122.57659,45.37712],[-122.57715,45.37724],[-122.57772,45.377],[-122.57775,45.37699],[-122.57831,45.37716],[-122.57817,45.37796],[-122.57816,45.37806],[-122.57786,45.37806],[-122.5776,45.37806],[-122.5776,45.37854],[-122.5776,45.37856],[-122.5776,45.37861],[-122.57765,45.37862],[-122.57765,45.37865],[-122.57764,45.37872],[-122.57764,45.37874],[-122.57764,45.37888],[-122.57764,45.37901],[-122.57764,45.37913],[-122.57765,45.37922],[-122.57765,45.37927],[-122.57765,45.37947],[-122.57761,45.37946],[-122.57758,45.37944],[-122.57736,45.37934],[-122.57734,45.37933],[-122.57701,45.37915],[-122.57691,45.37909],[-122.57687,45.37907],[-122.57682,45.37905],[-122.57675,45.37902],[-122.57669,45.379],[-122.57666,45.37899],[-122.57661,45.37899],[-122.57658,45.37899],[-122.57648,45.37898],[-122.57639,45.37898],[-122.57638,45.37899],[-122.57622,45.37913],[-122.57614,45.3792],[-122.57609,45.37924],[-122.57602,45.37929],[-122.57561,45.37955],[-122.57559,45.37956],[-122.57546,45.37964],[-122.57521,45.37981],[-122.5751,45.37989],[-122.57482,45.38011],[-122.57452,45.38033],[-122.57437,45.38055],[-122.5743,45.38073],[-122.57421,45.38096],[-122.57404,45.38137],[-122.5739,45.38164],[-122.57381,45.38192],[-122.57372,45.38218],[-122.5737,45.38258],[-122.57366,45.38279],[-122.57366,45.38308],[-122.57369,45.38347],[-122.57376,45.38397],[-122.57378,45.38419],[-122.57386,45.38455],[-122.57403,45.38565],[-122.574,45.38599],[-122.57393,45.38631],[-122.57388,45.38656],[-122.5739,45.38687],[-122.57393,45.38721],[-122.57402,45.38747],[-122.57408,45.38767],[-122.57408,45.38804],[-122.57409,45.38824],[-122.57403,45.38844],[-122.57397,45.38862],[-122.57389,45.38874],[-122.57386,45.3888],[-122.57361,45.38915],[-122.57346,45.38937],[-122.57341,45.38946],[-122.57307,45.38978],[-122.57254,45.39008],[-122.57228,45.39025],[-122.57162,45.39069],[-122.5713,45.39086],[-122.57107,45.39097],[-122.57095,45.39103],[-122.57034,45.39137],[-122.56987,45.39159],[-122.56982,45.39163],[-122.56944,45.39186],[-122.56934,45.39192],[-122.56926,45.39197],[-122.56921,45.39199],[-122.56841,45.39246],[-122.56711,45.39322],[-122.56547,45.39419],[-122.56526,45.39431],[-122.56514,45.39438],[-122.56482,45.39456],[-122.56452,45.39474],[-122.56401,45.39504],[-122.56372,45.39521],[-122.56324,45.39549],[-122.5632,45.39551],[-122.56185,45.39618],[-122.56161,45.39629],[-122.56147,45.39634],[-122.56133,45.3964],[-122.5612,45.39646],[-122.56107,45.3965],[-122.56098,45.39653],[-122.56033,45.39676],[-122.55991,45.39691],[-122.55955,45.39704],[-122.55937,45.3971],[-122.55924,45.39714],[-122.55907,45.3972],[-122.55848,45.3974],[-122.55788,45.39749],[-122.55752,45.39752],[-122.55715,45.39756],[-122.55687,45.39759],[-122.55625,45.39774],[-122.55601,45.39795],[-122.55579,45.39817],[-122.55537,45.39865],[-122.55521,45.39905],[-122.55502,45.39948],[-122.55494,45.39968],[-122.55477,45.39983],[-122.55455,45.40002],[-122.55369,45.4001],[-122.55317,45.40005],[-122.55255,45.39981],[-122.55196,45.39929],[-122.55165,45.39906],[-122.55148,45.39894],[-122.55111,45.39875],[-122.55037,45.39847],[-122.55021,45.39842],[-122.54925,45.39818],[-122.54867,45.39787],[-122.54824,45.39758],[-122.54799,45.39753],[-122.5479,45.39752],[-122.5478,45.3975],[-122.5476,45.39748],[-122.54742,45.39743],[-122.54716,45.39735],[-122.54699,45.39723],[-122.54679,45.39707],[-122.54667,45.39698],[-122.54657,45.39691],[-122.54618,45.39661],[-122.54613,45.39658],[-122.54597,45.39645],[-122.54564,45.39611],[-122.54484,45.39528],[-122.54391,45.3949],[-122.54351,45.39474],[-122.54334,45.39468],[-122.5432,45.39463],[-122.54302,45.39456],[-122.54291,45.39452],[-122.54266,45.39442],[-122.5423,45.39429],[-122.54211,45.39421],[-122.54183,45.39411],[-122.5416,45.39402],[-122.54077,45.3937],[-122.54065,45.39366],[-122.54016,45.39347],[-122.53982,45.39326],[-122.53963,45.39313],[-122.53951,45.39306],[-122.53918,45.393],[-122.53898,45.39306],[-122.53886,45.39312],[-122.5383,45.39345],[-122.53797,45.3935],[-122.53746,45.39355],[-122.53681,45.39355],[-122.53616,45.39353],[-122.53562,45.3935],[-122.53525,45.39348],[-122.53471,45.39344],[-122.53331,45.39347],[-122.53014,45.39355],[-122.52973,45.39358],[-122.52912,45.39366],[-122.52866,45.39372],[-122.52796,45.3938],[-122.5273,45.39398],[-122.52665,45.39412],[-122.52583,45.39435],[-122.52518,45.39453],[-122.52484,45.39457],[-122.52441,45.3946],[-122.52429,45.39467],[-122.52418,45.39473],[-122.5236,45.39538],[-122.52362,45.39588],[-122.52381,45.3961],[-122.52388,45.39618],[-122.5239,45.3962],[-122.52393,45.39624],[-122.52396,45.39627],[-122.52397,45.39629],[-122.52399,45.39667],[-122.5241,45.39824],[-122.52366,45.39938],[-122.52346,45.40025],[-122.52331,45.40052],[-122.52325,45.40058],[-122.52286,45.40076],[-122.52248,45.40096],[-122.5221,45.40112],[-122.52141,45.40141],[-122.52088,45.40163],[-122.52017,45.40217],[-122.5196,45.40256],[-122.51921,45.40304],[-122.5188,45.40357],[-122.51834,45.40459],[-122.5181,45.40513],[-122.51801,45.4057],[-122.5179,45.40648],[-122.51782,45.40694],[-122.5178,45.40711],[-122.51779,45.4076],[-122.5177,45.40791],[-122.51766,45.40819],[-122.51748,45.40854],[-122.51737,45.40874],[-122.51707,45.40904],[-122.51686,45.40918],[-122.51659,45.40937],[-122.51586,45.40951],[-122.51544,45.4095],[-122.51495,45.4095],[-122.51461,45.40939],[-122.51441,45.40932],[-122.51382,45.40912],[-122.5134,45.40881],[-122.51263,45.40825],[-122.51234,45.408],[-122.5121,45.40778],[-122.51166,45.40739],[-122.51132,45.40699],[-122.51105,45.40668],[-122.51072,45.40629],[-122.51072,45.40629],[-122.51025,45.40574],[-122.50998,45.40543],[-122.50957,45.40511],[-122.50957,45.40511],[-122.50927,45.40487],[-122.50906,45.40478],[-122.50871,45.40453],[-122.50829,45.4041],[-122.50813,45.40395],[-122.50798,45.40374],[-122.50774,45.40337],[-122.50757,45.40315],[-122.50753,45.40305],[-122.50738,45.40267],[-122.50729,45.40226],[-122.50726,45.40201],[-122.50743,45.40162],[-122.50756,45.4014],[-122.50759,45.40136],[-122.50769,45.40123],[-122.5077,45.40113],[-122.50771,45.40101],[-122.50772,45.4009],[-122.50733,45.40049],[-122.50729,45.40046],[-122.50675,45.39972],[-122.50584,45.39882],[-122.50555,45.3986],[-122.50532,45.39838],[-122.50517,45.39825],[-122.50485,45.39799],[-122.50449,45.39767],[-122.50373,45.39687],[-122.50277,45.39592],[-122.50228,45.39554],[-122.50199,45.39532],[-122.50166,45.39506],[-122.50114,45.39469],[-122.50058,45.39429],[-122.50039,45.39418],[-122.49957,45.39374],[-122.49871,45.39327],[-122.49831,45.39313],[-122.49793,45.39293],[-122.49766,45.39287],[-122.49735,45.3928],[-122.49689,45.39269],[-122.49689,45.39288],[-122.4969,45.39308],[-122.49689,45.39345],[-122.49689,45.39347],[-122.49688,45.39405],[-122.49688,45.39424],[-122.49688,45.3943],[-122.49687,45.39458],[-122.49687,45.39474],[-122.49686,45.39497],[-122.49686,45.39507],[-122.49686,45.39518],[-122.49686,45.39535],[-122.49685,45.39549],[-122.49685,45.39566],[-122.49685,45.39582],[-122.49684,45.39593],[-122.49684,45.39615],[-122.49673,45.39621],[-122.4966,45.39627],[-122.49651,45.39631],[-122.4964,45.39636],[-122.49637,45.39638],[-122.49623,45.39644],[-122.49618,45.39646],[-122.49606,45.39652],[-122.49598,45.39648],[-122.49564,45.39627],[-122.49573,45.396],[-122.49543,45.39595],[-122.49537,45.39614],[-122.49474,45.39607],[-122.49423,45.39601],[-122.49398,45.39569],[-122.49336,45.39492],[-122.49323,45.39476],[-122.49309,45.39458],[-122.49333,45.3942],[-122.49323,45.39418],[-122.4932,45.39418],[-122.49316,45.39418],[-122.49313,45.39417],[-122.49311,45.39417],[-122.49308,45.39417],[-122.49306,45.39417],[-122.49306,45.39417],[-122.49298,45.39416],[-122.4929,45.39416],[-122.4929,45.39416],[-122.49283,45.39416],[-122.49275,45.39416],[-122.49275,45.39416],[-122.49267,45.39416],[-122.4926,45.39417],[-122.4926,45.39417],[-122.49252,45.39418],[-122.49177,45.39426],[-122.49172,45.39427],[-122.49172,45.39427],[-122.49166,45.39428],[-122.49166,45.39428],[-122.4916,45.39429],[-122.4916,45.39429],[-122.49154,45.3943],[-122.49154,45.3943],[-122.49149,45.39432],[-122.49149,45.39432],[-122.49143,45.39433],[-122.49143,45.39433],[-122.49138,45.39435],[-122.49138,45.39435],[-122.49133,45.39437],[-122.49133,45.39437],[-122.49128,45.39439],[-122.49128,45.39439],[-122.49123,45.39442],[-122.49123,45.39442],[-122.49118,45.39444],[-122.49118,45.39444],[-122.49118,45.39444],[-122.49117,45.39445],[-122.49115,45.39446],[-122.49114,45.39447],[-122.49114,45.39447],[-122.49112,45.39448],[-122.49111,45.39449],[-122.49109,45.3945],[-122.49109,45.3945],[-122.49108,45.39451],[-122.49106,45.39452],[-122.49105,45.39453],[-122.49104,45.39454],[-122.49102,45.39455],[-122.49101,45.39456],[-122.49101,45.39456],[-122.491,45.39457],[-122.49099,45.39458],[-122.49098,45.39459],[-122.49098,45.39459],[-122.49096,45.3946],[-122.49095,45.39461],[-122.49094,45.39462],[-122.49094,45.39462],[-122.49093,45.39463],[-122.49092,45.39464],[-122.49091,45.39465],[-122.49091,45.39465],[-122.4909,45.39466],[-122.49089,45.39467],[-122.49088,45.39469],[-122.49034,45.39532],[-122.49033,45.39533],[-122.49032,45.39534],[-122.49031,45.39535],[-122.49031,45.39535],[-122.49029,45.39537],[-122.49028,45.39538],[-122.49027,45.39539],[-122.49027,45.39539],[-122.49026,45.3954],[-122.49024,45.39542],[-122.49023,45.39543],[-122.49023,45.39543],[-122.49022,45.39544],[-122.4902,45.39545],[-122.49019,45.39546],[-122.49019,45.39546],[-122.49017,45.39547],[-122.49016,45.39548],[-122.49014,45.3955],[-122.49014,45.3955],[-122.49013,45.39551],[-122.49011,45.39552],[-122.4901,45.39553],[-122.4901,45.39553],[-122.49008,45.39554],[-122.49006,45.39555],[-122.49005,45.39556],[-122.49005,45.39556],[-122.49003,45.39557],[-122.49001,45.39558],[-122.49,45.39559],[-122.49,45.39559],[-122.48998,45.39559],[-122.48996,45.3956],[-122.48994,45.39561],[-122.48994,45.39561],[-122.48993,45.39562],[-122.48991,45.39563],[-122.48989,45.39564],[-122.48989,45.39564],[-122.48987,45.39564],[-122.48985,45.39565],[-122.48984,45.39566],[-122.48983,45.39566],[-122.48982,45.39567],[-122.4898,45.39567],[-122.48978,45.39568],[-122.48978,45.39568],[-122.48976,45.39569],[-122.48974,45.39569],[-122.48972,45.3957],[-122.48972,45.3957],[-122.4897,45.39571],[-122.48968,45.39571],[-122.48966,45.39572],[-122.48966,45.39572],[-122.48964,45.39572],[-122.48962,45.39573],[-122.4896,45.39573],[-122.4896,45.39573],[-122.48958,45.39574],[-122.48956,45.39574],[-122.48954,45.39575],[-122.48954,45.39575],[-122.48952,45.39575],[-122.48949,45.39575],[-122.48947,45.39576],[-122.489,45.39583],[-122.48894,45.39584],[-122.48894,45.39584],[-122.48892,45.39585],[-122.4889,45.39585],[-122.48888,45.39585],[-122.48888,45.39585],[-122.48886,45.39586],[-122.48884,45.39586],[-122.48882,45.39587],[-122.4888,45.39587],[-122.48879,45.39588],[-122.48877,45.39588],[-122.48877,45.39588],[-122.48875,45.39589],[-122.48873,45.3959],[-122.48871,45.3959],[-122.48871,45.3959],[-122.48869,45.39591],[-122.48867,45.39592],[-122.48866,45.39592],[-122.48865,45.39593],[-122.48864,45.39593],[-122.48864,45.39593],[-122.48802,45.39619],[-122.48702,45.39659],[-122.48695,45.39662],[-122.48695,45.39662],[-122.48693,45.39663],[-122.4869,45.39664],[-122.48688,45.39665],[-122.48688,45.39665],[-122.48686,45.39666],[-122.48683,45.39666],[-122.48681,45.39667],[-122.48681,45.39667],[-122.48679,45.39668],[-122.48676,45.39669],[-122.48674,45.39669],[-122.48674,45.39669],[-122.48671,45.3967],[-122.48669,45.39671],[-122.48666,45.39671],[-122.48664,45.39672],[-122.48662,45.39673],[-122.48659,45.39673],[-122.48659,45.39673],[-122.48657,45.39674],[-122.48654,45.39674],[-122.48652,45.39675],[-122.48652,45.39675],[-122.48649,45.39675],[-122.48647,45.39676],[-122.48644,45.39676],[-122.48644,45.39676],[-122.48641,45.39677],[-122.48639,45.39677],[-122.48636,45.39678],[-122.48636,45.39678],[-122.48634,45.39678],[-122.48631,45.39679],[-122.48629,45.39679],[-122.48587,45.39685],[-122.48587,45.39699],[-122.48586,45.39796],[-122.48491,45.39798],[-122.48372,45.398],[-122.48312,45.39801],[-122.48138,45.39804],[-122.48071,45.39804],[-122.48065,45.398],[-122.48066,45.39915],[-122.48066,45.39954],[-122.48131,45.39975],[-122.48159,45.39984],[-122.48324,45.40037],[-122.48372,45.40053],[-122.48529,45.40103],[-122.48531,45.40104],[-122.48582,45.4012],[-122.48581,45.40207],[-122.48581,45.40226],[-122.4858,45.40316],[-122.4858,45.40317],[-122.4858,45.40317],[-122.48444,45.40317],[-122.48424,45.40317],[-122.48387,45.40317],[-122.48359,45.40317],[-122.48331,45.40316],[-122.48311,45.40316],[-122.48249,45.40316],[-122.48187,45.40316],[-122.48071,45.40316],[-122.4793,45.40316],[-122.47802,45.40316],[-122.47599,45.40316],[-122.47589,45.40316],[-122.47583,45.40316],[-122.47552,45.40316],[-122.47533,45.40316],[-122.47412,45.40316],[-122.47288,45.40316],[-122.47146,45.40317],[-122.47033,45.40317],[-122.46579,45.40318],[-122.46562,45.40318],[-122.46521,45.40318],[-122.46461,45.40318],[-122.46048,45.40319],[-122.46009,45.40319],[-122.45754,45.40319],[-122.45497,45.40319],[-122.45376,45.4032],[-122.45238,45.4032],[-122.45062,45.40321],[-122.44988,45.40321],[-122.44472,45.40323],[-122.44468,45.40323],[-122.44456,45.40323],[-122.4427,45.40324],[-122.4401,45.40327],[-122.43847,45.40329],[-122.43455,45.40332],[-122.43326,45.40331],[-122.43115,45.40329],[-122.43077,45.40329],[-122.4307,45.40329],[-122.43066,45.40329],[-122.4283,45.40327],[-122.42751,45.40326],[-122.4268,45.40326],[-122.42541,45.40324],[-122.42435,45.40323],[-122.42412,45.40324],[-122.41695,45.40345],[-122.41492,45.40351],[-122.41391,45.40354],[-122.4139,45.40444],[-122.41389,45.40485],[-122.41388,45.40535],[-122.41384,45.40806],[-122.41379,45.41077],[-122.41373,45.41439],[-122.41369,45.41718],[-122.41368,45.41779],[-122.41366,45.41799],[-122.41366,45.41806],[-122.40379,45.41802],[-122.40354,45.41802],[-122.40338,45.41802],[-122.40176,45.41802],[-122.40071,45.41802],[-122.40043,45.41802],[-122.40039,45.41802],[-122.39841,45.41802],[-122.39834,45.41802],[-122.39674,45.41802],[-122.39576,45.41802],[-122.39452,45.41802],[-122.39336,45.41803],[-122.39301,45.41803],[-122.39209,45.41802],[-122.39159,45.41803],[-122.38302,45.41804],[-122.37769,45.41806],[-122.37277,45.41806],[-122.37271,45.41782],[-122.36991,45.41788],[-122.36781,45.41793],[-122.36001,45.41801],[-122.35235,45.41809],[-122.34327,45.41817],[-122.34223,45.41818],[-122.34211,45.41818],[-122.34205,45.42547],[-122.34192,45.43262],[-122.34192,45.43266],[-122.34189,45.43412],[-122.3419,45.43984],[-122.34192,45.44327],[-122.3419,45.44388],[-122.34191,45.44432],[-122.34192,45.44716],[-122.34192,45.44806],[-122.34194,45.45339],[-122.34207,45.45432],[-122.34251,45.45491],[-122.3472,45.46024],[-122.34831,45.46151],[-122.34818,45.46151],[-122.34783,45.46151],[-122.3473,45.46151],[-122.34707,45.46151],[-122.3453,45.46152],[-122.34438,45.46153],[-122.34415,45.46153],[-122.34361,45.46153],[-122.34304,45.46153],[-122.34201,45.46154],[-122.33985,45.46154],[-122.33898,45.46153],[-122.33696,45.46153],[-122.33669,45.46153],[-122.336,45.46153],[-122.33385,45.46153],[-122.33337,45.46153],[-122.33163,45.46152],[-122.33163,45.46201],[-122.33163,45.46235],[-122.33167,45.46244],[-122.33173,45.46256],[-122.33173,45.46341],[-122.3317,45.46341],[-122.33164,45.46341],[-122.33165,45.46544],[-122.33166,45.46632],[-122.33166,45.46676],[-122.33166,45.46739],[-122.33166,45.46778],[-122.33166,45.46801],[-122.33167,45.46836],[-122.33167,45.46875],[-122.33167,45.46939],[-122.33167,45.46966],[-122.33167,45.46994],[-122.33167,45.4701],[-122.33168,45.47036],[-122.33168,45.47156],[-122.33169,45.47242],[-122.33169,45.4729],[-122.3317,45.47416],[-122.3317,45.47507],[-122.33171,45.47532],[-122.33171,45.47589],[-122.33171,45.47605],[-122.33174,45.47866],[-122.33174,45.47956],[-122.33175,45.48027],[-122.33177,45.48171],[-122.33177,45.48219],[-122.33178,45.48286],[-122.33178,45.483],[-122.33178,45.48306],[-122.33177,45.48535],[-122.33177,45.4855],[-122.33177,45.48563],[-122.33177,45.48581],[-122.33176,45.48676],[-122.33176,45.48757],[-122.33177,45.49038],[-122.33166,45.49395],[-122.33161,45.49395],[-122.33161,45.49467],[-122.3316,45.49522],[-122.3316,45.49676],[-122.33159,45.49755],[-122.33171,45.49755],[-122.33163,45.49999],[-122.33162,45.50021],[-122.33162,45.50049],[-122.33161,45.50079],[-122.3316,45.50101],[-122.33158,45.50164],[-122.33156,45.50223],[-122.33155,45.50243],[-122.33153,45.50291],[-122.33148,45.50455],[-122.33151,45.50813],[-122.33152,45.51033],[-122.33153,45.5111],[-122.33153,45.51185],[-122.33155,45.51224],[-122.33167,45.51896],[-122.33169,45.51907],[-122.3317,45.52242],[-122.33171,45.5249],[-122.33171,45.5251],[-122.33172,45.52622],[-122.33172,45.52741],[-122.33172,45.52758],[-122.33172,45.52863],[-122.33173,45.52985],[-122.33173,45.53001],[-122.33173,45.53124],[-122.33173,45.53143],[-122.33173,45.53185],[-122.33173,45.5334],[-122.33173,45.53348],[-122.33173,45.53356],[-122.33173,45.53382],[-122.33174,45.5371],[-122.33173,45.53789],[-122.33173,45.53803],[-122.33172,45.53832],[-122.33172,45.53856],[-122.33171,45.53906],[-122.3317,45.5395],[-122.3317,45.53971],[-122.33169,45.54076],[-122.33168,45.54109],[-122.33167,45.5416],[-122.33166,45.54249],[-122.33165,45.54321],[-122.33152,45.54773],[-122.33152,45.54847],[-122.3315,45.54988],[-122.33342,45.55179],[-122.3376,45.55596],[-122.34104,45.5594],[-122.34361,45.56195],[-122.34532,45.56366],[-122.34693,45.56527],[-122.34976,45.56809],[-122.35113,45.56945],[-122.35525,45.57041],[-122.35911,45.57132],[-122.36229,45.57206],[-122.36602,45.57294],[-122.37277,45.57451],[-122.3789,45.57595],[-122.38103,45.57575],[-122.38262,45.5756],[-122.38548,45.57534],[-122.38879,45.57503],[-122.39051,45.57487],[-122.39437,45.57344],[-122.39914,45.57167],[-122.40135,45.57086],[-122.40401,45.56987],[-122.40666,45.56888],[-122.41015,45.56759],[-122.41327,45.56714],[-122.41425,45.567],[-122.41567,45.56679],[-122.41774,45.5665],[-122.4201,45.56616],[-122.42325,45.5657],[-122.42723,45.56513],[-122.43286,45.56432],[-122.43774,45.56362],[-122.44589,45.56575],[-122.4526,45.56751],[-122.45849,45.5708],[-122.46265,45.57313],[-122.46461,45.57422],[-122.46938,45.57689],[-122.47238,45.57856],[-122.4769,45.57975],[-122.48029,45.58064],[-122.4857,45.58205],[-122.48868,45.58283],[-122.48928,45.58299],[-122.49168,45.58362],[-122.49258,45.58379],[-122.49375,45.58403],[-122.49557,45.58438],[-122.49814,45.58489],[-122.50218,45.58569],[-122.51574,45.58836],[-122.5234,45.58987],[-122.52712,45.59095],[-122.52939,45.59161],[-122.53156,45.59224],[-122.53352,45.59281],[-122.53588,45.5935],[-122.5385,45.59426],[-122.54317,45.59562],[-122.54668,45.59664],[-122.54934,45.59721],[-122.5503,45.59741],[-122.55259,45.59789],[-122.55662,45.59874],[-122.57377,45.60237],[-122.57773,45.6032],[-122.57987,45.60365],[-122.58223,45.60415],[-122.58537,45.60482],[-122.5889,45.60556],[-122.59046,45.60581],[-122.59311,45.60623],[-122.59529,45.60658],[-122.59687,45.60684],[-122.5983,45.60706],[-122.60096,45.60749],[-122.6037,45.60793],[-122.60593,45.60828],[-122.60917,45.60839],[-122.61134,45.60846],[-122.61347,45.60854],[-122.61615,45.60863],[-122.62021,45.60876],[-122.62476,45.60891],[-122.62904,45.60906],[-122.63263,45.60918],[-122.63452,45.60924],[-122.63672,45.60931],[-122.63937,45.6094],[-122.64085,45.60945],[-122.64194,45.60974],[-122.64657,45.61096],[-122.65138,45.61224],[-122.65521,45.61325],[-122.65732,45.61381],[-122.65992,45.61449],[-122.66258,45.6152],[-122.6659,45.61607],[-122.67206,45.6177],[-122.67386,45.61823],[-122.67416,45.61832],[-122.67596,45.61885],[-122.67668,45.61915],[-122.68227,45.62148],[-122.68538,45.62278],[-122.68841,45.62404],[-122.68895,45.62432],[-122.68997,45.62486],[-122.69311,45.6265],[-122.69404,45.62703],[-122.69622,45.62829],[-122.69954,45.6302],[-122.70218,45.63172],[-122.70451,45.63306],[-122.70866,45.63545],[-122.71107,45.63683],[-122.7122,45.63748],[-122.71321,45.63806],[-122.71706,45.6391],[-122.72091,45.64013],[-122.72528,45.64131],[-122.72983,45.64253],[-122.73358,45.64354],[-122.73696,45.64445],[-122.73923,45.64559],[-122.73992,45.64594],[-122.74217,45.64707],[-122.74328,45.64763],[-122.74482,45.6484],[-122.7464,45.6492],[-122.74675,45.64937],[-122.75031,45.65116],[-122.75243,45.65223],[-122.75633,45.65419],[-122.76279,45.65744],[-122.76509,45.65288],[-122.76545,45.65237],[-122.76626,45.65122],[-122.76778,45.64907],[-122.77133,45.6449],[-122.7729,45.64391],[-122.77327,45.64368],[-122.78486,45.63633],[-122.78515,45.63615],[-122.78518,45.63614],[-122.78599,45.63568],[-122.78645,45.63541],[-122.7877,45.6347],[-122.78779,45.63458],[-122.78792,45.6344],[-122.78809,45.63413],[-122.78834,45.63374],[-122.78845,45.63356],[-122.78849,45.63349],[-122.78854,45.6334],[-122.78863,45.6332],[-122.78866,45.63314],[-122.78867,45.63312],[-122.78873,45.63301],[-122.7888,45.63286],[-122.78886,45.63275],[-122.78888,45.6327],[-122.78898,45.63251],[-122.78906,45.63234],[-122.78916,45.63215],[-122.7892,45.63206],[-122.78923,45.63199],[-122.78928,45.63189],[-122.7893,45.63185],[-122.78938,45.63168],[-122.78942,45.63158],[-122.78944,45.63153],[-122.78949,45.63142],[-122.78955,45.63128],[-122.78958,45.6312],[-122.7896,45.63114],[-122.78966,45.63099],[-122.78969,45.63091],[-122.78972,45.63083],[-122.78976,45.63071],[-122.7898,45.6306],[-122.78989,45.63035],[-122.78998,45.63013],[-122.79004,45.62997],[-122.79006,45.62992],[-122.79007,45.62989],[-122.79009,45.62983],[-122.79011,45.62976],[-122.79015,45.62962],[-122.79016,45.6296],[-122.79023,45.62939],[-122.79028,45.62921],[-122.79034,45.62902],[-122.79036,45.62898],[-122.79043,45.62877],[-122.79045,45.62869],[-122.79048,45.62859],[-122.79052,45.62844],[-122.79053,45.62841],[-122.79057,45.62825],[-122.79061,45.62808],[-122.79063,45.62799],[-122.79066,45.62789],[-122.79069,45.62775],[-122.7907,45.62769],[-122.79073,45.62757],[-122.79077,45.62738],[-122.7908,45.62725],[-122.79086,45.62705],[-122.79089,45.62693],[-122.79093,45.6268],[-122.791,45.62656],[-122.79106,45.62631],[-122.79109,45.62619],[-122.79113,45.62604],[-122.79124,45.62578],[-122.79133,45.62554],[-122.79139,45.62539],[-122.79145,45.62519],[-122.79145,45.62517],[-122.7915,45.625],[-122.79157,45.62476],[-122.79158,45.62474],[-122.79161,45.62463],[-122.79166,45.62436],[-122.79168,45.62424],[-122.79169,45.62421],[-122.79172,45.62402],[-122.79174,45.62394],[-122.79175,45.62389],[-122.79179,45.62375],[-122.79182,45.62365],[-122.79187,45.62346],[-122.79192,45.62327],[-122.79192,45.62325],[-122.79194,45.62313],[-122.792,45.62277],[-122.79203,45.62258],[-122.79203,45.62252],[-122.79204,45.6225],[-122.79219,45.62212],[-122.79231,45.62183],[-122.79243,45.62148],[-122.79254,45.62115],[-122.79254,45.621],[-122.79254,45.62084],[-122.79254,45.62074],[-122.79253,45.62062],[-122.79252,45.62051],[-122.79249,45.62034],[-122.79246,45.62014],[-122.79246,45.62013],[-122.79241,45.62001],[-122.79238,45.61993],[-122.79232,45.61978],[-122.79235,45.61976],[-122.79294,45.61962],[-122.79358,45.61958],[-122.79441,45.61947],[-122.79503,45.61944],[-122.7951,45.61944],[-122.80157,45.61966],[-122.80171,45.61967],[-122.80173,45.61967],[-122.80173,45.61965],[-122.80173,45.61962],[-122.80174,45.61862],[-122.80174,45.61858],[-122.80174,45.61833],[-122.80174,45.61831],[-122.80174,45.61806],[-122.80173,45.61549],[-122.80173,45.61429],[-122.80173,45.61423],[-122.80178,45.61424],[-122.80184,45.61425],[-122.80202,45.61429],[-122.80216,45.61438],[-122.80226,45.61451],[-122.80235,45.61463],[-122.80243,45.61473],[-122.80244,45.61475],[-122.80246,45.61472],[-122.80252,45.61462],[-122.80269,45.61457],[-122.80272,45.61454],[-122.80286,45.61442],[-122.8029,45.6143],[-122.80284,45.61427],[-122.80258,45.61447],[-122.80244,45.61437],[-122.80248,45.61434],[-122.8027,45.61417],[-122.80256,45.61408],[-122.80268,45.61397],[-122.8027,45.61398],[-122.80273,45.61399],[-122.80276,45.61399],[-122.80278,45.61398],[-122.8028,45.61397],[-122.80282,45.61396],[-122.80284,45.61393],[-122.80285,45.61392],[-122.80286,45.6139],[-122.80289,45.61389],[-122.80293,45.61387],[-122.80296,45.61387],[-122.80299,45.61387],[-122.80302,45.61387],[-122.8031,45.61389],[-122.80313,45.61389],[-122.80318,45.6139],[-122.80325,45.61391],[-122.80336,45.61394],[-122.80346,45.61396],[-122.80355,45.61398],[-122.80361,45.61399],[-122.80374,45.61402],[-122.80397,45.61406],[-122.80382,45.61396],[-122.80375,45.61392],[-122.80358,45.61381],[-122.80334,45.61365],[-122.80341,45.61359],[-122.80348,45.61355],[-122.80381,45.61329],[-122.80385,45.61331],[-122.80396,45.61338],[-122.8041,45.61347],[-122.80425,45.61357],[-122.80438,45.61366],[-122.8045,45.61373],[-122.80453,45.61375],[-122.80414,45.61406],[-122.80417,45.61408],[-122.8043,45.61416],[-122.80436,45.6142],[-122.80429,45.61427],[-122.80402,45.61447],[-122.80417,45.61456],[-122.80422,45.6146],[-122.80449,45.6144],[-122.80457,45.61434],[-122.80458,45.61435],[-122.80473,45.61444],[-122.8049,45.61455],[-122.80507,45.61466],[-122.80524,45.61477],[-122.80536,45.61485],[-122.8054,45.61487],[-122.80532,45.61493],[-122.80473,45.61538],[-122.80488,45.61548],[-122.8053,45.61576],[-122.80524,45.61581],[-122.80497,45.61601],[-122.80511,45.6161],[-122.80527,45.6162],[-122.8054,45.61629],[-122.80553,45.61637],[-122.80556,45.61639],[-122.80582,45.61619],[-122.8059,45.61614],[-122.80607,45.61625],[-122.80618,45.61632],[-122.80624,45.61628],[-122.80651,45.61607],[-122.80677,45.61587],[-122.80685,45.61581],[-122.807,45.6159],[-122.80714,45.616],[-122.80751,45.61623],[-122.80744,45.6163],[-122.8073,45.6164],[-122.80717,45.6165],[-122.80704,45.6166],[-122.80691,45.6167],[-122.80677,45.6168],[-122.80727,45.61713],[-122.8073,45.61712],[-122.80745,45.61705],[-122.80754,45.61701],[-122.80762,45.61698],[-122.80779,45.6169],[-122.80784,45.61688],[-122.80798,45.61684],[-122.80818,45.61678],[-122.80838,45.61673],[-122.80846,45.61671],[-122.80877,45.6166],[-122.80883,45.61651],[-122.80895,45.61634],[-122.80929,45.61623],[-122.80961,45.61609],[-122.80985,45.61582],[-122.80992,45.61574],[-122.81,45.61555],[-122.81003,45.61548],[-122.81008,45.61535],[-122.81012,45.61521],[-122.81017,45.61498],[-122.81009,45.61491],[-122.80993,45.61478],[-122.80987,45.61471],[-122.80997,45.61453],[-122.81006,45.61438],[-122.8102,45.61418],[-122.81027,45.61406],[-122.81047,45.61384],[-122.81056,45.61375],[-122.81061,45.61369],[-122.81071,45.6135],[-122.8108,45.61334],[-122.81082,45.61332],[-122.81113,45.61332],[-122.81148,45.61332],[-122.81426,45.61332],[-122.8158,45.61332],[-122.81585,45.61332],[-122.81585,45.61321],[-122.81584,45.61138],[-122.81584,45.6097],[-122.81601,45.60613],[-122.81605,45.60377],[-122.8263,45.6038],[-122.8263,45.60392],[-122.82629,45.6044],[-122.82629,45.60448],[-122.82628,45.60457],[-122.82628,45.60475],[-122.82628,45.60487],[-122.82628,45.60497],[-122.82627,45.60563],[-122.82627,45.60566],[-122.82626,45.60614],[-122.82626,45.60617],[-122.82743,45.60617],[-122.82759,45.60617],[-122.82797,45.60618],[-122.82821,45.60618],[-122.829,45.60618],[-122.82951,45.60618],[-122.82977,45.60618],[-122.83045,45.60619],[-122.83056,45.60619],[-122.83134,45.60619],[-122.83148,45.60619],[-122.83181,45.60619],[-122.83251,45.60619],[-122.83266,45.60619],[-122.83288,45.6062],[-122.83287,45.60715],[-122.83287,45.60811],[-122.83319,45.60811],[-122.83369,45.60811],[-122.83377,45.60811],[-122.83396,45.60811],[-122.83428,45.60811],[-122.83439,45.60811],[-122.83472,45.60811],[-122.83472,45.60821],[-122.83473,45.60883],[-122.83473,45.60891],[-122.83473,45.60894],[-122.83474,45.60952],[-122.83654,45.60954],[-122.83653,45.60865],[-122.83651,45.60777],[-122.83651,45.60747],[-122.8365,45.60707],[-122.8365,45.60694],[-122.83649,45.6068],[-122.83649,45.6067],[-122.83649,45.60621],[-122.83649,45.60603],[-122.8365,45.60569],[-122.8365,45.60533],[-122.8365,45.60531],[-122.83651,45.60476],[-122.83652,45.60422],[-122.83652,45.60408],[-122.83653,45.60367],[-122.83654,45.60335],[-122.83654,45.60312],[-122.83654,45.6029],[-122.83655,45.6027],[-122.83655,45.60257],[-122.83655,45.60237],[-122.83656,45.60202],[-122.83657,45.60157],[-122.83657,45.6012],[-122.83658,45.60054],[-122.83659,45.60047],[-122.83659,45.60038],[-122.8366,45.59955],[-122.83661,45.59908],[-122.83913,45.59909],[-122.84172,45.59909],[-122.8451,45.5991],[-122.84681,45.59911],[-122.84858,45.59911],[-122.84877,45.59911],[-122.85187,45.5991],[-122.85191,45.59704],[-122.85428,45.59699],[-122.8545,45.59698],[-122.85467,45.59698],[-122.85479,45.59694],[-122.85522,45.59679],[-122.856,45.59649],[-122.85634,45.59633],[-122.85716,45.59592],[-122.85716,45.59548],[-122.85719,45.59423],[-122.85724,45.59195],[-122.85724,45.59192],[-122.85481,45.5919],[-122.85255,45.59189],[-122.84857,45.59185],[-122.8479,45.59184],[-122.84686,45.59184],[-122.84686,45.59179],[-122.84686,45.59176],[-122.84686,45.59005],[-122.84686,45.59001],[-122.84686,45.58841],[-122.84686,45.58823],[-122.84686,45.58788],[-122.84685,45.58664],[-122.84686,45.58636],[-122.84685,45.58467],[-122.84692,45.58112],[-122.84692,45.58102],[-122.84692,45.58098],[-122.84699,45.57756],[-122.84699,45.57752],[-122.8468,45.57752],[-122.84699,45.57752],[-122.84736,45.57752],[-122.84802,45.57752],[-122.84807,45.57752],[-122.84856,45.57752],[-122.84861,45.57752],[-122.84904,45.57752],[-122.84915,45.57752],[-122.85181,45.57751],[-122.8528,45.57751],[-122.853,45.57751],[-122.8553,45.5775],[-122.85731,45.57749],[-122.85733,45.57664],[-122.85735,45.57586],[-122.85735,45.57577],[-122.85735,45.57559],[-122.8574,45.57392],[-122.85738,45.57027],[-122.86235,45.57027],[-122.86236,45.56942],[-122.86745,45.56945],[-122.86768,45.56944],[-122.8677,45.56668],[-122.86771,45.56438],[-122.86771,45.56409],[-122.86759,45.56408],[-122.86759,45.56408],[-122.86759,45.56294],[-122.86759,45.56272],[-122.8676,45.56251],[-122.8676,45.56232],[-122.8676,45.56232],[-122.8676,45.5623],[-122.8676,45.56225],[-122.8676,45.56199],[-122.86772,45.56199],[-122.86874,45.56192],[-122.8693,45.5618],[-122.8725,45.56115],[-122.8725,45.56111],[-122.87256,45.55878],[-122.87256,45.55873],[-122.87296,45.55879],[-122.87298,45.55879],[-122.87383,45.55892],[-122.87471,45.55905],[-122.87516,45.55912],[-122.87532,45.55914],[-122.87588,45.55922],[-122.87618,45.55926],[-122.87723,45.55942],[-122.87839,45.55959],[-122.88038,45.55988],[-122.88247,45.56018],[-122.88259,45.5602],[-122.88264,45.56021],[-122.88273,45.56022],[-122.88299,45.56027],[-122.88317,45.56032],[-122.88323,45.56034],[-122.88326,45.56035],[-122.88341,45.5604],[-122.88356,45.56048],[-122.88384,45.56063],[-122.88393,45.56068],[-122.88404,45.56074],[-122.88536,45.56148],[-122.88625,45.56199],[-122.88688,45.56234],[-122.8873,45.56258],[-122.88748,45.56268],[-122.88753,45.56271],[-122.88776,45.56284],[-122.8881,45.56304],[-122.88819,45.56309],[-122.89136,45.56487],[-122.89168,45.56504],[-122.89168,45.56504],[-122.89168,45.56504],[-122.89168,45.56505],[-122.89244,45.56547],[-122.89277,45.56565],[-122.89389,45.56627],[-122.89391,45.56628],[-122.89392,45.56628],[-122.89392,45.56628],[-122.89393,45.56628],[-122.89382,45.5664],[-122.89397,45.56648],[-122.89413,45.56656],[-122.89404,45.56669],[-122.89401,45.56672],[-122.89376,45.5671],[-122.89376,45.56711],[-122.89375,45.56711],[-122.89375,45.56711],[-122.89375,45.56711],[-122.89375,45.56711],[-122.89375,45.56712],[-122.89375,45.56712],[-122.89375,45.56712],[-122.89375,45.56712],[-122.89374,45.56712],[-122.89374,45.56713],[-122.89374,45.56713],[-122.89374,45.56713],[-122.89374,45.56713],[-122.89374,45.56713],[-122.89374,45.56714],[-122.89374,45.56714],[-122.89373,45.56714],[-122.89373,45.56714],[-122.89373,45.56714],[-122.89373,45.56715],[-122.89373,45.56715],[-122.89373,45.56715],[-122.89373,45.56715],[-122.89372,45.56715],[-122.89372,45.56716],[-122.89372,45.56716],[-122.89372,45.56716],[-122.89372,45.56716],[-122.89372,45.56716],[-122.89372,45.56717],[-122.89372,45.56717],[-122.89371,45.56717],[-122.89371,45.56717],[-122.89371,45.56717],[-122.89371,45.56718],[-122.89371,45.56718],[-122.89371,45.56718],[-122.89371,45.56718],[-122.8937,45.56718],[-122.8937,45.56719],[-122.8937,45.56719],[-122.8937,45.56719],[-122.8937,45.56719],[-122.8937,45.56719],[-122.8937,45.5672],[-122.8937,45.5672],[-122.89369,45.5672],[-122.89369,45.5672],[-122.89369,45.5672],[-122.89369,45.56721],[-122.89369,45.56721],[-122.89369,45.56721],[-122.89369,45.56721],[-122.89369,45.56721],[-122.89368,45.56722],[-122.89368,45.56722],[-122.89368,45.56722],[-122.89368,45.56722],[-122.89368,45.56722],[-122.89368,45.56723],[-122.89368,45.56723],[-122.89367,45.56723],[-122.89367,45.56723],[-122.89367,45.56723],[-122.89367,45.56724],[-122.89367,45.56724],[-122.89367,45.56724],[-122.89367,45.56724],[-122.89367,45.56724],[-122.89366,45.56725],[-122.89366,45.56725],[-122.89366,45.56725],[-122.89366,45.56725],[-122.89366,45.56725],[-122.89366,45.56726],[-122.89366,45.56726],[-122.89365,45.56726],[-122.89365,45.56726],[-122.89365,45.56726],[-122.89365,45.56727],[-122.89365,45.56727],[-122.89365,45.56727],[-122.89365,45.56727],[-122.89365,45.56727],[-122.89364,45.56728],[-122.89364,45.56728],[-122.89364,45.56728],[-122.89364,45.56728],[-122.89364,45.56728],[-122.89364,45.56729],[-122.89364,45.56729],[-122.89364,45.56729],[-122.89363,45.56729],[-122.89363,45.56729],[-122.89363,45.5673],[-122.89363,45.5673],[-122.89363,45.5673],[-122.89363,45.5673],[-122.89363,45.5673],[-122.89362,45.56731],[-122.89362,45.56731],[-122.89362,45.56731],[-122.89362,45.56731],[-122.89362,45.56731],[-122.89362,45.56732],[-122.89362,45.56732],[-122.89362,45.56732],[-122.89361,45.56732],[-122.89361,45.56732],[-122.89361,45.56732],[-122.89361,45.56733],[-122.89361,45.56733],[-122.89361,45.56733],[-122.89361,45.56733],[-122.8936,45.56733],[-122.8936,45.56734],[-122.8936,45.56734],[-122.8936,45.56734],[-122.8936,45.56734],[-122.8936,45.56734],[-122.8936,45.56735],[-122.8936,45.56735],[-122.89359,45.56735],[-122.89359,45.56735],[-122.89359,45.56735],[-122.89359,45.56736],[-122.89359,45.56736],[-122.89359,45.56736],[-122.89359,45.56736],[-122.89358,45.56736],[-122.89358,45.56737],[-122.89358,45.56737],[-122.89358,45.56737],[-122.89358,45.56737],[-122.89358,45.56737],[-122.89358,45.56738],[-122.89358,45.56738],[-122.89357,45.56738],[-122.89357,45.56738],[-122.89357,45.56738],[-122.89357,45.56739],[-122.89357,45.56739],[-122.89357,45.56739],[-122.89357,45.56739],[-122.89356,45.56739],[-122.89356,45.5674],[-122.89356,45.5674],[-122.89356,45.5674],[-122.89356,45.5674],[-122.89356,45.5674],[-122.89356,45.56741],[-122.89356,45.56741],[-122.89355,45.56741],[-122.89355,45.56741],[-122.89355,45.56741],[-122.89355,45.56742],[-122.89355,45.56742],[-122.89355,45.56742],[-122.89355,45.56742],[-122.89354,45.56742],[-122.89354,45.56743],[-122.89354,45.56743],[-122.89354,45.56743],[-122.89354,45.56743],[-122.89354,45.56743],[-122.89354,45.56744],[-122.89354,45.56744],[-122.89353,45.56744],[-122.89353,45.56744],[-122.89353,45.56744],[-122.89353,45.56745],[-122.89353,45.56745],[-122.89353,45.56745],[-122.89353,45.56745],[-122.89352,45.56745],[-122.89352,45.56746],[-122.89352,45.56746],[-122.89352,45.56746],[-122.89352,45.56746],[-122.89352,45.56746],[-122.89352,45.56747],[-122.89352,45.56747],[-122.89351,45.56747],[-122.89351,45.56747],[-122.89351,45.56747],[-122.89351,45.56748],[-122.89351,45.56748],[-122.89351,45.56748],[-122.89351,45.56748],[-122.8935,45.56748],[-122.8935,45.56749],[-122.8935,45.56749],[-122.8935,45.56749],[-122.8935,45.56749],[-122.8935,45.56749],[-122.8935,45.5675],[-122.8935,45.5675],[-122.89349,45.5675],[-122.89349,45.5675],[-122.89349,45.5675],[-122.89349,45.56751],[-122.89349,45.56751],[-122.89349,45.56751],[-122.89349,45.56751],[-122.89348,45.56751],[-122.89348,45.56752],[-122.89348,45.56752],[-122.89348,45.56752],[-122.89348,45.56752],[-122.89348,45.56752],[-122.89348,45.56753],[-122.89347,45.56753],[-122.89347,45.56753],[-122.89347,45.56753],[-122.89347,45.56753],[-122.89347,45.56754],[-122.89347,45.56754],[-122.89347,45.56754],[-122.89347,45.56754],[-122.89346,45.56754],[-122.89346,45.56755],[-122.89346,45.56755],[-122.89346,45.56755],[-122.89346,45.56755],[-122.89346,45.56755],[-122.89346,45.56756],[-122.89345,45.56756],[-122.89345,45.56756],[-122.89345,45.56756],[-122.89345,45.56756],[-122.89345,45.56757],[-122.89345,45.56757],[-122.89345,45.56757],[-122.89345,45.56757],[-122.89344,45.56757],[-122.89344,45.56758],[-122.89344,45.56758],[-122.89344,45.56758],[-122.89344,45.56758],[-122.89344,45.56758],[-122.89344,45.56759],[-122.89343,45.56759],[-122.89343,45.56759],[-122.89343,45.56759],[-122.89343,45.56759],[-122.89343,45.5676],[-122.89343,45.5676],[-122.89343,45.5676],[-122.89342,45.5676],[-122.89342,45.5676],[-122.89342,45.56761],[-122.89342,45.56761],[-122.89342,45.56761],[-122.89342,45.56761],[-122.89342,45.56761],[-122.89342,45.56761],[-122.89341,45.56762],[-122.89341,45.56762],[-122.89341,45.56762],[-122.89341,45.56762],[-122.89341,45.56762],[-122.89341,45.56763],[-122.89341,45.56763],[-122.8934,45.56763],[-122.8934,45.56763],[-122.8934,45.56763],[-122.8934,45.56764],[-122.8934,45.56764],[-122.8934,45.56764],[-122.8934,45.56764],[-122.89339,45.56764],[-122.89339,45.56765],[-122.89339,45.56765],[-122.89339,45.56765],[-122.89339,45.56765],[-122.89339,45.56765],[-122.89339,45.56766],[-122.89339,45.56766],[-122.89338,45.56766],[-122.89338,45.56766],[-122.89338,45.56766],[-122.89338,45.56767],[-122.89338,45.56767],[-122.89338,45.56767],[-122.89338,45.56767],[-122.89337,45.56767],[-122.89337,45.56768],[-122.89337,45.56768],[-122.89337,45.56768],[-122.89337,45.56768],[-122.89337,45.56768],[-122.89337,45.56769],[-122.89336,45.56769],[-122.89336,45.56769],[-122.89336,45.56769],[-122.89336,45.56769],[-122.89336,45.5677],[-122.89336,45.5677],[-122.89336,45.5677],[-122.89335,45.5677],[-122.89335,45.5677],[-122.89335,45.56771],[-122.89335,45.56771],[-122.89335,45.56771],[-122.89335,45.56771],[-122.89335,45.56771],[-122.89334,45.56772],[-122.89334,45.56772],[-122.89334,45.56772],[-122.89334,45.56772],[-122.89334,45.56772],[-122.89334,45.56773],[-122.89334,45.56773],[-122.89334,45.56773],[-122.89333,45.56773],[-122.89333,45.56773],[-122.89333,45.56774],[-122.89333,45.56774],[-122.89333,45.56774],[-122.89333,45.56774],[-122.89333,45.56774],[-122.89332,45.56775],[-122.89332,45.56775],[-122.89332,45.56775],[-122.89332,45.56775],[-122.89332,45.56775],[-122.89332,45.56775],[-122.89332,45.56776],[-122.89331,45.56776],[-122.89331,45.56776],[-122.89331,45.56776],[-122.89331,45.56776],[-122.89331,45.56777],[-122.89331,45.56777],[-122.89331,45.56777],[-122.8933,45.56777],[-122.8933,45.56777],[-122.8933,45.56778],[-122.8933,45.56778],[-122.8933,45.56778],[-122.8933,45.56778],[-122.8933,45.56778],[-122.89329,45.56779],[-122.89329,45.56779],[-122.89329,45.56779],[-122.89329,45.56779],[-122.89329,45.56779],[-122.89329,45.5678],[-122.89329,45.5678],[-122.89328,45.5678],[-122.89328,45.5678],[-122.89328,45.5678],[-122.89328,45.56781],[-122.89328,45.56781],[-122.89328,45.56781],[-122.89328,45.56781],[-122.89327,45.56781],[-122.89327,45.56782],[-122.89327,45.56782],[-122.89327,45.56782],[-122.89327,45.56782],[-122.89327,45.56782],[-122.89327,45.56783],[-122.89326,45.56783],[-122.89326,45.56783],[-122.89326,45.56783],[-122.89326,45.56783],[-122.89326,45.56784],[-122.89326,45.56784],[-122.89326,45.56784],[-122.89325,45.56784],[-122.89325,45.56784],[-122.89325,45.56785],[-122.89325,45.56785],[-122.89325,45.56785],[-122.89325,45.56785],[-122.89325,45.56785],[-122.89325,45.56786],[-122.89324,45.56786],[-122.89324,45.56786],[-122.89324,45.56786],[-122.89324,45.56786],[-122.89324,45.56786],[-122.89324,45.56787],[-122.89324,45.56787],[-122.89323,45.56787],[-122.89323,45.56787],[-122.89323,45.56787],[-122.89323,45.56788],[-122.89323,45.56788],[-122.89323,45.56788],[-122.89322,45.56788],[-122.89322,45.56788],[-122.89322,45.56789],[-122.89322,45.56789],[-122.89322,45.56789],[-122.89322,45.56789],[-122.89322,45.56789],[-122.89321,45.5679],[-122.89321,45.5679],[-122.89321,45.5679],[-122.89321,45.5679],[-122.89321,45.5679],[-122.89321,45.56791],[-122.89321,45.56791],[-122.8932,45.56791],[-122.8932,45.56791],[-122.8932,45.56791],[-122.8932,45.56792],[-122.8932,45.56792],[-122.8932,45.56792],[-122.8932,45.56792],[-122.89319,45.56792],[-122.89319,45.56793],[-122.89319,45.56793],[-122.89319,45.56793],[-122.89319,45.56793],[-122.89319,45.56793],[-122.89319,45.56794],[-122.89318,45.56794],[-122.89318,45.56794],[-122.89318,45.56794],[-122.89318,45.56794],[-122.89318,45.56794],[-122.89318,45.56795],[-122.89318,45.56795],[-122.89317,45.56795],[-122.89317,45.56795],[-122.89317,45.56795],[-122.89317,45.56796],[-122.89317,45.56796],[-122.89317,45.56796],[-122.89317,45.56796],[-122.89316,45.56796],[-122.89316,45.56797],[-122.89316,45.56797],[-122.89316,45.56797],[-122.89316,45.56797],[-122.89316,45.56797],[-122.89316,45.56798],[-122.89315,45.56798],[-122.89315,45.56798],[-122.89315,45.56798],[-122.89315,45.56798],[-122.89315,45.56799],[-122.89315,45.56799],[-122.89315,45.56799],[-122.89314,45.56799],[-122.89314,45.56799],[-122.89314,45.568],[-122.89314,45.568],[-122.89314,45.568],[-122.89314,45.568],[-122.89313,45.568],[-122.89313,45.56801],[-122.89313,45.56801],[-122.89313,45.56801],[-122.89313,45.56801],[-122.89313,45.56801],[-122.89313,45.56801],[-122.89312,45.56802],[-122.89312,45.56802],[-122.89312,45.56802],[-122.89312,45.56802],[-122.89312,45.56802],[-122.89312,45.56803],[-122.89312,45.56803],[-122.89311,45.56803],[-122.89311,45.56803],[-122.89311,45.56803],[-122.89311,45.56804],[-122.89311,45.56804],[-122.89311,45.56804],[-122.89311,45.56804],[-122.8931,45.56804],[-122.8931,45.56805],[-122.8931,45.56805],[-122.8931,45.56805],[-122.8931,45.56805],[-122.8931,45.56805],[-122.89309,45.56806],[-122.89309,45.56806],[-122.89309,45.56806],[-122.89309,45.56806],[-122.89309,45.56806],[-122.89309,45.56807],[-122.89309,45.56807],[-122.89308,45.56807],[-122.89308,45.56807],[-122.89308,45.56807],[-122.89308,45.56807],[-122.89308,45.56808],[-122.89308,45.56808],[-122.89308,45.56808],[-122.89307,45.56808],[-122.89307,45.56808],[-122.89307,45.56809],[-122.89306,45.5681],[-122.89295,45.56824],[-122.89296,45.56824],[-122.89521,45.56824],[-122.89564,45.56824],[-122.89524,45.56717],[-122.89721,45.56718],[-122.89731,45.56718],[-122.89741,45.56718],[-122.89877,45.56718],[-122.89876,45.56748],[-122.89874,45.56816],[-122.89872,45.56874],[-122.89871,45.56922],[-122.8987,45.56933],[-122.8987,45.56955],[-122.8987,45.5697],[-122.8987,45.56988],[-122.89872,45.57027],[-122.89873,45.57047],[-122.89875,45.57071],[-122.89838,45.57055],[-122.89852,45.57038],[-122.89851,45.56995],[-122.8985,45.56965],[-122.89732,45.56965],[-122.89732,45.57008],[-122.89732,45.57032],[-122.8975,45.5704],[-122.89773,45.57051],[-122.89796,45.57061],[-122.89853,45.57085],[-122.89877,45.57096],[-122.89918,45.57114],[-122.89917,45.57101],[-122.89917,45.57101],[-122.89994,45.57135],[-122.90037,45.57153],[-122.90233,45.57242],[-122.90279,45.57262],[-122.90355,45.57292],[-122.90389,45.57302],[-122.90416,45.57307],[-122.90478,45.57316],[-122.90587,45.5733],[-122.90651,45.5734],[-122.90717,45.57358],[-122.90866,45.57405],[-122.90868,45.57406],[-122.91027,45.57457],[-122.91188,45.57507],[-122.91199,45.57511],[-122.91203,45.57505],[-122.91212,45.57462],[-122.9122,45.57423],[-122.91233,45.57363],[-122.91252,45.57271],[-122.91252,45.57272],[-122.91252,45.57272],[-122.91418,45.57271],[-122.91422,45.57271],[-122.91443,45.57271],[-122.91443,45.57271],[-122.91411,45.57437],[-122.91389,45.5755],[-122.9134,45.57545],[-122.91313,45.57538],[-122.91295,45.57535],[-122.91262,45.57524],[-122.91253,45.57521],[-122.91203,45.57505],[-122.91203,45.57505],[-122.91199,45.57511],[-122.91201,45.57511],[-122.91201,45.57511],[-122.91202,45.57511],[-122.91212,45.57515],[-122.91218,45.57516],[-122.91246,45.57525],[-122.91277,45.57535],[-122.91319,45.57547],[-122.91326,45.57548],[-122.91354,45.57554],[-122.91365,45.57555],[-122.91389,45.57558],[-122.91442,45.57561],[-122.91453,45.57562],[-122.91542,45.57565],[-122.91719,45.57573],[-122.91724,45.57573],[-122.91892,45.5758],[-122.91892,45.5758],[-122.91893,45.5758],[-122.91895,45.57571],[-122.91899,45.57561],[-122.91955,45.57431],[-122.91966,45.57405],[-122.91988,45.57353],[-122.92023,45.57272],[-122.92023,45.57272],[-122.92025,45.57272],[-122.92061,45.57272],[-122.92106,45.57272],[-122.92118,45.57272],[-122.92142,45.57273],[-122.9217,45.57273],[-122.92178,45.57273],[-122.92202,45.57273],[-122.9223,45.57273],[-122.9223,45.57273],[-122.92244,45.57274],[-122.92258,45.57274],[-122.92275,45.57274],[-122.92297,45.57274],[-122.92294,45.57282],[-122.92286,45.573],[-122.92309,45.57305],[-122.92323,45.57275],[-122.92323,45.57273],[-122.92332,45.57253],[-122.92341,45.57231],[-122.9235,45.57208],[-122.9235,45.57208],[-122.92357,45.57193],[-122.92365,45.57175],[-122.92373,45.57158],[-122.9238,45.57141],[-122.92387,45.57125],[-122.92391,45.57117],[-122.92395,45.57107],[-122.92405,45.57085],[-122.92411,45.57072],[-122.92414,45.57066],[-122.9242,45.57067],[-122.92423,45.57059],[-122.92436,45.57031],[-122.9246,45.56975],[-122.92462,45.56974],[-122.92468,45.56968],[-122.92474,45.56966],[-122.92476,45.56961],[-122.92496,45.56944],[-122.92545,45.56911],[-122.92602,45.56888],[-122.92656,45.56863],[-122.9273,45.56827],[-122.92773,45.56798],[-122.92816,45.56763],[-122.92852,45.56733],[-122.92889,45.56707],[-122.92909,45.56681],[-122.92916,45.56672],[-122.92935,45.56686],[-122.93184,45.56873],[-122.93186,45.56869],[-122.93188,45.56866],[-122.9319,45.56861],[-122.93273,45.56696],[-122.93273,45.56696],[-122.93157,45.56652],[-122.93016,45.56602],[-122.93011,45.56583],[-122.92984,45.56577],[-122.92967,45.56575],[-122.92918,45.56574],[-122.92855,45.56573],[-122.92803,45.56572],[-122.92752,45.56571],[-122.92722,45.56571],[-122.92689,45.5657],[-122.9265,45.56569],[-122.92615,45.56573],[-122.92614,45.56573],[-122.92614,45.56568],[-122.92614,45.56562],[-122.92615,45.56546],[-122.92615,45.56546],[-122.92616,45.56546],[-122.92616,45.56546],[-122.92616,45.56545],[-122.92616,45.56545],[-122.92618,45.56545],[-122.92618,45.56545],[-122.92618,45.56545],[-122.92641,45.56544],[-122.92642,45.56534],[-122.92647,45.56527],[-122.92646,45.5645],[-122.92645,45.56412],[-122.92645,45.56378],[-122.92644,45.56347],[-122.92644,45.56325],[-122.92645,45.56296],[-122.92646,45.56234],[-122.92646,45.56213],[-122.92646,45.56199],[-122.92647,45.56178],[-122.92741,45.56179],[-122.92907,45.5618],[-122.9307,45.56181],[-122.9309,45.56181],[-122.93175,45.56181],[-122.93257,45.56182],[-122.93253,45.56397],[-122.93403,45.564],[-122.934,45.56581],[-122.9325,45.56579],[-122.9325,45.5659],[-122.93241,45.56608],[-122.93255,45.56652],[-122.93273,45.56696]],[[-122.91385,45.56551],[-122.9139,45.56551],[-122.9139,45.56551],[-122.91385,45.56551]],[[-122.84794,45.34611],[-122.84794,45.34611],[-122.84834,45.34611],[-122.84834,45.34611],[-122.84815,45.34611],[-122.84794,45.34611]],[[-122.78491,45.3322],[-122.7849,45.33183],[-122.7849,45.33185],[-122.78491,45.3322]],[[-122.83642,45.40401],[-122.83642,45.40401],[-122.83642,45.4048],[-122.83642,45.4048],[-122.83642,45.40407],[-122.83642,45.40401]],[[-122.99264,45.51275],[-122.99256,45.51275],[-122.99256,45.51282],[-122.99272,45.51282],[-122.9929,45.51282],[-122.99307,45.5128],[-122.99306,45.51275],[-122.99295,45.51275],[-122.99284,45.51275],[-122.99264,45.51275]],[[-122.85489,45.57394],[-122.85489,45.57398],[-122.85579,45.57397],[-122.85654,45.57397],[-122.85723,45.57397],[-122.85723,45.57392],[-122.85673,45.57393],[-122.85647,45.57393],[-122.85614,45.57393],[-122.85489,45.57394]],[[-122.93687,45.55119],[-122.93687,45.55119],[-122.93687,45.55119],[-122.93687,45.55119],[-122.93687,45.55119],[-122.93686,45.55119],[-122.93686,45.55119],[-122.93686,45.55119],[-122.93686,45.55119],[-122.93686,45.55119],[-122.93686,45.55119],[-122.93685,45.55119],[-122.93685,45.55119],[-122.93685,45.55119],[-122.93685,45.55119],[-122.93685,45.55119],[-122.93685,45.5512],[-122.93684,45.5512],[-122.93684,45.5512],[-122.93684,45.5512],[-122.93684,45.5512],[-122.93684,45.5512],[-122.93683,45.5512],[-122.93683,45.5512],[-122.93683,45.5512],[-122.93683,45.5512],[-122.93683,45.5512],[-122.93683,45.5512],[-122.93682,45.5512],[-122.93682,45.5512],[-122.93682,45.55153],[-122.93682,45.55153],[-122.93687,45.55153],[-122.9369,45.55154],[-122.93726,45.55154],[-122.93727,45.5512],[-122.93688,45.55119],[-122.93687,45.55119]],[[-122.99661,45.54414],[-122.99647,45.54414],[-122.99646,45.54438],[-122.99677,45.54439],[-122.99707,45.54439],[-122.99709,45.54439],[-122.99709,45.54414],[-122.99686,45.54414],[-122.99678,45.54414],[-122.99661,45.54414],[-122.99661,45.54414]],[[-122.84796,45.5737],[-122.84851,45.5737],[-122.84851,45.57337],[-122.84796,45.57337],[-122.84796,45.5737]],[[-122.8584,45.34606],[-122.85849,45.34604],[-122.85851,45.34603],[-122.85865,45.34599],[-122.85865,45.34599],[-122.85866,45.34599],[-122.85866,45.34599],[-122.85866,45.34599],[-122.85962,45.34569],[-122.85976,45.34565],[-122.85989,45.34561],[-122.85995,45.34559],[-122.85995,45.34559],[-122.85939,45.34558],[-122.85781,45.34606],[-122.85834,45.34607],[-122.85838,45.34607],[-122.85838,45.34607],[-122.8584,45.34606]],[[-122.85275,45.56363],[-122.85273,45.56304],[-122.85273,45.56295],[-122.85238,45.56294],[-122.85219,45.56299],[-122.85218,45.56299],[-122.85219,45.56311],[-122.85219,45.56347],[-122.85218,45.56363],[-122.85275,45.56363]],[[-122.75235,45.32143],[-122.75176,45.32143],[-122.75176,45.32164],[-122.75176,45.32223],[-122.75235,45.32223],[-122.75235,45.32143]],[[-123.07595,45.51691],[-123.07595,45.51691],[-123.07595,45.51696],[-123.07595,45.51705],[-123.07595,45.51735],[-123.07595,45.51743],[-123.07721,45.5174],[-123.07721,45.5174],[-123.07721,45.51739],[-123.07721,45.51691],[-123.07621,45.51691],[-123.07606,45.51691],[-123.07595,45.51691]],[[-122.91359,45.49152],[-122.91262,45.49151],[-122.91261,45.49199],[-122.9126,45.49226],[-122.91357,45.49227],[-122.91358,45.492],[-122.91359,45.49152]],[[-122.78509,45.33915],[-122.78501,45.33915],[-122.78502,45.34024],[-122.78502,45.34024],[-122.78503,45.34024],[-122.7851,45.34024],[-122.78524,45.34023],[-122.78541,45.34007],[-122.78571,45.33984],[-122.78601,45.33959],[-122.78634,45.33933],[-122.78657,45.33915],[-122.78652,45.33915],[-122.78571,45.33915],[-122.78515,45.33915],[-122.78509,45.33915]],[[-122.95254,45.55271],[-122.95102,45.55271],[-122.95102,45.55314],[-122.95102,45.55337],[-122.95102,45.55337],[-122.95182,45.55338],[-122.95269,45.55338],[-122.9527,45.55338],[-122.9527,45.55314],[-122.95269,45.55271],[-122.95269,45.55271],[-122.95265,45.55271],[-122.95254,45.55271]],[[-122.86616,45.56262],[-122.86616,45.56292],[-122.86616,45.56316],[-122.86609,45.56316],[-122.8658,45.56316],[-122.8658,45.56298],[-122.86569,45.563],[-122.86561,45.56302],[-122.86561,45.5639],[-122.86561,45.56407],[-122.86617,45.56407],[-122.86617,45.56404],[-122.86617,45.56383],[-122.86675,45.56383],[-122.86674,45.56288],[-122.86674,45.56272],[-122.86674,45.5625],[-122.86616,45.56262]],[[-122.85323,45.42486],[-122.85182,45.42486],[-122.85182,45.42501],[-122.85182,45.42573],[-122.85182,45.42579],[-122.85182,45.42579],[-122.8527,45.4258],[-122.85271,45.4258],[-122.853,45.4258],[-122.85307,45.4258],[-122.85318,45.42573],[-122.85318,45.42559],[-122.85319,45.42541],[-122.85322,45.42512],[-122.85323,45.42486]],[[-122.83734,45.57434],[-122.83735,45.57431],[-122.83738,45.57422],[-122.83741,45.57413],[-122.83741,45.57413],[-122.83742,45.57385],[-122.83523,45.57386],[-122.83523,45.57386],[-122.83522,45.57422],[-122.83521,45.57438],[-122.83674,45.57447],[-122.83673,45.57497],[-122.83673,45.57496],[-122.83674,45.57495],[-122.83675,45.57494],[-122.83676,45.57493],[-122.83677,45.57492],[-122.83678,45.57491],[-122.83679,45.5749],[-122.8368,45.57489],[-122.83681,45.57487],[-122.83682,45.57486],[-122.83684,45.57485],[-122.83685,45.57484],[-122.83686,45.57483],[-122.83687,45.57482],[-122.83689,45.57481],[-122.8369,45.5748],[-122.83691,45.57479],[-122.83702,45.57472],[-122.83704,45.57471],[-122.83705,45.57469],[-122.83707,45.57468],[-122.83708,45.57467],[-122.83709,45.57466],[-122.83711,45.57465],[-122.83712,45.57464],[-122.83713,45.57462],[-122.83715,45.57461],[-122.83716,45.5746],[-122.83717,45.57459],[-122.83718,45.57457],[-122.8372,45.57456],[-122.83721,45.57455],[-122.83722,45.57453],[-122.83723,45.57452],[-122.83724,45.57451],[-122.83725,45.57449],[-122.83726,45.57448],[-122.83727,45.57447],[-122.83728,45.57445],[-122.83729,45.57444],[-122.83729,45.57442],[-122.8373,45.57441],[-122.83731,45.5744],[-122.83732,45.57438],[-122.83732,45.57437],[-122.83733,45.57435],[-122.83734,45.57434]],[[-122.93833,45.55567],[-122.93834,45.55471],[-122.93801,45.55471],[-122.93674,45.55469],[-122.93674,45.55469],[-122.93674,45.55469],[-122.93672,45.55469],[-122.93671,45.55565],[-122.93672,45.55565],[-122.93672,45.55565],[-122.93833,45.55567]],[[-123.07643,45.51556],[-123.07644,45.51544],[-123.07644,45.51535],[-123.07644,45.51504],[-123.07621,45.51504],[-123.07597,45.51504],[-123.07598,45.51509],[-123.07598,45.51509],[-123.076,45.51514],[-123.076,45.51534],[-123.076,45.51544],[-123.076,45.51553],[-123.076,45.51565],[-123.07599,45.51581],[-123.07598,45.51599],[-123.07598,45.51605],[-123.07597,45.51609],[-123.07597,45.51633],[-123.07597,45.5164],[-123.07596,45.51658],[-123.07596,45.51674],[-123.07596,45.51674],[-123.07623,45.51674],[-123.07681,45.51674],[-123.07681,45.51677],[-123.07692,45.51677],[-123.0774,45.51677],[-123.0774,45.51667],[-123.0774,45.51666],[-123.0774,45.51666],[-123.07741,45.51623],[-123.07741,45.51613],[-123.07741,45.51611],[-123.07738,45.51611],[-123.07738,45.51609],[-123.07739,45.51599],[-123.07739,45.51581],[-123.07739,45.51577],[-123.07698,45.51577],[-123.07698,45.51565],[-123.07698,45.51557],[-123.07697,45.51556],[-123.07643,45.51556]],[[-122.90445,45.48605],[-122.90445,45.48618],[-122.90445,45.48618],[-122.90505,45.48618],[-122.90535,45.48619],[-122.90535,45.48615],[-122.90535,45.48612],[-122.90544,45.48376],[-122.90491,45.48376],[-122.90454,45.48376],[-122.90446,45.48583],[-122.90445,45.48605]],[[-122.75078,45.32164],[-122.75078,45.32128],[-122.75078,45.321],[-122.75078,45.32018],[-122.75078,45.3199],[-122.75078,45.31987],[-122.74991,45.31987],[-122.74979,45.31987],[-122.74979,45.31992],[-122.74979,45.32016],[-122.74979,45.32077],[-122.74979,45.32151],[-122.74979,45.32171],[-122.74979,45.32223],[-122.75078,45.32223],[-122.75078,45.32164]],[[-122.89387,45.48076],[-122.89375,45.48077],[-122.89371,45.48101],[-122.8936,45.48157],[-122.89359,45.48158],[-122.89371,45.48158],[-122.89375,45.48158],[-122.894,45.48158],[-122.89408,45.48158],[-122.89458,45.48157],[-122.89472,45.48157],[-122.89514,45.48156],[-122.89529,45.48156],[-122.89571,45.48156],[-122.89588,45.48156],[-122.896,45.48156],[-122.89622,45.48155],[-122.89629,45.48155],[-122.89633,45.48155],[-122.89634,45.48155],[-122.8971,45.48154],[-122.89714,45.48154],[-122.89712,45.48073],[-122.89626,45.48074],[-122.89597,45.48074],[-122.89524,45.48075],[-122.89393,45.48076],[-122.89387,45.48076]],[[-122.91964,45.49124],[-122.91944,45.49211],[-122.91944,45.49215],[-122.91944,45.49215],[-122.92066,45.49253],[-122.92069,45.49257],[-122.92123,45.49275],[-122.92124,45.49281],[-122.92142,45.49281],[-122.92145,45.49279],[-122.92147,45.49265],[-122.92151,45.49253],[-122.92166,45.49246],[-122.92175,45.49241],[-122.9219,45.49238],[-122.92204,45.49227],[-122.92225,45.49219],[-122.92235,45.4921],[-122.92248,45.49197],[-122.92253,45.49194],[-122.9227,45.49183],[-122.92289,45.4917],[-122.92322,45.49154],[-122.92387,45.49137],[-122.92401,45.49131],[-122.92389,45.49131],[-122.92329,45.49131],[-122.92269,45.49131],[-122.92189,45.49131],[-122.92192,45.49135],[-122.9214,45.49182],[-122.91972,45.49127],[-122.91964,45.49124]],[[-122.84254,45.56919],[-122.84292,45.56919],[-122.84292,45.56919],[-122.84432,45.56919],[-122.84432,45.56919],[-122.84432,45.56924],[-122.84447,45.56925],[-122.84526,45.56926],[-122.84686,45.56926],[-122.84715,45.56925],[-122.84715,45.5692],[-122.84692,45.5692],[-122.84447,45.56919],[-122.84447,45.56918],[-122.84447,45.56918],[-122.84447,45.56757],[-122.8443,45.56757],[-122.84254,45.56757],[-122.84254,45.56919]],[[-122.92245,45.56783],[-122.92173,45.56946],[-122.92302,45.56946],[-122.92376,45.56947],[-122.92376,45.5694],[-122.92402,45.5694],[-122.9241,45.5694],[-122.92418,45.56941],[-122.92423,45.56941],[-122.92426,45.56942],[-122.92434,45.56943],[-122.92441,45.56945],[-122.92443,45.56942],[-122.9245,45.56925],[-122.92453,45.56918],[-122.9248,45.56853],[-122.92487,45.56835],[-122.92407,45.56818],[-122.92313,45.56798],[-122.92245,45.56783]],[[-122.91806,45.49533],[-122.9181,45.49534],[-122.91818,45.49496],[-122.91819,45.49494],[-122.91834,45.49484],[-122.9186,45.49466],[-122.91883,45.49451],[-122.9189,45.49446],[-122.91892,45.49436],[-122.91895,45.49425],[-122.91895,45.49423],[-122.91905,45.49383],[-122.91905,45.49383],[-122.91904,45.49383],[-122.9183,45.49382],[-122.91561,45.49378],[-122.9156,45.49395],[-122.9156,45.49412],[-122.91558,45.49467],[-122.91558,45.49483],[-122.91558,45.49484],[-122.91558,45.49484],[-122.91558,45.49484],[-122.91645,45.49501],[-122.9167,45.49506],[-122.91776,45.49527],[-122.91804,45.49533],[-122.91806,45.49533]],[[-122.89714,45.48277],[-122.89714,45.48202],[-122.89714,45.48171],[-122.89714,45.48164],[-122.89714,45.4816],[-122.89604,45.48161],[-122.89376,45.48163],[-122.89371,45.48163],[-122.8937,45.48163],[-122.89358,45.48163],[-122.89358,45.48166],[-122.89357,45.48169],[-122.89357,45.4817],[-122.89339,45.48258],[-122.89335,45.48283],[-122.89334,45.48283],[-122.89334,45.48286],[-122.89349,45.48286],[-122.89354,45.48286],[-122.89471,45.48285],[-122.89604,45.48284],[-122.89714,45.48284],[-122.89714,45.48277]],[[-122.82861,45.57488],[-122.82915,45.5739],[-122.82915,45.5739],[-122.82932,45.57358],[-122.82863,45.57338],[-122.82859,45.57337],[-122.8278,45.57314],[-122.82741,45.57303],[-122.82732,45.573],[-122.82717,45.57295],[-122.82644,45.57274],[-122.82636,45.57272],[-122.82629,45.57269],[-122.82629,45.57269],[-122.8263,45.57333],[-122.8263,45.57391],[-122.82632,45.5748],[-122.82811,45.57479],[-122.82811,45.57479],[-122.82811,45.57479],[-122.82811,45.57479],[-122.82811,45.57479],[-122.82811,45.57479],[-122.82812,45.57479],[-122.82812,45.57479],[-122.82812,45.57479],[-122.82812,45.57479],[-122.82812,45.57479],[-122.82812,45.57479],[-122.82813,45.57479],[-122.82813,45.57479],[-122.82813,45.57479],[-122.82813,45.57479],[-122.82813,45.57479],[-122.82814,45.57479],[-122.82814,45.57479],[-122.82814,45.57479],[-122.82814,45.57479],[-122.82814,45.57479],[-122.82815,45.57479],[-122.82815,45.57479],[-122.82815,45.57479],[-122.82815,45.57479],[-122.82815,45.57479],[-122.82816,45.57479],[-122.82816,45.57479],[-122.82816,45.57479],[-122.82816,45.57479],[-122.82816,45.57479],[-122.82817,45.57479],[-122.82817,45.57479],[-122.82817,45.57479],[-122.82817,45.57479],[-122.82817,45.57479],[-122.82818,45.57479],[-122.82818,45.57479],[-122.82818,45.57479],[-122.82818,45.57479],[-122.82818,45.57479],[-122.82819,45.57479],[-122.82819,45.57479],[-122.82819,45.57479],[-122.82819,45.57479],[-122.82819,45.57479],[-122.8282,45.57479],[-122.8282,45.57479],[-122.8282,45.57479],[-122.8282,45.57479],[-122.8282,45.57479],[-122.8282,45.57479],[-122.82821,45.57479],[-122.82821,45.57479],[-122.82821,45.57479],[-122.82821,45.57479],[-122.82821,45.57479],[-122.82822,45.57479],[-122.82822,45.57479],[-122.82822,45.57479],[-122.82822,45.57479],[-122.82822,45.57479],[-122.82823,45.57479],[-122.82823,45.57479],[-122.82823,45.57479],[-122.82823,45.57479],[-122.82823,45.57479],[-122.82824,45.57479],[-122.82824,45.57479],[-122.82824,45.57479],[-122.82824,45.57479],[-122.82824,45.57479],[-122.82825,45.5748],[-122.82825,45.5748],[-122.82825,45.5748],[-122.82825,45.5748],[-122.82825,45.5748],[-122.82826,45.5748],[-122.82826,45.5748],[-122.82826,45.5748],[-122.82826,45.5748],[-122.82826,45.5748],[-122.82826,45.5748],[-122.82827,45.5748],[-122.82827,45.5748],[-122.82827,45.5748],[-122.82827,45.5748],[-122.82827,45.5748],[-122.82828,45.5748],[-122.82828,45.5748],[-122.82828,45.5748],[-122.82828,45.5748],[-122.82828,45.5748],[-122.82829,45.5748],[-122.82829,45.5748],[-122.82829,45.5748],[-122.82829,45.5748],[-122.82829,45.5748],[-122.8283,45.5748],[-122.8283,45.5748],[-122.8283,45.5748],[-122.8283,45.5748],[-122.8283,45.5748],[-122.8283,45.5748],[-122.82831,45.5748],[-122.82831,45.5748],[-122.82831,45.5748],[-122.82831,45.5748],[-122.82831,45.5748],[-122.82832,45.5748],[-122.82832,45.57481],[-122.82832,45.57481],[-122.82832,45.57481],[-122.82832,45.57481],[-122.82833,45.57481],[-122.82833,45.57481],[-122.82833,45.57481],[-122.82833,45.57481],[-122.82833,45.57481],[-122.82834,45.57481],[-122.82834,45.57481],[-122.82834,45.57481],[-122.82834,45.57481],[-122.82834,45.57481],[-122.82834,45.57481],[-122.82835,45.57481],[-122.82835,45.57481],[-122.82835,45.57481],[-122.82835,45.57481],[-122.82835,45.57481],[-122.82836,45.57481],[-122.82836,45.57481],[-122.82836,45.57481],[-122.82836,45.57481],[-122.82836,45.57481],[-122.82837,45.57481],[-122.82837,45.57481],[-122.82837,45.57481],[-122.82837,45.57482],[-122.82837,45.57482],[-122.82837,45.57482],[-122.82838,45.57482],[-122.82838,45.57482],[-122.82838,45.57482],[-122.82838,45.57482],[-122.82838,45.57482],[-122.82839,45.57482],[-122.82839,45.57482],[-122.82839,45.57482],[-122.82839,45.57482],[-122.82839,45.57482],[-122.8284,45.57482],[-122.8284,45.57482],[-122.8284,45.57482],[-122.8284,45.57482],[-122.8284,45.57482],[-122.8284,45.57482],[-122.82841,45.57482],[-122.82841,45.57482],[-122.82841,45.57482],[-122.82841,45.57482],[-122.82841,45.57482],[-122.82842,45.57483],[-122.82842,45.57483],[-122.82842,45.57483],[-122.82842,45.57483],[-122.82842,45.57483],[-122.82842,45.57483],[-122.82843,45.57483],[-122.82843,45.57483],[-122.82843,45.57483],[-122.82843,45.57483],[-122.82843,45.57483],[-122.82844,45.57483],[-122.82844,45.57483],[-122.82844,45.57483],[-122.82844,45.57483],[-122.82844,45.57483],[-122.82844,45.57483],[-122.82845,45.57483],[-122.82845,45.57483],[-122.82845,45.57483],[-122.82845,45.57484],[-122.82861,45.57488],[-122.82861,45.57488]],[[-122.84918,45.42814],[-122.8492,45.42695],[-122.8492,45.42695],[-122.8491,45.42695],[-122.8491,45.42695],[-122.84901,45.42696],[-122.84892,45.42697],[-122.84882,45.42699],[-122.84873,45.427],[-122.84864,45.42701],[-122.84855,45.42703],[-122.84846,45.42705],[-122.84837,45.42706],[-122.84828,45.42708],[-122.84819,45.4271],[-122.8481,45.42712],[-122.84801,45.42714],[-122.84766,45.42724],[-122.84759,45.42716],[-122.84721,45.42673],[-122.84715,45.42678],[-122.84667,45.42727],[-122.84667,45.42731],[-122.84667,45.42744],[-122.84667,45.42747],[-122.84667,45.4276],[-122.84662,45.42764],[-122.84662,45.42767],[-122.84661,45.42833],[-122.84661,45.42855],[-122.8466,45.42937],[-122.8466,45.42963],[-122.8466,45.42966],[-122.8466,45.42968],[-122.84659,45.42974],[-122.84917,45.42973],[-122.84918,45.42814]],[[-122.91921,45.56728],[-122.92307,45.5673],[-122.92308,45.56595],[-122.92347,45.56596],[-122.92348,45.56555],[-122.92348,45.56554],[-122.92341,45.56554],[-122.92323,45.56554],[-122.92309,45.56554],[-122.92252,45.56554],[-122.92243,45.56554],[-122.92243,45.56554],[-122.92189,45.56554],[-122.92189,45.56554],[-122.92135,45.56554],[-122.92127,45.56554],[-122.92088,45.56553],[-122.91952,45.56553],[-122.91922,45.56553],[-122.91922,45.56553],[-122.91922,45.56553],[-122.91921,45.56728]],[[-122.83661,45.56936],[-122.8366,45.56935],[-122.83655,45.56938],[-122.83654,45.56937],[-122.83652,45.56937],[-122.83651,45.56936],[-122.83649,45.56936],[-122.83647,45.56936],[-122.83644,45.56937],[-122.8363,45.56939],[-122.83617,45.56942],[-122.83607,45.56945],[-122.8358,45.56952],[-122.83493,45.56952],[-122.83493,45.56978],[-122.83336,45.57027],[-122.83327,45.5703],[-122.83322,45.57033],[-122.83316,45.57037],[-122.83311,45.57041],[-122.83306,45.57046],[-122.83303,45.57051],[-122.833,45.57057],[-122.83298,45.57064],[-122.83297,45.5707],[-122.83297,45.57075],[-122.833,45.57083],[-122.83303,45.5709],[-122.83308,45.57097],[-122.83314,45.57102],[-122.83321,45.57107],[-122.83329,45.57111],[-122.83334,45.57113],[-122.83361,45.57122],[-122.83393,45.57132],[-122.83401,45.57134],[-122.8349,45.5716],[-122.83793,45.57159],[-122.83791,45.57141],[-122.83789,45.57124],[-122.83787,45.57116],[-122.83786,45.5711],[-122.83785,45.57104],[-122.83781,45.57092],[-122.83778,45.57084],[-122.83774,45.57076],[-122.83772,45.57071],[-122.83771,45.57068],[-122.83769,45.57064],[-122.83766,45.5706],[-122.83764,45.57056],[-122.83759,45.57048],[-122.83751,45.57036],[-122.83743,45.57023],[-122.83732,45.5701],[-122.83725,45.57001],[-122.83719,45.56994],[-122.83713,45.56988],[-122.837,45.56974],[-122.8369,45.56965],[-122.83682,45.56957],[-122.83674,45.56949],[-122.83666,45.56941],[-122.83661,45.56936]],[[-122.83821,45.57242],[-122.83821,45.57246],[-122.8382,45.5725],[-122.8382,45.57254],[-122.83819,45.57258],[-122.83818,45.57262],[-122.83817,45.57266],[-122.83816,45.5727],[-122.83814,45.57274],[-122.83813,45.57278],[-122.83794,45.57332],[-122.83794,45.57332],[-122.84088,45.57332],[-122.84088,45.57421],[-122.84178,45.5742],[-122.84294,45.5742],[-122.84294,45.57359],[-122.84294,45.57338],[-122.84576,45.57338],[-122.84576,45.57255],[-122.84516,45.57255],[-122.84435,45.57255],[-122.84355,45.57255],[-122.84294,45.57255],[-122.84294,45.57239],[-122.84216,45.57239],[-122.84178,45.57239],[-122.84088,45.57238],[-122.83822,45.57237],[-122.83822,45.57238],[-122.83821,45.57242]],[[-122.91368,45.56629],[-122.9135,45.56726],[-122.91342,45.56771],[-122.91339,45.56786],[-122.91326,45.56861],[-122.91304,45.56979],[-122.91294,45.57039],[-122.91254,45.57257],[-122.91253,45.57263],[-122.91253,45.57266],[-122.91253,45.57266],[-122.91415,45.57264],[-122.91422,45.57264],[-122.91453,45.5722],[-122.91475,45.57104],[-122.91477,45.57094],[-122.91505,45.56951],[-122.91505,45.56951],[-122.91505,45.56951],[-122.91505,45.56951],[-122.91572,45.56602],[-122.91602,45.56556],[-122.91603,45.56556],[-122.91603,45.56556],[-122.91581,45.56556],[-122.91578,45.56556],[-122.91484,45.56556],[-122.9145,45.56555],[-122.91385,45.56555],[-122.91384,45.56555],[-122.91384,45.56555],[-122.91381,45.56556],[-122.91368,45.56629]],[[-122.89715,45.47858],[-122.89708,45.47656],[-122.8978,45.47656],[-122.89823,45.47657],[-122.89833,45.47657],[-122.89833,45.4765],[-122.89833,45.4765],[-122.89847,45.4765],[-122.89847,45.47648],[-122.89847,45.47648],[-122.89847,45.4765],[-122.9001,45.47651],[-122.90182,45.47652],[-122.90353,45.47652],[-122.90353,45.47649],[-122.90355,45.47649],[-122.90353,45.47649],[-122.90353,45.47649],[-122.90353,45.47649],[-122.90355,45.47509],[-122.90113,45.4751],[-122.90113,45.4738],[-122.8988,45.4738],[-122.89849,45.4738],[-122.89849,45.4739],[-122.89849,45.4743],[-122.89847,45.47507],[-122.89848,45.47521],[-122.89847,45.4764],[-122.89846,45.47648],[-122.89726,45.47648],[-122.897,45.47648],[-122.89692,45.47648],[-122.89629,45.47648],[-122.89482,45.47649],[-122.89458,45.47649],[-122.89448,45.47702],[-122.89443,45.47729],[-122.89441,45.47739],[-122.89438,45.47753],[-122.89437,45.47754],[-122.89432,45.4778],[-122.8943,45.47789],[-122.89417,45.47859],[-122.89417,45.47861],[-122.89428,45.47861],[-122.89428,45.47861],[-122.89434,45.47861],[-122.89464,45.47861],[-122.8953,45.47862],[-122.89549,45.47862],[-122.89693,45.47862],[-122.89701,45.47862],[-122.89705,45.47862],[-122.89715,45.47862],[-122.89715,45.47858],[-122.89715,45.47858]],[[-122.89184,45.49589],[-122.89185,45.49578],[-122.89189,45.49451],[-122.89193,45.49359],[-122.89195,45.49302],[-122.89198,45.49223],[-122.89203,45.49089],[-122.89203,45.49089],[-122.89203,45.49089],[-122.89206,45.49089],[-122.89206,45.49089],[-122.89209,45.49089],[-122.89211,45.49006],[-122.89212,45.48961],[-122.89212,45.48959],[-122.89213,45.48956],[-122.89213,45.48953],[-122.89213,45.4895],[-122.89214,45.48947],[-122.89214,45.48944],[-122.89215,45.48941],[-122.89215,45.48938],[-122.89233,45.4885],[-122.89281,45.48614],[-122.89282,45.48607],[-122.89283,45.48607],[-122.89329,45.48607],[-122.89329,45.48607],[-122.8938,45.48608],[-122.89415,45.48608],[-122.89525,45.48609],[-122.89528,45.48609],[-122.8962,45.4861],[-122.89667,45.4861],[-122.89691,45.48611],[-122.89809,45.48612],[-122.89868,45.48612],[-122.89868,45.48612],[-122.89876,45.48612],[-122.89876,45.48612],[-122.89953,45.48613],[-122.90129,45.48615],[-122.90197,45.48615],[-122.90206,45.48615],[-122.90266,45.48616],[-122.90326,45.48617],[-122.90328,45.48578],[-122.90267,45.48577],[-122.90275,45.48375],[-122.89833,45.48375],[-122.89833,45.48375],[-122.89831,45.48376],[-122.89722,45.48404],[-122.89694,45.48404],[-122.89604,45.48406],[-122.89528,45.48407],[-122.89326,45.48411],[-122.89326,45.48411],[-122.89327,45.4841],[-122.89322,45.4841],[-122.8931,45.4841],[-122.89308,45.4842],[-122.89304,45.48437],[-122.893,45.48461],[-122.89292,45.485],[-122.89274,45.48584],[-122.89272,45.48597],[-122.89243,45.48734],[-122.89232,45.48789],[-122.89202,45.4894],[-122.892,45.4895],[-122.89197,45.49016],[-122.89194,45.49094],[-122.89186,45.49248],[-122.89183,45.49338],[-122.89183,45.4936],[-122.89182,45.49383],[-122.89179,45.49585],[-122.89177,45.49594],[-122.89176,45.496],[-122.89174,45.49618],[-122.89173,45.4962],[-122.89172,45.49628],[-122.89176,45.4962],[-122.8918,45.4961],[-122.89182,45.49603],[-122.89184,45.49595],[-122.89184,45.49589]],[[-122.95277,45.55343],[-122.95284,45.55343],[-122.95285,45.55343],[-122.95278,45.55343],[-122.95277,45.55343],[-122.95269,45.55343],[-122.95102,45.55343],[-122.95102,45.5537],[-122.95102,45.55396],[-122.95102,45.55423],[-122.95102,45.55449],[-122.95102,45.55476],[-122.95069,45.55476],[-122.95001,45.55476],[-122.9476,45.55475],[-122.9476,45.55525],[-122.94742,45.55525],[-122.94742,45.55566],[-122.94741,45.55574],[-122.94741,45.55586],[-122.94728,45.55586],[-122.94713,45.55586],[-122.94702,45.55586],[-122.94702,45.55646],[-122.94701,45.55707],[-122.94701,45.55712],[-122.94701,45.55764],[-122.947,45.55868],[-122.947,45.55868],[-122.947,45.55877],[-122.947,45.55868],[-122.94995,45.55867],[-122.9527,45.55867],[-122.9527,45.55867],[-122.9527,45.55867],[-122.9527,45.55867],[-122.9527,45.55705],[-122.95263,45.55705],[-122.95263,45.55672],[-122.95263,45.55645],[-122.95268,45.55645],[-122.95268,45.55582],[-122.95268,45.55566],[-122.9527,45.55566],[-122.9527,45.5555],[-122.9527,45.55511],[-122.9527,45.55476],[-122.9527,45.55458],[-122.9527,45.55423],[-122.9527,45.55396],[-122.9527,45.5537],[-122.9527,45.55345],[-122.9527,45.55343],[-122.95277,45.55343]],[[-122.95838,45.55796],[-122.95838,45.55734],[-122.95838,45.55721],[-122.95838,45.55702],[-122.95837,45.5568],[-122.95837,45.55667],[-122.95837,45.55656],[-122.95837,45.55597],[-122.95763,45.55596],[-122.95728,45.55596],[-122.95728,45.55593],[-122.95679,45.55593],[-122.95561,45.55592],[-122.95561,45.55634],[-122.95467,45.55633],[-122.95467,45.55583],[-122.95387,45.55583],[-122.95321,45.55583],[-122.95285,45.55582],[-122.95286,45.55632],[-122.95286,45.55681],[-122.95286,45.5583],[-122.95288,45.5583],[-122.95288,45.55871],[-122.95286,45.55871],[-122.95286,45.5589],[-122.95286,45.56028],[-122.95286,45.56042],[-122.95286,45.56091],[-122.95286,45.56128],[-122.95501,45.56126],[-122.95501,45.56194],[-122.9556,45.56194],[-122.95837,45.56201],[-122.95838,45.56073],[-122.95838,45.55974],[-122.95838,45.55908],[-122.95838,45.5585],[-122.95838,45.55796]],[[-122.84155,45.40933],[-122.84155,45.40855],[-122.84412,45.40857],[-122.84668,45.40856],[-122.84667,45.40844],[-122.84661,45.40838],[-122.84655,45.40831],[-122.8465,45.40825],[-122.84646,45.40818],[-122.84642,45.4081],[-122.8464,45.40803],[-122.84638,45.40795],[-122.84637,45.40788],[-122.84636,45.40765],[-122.84567,45.40765],[-122.84296,45.40765],[-122.84154,45.40764],[-122.84154,45.40584],[-122.83907,45.40583],[-122.83899,45.40583],[-122.83889,45.40583],[-122.8368,45.40583],[-122.83642,45.40582],[-122.83642,45.40582],[-122.83642,45.40588],[-122.83642,45.40673],[-122.83643,45.40764],[-122.83643,45.40854],[-122.83643,45.40854],[-122.83643,45.40919],[-122.83643,45.40969],[-122.83643,45.41034],[-122.83643,45.41077],[-122.83643,45.41126],[-122.83697,45.41126],[-122.83876,45.41126],[-122.83949,45.41126],[-122.84036,45.41126],[-122.84156,45.41126],[-122.84156,45.41091],[-122.84155,45.41036],[-122.84155,45.40933]],[[-122.95853,45.55496],[-122.95853,45.55585],[-122.95853,45.55594],[-122.95853,45.55636],[-122.95853,45.5565],[-122.95853,45.55735],[-122.95869,45.55735],[-122.9596,45.55735],[-122.96068,45.55735],[-122.9619,45.55735],[-122.96313,45.55735],[-122.96313,45.55696],[-122.96313,45.55649],[-122.96313,45.55622],[-122.96313,45.55596],[-122.96312,45.55495],[-122.96312,45.55442],[-122.96312,45.55376],[-122.96312,45.55298],[-122.96312,45.5525],[-122.96314,45.55217],[-122.9632,45.55211],[-122.96337,45.55202],[-122.96354,45.55192],[-122.96368,45.55184],[-122.96382,45.55174],[-122.96395,45.55164],[-122.96407,45.55154],[-122.96419,45.55144],[-122.9643,45.55132],[-122.96438,45.55125],[-122.96442,45.5512],[-122.96447,45.55116],[-122.96452,45.55111],[-122.96457,45.55107],[-122.96462,45.55103],[-122.96467,45.55098],[-122.96473,45.55094],[-122.96478,45.5509],[-122.96483,45.55086],[-122.96489,45.55082],[-122.96495,45.55078],[-122.96501,45.55074],[-122.96507,45.55071],[-122.96513,45.55067],[-122.96519,45.55063],[-122.96525,45.5506],[-122.96531,45.55056],[-122.96538,45.55053],[-122.96544,45.55049],[-122.96551,45.55046],[-122.96557,45.55043],[-122.96564,45.5504],[-122.96571,45.55037],[-122.96576,45.55034],[-122.96579,45.55034],[-122.96583,45.55032],[-122.96586,45.55031],[-122.9659,45.55029],[-122.96593,45.55028],[-122.96597,45.55026],[-122.966,45.55025],[-122.96603,45.55024],[-122.96609,45.55022],[-122.96616,45.55019],[-122.96627,45.55016],[-122.96631,45.55011],[-122.96636,45.55002],[-122.96627,45.55002],[-122.96586,45.55002],[-122.9656,45.55003],[-122.96536,45.55003],[-122.96516,45.55003],[-122.96458,45.55003],[-122.9641,45.55004],[-122.964,45.55004],[-122.96383,45.55004],[-122.96372,45.55005],[-122.96303,45.55012],[-122.96295,45.55014],[-122.96282,45.55017],[-122.96249,45.55023],[-122.96225,45.55028],[-122.96223,45.55029],[-122.96217,45.55031],[-122.96186,45.55042],[-122.96139,45.55058],[-122.9611,45.55067],[-122.96038,45.55091],[-122.95978,45.55107],[-122.95915,45.55118],[-122.95884,45.55122],[-122.95873,45.55124],[-122.9584,45.55126],[-122.95834,45.55127],[-122.95794,45.55127],[-122.9564,45.55127],[-122.95643,45.55128],[-122.95654,45.5513],[-122.95669,45.55134],[-122.95684,45.55138],[-122.95692,45.55141],[-122.95705,45.55145],[-122.95719,45.5515],[-122.95733,45.55156],[-122.9574,45.55159],[-122.95754,45.55165],[-122.9576,45.55168],[-122.95773,45.55174],[-122.95777,45.55176],[-122.95786,45.55181],[-122.95796,45.55187],[-122.95798,45.55187],[-122.95805,45.55192],[-122.9581,45.55195],[-122.95816,45.55198],[-122.95822,45.55201],[-122.95828,45.55204],[-122.95833,45.55208],[-122.95837,45.55209],[-122.95845,45.55213],[-122.95845,45.55293],[-122.95845,45.55308],[-122.95845,45.55317],[-122.95845,45.55326],[-122.95845,45.55335],[-122.95845,45.55344],[-122.95845,45.55345],[-122.95845,45.55354],[-122.95845,45.55363],[-122.95845,45.5537],[-122.95845,45.55379],[-122.95845,45.55388],[-122.95845,45.55397],[-122.95853,45.55398],[-122.95853,45.55496]]]}}]}