{"type":"FeatureCollection","features":[{"type":"Feature","id":1,"geometry":{"type":"Polygon","coordinates":[[[-122.95510731899998,45.550322625000035],[-122.95511770499996,45.550332376000028],[-122.95512692799997,45.550340303000041],[-122.95519246199996,45.550401683000075],[-122.95520742399998,45.55041484000003],[-122.95521741799996,45.550422774000026],[-122.95523094799995,45.550432598000043],[-122.95524702899996,45.550443091000034],[-122.95526856099997,45.550455434000071],[-122.95528413699998,45.550463310000055],[-122.95530051199995,45.550470748000066],[-122.95531626999997,45.550477167000054],[-122.95532850099994,45.550481685000079],[-122.95534073999994,45.550485825000067],[-122.95535158199999,45.550489190000064],[-122.95536190099995,45.550492139000028],[-122.95537241999995,45.550494900000047],[-122.95538380699998,45.550497617000076],[-122.95539774899999,45.550500576000047],[-122.95541097199998,45.55050301600005],[-122.95542682399997,45.550505487000066],[-122.95543839099997,45.550506984000037],[-122.95544493399996,45.550507719000052],[-122.95545334199994,45.550508403000038],[-122.95546414999995,45.55050882200004],[-122.95547098099996,45.550508902000047],[-122.95547699299999,45.550508887000035],[-122.95548680099995,45.550508753000031],[-122.95549488799998,45.550508572000069],[-122.95550485999996,45.550508262000051],[-122.95551356099998,45.550507387000039],[-122.95552594199995,45.550506377000033],[-122.95553454199995,45.550505512000029],[-122.95554124399996,45.550504802000034],[-122.95555038899994,45.550503562000074],[-122.95556220199995,45.550501803000031],[-122.95557574599997,45.550499457000058],[-122.95558475499996,45.550497699000061],[-122.95559592499995,45.550495294000029],[-122.95560891399998,45.550492173000066],[-122.95561998399995,45.550489232000075],[-122.95563082899997,45.55048608900006],[-122.95564146099997,45.550482747000046],[-122.95565354199999,45.55047862300006],[-122.95566472199999,45.550474483000073],[-122.95567569099995,45.550470102000077],[-122.95568460299995,45.55046629800006],[-122.95569301699999,45.55046249600008],[-122.95570229499998,45.550458052000067],[-122.95571027199998,45.550454009000077],[-122.95571623199999,45.550450848000025],[-122.95573578299997,45.550440403000039],[-122.95582304099997,45.550394909000033],[-122.95602313199998,45.55029169800008],[-122.95645476699997,45.550068426000053],[-122.95664450499999,45.549970748000078],[-122.94830119299996,45.542025225000032],[-122.94811036299996,45.542123011000058],[-122.94780515599996,45.54228187800004],[-122.94769187699995,45.542340625000065],[-122.94769161999994,45.542340462000027],[-122.94768115899996,45.542345435000072],[-122.94766437999999,45.542352275000042],[-122.94764837999998,45.542357645000038],[-122.94763493099998,45.542361377000077],[-122.94762079399999,45.54236459100008],[-122.94760414899997,45.542367500000069],[-122.94758514899996,45.54236972700005],[-122.94756398599998,45.542370886000072],[-122.94754544499995,45.542370782000035],[-122.94752307599998,45.542369261000033],[-122.94750359799997,45.542366660000027],[-122.94749333799996,45.542364793000047],[-122.94746809199995,45.54235767800003],[-122.94745336799997,45.54235254200006],[-122.94743596799998,45.542345424000075],[-122.94741815699996,45.542336802000079],[-122.94740273699995,45.542328068000074],[-122.94739746499999,45.54232477000005],[-122.94738994599999,45.54231975700003],[-122.94738212599998,45.542314055000077],[-122.94737410499999,45.542308095000067],[-122.94737125999995,45.542305863000081],[-122.94576757399994,45.540780761000065],[-122.94573753199995,45.540752222000037],[-122.94571708599995,45.540730030000077],[-122.94569671699998,45.540709622000065],[-122.94567724599995,45.540690386000051],[-122.94565933999996,45.540668138000058],[-122.94564977099998,45.540642738000031],[-122.94564366599997,45.540619048000053],[-122.94564145099997,45.54060301800007],[-122.94564378599995,45.540578554000035],[-122.94564881499997,45.54055760600005],[-122.94565653699999,45.540540173000068],[-122.94568274299996,45.540500307000059],[-122.94754630999995,45.538916852000057],[-122.94755185599996,45.538912302000028],[-122.94755762399996,45.538907890000075],[-122.94756360699995,45.538903623000067],[-122.94756979599998,45.538899503000039],[-122.94757618499995,45.538895536000041],[-122.94758276699997,45.538891728000067],[-122.94758953299998,45.538888083000074],[-122.94759647299998,45.538884605000078],[-122.94760358299999,45.538881299000082],[-122.94761085099998,45.538878168000053],[-122.94761826999996,45.538875216000065],[-122.94762582899995,45.538872447000074],[-122.94763352199999,45.538869865000038],[-122.94764133699999,45.53886747100006],[-122.94764926499994,45.538865269000041],[-122.94765729799997,45.538863263000053],[-122.94766542499997,45.538861453000038],[-122.94767363599999,45.538859843000068],[-122.94768192199996,45.538858434000076],[-122.94769027199999,45.53885722800004],[-122.94769867799999,45.538856227000053],[-122.94770712599995,45.538855431000059],[-122.94771561099998,45.538854841000045],[-122.94772411799994,45.538854460000039],[-122.94773263999997,45.53885428500007],[-122.94774116399998,45.538854320000041],[-122.94774968199999,45.538854561000051],[-122.94775818299996,45.538855011000066],[-122.94776665699999,45.538855668000053],[-122.94777509299996,45.538856531000079],[-122.94778348099999,45.538857599000039],[-122.94779097199995,45.538858743000048],[-122.94779840299998,45.538860068000076],[-122.94780576299996,45.538861573000077],[-122.94781304399999,45.538863255000081],[-122.94782023899995,45.538865114000032],[-122.94782733799997,45.538867147000076],[-122.94783433299995,45.538869350000027],[-122.94784121599997,45.538871722000067],[-122.94784797599999,45.538874261000046],[-122.94785460899999,45.538876962000074],[-122.94786110499996,45.538879822000069],[-122.94786745499999,45.538882838000063],[-122.94787365399998,45.538886008000077],[-122.94787969399999,45.538889325000071],[-122.94788556499998,45.538892788000055],[-122.94789126399996,45.538896391000037],[-122.94789678099994,45.538900131000048],[-122.94790211099996,45.538904002000038],[-122.94790607199997,45.538900768000076],[-122.95928356499996,45.549735417000079],[-122.95975467099998,45.549491167000042],[-122.96047160499995,45.549123244000043],[-122.96048486099994,45.549115888000074],[-122.96049774599999,45.549108212000078],[-122.96051024499997,45.549100227000054],[-122.96052234199999,45.549091944000054],[-122.96053402499996,45.549083371000052],[-122.96054527599995,45.549074518000054],[-122.96055608499995,45.549065397000049],[-122.96056643899999,45.549056019000034],[-122.96057632299994,45.549046394000072],[-122.96058572799996,45.549036535000027],[-122.96059463999995,45.549026452000078],[-122.96060304999997,45.549016159000075],[-122.96061094799995,45.549005667000074],[-122.96061832299995,45.54899499000004],[-122.96062516799998,45.548984138000037],[-122.96063147499996,45.548973128000057],[-122.96063723299994,45.54896197000005],[-122.96064243899997,45.548950679000029],[-122.96064708399996,45.548939268000026],[-122.96065116599999,45.548927751000065],[-122.96065467599999,45.548916141000063],[-122.96065761199998,45.548904453000034],[-122.96065996999999,45.548892701000057],[-122.96066174799995,45.54888089800005],[-122.96066294299999,45.548869058000037],[-122.96066355299996,45.548857197000075],[-122.96066357799998,45.548845329000073],[-122.96066301699994,45.548833466000076],[-122.96066187399998,45.548821625000073],[-122.96066014599995,45.548809818000052],[-122.96065783699999,45.548798060000081],[-122.96065495099998,45.548786367000048],[-122.96065148799994,45.548774749000074],[-122.96064745699999,45.548763224000027],[-122.96064285999995,45.548751803000073],[-122.96063770099994,45.548740501000054],[-122.96063198899998,45.548729331000061],[-122.96062572999995,45.548718308000048],[-122.96061892999995,45.548707442000079],[-122.96058291099996,45.548659243000031],[-122.96057963099997,45.548655031000067],[-122.96057655699997,45.548650742000063],[-122.96057369399995,45.548646382000072],[-122.96057104399995,45.54864195600004],[-122.96056861299996,45.548637468000038],[-122.96056640099999,45.548632925000049],[-122.96056441199994,45.548628332000078],[-122.96056264799995,45.548623693000081],[-122.96056111299998,45.548619014000053],[-122.96055980499995,45.548614300000054],[-122.96055872699998,45.548609558000066],[-122.96055788199999,45.548604793000038],[-122.96055726999998,45.548600011000076],[-122.96055689099995,45.54859521700007],[-122.96055674599995,45.548590416000081],[-122.96055683499998,45.548585614000046],[-122.96055715799997,45.548580818000062],[-122.96055771499999,45.548576032000028],[-122.96055850399995,45.548571263000042],[-122.96055952599994,45.548566515000061],[-122.96056077899999,45.548561794000079],[-122.96056226099995,45.548557107000079],[-122.96056397099994,45.548552458000074],[-122.96056590599994,45.54854785200007],[-122.96056806399997,45.548543297000037],[-122.96057044299999,45.54853879500007],[-122.96057304099998,45.548534354000026],[-122.96057585299997,45.548529978000033],[-122.96057887799998,45.54852567100005],[-122.96058210999996,45.548521441000048],[-122.96058554599995,45.548517290000063],[-122.96058918199998,45.548513224000033],[-122.96059301499997,45.548509250000052],[-122.96059703899999,45.548505368000065],[-122.96060125099996,45.548501587000032],[-122.96060564399994,45.548497908000058],[-122.96061021399998,45.548494338000069],[-122.96061495499998,45.548490880000031],[-122.96065298399998,45.548467194000068],[-122.96065540599994,45.548465860000078],[-122.96065775799997,45.548464469000066],[-122.96066003999999,45.548463021000032],[-122.96066224899999,45.548461517000078],[-122.96066438299999,45.548459961000049],[-122.96066643699999,45.548458353000058],[-122.96066841199996,45.548456696000073],[-122.96067030299997,45.548454992000075],[-122.96067210799998,45.548453242000051],[-122.96067382499996,45.548451449000027],[-122.96067545299996,45.548449616000028],[-122.96067698799999,45.548447744000043],[-122.96067842999997,45.548445835000052],[-122.96067977599995,45.54844389200008],[-122.96068102499999,45.548441917000048],[-122.96070805399995,45.548387413000057],[-122.96070464099995,45.548350139000036],[-122.96066425999999,45.548282613000026],[-122.96031502599999,45.547948790000078],[-122.96031201999995,45.547945485000071],[-122.96030885299996,45.547942256000056],[-122.96030552999997,45.547939106000058],[-122.96030205499994,45.547936036000067],[-122.96029843199995,45.547933054000055],[-122.96029466399995,45.547930160000078],[-122.96029075699994,45.547927359000028],[-122.96028671599998,45.547924654000042],[-122.96028254499998,45.547922049000078],[-122.96027824799995,45.54791954600006],[-122.96027383199998,45.547917148000067],[-122.96026929999999,45.547914859000059],[-122.96026465899996,45.547912680000081],[-122.96025991399995,45.547910614000045],[-122.96025507099995,45.54790866500008],[-122.96025013599996,45.547906834000059],[-122.96024511399997,45.547905123000078],[-122.96024001099994,45.547903534000056],[-122.96023483299996,45.547902071000067],[-122.96022958699996,45.547900732000073],[-122.96022427699995,45.547899521000033],[-122.96021891299995,45.547898439000051],[-122.96021349899996,45.547897488000046],[-122.96020804099999,45.547896668000078],[-122.96020254499996,45.547895981000067],[-122.96019701999995,45.547895427000071],[-122.96019146999998,45.547895006000033],[-122.95999417999997,45.547874983000042],[-122.95997273599994,45.547872684000026],[-122.95995140399998,45.547869923000064],[-122.95993020199995,45.547866699000053],[-122.95990915099998,45.547863019000033],[-122.95988827199994,45.547858886000029],[-122.95986758399999,45.547854303000065],[-122.95984710599998,45.547849275000033],[-122.95982960999999,45.547844697000073],[-122.95981233299995,45.547839727000053],[-122.95979529099998,45.547834371000079],[-122.95977850099996,45.54782863500003],[-122.95976198199997,45.547822523000036],[-122.95974574999997,45.547816043000068],[-122.95972982199999,45.547809200000074],[-122.95971421399997,45.547802003000072],[-122.95969894199999,45.547794457000066],[-122.95968402099999,45.547786573000053],[-122.95957528499997,45.547707519000028],[-122.95699700899996,45.545252822000066],[-122.95587249999994,45.544178638000062],[-122.95563928999997,45.543956280000032],[-122.95539697199996,45.54372604200006],[-122.95518404899997,45.543523095000069],[-122.95490246899999,45.54325538900008],[-122.95489863099999,45.543251167000051],[-122.95489500399998,45.543246856000053],[-122.95489158799995,45.543242460000045],[-122.95488838799997,45.543237984000029],[-122.95488540899998,45.543233434000058],[-122.95488265499995,45.543228814000031],[-122.95488012699997,45.543224131000045],[-122.95487782799995,45.543219390000047],[-122.95487576299996,45.543214596000041],[-122.95487393299999,45.543209755000078],[-122.95487233999995,45.543204873000036],[-122.95487098699999,45.543199955000034],[-122.95486987299995,45.543195009000044],[-122.95486900199995,45.543190037000045],[-122.95486837499999,45.543185048000055],[-122.95486799099996,45.543180047000078],[-122.95486785099996,45.543175039000062],[-122.95486795599999,45.543170030000056],[-122.95486830599998,45.543165027000043],[-122.95486889899996,45.543160037000064],[-122.95486973499999,45.543155062000039],[-122.95487081399995,45.543150111000045],[-122.95487213299998,45.543145189000029],[-122.95487369199998,45.54314030200004],[-122.95487548899996,45.543135454000037],[-122.95487752199995,45.543130654000038],[-122.95487978699998,45.543125905000068],[-122.95488228299996,45.543121213000063],[-122.95488500499999,45.543116585000064],[-122.95488795299997,45.543112024000038],[-122.95489112199999,45.543107537000026],[-122.95489450699995,45.543103129000031],[-122.95489810599997,45.543098806000046],[-122.95490191199997,45.54309457100004],[-122.95490592499999,45.543090432000042],[-122.95491013499998,45.543086390000042],[-122.95491454099999,45.543082453000068],[-122.95491913799998,45.543078624000032],[-122.95492391699997,45.54307490900004],[-122.95492887499995,45.543071310000073],[-122.95493400599997,45.543067834000055],[-122.95497381199999,45.543046031000074],[-122.95581724599998,45.542605691000063],[-122.95553483299994,45.542563229000052],[-122.95553425799994,45.54256515600008],[-122.95553358999996,45.542567068000039],[-122.95553282999998,45.542568963000065],[-122.95553197999999,45.542570839000064],[-122.95553103999998,45.542572694000057],[-122.95553001299999,45.542574525000077],[-122.95552889699997,45.542576332000067],[-122.95552769499994,45.542578110000079],[-122.95552640899996,45.542579860000046],[-122.95552503899995,45.542581577000078],[-122.95552358799995,45.542583262000051],[-122.95552205599995,45.542584910000073],[-122.95552044799996,45.542586522000079],[-122.95551876199994,45.542588094000052],[-122.95551700099998,45.542589626000051],[-122.95551516899997,45.54259111500005],[-122.95551326499998,45.54259256000006],[-122.95551129299997,45.542593959000044],[-122.95550925399999,45.542595310000081],[-122.95550715299999,45.542596612000068],[-122.95550498999995,45.542597864000072],[-122.95488026399994,45.542922035000061],[-122.95487311199997,45.542926716000068],[-122.95486573899996,45.542931228000043],[-122.95485815699999,45.542935564000061],[-122.95485037199995,45.54293971900006],[-122.95484239299998,45.542943688000037],[-122.95483422999996,45.542947469000069],[-122.95482589299996,45.54295105500006],[-122.95481738899997,45.542954444000031],[-122.95480872799999,45.542957630000046],[-122.95479992099996,45.542960612000059],[-122.95479097799995,45.542963385000064],[-122.95478190699998,45.542965947000027],[-122.95477271899995,45.542968294000048],[-122.95476342499995,45.542970423000043],[-122.95475403399996,45.54297233300008],[-122.95474455899995,45.542974022000067],[-122.95473500799994,45.542975487000035],[-122.95472539299999,45.542976727000053],[-122.95471572399998,45.542977740000026],[-122.95470601099998,45.54297852500008],[-122.95469853599997,45.542978122000079],[-122.95469108699996,45.542977533000055],[-122.95468366999995,45.54297676300007],[-122.95467629699999,45.54297581000003],[-122.95466897599999,45.542974677000075],[-122.95466171599998,45.542973363000044],[-122.95465452599996,45.542971872000066],[-122.95464741399996,45.542970205000074],[-122.95464038899996,45.542968363000057],[-122.95463346099996,45.542966351000075],[-122.95462663799998,45.542964168000026],[-122.95461992699995,45.542961820000073],[-122.95461333699996,45.542959308000036],[-122.95460687699995,45.542956634000063],[-122.95460055399997,45.542953804000035],[-122.95459437599999,45.542950819000055],[-122.95458835099998,45.542947685000058],[-122.95458248499995,45.542944404000025],[-122.95457678699995,45.542940981000072],[-122.95457126199994,45.542937419000054],[-122.95456591899995,45.542933725000069],[-122.95456076199997,45.542929900000047],[-122.95455579999998,45.542925951000029],[-122.95453800599995,45.542909009000027],[-122.95426144499999,45.542643952000049],[-122.95401997999994,45.542414240000028],[-122.95376076199994,45.542166995000059],[-122.95352181099997,45.541939784000078],[-122.95334097599999,45.541767543000049],[-122.95333264999999,45.54176078200004],[-122.95332466199994,45.541753822000032],[-122.95330974299998,45.54173933900006],[-122.95330283099997,45.541731833000028],[-122.95329629199995,45.541724162000037],[-122.95329013799994,45.541716337000025],[-122.95328437399996,45.54170836600008],[-122.95327900699999,45.541700259000038],[-122.95327404299996,45.541692026000078],[-122.95326948999997,45.541683677000037],[-122.95326535199996,45.541675222000038],[-122.95326163399994,45.541666672000076],[-122.95325834099998,45.541658035000069],[-122.95325547599998,45.541649323000058],[-122.95325502299994,45.541644624000071],[-122.95325480099996,45.541639916000065],[-122.95325480799994,45.541635205000034],[-122.95325504699997,45.541630498000075],[-122.95325551599996,45.541625798000041],[-122.95325621599994,45.541621114000066],[-122.95325714399996,45.54161644800007],[-122.95325829999996,45.541611808000027],[-122.95325968299994,45.541607199000055],[-122.95326129199998,45.541602626000042],[-122.95326312199995,45.54159809500004],[-122.95326517399997,45.541593610000064],[-122.95326744499999,45.541589178000038],[-122.95326993199996,45.541584803000035],[-122.95327263099995,45.541580492000037],[-122.95327553999999,45.54157624700008],[-122.95327865499996,45.541572077000069],[-122.95328197299995,45.541567984000039],[-122.953285489,45.541563973000052],[-122.95328919999997,45.541560050000044],[-122.95329309999994,45.541556219000029],[-122.95329718599999,45.541552485000068],[-122.95330145199995,45.541548852000062],[-122.95330589499997,45.541545324000026],[-122.95331050799996,45.541541905000031],[-122.95331528499997,45.54153860100007],[-122.95332022099996,45.541535413000076],[-122.95332530999997,45.541532348000032],[-122.95333054599996,45.541529407000041],[-122.95401412699999,45.54117997600008],[-122.95206729399996,45.539305384000045],[-122.95195732399998,45.539200168000036],[-122.95169678599996,45.538953715000048],[-122.95150127799997,45.538738249000062],[-122.95119097399999,45.538476014000025],[-122.95096644899996,45.538270409000063],[-122.95077348099994,45.53812074700005],[-122.95065487699998,45.538031702000069],[-122.95060388899998,45.537991484000031],[-122.95050050399999,45.53790441600006],[-122.95038528199996,45.537797227000055],[-122.94998819999995,45.537417220000066],[-122.94997059999997,45.537399328000049],[-122.94995925999996,45.537383721000026],[-122.94995970299999,45.537375657000041],[-122.94996015699996,45.537372456000071],[-122.94997436799997,45.537293026000043],[-122.94999822599999,45.537258114000053],[-122.95000910899995,45.537245555000027],[-122.95001456099999,45.537239383000042],[-122.95002206999999,45.537231765000058],[-122.95002892499997,45.537225183000032],[-122.95003711399994,45.537217772000076],[-122.950067537,45.537194341000031],[-122.95007705299997,45.537187458000062],[-122.95009548899998,45.537179293000065],[-122.95013302699999,45.537176272000067],[-122.95014221099996,45.537175973000046],[-122.95018129899995,45.537178607000044],[-122.95018479399999,45.537066153000069],[-122.95017302399998,45.537066733000074],[-122.95015428999994,45.537066958000025],[-122.95013767399996,45.537066741000046],[-122.95012989499998,45.537066418000052],[-122.95010944799998,45.537065518000077],[-122.95009517599999,45.537065108000036],[-122.95008009599997,45.537063683000042],[-122.95006062999994,45.537061872000038],[-122.95004979499998,45.537060489000055],[-122.95004188499996,45.537058955000077],[-122.95002778799994,45.537055832000078],[-122.95001916699999,45.537053324000055],[-122.95000945899994,45.537050372000067],[-122.95000104099995,45.537047681000047],[-122.94999021299998,45.537043574000052],[-122.949978999,45.537038962000054],[-122.94995701099998,45.537027279000029],[-122.94994749099999,45.537022148000062],[-122.94993198299994,45.53701247500004],[-122.94991024099994,45.536999311000045],[-122.94990242099999,45.536993875000064],[-122.94989222599997,45.536985906000041],[-122.94988961199999,45.536982323000075],[-122.94988599399994,45.536977143000058],[-122.94988304399999,45.536972284000058],[-122.94988128799997,45.53696760400004],[-122.94987975199996,45.536962135000067],[-122.94987967399999,45.53695752200008],[-122.94987966599996,45.536951450000061],[-122.94988115799998,45.536944892000065],[-122.94988320399995,45.53693927300003],[-122.94988590199995,45.536933996000073],[-122.94988880199998,45.53692922700003],[-122.950034303,45.536803468000073],[-122.95006366699999,45.536778113000025],[-122.95172136699995,45.535370097000055],[-122.95254907099996,45.534662983000032],[-122.95256316899997,45.53464632400005],[-122.95257482599999,45.534629203000065],[-122.95258442099998,45.534613860000036],[-122.95259014899995,45.534602645000064],[-122.95259442099996,45.534591031000048],[-122.95259753699997,45.534578504000081],[-122.95260035299998,45.534565661000045],[-122.95260308599995,45.534550024000055],[-122.95260429399997,45.534539918000064],[-122.95260585799997,45.534527377000074],[-122.95260538099996,45.534514953000041],[-122.95260481799994,45.534504134000031],[-122.95260287199994,45.534493058000066],[-122.95260034999995,45.534482159000049],[-122.95259729099996,45.534473213000069],[-122.95259312499996,45.534462334000068],[-122.952585769,45.534446426000045],[-122.95257893999997,45.534433797000077],[-122.95257167499994,45.534422119000055],[-122.95256387599994,45.53441134500008],[-122.95255685299998,45.534402199000056],[-122.95254827199994,45.53439286400004],[-122.95253920399995,45.534382125000036],[-122.95252876299998,45.534372100000041],[-122.95250350199996,45.53435242900008],[-122.95248438499999,45.534338842000068],[-122.95243777099995,45.534311340000045],[-122.95221637199995,45.534181663000027],[-122.95192266799995,45.534010986000055],[-122.95186781199999,45.533979288000069],[-122.95152900399995,45.533781398000031],[-122.95148882099994,45.533755688000042],[-122.95144491299999,45.533727011000053],[-122.95141786699998,45.533707805000063],[-122.95139009599995,45.533683928000073],[-122.95137196699994,45.533663988000058],[-122.95136228599995,45.533648679000066],[-122.95135378999998,45.533627832000036],[-122.95134925199994,45.533610469000052],[-122.95083023799998,45.533702144000074],[-122.95040373499995,45.533773775000043],[-122.94839216699995,45.534138499000051],[-122.94832405899996,45.534147799000039],[-122.94779140099996,45.534239193000076],[-122.94771184899997,45.534244748000049],[-122.94751887099994,45.534250513000075],[-122.94746795599997,45.534251238000081],[-122.94741703399995,45.534250727000028],[-122.94736616799997,45.534248981000076],[-122.94731541899995,45.534246001000042],[-122.94726484499995,45.534241791000056],[-122.94721450799994,45.534236356000065],[-122.94716446999996,45.534229702000061],[-122.94711478699998,45.534221837000075],[-122.94706552099996,45.534212772000046],[-122.94685836799999,45.534166832000039],[-122.94641722699998,45.534068604000026],[-122.94632388899998,45.534048103000032],[-122.94605717999997,45.533988826000041],[-122.94498283799999,45.533741256000042],[-122.94492426799997,45.533880904000057],[-122.94570060399997,45.534053891000042],[-122.94556377099997,45.534357613000054],[-122.94540841199995,45.534438045000059],[-122.94446211599995,45.534926231000043],[-122.94399048299999,45.535170774000051],[-122.94639068099997,45.53745727900008],[-122.94639442199997,45.537462051000034],[-122.94639793299996,45.537466911000081],[-122.94640120699995,45.537471850000031],[-122.94640424399995,45.537476864000041],[-122.94640703799996,45.53748194800005],[-122.94640958599996,45.537487095000074],[-122.94641188599996,45.537492299000064],[-122.94641393499995,45.537497555000073],[-122.94641572999996,45.53750285600006],[-122.94641727099997,45.537508198000069],[-122.94641855299994,45.53751357200008],[-122.94641957799996,45.537518974000079],[-122.94642034199995,45.537524397000027],[-122.94642084599997,45.537529835000043],[-122.94642108899995,45.537535282000078],[-122.94642106899994,45.537540732000025],[-122.94642078799995,45.537546177000081],[-122.94642024599995,45.537551613000062],[-122.94641944399996,45.537557034000031],[-122.94641838299998,45.537562432000072],[-122.94641706199997,45.537567802000069],[-122.94641548399994,45.537573138000027],[-122.94641442499994,45.537576202000025],[-122.94641322099994,45.53757924100006],[-122.94641187399998,45.537582248000035],[-122.94641038399999,45.537585224000054],[-122.94640875399995,45.537588163000066],[-122.94640698599994,45.537591061000057],[-122.94640508099997,45.537593917000038],[-122.94640304199999,45.53759672700005],[-122.94640087199997,45.53759948700008],[-122.94639857199996,45.537602195000034],[-122.94639614499999,45.537604848000058],[-122.94639359299998,45.53760744200008],[-122.94639091899995,45.537609975000066],[-122.94638812799997,45.537612445000036],[-122.94638521899998,45.537614847000043],[-122.94638220099995,45.537617180000041],[-122.94637907099997,45.537619441000061],[-122.94593208299995,45.537995770000066],[-122.94525118999996,45.538575370000046],[-122.94461550299997,45.539115339000034],[-122.94416025699996,45.539503847000049],[-122.94380852899997,45.539801500000067],[-122.94331328699997,45.540221366000026],[-122.94198807199996,45.541347150000036],[-122.94192875199997,45.541395268000031],[-122.94192128199995,45.541399953000052],[-122.94191358799998,45.541404456000066],[-122.94190567899994,45.541408772000068],[-122.94189756499998,45.541412895000065],[-122.94188925499998,45.541416820000052],[-122.94188075899996,45.541420544000061],[-122.94187208599999,45.541424061000043],[-122.94186324699996,45.541427368000029],[-122.94185425399996,45.541430460000072],[-122.94184511399999,45.541433334000033],[-122.94183583899996,45.541435987000057],[-122.94182644099999,45.541438416000062],[-122.94181692999996,45.541440617000035],[-122.94180731899996,45.541442588000052],[-122.94179761499998,45.541444327000079],[-122.94178783399997,45.541445832000079],[-122.94177798499999,45.541447101000074],[-122.94176807999997,45.541448132000028],[-122.94175812999998,45.541448924000065],[-122.94174814799999,45.541449477000072],[-122.94173814499999,45.541449790000058],[-122.94172813199998,45.541449862000036],[-122.94171812199994,45.54144969400005],[-122.94170812499999,45.541449284000066],[-122.94169815399999,45.541448636000041],[-122.94168822199998,45.541447747000063],[-122.94167833799997,45.541446620000045],[-122.94166851499995,45.541445257000078],[-122.94165876299996,45.541443658000048],[-122.94164909499995,45.541441826000039],[-122.94163952299999,45.541439762000039],[-122.94163005499996,45.541437470000062],[-122.94162070499999,45.541434951000042],[-122.94161148399996,45.54143220900005],[-122.94160240199994,45.541429247000053],[-122.94159346799995,45.541426069000067],[-122.94158469499996,45.541422677000071],[-122.94157609099994,45.541419077000057],[-122.94156766799995,45.541415271000062],[-122.94155943499999,45.541411266000068],[-122.94059062999997,45.540845234000074],[-122.94011728499999,45.540572859000065],[-122.93962092999999,45.540284339000038],[-122.93949457599996,45.540390160000072],[-122.94143402499998,45.541508394000061],[-122.94148996299998,45.541542089000075],[-122.94164988099999,45.541636738000079],[-122.94216659999995,45.541934716000071],[-122.94235999699998,45.542052256000034],[-122.94258675199995,45.542186027000071],[-122.94297566199998,45.542402265000078],[-122.94326887499994,45.542572684000049],[-122.94327952199995,45.542578655000057],[-122.94329045999996,45.542584362000071],[-122.94330167299995,45.542589797000062],[-122.94331315099998,45.542594954000037],[-122.94332487699995,45.542599826000071],[-122.94333683699995,45.542604407000056],[-122.94334901799999,45.542608692000044],[-122.94336140499996,45.542612676000033],[-122.94337398299996,45.542616354000074],[-122.94338673399994,45.542619721000051],[-122.94339964599999,45.542622773000062],[-122.94341269999995,45.542625507000025],[-122.94342588299997,45.54262791900004],[-122.94343917699996,45.542630006000081],[-122.94345256799994,45.542631767000046],[-122.94346603799994,45.542633197000043],[-122.94347956999997,45.542634297000063],[-122.94349314799996,45.542635063000034],[-122.94350675699997,45.542635497000049],[-122.94352037799996,45.542635596000025],[-122.94353399699997,45.542635360000077],[-122.94354759599997,45.542634792000058],[-122.94356115699998,45.542633890000047],[-122.94357466599996,45.54263265700007],[-122.94358810499995,45.542631093000068],[-122.94360145899998,45.542629199000032],[-122.94361470999996,45.54262698000008],[-122.94362784399999,45.542624437000029],[-122.94364084199998,45.542621574000066],[-122.94365368999996,45.542618393000055],[-122.94366637299999,45.542614900000046],[-122.94367887399994,45.542611097000076],[-122.94369117899998,45.542606990000081],[-122.94370327299998,45.542602584000065],[-122.94371514099998,45.542597885000077],[-122.94372676799998,45.542592896000031],[-122.94373813899995,45.542587626000056],[-122.94374924299996,45.542582080000045],[-122.94376006399995,45.542576266000026],[-122.94377058899994,45.54257018800007],[-122.94378080699994,45.542563858000051],[-122.94379070299999,45.54255728000004],[-122.94380026799996,45.542550463000055],[-122.94380948699995,45.542543417000047],[-122.94381834999996,45.542536148000067],[-122.94390022199997,45.54246659100005],[-122.94390867199996,45.542459153000038],[-122.94391674799999,45.542451514000049],[-122.94392444399995,45.542443682000055],[-122.94393174699997,45.542435668000053],[-122.94393864999995,45.542427480000072],[-122.94394514599998,45.542419129000052],[-122.94395122499998,45.54241062400007],[-122.94395687999997,45.542401977000054],[-122.94396210499997,45.542393197000081],[-122.94396689299998,45.542384294000044],[-122.94397123899995,45.542375281000034],[-122.943975137,45.542366166000079],[-122.94397858199994,45.542356963000032],[-122.94398157099999,45.542347681000081],[-122.94398410099996,45.542338331000053],[-122.94398616599995,45.542328926000039],[-122.94398776699995,45.542319475000056],[-122.94398889899998,45.542309992000071],[-122.94398956199996,45.542300486000045],[-122.94398975699994,45.542290970000067],[-122.94398948099996,45.542281455000079],[-122.94398873499995,45.542271953000068],[-122.94398752099994,45.54226247400004],[-122.94398583799995,45.54225303100003],[-122.94398369099997,45.542243634000044],[-122.94398108099995,45.542234296000061],[-122.94397801299999,45.542225027000029],[-122.94397448699999,45.542215838000061],[-122.94397051099997,45.54220674000004],[-122.94396608699998,45.542197746000056],[-122.94395635699999,45.54217998200005],[-122.94395193399998,45.542170987000077],[-122.94394795699998,45.542161890000045],[-122.94394443199997,45.542152701000077],[-122.94394136299996,45.542143432000046],[-122.94393875199995,45.542134093000072],[-122.94393660499998,45.542124697000077],[-122.94393492399996,45.542115253000077],[-122.94393370999995,45.542105775000039],[-122.94393296399994,45.542096272000038],[-122.94393268699997,45.542086758000039],[-122.94393288099997,45.542077242000062],[-122.94393354499999,45.542067735000046],[-122.94393467799995,45.542058252000061],[-122.94393627699998,45.542048802000068],[-122.94393834399995,45.542039397000053],[-122.94394087199998,45.542030047000026],[-122.94394386199997,45.542020764000029],[-122.94394730799996,45.542011561000038],[-122.94395120599995,45.542002447000073],[-122.94395555099999,45.541993433000073],[-122.94396033999999,45.541984530000036],[-122.94396556399994,45.541975750000063],[-122.94397121899999,45.541967103000047],[-122.94397729799999,45.541958599000054],[-122.94398379299997,45.541950247000045],[-122.94399069599996,45.541942059000064],[-122.94399799999997,45.541934045000062],[-122.94400569599998,45.541926213000067],[-122.94401377199995,45.541918574000078],[-122.94402222099995,45.541911136000067],[-122.94530541699999,45.540820902000064],[-122.94533902999996,45.540803417000063],[-122.94537375599998,45.540791245000037],[-122.94541266899995,45.540781842000058],[-122.94545310099994,45.540776218000076],[-122.94550334299998,45.540778007000029],[-122.94554159999996,45.540784815000052],[-122.94557730999998,45.540795488000072],[-122.94561597699999,45.54081181500004],[-122.94564516099996,45.540828344000033],[-122.94574521899995,45.54092074600004],[-122.94725151199998,45.542356296000037],[-122.94725995699997,45.54236521200005],[-122.94726884799996,45.542377505000047],[-122.94727705399998,45.542392567000036],[-122.94728554999995,45.542413243000055],[-122.94729193499995,45.542443787000025],[-122.94729239399999,45.542450328000029],[-122.94729253699995,45.542457002000049],[-122.94729233799995,45.542463969000039],[-122.94729173999997,45.542471320000061],[-122.94729085999995,45.542477931000064],[-122.94728949399996,45.542485304000081],[-122.94728796099997,45.542491691000066],[-122.94728522399998,45.542500066000059],[-122.94728174799997,45.542508068000075],[-122.94727748999998,45.542515885000057],[-122.94727408499995,45.542521178000072],[-122.94727021999995,45.542526480000049],[-122.94726558499997,45.542532105000078],[-122.94726040299997,45.54253766800008],[-122.94725026899999,45.542547415000058],[-122.94724487599996,45.542552899000043],[-122.94724117299995,45.542556860000047],[-122.94723689099999,45.542561662000026],[-122.94723292999998,45.54256633600005],[-122.94722849699997,45.542571870000074],[-122.94722420999994,45.542577566000034],[-122.94722134099999,45.542581595000058],[-122.94721791299997,45.542586668000069],[-122.94721466099998,45.54259178600006],[-122.94721095499995,45.542597833000059],[-122.94720677499998,45.542605765000076],[-122.94720308999996,45.542613086000074],[-122.94719929099995,45.542622084000072],[-122.94719598699999,45.542630900000063],[-122.94719286199995,45.542640815000027],[-122.94718968299998,45.542652437000072],[-122.94718799099996,45.542663665000077],[-122.94718671399994,45.542673778000051],[-122.94718604099995,45.542683932000045],[-122.94718595499995,45.542695324000078],[-122.94718660399997,45.542707086000064],[-122.94718786799996,45.542717897000045],[-122.94718935599997,45.542726608000066],[-122.94719179699996,45.542737440000053],[-122.94719471899998,45.542747676000033],[-122.94719744599996,45.542755726000053],[-122.94720165299998,45.542766386000039],[-122.94720708899996,45.542778100000078],[-122.94721437299995,45.542791454000053],[-122.94722034899996,45.542801030000078],[-122.94722871199997,45.54281293400004],[-122.94723668299997,45.542823043000055],[-122.94724559299999,45.542833237000025],[-122.94725510599994,45.542843084000026],[-122.94726548999995,45.542852836000066],[-122.94727470999999,45.542860764000068],[-122.94738214099999,45.542959180000025],[-122.94739282299997,45.542968732000077],[-122.94740286499996,45.542976751000026],[-122.94741101099999,45.542982724000069],[-122.94742098299997,45.542989471000055],[-122.94743253399997,45.542996600000038],[-122.94744557099995,45.54300386400007],[-122.94745652999995,45.543009398000038],[-122.94746926899995,45.543015239000056],[-122.94748155299999,45.543020317000071],[-122.94749605199996,45.543025671000066],[-122.94750756199994,45.54302946100006],[-122.94751674699995,45.543032209000046],[-122.94752676199994,45.543034938000062],[-122.94754159099995,45.543038491000061],[-122.94755301799995,45.543040846000054],[-122.94756420499999,45.543042840000055],[-122.94757654899996,45.543044695000049],[-122.94759186099998,45.543046501000049],[-122.94760476999994,45.543047610000031],[-122.94761721799995,45.543048326000076],[-122.94762820599999,45.543048672000054],[-122.94763503499996,45.543048753000051],[-122.94764104699999,45.543048738000039],[-122.94765085299997,45.543048604000035],[-122.94765893999994,45.543048424000062],[-122.94766890999995,45.543048115000033],[-122.94767814399995,45.543047745000081],[-122.94768594999999,45.543047367000042],[-122.94769607199999,45.543046790000062],[-122.94770442399999,45.543046239000034],[-122.94771028099996,45.543045812000059],[-122.94771819599998,45.543045182000071],[-122.94773020899999,45.543044110000039],[-122.94774224999998,45.543042892000074],[-122.94775488199997,45.54304146000004],[-122.94776725699995,45.543039902000032],[-122.94778485299997,45.543036966000045],[-122.94779389199999,45.543035767000049],[-122.94780185599996,45.54303488000005],[-122.94781132399999,45.543034029000069],[-122.94782467499999,45.543033202000061],[-122.94783519099997,45.543032852000067],[-122.94784465999999,45.543032765000078],[-122.94785614999995,45.543032947000029],[-122.94786699999997,45.543033448000074],[-122.94787831199994,45.543034354000042],[-122.94788939099999,45.543035627000052],[-122.94790017199995,45.543037241000036],[-122.94790940599995,45.543038927000055],[-122.94792005799997,45.543041232000064],[-122.94792798599997,45.543043207000039],[-122.94793627799999,45.543045521000067],[-122.94794741399994,45.543049049000047],[-122.94795812799998,45.543052927000076],[-122.94796668199996,45.54305639100005],[-122.94797411599995,45.543059689000074],[-122.94798360099998,45.543064315000038],[-122.94799241099997,45.543069075000062],[-122.94800106299999,45.543074236000052],[-122.94801193299998,45.543081502000064],[-122.94801493499995,45.543083830000057],[-122.95460899799997,45.549366904000067],[-122.95512432599998,45.549857853000049],[-122.95513220199996,45.549870947000045],[-122.95513426899998,45.549875360000044],[-122.95513690199999,45.549880604000066],[-122.95513905199999,45.549885766000045],[-122.95514097399996,45.549890973000061],[-122.95514285299998,45.549896853000064],[-122.95514484999995,45.549904518000062],[-122.95514609999998,45.549910712000042],[-122.95514709999998,45.549917520000065],[-122.95514774699996,45.549924790000034],[-122.95514794999997,45.549932184000056],[-122.95514785099999,45.549937708000073],[-122.95514744299999,45.549943171000052],[-122.95514620799997,45.54995260100003],[-122.95514489599998,45.549959228000034],[-122.95514342299998,45.549965082000028],[-122.95514129599997,45.549971912000046],[-122.95513910999995,45.549977741000077],[-122.95513704799998,45.549982537000062],[-122.95513391799994,45.549987607000048],[-122.95512965999995,45.549995425000077],[-122.95512625599997,45.550000718000035],[-122.95512239099997,45.550006020000069],[-122.95511775599999,45.55001164600003],[-122.95511257399994,45.550017208000043],[-122.95510243999996,45.550026956000067],[-122.95509704699998,45.550032441000042],[-122.95509334399998,45.550036401000057],[-122.95508906199996,45.550041204000081],[-122.95508510199994,45.550045879000038],[-122.95508066799999,45.550051413000062],[-122.95507638099997,45.550057109000079],[-122.95507351299995,45.550061139000036],[-122.95507008599998,45.550066212000047],[-122.95506683399998,45.550071330000037],[-122.95506312799995,45.550077377000036],[-122.95505894799999,45.550085309000053],[-122.95505526399995,45.550092631000041],[-122.95505146599999,45.550101629000039],[-122.95504816199997,45.55011044500003],[-122.95504503799998,45.550120360000051],[-122.95504186099998,45.550131983000028],[-122.95504016999996,45.550143210000044],[-122.95503889399998,45.550153323000075],[-122.95503822299997,45.550163478000059],[-122.95503813799996,45.550174869000045],[-122.95503878899996,45.550186631000031],[-122.95504005499998,45.550197442000069],[-122.95504154399998,45.550206153000033],[-122.95504398699995,45.550216985000077],[-122.95504690999996,45.550227221000057],[-122.95504963899998,45.550235271000076],[-122.95505384799998,45.550245931000063],[-122.95505928699998,45.550257643000066],[-122.95506657299995,45.550270997000041],[-122.95507255099994,45.550280573000066],[-122.95508091699998,45.550292476000038],[-122.95508888999996,45.550302585000054],[-122.95509780299994,45.550312778000034],[-122.95510731899998,45.550322625000035]],[[-122.96022813699994,45.548688180000056],[-122.96022940799998,45.548687717000064],[-122.96023069999995,45.548687286000074],[-122.96023201199995,45.548686886000041],[-122.96023334399996,45.548686519000057],[-122.96023469299996,45.548686185000065],[-122.96023605699997,45.548685884000065],[-122.96023743699999,45.548685617000046],[-122.96023882899999,45.548685383000077],[-122.96024023099994,45.548685184000078],[-122.96024164199997,45.54868502000005],[-122.96024305999998,45.548684889000072],[-122.96024448399999,45.548684794000053],[-122.96024591199995,45.548684735000052],[-122.96024734199995,45.548684710000032],[-122.96024877199994,45.54868471900005],[-122.96025020099995,45.548684764000029],[-122.96025162699999,45.548684845000025],[-122.96025304899996,45.54868496000006],[-122.96025446399995,45.548685110000065],[-122.96025586999997,45.548685294000052],[-122.96025726499994,45.548685514000056],[-122.96025864999996,45.548685767000052],[-122.96026002199994,45.54868605300004],[-122.96026137699999,45.548686373000066],[-122.96026271599999,45.548686727000074],[-122.96026403699994,45.548687112000039],[-122.96026533799994,45.548687530000052],[-122.96026661799999,45.548687980000068],[-122.96026787399995,45.54868846100004],[-122.96026910599994,45.548688972000036],[-122.96027030999994,45.548689513000056],[-122.96027148799999,45.548690083000054],[-122.96027263799999,45.548690682000029],[-122.96027375499995,45.548691309000048],[-122.96027484199999,45.548691963000067],[-122.96027589699997,45.548692643000038],[-122.96027691499995,45.548693348000029],[-122.96027789899995,45.54869407800004],[-122.96027884499995,45.548694832000081],[-122.96027975399994,45.54869560800006],[-122.96028062199997,45.548696406000033],[-122.96034586799999,45.548758530000043],[-122.96035440199995,45.548767277000081],[-122.96035833799999,45.548771801000044],[-122.96036204699999,45.548776420000081],[-122.96036552499999,45.548781126000051],[-122.96036876799997,45.548785914000064],[-122.96037177099998,45.548790779000058],[-122.96037453199995,45.54879571400005],[-122.96037704599996,45.548800715000027],[-122.96037930999995,45.548805773000026],[-122.96038132199999,45.548810884000034],[-122.96038307999999,45.548816041000066],[-122.96038457999998,45.548821237000027],[-122.96038582299997,45.548826468000073],[-122.96038680599997,45.54883172600006],[-122.96038752699997,45.548837004000063],[-122.96038798599994,45.548842297000078],[-122.96038818199997,45.548847598000066],[-122.96038811499994,45.548852900000043],[-122.96038778599996,45.548858198000062],[-122.96038719399996,45.548863484000037],[-122.96038633899997,45.548868754000068],[-122.96038522499998,45.548873998000033],[-122.96038385199995,45.548879212000031],[-122.96038221999999,45.548884390000069],[-122.96038033299999,45.54888952400006],[-122.96037838899997,45.548894410000059],[-122.96037620699997,45.548899246000076],[-122.96037378899996,45.548904026000059],[-122.96037113799997,45.548908745000062],[-122.96036825699997,45.548913397000035],[-122.96036514899998,45.548917977000031],[-122.96036181999995,45.548922478000065],[-122.96035827099996,45.548926897000058],[-122.96035450799997,45.548931226000036],[-122.96035053499998,45.548935462000031],[-122.96034635699999,45.54893960000004],[-122.96034197799997,45.548943634000068],[-122.96033740399997,45.548947559000055],[-122.96033263999999,45.548951372000033],[-122.96032769299995,45.548955067000065],[-122.96032256599995,45.54895864000008],[-122.96031726899997,45.548962087000064],[-122.96031180499995,45.548965404000057],[-122.96030618099996,45.548968586000058],[-122.95996787099995,45.549144457000068],[-122.95995401199997,45.549150892000057],[-122.95993985799998,45.549157001000026],[-122.95992542299996,45.549162778000039],[-122.95991072499999,45.549168216000055],[-122.95989577799998,45.549173310000072],[-122.95988059999996,45.549178053000048],[-122.95986520599996,45.549182440000038],[-122.95984961499994,45.549186467000027],[-122.95983384099998,45.549190130000056],[-122.95981790499997,45.549193424000066],[-122.95980182099999,45.549196345000041],[-122.95978560899999,45.54919889100006],[-122.95976928599998,45.54920105900004],[-122.95975286999999,45.549202845000025],[-122.95973442999997,45.549203693000038],[-122.95971596299995,45.549204115000066],[-122.95969748399995,45.549204110000062],[-122.95967901499995,45.549203679000072],[-122.95966057699997,45.549202821000051],[-122.95964218799998,45.549201538000034],[-122.95962386999997,45.549199832000056],[-122.95960564099994,45.549197703000061],[-122.95958752199999,45.549195155000064],[-122.95956953099994,45.549192189000053],[-122.95955168899997,45.549188811000079],[-122.95953401499997,45.549185022000074],[-122.95951652899998,45.549180826000054],[-122.95949924599995,45.549176230000057],[-122.95948218899997,45.549171236000063],[-122.95947523999996,45.549169047000078],[-122.95946839299995,45.549166703000026],[-122.95946165399999,45.549164210000072],[-122.95945503199999,45.549161568000045],[-122.95944853199995,45.549158780000027],[-122.95944215999998,45.549155849000044],[-122.95943592299994,45.549152778000064],[-122.95943383099996,45.54915174100006],[-122.95943178699997,45.549150659000077],[-122.95942979399996,45.549149530000079],[-122.95942785399996,45.549148357000036],[-122.95942596699996,45.549147141000049],[-122.95942413799997,45.549145883000051],[-122.95942236799999,45.549144584000032],[-122.95942065699995,45.549143246000028],[-122.95941900899999,45.549141870000028],[-122.95941742399998,45.549140457000078],[-122.95941681299996,45.549139883000066],[-122.95941622899994,45.549139295000032],[-122.95941567499995,45.549138693000032],[-122.95941514999998,45.549138079000045],[-122.95941465699997,45.549137452000025],[-122.95941419199994,45.549136814000065],[-122.95941375999996,45.54913616400006],[-122.95941335899994,45.549135505000038],[-122.95941298999998,45.549134837000054],[-122.95941265499999,45.549134160000051],[-122.95941235399999,45.549133476000065],[-122.95941208399995,45.549132784000051],[-122.95941184899999,45.549132086000043],[-122.95941164799996,45.549131383000031],[-122.95941147999997,45.549130676000061],[-122.95941144099999,45.549128911000025],[-122.95941148199995,45.549127146000046],[-122.95941160399997,45.549125382000057],[-122.95941180699998,45.549123622000081],[-122.95941209099999,45.549121868000043],[-122.95941245399996,45.549120121000044],[-122.95941269599996,45.549119148000045],[-122.95941298399998,45.54911818100004],[-122.95941331899996,45.549117223000053],[-122.95941369999997,45.549116272000049],[-122.95941412699995,45.549115332000042],[-122.95941460099999,45.549114402000043],[-122.95941511799998,45.549113483000042],[-122.95941567999995,45.549112578000063],[-122.95941628599996,45.549111688000039],[-122.95941693299994,45.549110811000048],[-122.95941762499996,45.549109951000048],[-122.95941835599996,45.549109108000039],[-122.95941912899997,45.549108283000066],[-122.95941994099996,45.549107477000064],[-122.95942079199995,45.549106691000077],[-122.95942167999999,45.549105927000028],[-122.95942260499999,45.549105183000052],[-122.95942356599994,45.549104462000059],[-122.95942456199998,45.549103765000041],[-122.95942558999997,45.549103092000053],[-122.95942665099994,45.549102444000027],[-122.95942774099996,45.549101822000068],[-122.95942886199998,45.549101226000062],[-122.96022331099999,45.548690334000071],[-122.96022447699994,45.54868975100004],[-122.96022567199998,45.548689197000044],[-122.96022689199998,45.548688673000072],[-122.96022813699994,45.548688180000056]],[[-122.95648860399996,45.545348855000043],[-122.95649746399999,45.545345606000069],[-122.95650647999997,45.545342574000074],[-122.95651563799998,45.545339763000072],[-122.95652492999994,45.545337176000032],[-122.95653434299999,45.545334816000036],[-122.95654386599995,45.545332686000052],[-122.95655348899999,45.545330789000047],[-122.95656319999995,45.54532912600007],[-122.95657298599997,45.54532769900004],[-122.95658283699998,45.545326512000031],[-122.95659273999996,45.545325564000052],[-122.95660268399996,45.545324857000026],[-122.95661265699999,45.545324392000055],[-122.95662264499998,45.545324169000025],[-122.95663263999995,45.545324190000031],[-122.95664262799994,45.545324453000035],[-122.95665259699996,45.545324957000048],[-122.95666253399997,45.545325704000049],[-122.95667242899998,45.54532669200006],[-122.95668226999999,45.545327919000044],[-122.95669204499995,45.54532938400007],[-122.95670174199995,45.545331086000033],[-122.95671134899999,45.545333022000079],[-122.95672085399997,45.545335191000049],[-122.95674197899996,45.545340575000068],[-122.95676283399996,45.54534645800004],[-122.95678339499995,45.545352831000059],[-122.95680363899999,45.54535968700003],[-122.95682353999996,45.545367020000072],[-122.95684308099999,45.545374820000063],[-122.95686223399997,45.545383077000054],[-122.95688098199997,45.545391785000049],[-122.95689930099996,45.545400931000074],[-122.95691716999994,45.545410506000053],[-122.95693456999999,45.545420499000045],[-122.95697710799999,45.545457241000065],[-122.96006707299995,45.548400113000071],[-122.96010628199997,45.548445314000048],[-122.96011906099994,45.548501033000036],[-122.96010759099994,45.548555003000047],[-122.96006625899997,45.548602128000027],[-122.96002262799999,45.548629514000027],[-122.95946078899999,45.548917453000058],[-122.95943149199996,45.548934197000051],[-122.95942507499996,45.548937146000071],[-122.95941851599997,45.548939935000078],[-122.95941182099995,45.548942561000047],[-122.95940499999995,45.548945020000076],[-122.95939806099994,45.548947311000063],[-122.95939101099998,45.54894943000005],[-122.95938386099999,45.548951374000069],[-122.95937661799996,45.548953141000027],[-122.95936929099997,45.548954730000048],[-122.95936188999997,45.548956137000062],[-122.95935442299998,45.548957362000067],[-122.95934689999996,45.54895840100005],[-122.95933932999998,45.548959257000035],[-122.95933172299999,45.54895992400003],[-122.95932408499999,45.548960406000049],[-122.95931642999994,45.54896069800003],[-122.95930876299997,45.548960803000057],[-122.95930109799997,45.548960719000036],[-122.95929344099994,45.548960446000081],[-122.95928580099996,45.548959987000046],[-122.95927818899997,45.548959338000031],[-122.95927061399999,45.548958504000041],[-122.95926308599996,45.548957484000027],[-122.95925561199999,45.548956280000027],[-122.95924820399995,45.54895489200004],[-122.95924086899998,45.548953324000081],[-122.959233617,45.548951576000036],[-122.95922645599995,45.548949651000044],[-122.95921939499999,45.548947551000026],[-122.95921244299996,45.548945279000066],[-122.95920560799999,45.548942837000027],[-122.95919889899994,45.548940229000038],[-122.95919232299997,45.548937458000069],[-122.95918589099995,45.548934527000029],[-122.95917960699995,45.548931440000047],[-122.95917348199998,45.548928200000034],[-122.95916752199997,45.548924811000063],[-122.95916173299997,45.54892127800008],[-122.95915612399995,45.548917605000042],[-122.95915070199999,45.548913796000079],[-122.95913842899995,45.548904431000039],[-122.95600896599996,45.545924566000053],[-122.95600150799999,45.545916400000067],[-122.95599445599998,45.545908058000066],[-122.95598781699999,45.545899550000058],[-122.95598160099996,45.545890885000063],[-122.95597581299995,45.545882076000055],[-122.95597046299997,45.545873130000075],[-122.95596555399999,45.545864061000032],[-122.95596109399997,45.545854878000057],[-122.95595708699994,45.545845592000035],[-122.95595353799996,45.545836216000055],[-122.95595045299996,45.545826758000032],[-122.95594783299998,45.545817231000058],[-122.95594568299998,45.545807646000071],[-122.95594400599998,45.545798015000059],[-122.95594280199998,45.545788349000077],[-122.95594207299996,45.545778659000064],[-122.95594182099995,45.545768958000053],[-122.95594204499997,45.545759256000053],[-122.95594274599995,45.545749565000051],[-122.95594392199996,45.545739898000079],[-122.95594557199996,45.545730264000042],[-122.95594766199997,45.545720834000065],[-122.95595021899999,45.545711462000043],[-122.95595323999999,45.545702157000051],[-122.95595671999996,45.545692932000065],[-122.95596065599995,45.545683797000038],[-122.95596504299999,45.545674765000058],[-122.95596987499999,45.545665846000077],[-122.95597514699995,45.545657051000035],[-122.95598085199998,45.545648390000053],[-122.95598698399999,45.545639874000074],[-122.95599353399996,45.545631514000036],[-122.95600049499996,45.545623319000072],[-122.95600785899995,45.545615300000065],[-122.95601561599995,45.545607466000035],[-122.95602375799996,45.545599827000046],[-122.95603227299995,45.54559239200006],[-122.95604115299994,45.545585170000038],[-122.95605038499997,45.545578170000056],[-122.95605995899996,45.545571401000075],[-122.95606986299998,45.545564871000067],[-122.95608008399995,45.545558586000027],[-122.95645491299996,45.545363939000026],[-122.95646305299999,45.545359864000034],[-122.95647138699997,45.54535598700005],[-122.95647990799995,45.545352317000038],[-122.95648860399996,45.545348855000043]],[[-122.94813104599996,45.542243417000066],[-122.94814525099997,45.542243794000058],[-122.94815862499996,45.542244775000029],[-122.94817069499999,45.542246190000071],[-122.94818426499995,45.542248403000031],[-122.94819712599997,45.542251134000026],[-122.94821412099998,45.542255756000031],[-122.94822811699999,45.542260508000027],[-122.94823858399997,45.542264680000073],[-122.94824664499998,45.542268292000074],[-122.94825593299998,45.542272930000081],[-122.94826920399998,45.542280567000034],[-122.94828976999997,45.542293870000037],[-122.95030877099998,45.544216578000032],[-122.95031478299995,45.544224368000073],[-122.95032007299994,45.54423220700005],[-122.95032520999996,45.544241011000054],[-122.95032925199996,45.544249391000051],[-122.95033284199997,45.544258728000045],[-122.95033595299998,45.544269961000055],[-122.95033725499997,45.544278132000045],[-122.95033863599997,45.544287473000054],[-122.95033843799996,45.544298519000051],[-122.95033815299996,45.544305469000051],[-122.95033630199998,45.54431293500005],[-122.95033461099996,45.544321353000043],[-122.95033248399994,45.544327234000036],[-122.95032946299995,45.54433503100006],[-122.95032621199999,45.544341968000026],[-122.95032194199996,45.544349683000064],[-122.95031618899998,45.544358655000053],[-122.95031053799994,45.544366493000041],[-122.95030341199998,45.544375329000047],[-122.95029776899997,45.544381669000074],[-122.95028950499994,45.544390114000066],[-122.95028249899997,45.544396622000079],[-122.95027254499996,45.544405018000077],[-122.95026243499996,45.544412688000079],[-122.95025069899998,45.544420683000055],[-122.95003015499998,45.544538255000077],[-122.95000869999996,45.544549757000027],[-122.95000259099999,45.544552287000045],[-122.94998418399996,45.544559039000035],[-122.94996858499997,45.544563822000043],[-122.94995205999999,45.544567628000038],[-122.94993792299999,45.544570842000041],[-122.94992127799998,45.54457375100003],[-122.94990227699998,45.544575978000069],[-122.94988111399999,45.544577138000079],[-122.94986257199997,45.544577035000032],[-122.94984193699997,45.544576267000025],[-122.94982072299996,45.544572914000071],[-122.94981046199996,45.544571047000034],[-122.94978654599998,45.544565265000074],[-122.94976576799996,45.544558436000045],[-122.94974836699998,45.54455131800006],[-122.94973537399994,45.544545136000067],[-122.94971995399999,45.544536402000062],[-122.94971468199998,45.544533104000038],[-122.94970716199998,45.544528092000064],[-122.94969934099998,45.544522390000054],[-122.94969455499995,45.544518833000041],[-122.94771721799998,45.542635407000034],[-122.94771650399997,45.542634267000039],[-122.94771143099996,45.542629103000081],[-122.94770636099997,45.542623898000045],[-122.94770063399994,45.542617967000069],[-122.94769632199996,45.542613465000045],[-122.94769144399999,45.542608331000054],[-122.94768673799996,45.542603339000038],[-122.94768340799999,45.542599781000035],[-122.94767916799998,45.542594657000052],[-122.94767507299997,45.542589090000035],[-122.94767209299999,45.542584538000028],[-122.94766926799997,45.542579704000048],[-122.94766673199996,45.542574779000063],[-122.94766422899994,45.542569528000058],[-122.94766190299998,45.542563458000075],[-122.94766041999998,45.542558192000058],[-122.94765947899998,45.542553749000035],[-122.94765838199999,45.542547576000061],[-122.94765796599995,45.542541026000038],[-122.94765756199996,45.54253801200008],[-122.94765754999997,45.542533202000072],[-122.94765790099996,45.542528524000033],[-122.94765866699998,45.542523150000079],[-122.94765962699995,45.542517820000057],[-122.94766223799996,45.542508191000081],[-122.94766534999997,45.54249711500006],[-122.94766897999995,45.542488136000031],[-122.94767196499998,45.542480933000036],[-122.94767545199994,45.542473842000049],[-122.94768028899995,45.54246601300008],[-122.94768551999999,45.542457589000037],[-122.94769191599994,45.54244877900004],[-122.94769616199994,45.542443456000058],[-122.94770246499996,45.542436174000045],[-122.94771089799997,45.542427382000028],[-122.94771915499996,45.542419562000077],[-122.94772413399994,45.542415281000046],[-122.94773081599999,45.542409853000038],[-122.94773956399996,45.54240326200005],[-122.94774836699997,45.542397179000034],[-122.94774856399999,45.542397373000028],[-122.94798231699997,45.542275987000039],[-122.94799587999995,45.542269989000033],[-122.94801015499996,45.542264472000056],[-122.94801829899995,45.542261660000065],[-122.94802875399995,45.542258387000061],[-122.94804006999999,45.542255245000035],[-122.94805512199997,45.542251680000049],[-122.94806502199998,45.542249699000081],[-122.94807745599996,45.542247604000067],[-122.94808722699997,45.542246255000066],[-122.94810157999996,45.542244737000033],[-122.94811440999996,45.542243839000037],[-122.94813104599996,45.542243417000066]],[[-122.95285929499994,45.541774588000067],[-122.95286501499999,45.541771749000077],[-122.95287086899998,45.541769051000074],[-122.95287685299996,45.541766494000058],[-122.95288295699999,45.541764084000079],[-122.95288917499994,45.541761823000058],[-122.95289550099994,45.541759712000044],[-122.95290192599998,45.541757755000049],[-122.95290844199997,45.541755954000052],[-122.95291504299996,45.54175431200008],[-122.95292171999995,45.541752830000064],[-122.95292846399997,45.541751509000051],[-122.95293527099994,45.541750352000065],[-122.95294212899995,45.54174936000004],[-122.95294903199999,45.541748534000078],[-122.95295596999995,45.541747875000056],[-122.952962937,45.541747383000029],[-122.95296992399994,45.541747060000034],[-122.95297692299999,45.541746905000025],[-122.95298392499996,45.541746920000037],[-122.95299092199997,45.541747103000034],[-122.95299790699994,45.541747455000063],[-122.95300486899998,45.541747974000032],[-122.95301180199999,45.541748663000078],[-122.95301869799999,45.541749517000028],[-122.95302554899996,45.541750537000041],[-122.95303234399995,45.541751722000072],[-122.95303688199999,45.54175224200003],[-122.95304139299998,45.541752873000064],[-122.95304587099997,45.541753611000047],[-122.95305030899999,45.541754456000035],[-122.95305470299996,45.541755408000029],[-122.95305904899999,45.541756465000049],[-122.95306333999997,45.541757626000049],[-122.95306757299994,45.54175888900005],[-122.95307174099997,45.541760254000053],[-122.95307583999994,45.541761719000078],[-122.95307986599994,45.541763281000044],[-122.95308381299998,45.541764939000075],[-122.95308767699998,45.541766691000078],[-122.95309145299996,45.541768535000074],[-122.95309513699999,45.541770469000028],[-122.95309872499996,45.541772490000028],[-122.95310221099999,45.541774597000028],[-122.95310559399996,45.54177678700006],[-122.95310886699997,45.541779056000053],[-122.95311202799996,45.541781403000073],[-122.95311507299999,45.541783826000028],[-122.95410726899996,45.542729422000036],[-122.95475647599994,45.543346629000041],[-122.95509565599997,45.543665830000066],[-122.95537313899996,45.544061106000072],[-122.95537594599995,45.544065285000045],[-122.95537854299999,45.544069531000048],[-122.95538092799995,45.544073838000031],[-122.95538309899996,45.544078200000058],[-122.95538505299999,45.544082613000057],[-122.95538678499997,45.544087071000035],[-122.95538829699996,45.544091569000045],[-122.95538958499998,45.544096101000036],[-122.95539064699994,45.544100662000062],[-122.95539148199998,45.544105245000026],[-122.95539208999998,45.544109847000072],[-122.95539246899995,45.544114461000049],[-122.95539261899995,45.544119081000076],[-122.95539254099998,45.544123702000036],[-122.95539223299994,45.544128319000038],[-122.95539169599999,45.544132925000042],[-122.95539093199994,45.544137515000045],[-122.95538994099996,45.544142084000043],[-122.95538872399999,45.544146625000053],[-122.95538728199995,45.54415113400006],[-122.95538561799998,45.544155605000071],[-122.95538373399995,45.544160033000026],[-122.95538163099997,45.544164412000043],[-122.95537931199999,45.544168736000074],[-122.95537678099998,45.544173001000047],[-122.95537403899999,45.544177202000071],[-122.95537108999997,45.54418133300004],[-122.95536793999997,45.544185390000052],[-122.95536458999999,45.544189366000069],[-122.95536104399997,45.544193259000053],[-122.95535730899996,45.54419706200008],[-122.95535338699995,45.544200772000067],[-122.95534928299998,45.544204384000068],[-122.95534500299999,45.544207892000031],[-122.95534055199994,45.544211295000025],[-122.95533593499999,45.544214586000066],[-122.95533115699999,45.544217762000073],[-122.95532622499996,45.544220818000042],[-122.95532114499997,45.544223754000029],[-122.95531592099996,45.544226562000063],[-122.95531056299995,45.544229241000039],[-122.95530507399997,45.544231788000047],[-122.95529946199997,45.544234198000026],[-122.95529373499994,45.544236469000055],[-122.95528789799999,45.544238599000039],[-122.95528195999998,45.544240585000068],[-122.95527592699995,45.54424242500005],[-122.95526980599999,45.544244115000026],[-122.95526360499997,45.544245656000044],[-122.95525733099998,45.544247043000041],[-122.95525099299999,45.544248276000076],[-122.95524459599994,45.544249353000055],[-122.95523815199999,45.544250272000056],[-122.95523166499999,45.544251035000059],[-122.95522514299995,45.544251637000059],[-122.95521859799999,45.544252079000046],[-122.95517079599995,45.544250297000076],[-122.95455749999996,45.544133639000052],[-122.95433072299994,45.544046030000061],[-122.95411467599996,45.54394592400007],[-122.95391074899999,45.543833967000069],[-122.95372025699999,45.54371087700008],[-122.95354384999996,45.543577011000025],[-122.95230547099999,45.542397595000068],[-122.95229782299998,45.542389619000062],[-122.95229057299997,45.542381462000037],[-122.95228373099997,45.542373133000069],[-122.95227730299996,45.542364642000052],[-122.95227129899996,45.542356000000041],[-122.95226572599995,45.542347216000053],[-122.95226058899999,45.542338302000076],[-122.95225589499995,45.54232926800006],[-122.95225164999999,45.54232012500006],[-122.95224785999994,45.542310884000074],[-122.95224452699995,45.542301556000041],[-122.95224165799999,45.542292152000073],[-122.95223925499999,45.542282684000043],[-122.95223731999999,45.542273164000051],[-122.95223585599996,45.542263601000059],[-122.95223486699996,45.542254009000033],[-122.95223434999997,45.542244399000026],[-122.95223430999999,45.542234781000047],[-122.95223474399995,45.542225168000073],[-122.95223565199996,45.542215572000032],[-122.95223703299996,45.542206004000036],[-122.95223888599998,45.542196476000072],[-122.95224120899996,45.542186997000044],[-122.95224399799997,45.542177583000068],[-122.95224724999997,45.54216824100007],[-122.95225096099995,45.542158984000025],[-122.95225512799999,45.542149823000045],[-122.95225974399995,45.542140769000071],[-122.95226480499997,45.542131833000042],[-122.95227030399997,45.54212302600007],[-122.95227623399995,45.542114359000038],[-122.95228258899999,45.54210584100008],[-122.95228935999995,45.542097483000077],[-122.95229653999996,45.542089295000039],[-122.95230412099994,45.542081288000077],[-122.95231209099995,45.542073470000048],[-122.95232044399995,45.542065851000075],[-122.95232916699996,45.542058440000062],[-122.95233824999997,45.542051247000074],[-122.95234768399996,45.542044279000038],[-122.95235745499997,45.542037545000028],[-122.95236755399998,45.542031054000063],[-122.95237796799995,45.542024813000069],[-122.95238868199999,45.542018830000075],[-122.95239968599998,45.542013111000074],[-122.95283790199994,45.541787269000054],[-122.95284301599997,45.541783907000081],[-122.95284828999996,45.541780670000037],[-122.95285371799997,45.541777563000039],[-122.95285929499994,45.541774588000067]],[[-122.95626939899995,45.549891952000053],[-122.95627764299996,45.549902820000057],[-122.95628220199995,45.549909574000026],[-122.95628859199996,45.549919332000059],[-122.95629263599994,45.549927711000066],[-122.95629622699994,45.549937048000061],[-122.95629933999999,45.549948282000059],[-122.95630140599997,45.549957749000043],[-122.95630297899999,45.549966763000043],[-122.95630360799998,45.54997239000005],[-122.95630372799997,45.549977753000064],[-122.95630367899997,45.549986534000027],[-122.95630273099999,45.549995108000076],[-122.95630103999997,45.550003526000069],[-122.95629891399994,45.550009407000061],[-122.95629589399999,45.550017204000028],[-122.95629264299998,45.550024142000041],[-122.95628997099999,45.550031166000053],[-122.95628488799997,45.550040229000047],[-122.95627954199995,45.550048553000067],[-122.95627350099994,45.550056879000067],[-122.95626710699997,45.550064710000072],[-122.95625957799996,45.550072730000068],[-122.95625239899999,45.550079434000054],[-122.95624091299999,45.550088709000079],[-122.95623125299994,45.550095419000058],[-122.95622001099997,45.550101962000042],[-122.95609473999997,45.55016850700008],[-122.95597939999999,45.550228266000033],[-122.95596560199999,45.550235177000047],[-122.95594890899997,45.55024157500003],[-122.95593290799997,45.550246946000073],[-122.95591921499999,45.550250765000044],[-122.95590507599996,45.550253980000036],[-122.95588866899999,45.550256846000025],[-122.95586966599996,45.550259074000053],[-122.95584792699998,45.550260347000062],[-122.95582938299998,45.550260245000061],[-122.95580560399998,45.550258657000029],[-122.95578612299994,45.550256058000059],[-122.95577359599997,45.550253679000036],[-122.95575512299996,45.550249311000073],[-122.95573601199999,45.550243299000044],[-122.95571748199995,45.550236077000079],[-122.95569966699998,45.550227457000062],[-122.95568424399994,45.550218723000057],[-122.95567729299995,45.550214119000032],[-122.95566970399994,45.550208665000071],[-122.95566666199994,45.550206333000062],[-122.95276158799999,45.547439886000063],[-122.95275797499994,45.547436048000066],[-122.95275408499998,45.547431714000027],[-122.95274977599996,45.547426716000075],[-122.95274603799999,45.547422200000028],[-122.95274226199996,45.547417195000037],[-122.95273774799995,45.547411272000033],[-122.95273365199995,45.547405706000063],[-122.95273094499998,45.547401953000076],[-122.95272811999996,45.547397119000038],[-122.95272531799998,45.547390372000052],[-122.95272299199996,45.547384302000069],[-122.95272080999996,45.547377474000029],[-122.95271902699994,45.547370858000079],[-122.95271774799994,45.547364377000065],[-122.95271681299999,45.547358441000029],[-122.95271640899995,45.54735542800006],[-122.95271605699998,45.547350278000067],[-122.95271584199998,45.547344892000069],[-122.95271583399995,45.547341033000066],[-122.95271607099994,45.547334916000068],[-122.95271686599995,45.547326608000049],[-122.95271913399995,45.547314336000056],[-122.95272134999999,45.547306123000055],[-122.95272410599995,45.547298411000043],[-122.95272788199998,45.547289907000049],[-122.95273146399995,45.54728302500007],[-122.95273697399995,45.547273870000026],[-122.95274249499994,45.547266093000076],[-122.95274829299996,45.547258750000026],[-122.95275486099996,45.547251383000059],[-122.95276139799995,45.547244806000037],[-122.95276882999997,45.547238064000055],[-122.95277811599999,45.547230581000065],[-122.95278966699999,45.54722223300007],[-122.95279973699996,45.547215982000068],[-122.95304102499995,45.547089676000041],[-122.95305359699995,45.547084000000041],[-122.95306801799995,45.547078372000044],[-122.95307743699999,45.547075114000052],[-122.95308893599997,45.547071753000068],[-122.95310025299995,45.547068611000043],[-122.95311618799997,45.547064942000077],[-122.95313120399999,45.547062421000078],[-122.95314097499994,45.547061072000076],[-122.95315116699999,45.547060263000049],[-122.95316399799998,45.547059363000074],[-122.95318063499997,45.547058941000046],[-122.95319570699996,45.547059138000066],[-122.95320908199994,45.547060118000047],[-122.95322115299996,45.547061533000033],[-122.95323966099994,45.54706417400007],[-122.95325252299995,45.547066904000076],[-122.95327298999996,45.547073147000049],[-122.95328698799995,45.547077899000044],[-122.95329754799997,45.54708252000006],[-122.95330588699994,45.547086264000029],[-122.95331489799997,45.547090770000068],[-122.95332807999995,45.547097956000073],[-122.95334864899996,45.547111258000029],[-122.95305173099996,45.546828451000067],[-122.95305721499994,45.546836610000071],[-122.95306219199995,45.546845060000066],[-122.95306495799997,45.546851605000029],[-122.95306792499997,45.546860450000054],[-122.95307114399998,45.546868471000039],[-122.95307425599998,45.546879705000038],[-122.95307564299998,45.54688638600004],[-122.95307668399994,45.546895824000046],[-122.95307682699996,45.546906773000046],[-122.95307535999996,45.546917775000054],[-122.95307350999997,45.546925240000064],[-122.95306996099998,45.546938700000055],[-122.95306783499996,45.546944580000059],[-122.95306434699995,45.546953038000026],[-122.95306109699999,45.54695997500005],[-122.95305624599996,45.546969281000031],[-122.95305148899996,45.546977129000027],[-122.95304523399994,45.546985490000054],[-122.95303947599996,45.546992827000054],[-122.95303121199998,45.547001272000045],[-122.95302119199999,45.547009889000037],[-122.95301132499998,45.547017433000065],[-122.95300182499994,45.547024056000055],[-122.95298370699999,45.547035218000076],[-122.95273374299995,45.54716333600004],[-122.95272001499995,45.547168689000046],[-122.95270652199997,45.547173176000058],[-122.95269307099994,45.547176909000029],[-122.95267893399995,45.547180123000032],[-122.95266445999999,45.54718289200008],[-122.95264545799995,45.547185120000051],[-122.95262429399997,45.547186280000062],[-122.95260170599994,45.547186368000041],[-122.95258263299996,45.547185089000038],[-122.95256315399996,45.547182490000068],[-122.95255289299996,45.547180623000031],[-122.95253565099995,45.547176461000049],[-122.95252431299997,45.547172935000049],[-122.95250958799994,45.547167800000068],[-122.95249218599997,45.547160683000072],[-122.95247609099999,45.547153207000065],[-122.95246154399996,45.547145495000052],[-122.95245627199995,45.547142197000028],[-122.95244875099996,45.547137185000054],[-122.95244092999997,45.547131483000044],[-122.95243290799999,45.547125523000034],[-122.95242490999999,45.547119251000026],[-122.95002327399999,45.54483192500004],[-122.95001997699995,45.544828367000036],[-122.95001693499995,45.544824980000044],[-122.95001404899995,45.544821705000061],[-122.95001098899996,45.544818156000076],[-122.95000743599996,45.544813939000051],[-122.95000387999994,45.544809588000078],[-122.95000093199997,45.544805731000054],[-122.94999657599999,45.544800327000075],[-122.94999259599996,45.544795041000043],[-122.94998973899999,45.544791124000028],[-122.94998565599997,45.544785361000038],[-122.94998387099997,45.544781029000035],[-122.94998163599996,45.544774526000026],[-122.94998081999995,45.544772884000054],[-122.94997933699995,45.544767618000037],[-122.94997839599995,45.544763175000071],[-122.94997729799996,45.54475700200004],[-122.94997607099998,45.544748689000073],[-122.94997570799995,45.544744972000046],[-122.94997554699995,45.544740199000046],[-122.94997546999997,45.544736017000048],[-122.94997580399996,45.544729400000051],[-122.94997615399996,45.544722873000069],[-122.94997762099996,45.544712890000028],[-122.94998040499996,45.544701901000053],[-122.94998373699997,45.544692754000039],[-122.94998672199995,45.544685550000054],[-122.94999000499996,45.544679272000053],[-122.94999526899994,45.544670431000043],[-122.95000049999999,45.544662006000067],[-122.95000689599999,45.54465319600007],[-122.95001273499997,45.544646602000057],[-122.95002191599997,45.544637003000048],[-122.95002867599999,45.544630711000025],[-122.95003686799998,45.544623799000078],[-122.95004313299995,45.544618963000062],[-122.95005094699997,45.544613057000049],[-122.95006038099996,45.544607298000074],[-122.95007839499999,45.544597268000075],[-122.95029880499999,45.54448332100003],[-122.95031070799996,45.544478206000065],[-122.95032498399996,45.544472688000042],[-122.95033624199999,45.54446899800007],[-122.95034669799998,45.544465725000066],[-122.95035801399996,45.54446258300004],[-122.95037291999995,45.544459108000069],[-122.95038240399998,45.544457179000062],[-122.95039498199998,45.544454984000026],[-122.95040737599999,45.544453211000075],[-122.95041903199996,45.544451891000051],[-122.95043131899996,45.544450909000034],[-122.95044667999997,45.544450415000028],[-122.95045475999996,45.544450444000063],[-122.95046373099996,45.544450776000076],[-122.95047602599999,45.544451657000081],[-122.95048805099998,45.544453025000053],[-122.95050215599997,45.544455288000051],[-122.95051557499994,45.544458061000057],[-122.95052788199996,45.544461368000043],[-122.95053696899998,45.544464169000037],[-122.95054347499996,45.544466403000058],[-122.95055394299999,45.544470575000048],[-122.95056200399995,45.544474187000048],[-122.95057283099999,45.544479193000029],[-122.95058548699996,45.544486366000058],[-122.95060556999999,45.544499208000047],[-122.95305173099996,45.546828451000067],[-122.95626939899995,45.549891952000053]],[[-122.95581632299996,45.54540974300005],[-122.95579504799997,45.545409408000069],[-122.95577380099996,45.545408578000036],[-122.95574879699996,45.545406998000033],[-122.95572388599999,45.545404801000075],[-122.95569910199998,45.545401992000052],[-122.95567447299999,45.545398572000067],[-122.95565003099995,45.545394546000068],[-122.95562580299998,45.545389919000058],[-122.95560182299999,45.545384698000078],[-122.95557811799995,45.545378888000073],[-122.95555471799997,45.545372496000027],[-122.95553390999999,45.545366225000066],[-122.95551341199996,45.545359465000047],[-122.95549324899997,45.545352225000045],[-122.95547344399995,45.545344513000032],[-122.95545401899994,45.545336337000037],[-122.95543499699994,45.545327707000069],[-122.95541639899994,45.545318632000033],[-122.95539824599996,45.545309122000049],[-122.95538055799994,45.545299189000048],[-122.95536335499997,45.545288843000037],[-122.95534665799994,45.545278096000061],[-122.95533048399994,45.545266962000028],[-122.95531211999997,45.545253887000058],[-122.95527760299996,45.54522810800006],[-122.95469375699997,45.544672109000032],[-122.95468882499995,45.544663513000046],[-122.95468630199997,45.544658548000029],[-122.95468402399996,45.544653525000058],[-122.95468199299995,45.544648449000078],[-122.95468021199997,45.544643327000074],[-122.95467868199995,45.544638165000038],[-122.95467740699996,45.544632970000066],[-122.95467638699995,45.54462774600006],[-122.95467562499999,45.544622502000038],[-122.95467511799995,45.544617242000072],[-122.95467486899997,45.544611972000041],[-122.95467487999997,45.544606700000031],[-122.95467514699999,45.544601431000046],[-122.95467567299994,45.54459617200007],[-122.95467645699995,45.544590929000037],[-122.95467749699998,45.544585708000056],[-122.95467879199998,45.544580514000074],[-122.95468034099997,45.544575355000063],[-122.95468214099998,45.544570237000073],[-122.95468419199995,45.544565165000051],[-122.95468648899998,45.544560147000027],[-122.95468903099999,45.544555186000025],[-122.95469181299995,45.544550290000075],[-122.95469483599999,45.544545464000066],[-122.95469809099995,45.54454071400005],[-122.95470157899996,45.544536046000076],[-122.95470529199997,45.544531464000045],[-122.95470922699997,45.544526976000043],[-122.95471337999999,45.544522585000038],[-122.95471774699996,45.544518297000081],[-122.95472231899998,45.544514118000052],[-122.95472709499995,45.544510051000032],[-122.95473206699995,45.544506102000071],[-122.95473722799994,45.54450227600006],[-122.95474257499995,45.54449857700007],[-122.95474809999996,45.544495010000048],[-122.95475379599998,45.544491578000077],[-122.95475965599996,45.544488286000046],[-122.95476567499998,45.544485138000027],[-122.95477184399999,45.544482136000056],[-122.95477815599997,45.544479287000058],[-122.95478460599998,45.544476591000034],[-122.95479118099996,45.544474053000044],[-122.95479787899995,45.544471676000057],[-122.95480468799997,45.544469461000062],[-122.95481160299994,45.544467413000064],[-122.95481861199994,45.544465534000039],[-122.95482571099996,45.544463825000037],[-122.95483288799994,45.54446228900008],[-122.95484013699996,45.544460927000046],[-122.95484744699996,45.544459742000072],[-122.95485481199995,45.544458734000045],[-122.95486222099998,45.544457904000069],[-122.95486966799996,45.544457255000054],[-122.95487714099994,45.544456785000079],[-122.95488463299995,45.544456498000045],[-122.95489213499997,45.54445639000005],[-122.95489963699998,45.544456465000053],[-122.95490713099997,45.544456722000064],[-122.95491460799997,45.544457159000046],[-122.95492205999994,45.544457777000048],[-122.95492947699995,45.544458574000032],[-122.95493684999997,45.544459551000045],[-122.95494417099997,45.544460706000052],[-122.95495143099998,45.544462036000027],[-122.95553272299998,45.544604504000063],[-122.95557257399997,45.544616725000026],[-122.95584376199997,45.544711455000026],[-122.95609997599996,45.54482491400006],[-122.95633860399994,45.544955947000062],[-122.95634403599996,45.544959346000041],[-122.95634929799996,45.544962874000078],[-122.95635438599999,45.544966525000063],[-122.95635929399998,45.544970297000077],[-122.95636401499996,45.544974184000068],[-122.95636854599996,45.544978181000033],[-122.95637287799997,45.544982286000049],[-122.95637700899999,45.544986492000078],[-122.95638093299999,45.544990794000057],[-122.95638464599995,45.544995189000076],[-122.95638814399996,45.544999670000038],[-122.95639141999999,45.545004232000053],[-122.95639447399998,45.545008870000061],[-122.95639729999999,45.545013579000056],[-122.95639989599999,45.545018352000056],[-122.95640225899996,45.545023186000037],[-122.95640438599997,45.545028073000026],[-122.95640627299997,45.545033008000075],[-122.95640791899996,45.545037986000068],[-122.95640932399999,45.545043000000078],[-122.95641048299996,45.545048046000034],[-122.95641139699995,45.54505311500003],[-122.95641206299996,45.545058204000043],[-122.95641248099997,45.545063306000031],[-122.95641265199998,45.54506841500006],[-122.95641248799996,45.545076662000042],[-122.95641193099999,45.545084899000074],[-122.95641098099998,45.545093120000047],[-122.95640964099999,45.545101314000078],[-122.95640790999994,45.545109471000046],[-122.95640579399998,45.545117583000035],[-122.95640329099996,45.545125640000037],[-122.95640040599994,45.54513363500007],[-122.95639714199996,45.545141557000079],[-122.95639350199997,45.545149398000035],[-122.95638949199997,45.545157149000033],[-122.95638511299995,45.545164801000055],[-122.95638037399999,45.545172347000062],[-122.95637527799994,45.545179775000065],[-122.95636982999997,45.545187081000051],[-122.95636085699999,45.545198952000078],[-122.95635134099996,45.545210614000041],[-122.95634129599995,45.545222054000078],[-122.95633073099998,45.545233260000032],[-122.95631965699999,45.545244221000075],[-122.95630808599998,45.545254925000052],[-122.95629602799994,45.545265361000077],[-122.95628349799995,45.545275519000029],[-122.95627050899998,45.545285387000035],[-122.95625707199997,45.545294955000031],[-122.95624320299999,45.545304214000055],[-122.95621821999998,45.545316711000055],[-122.95619262699995,45.545328583000071],[-122.95616645799998,45.545339818000059],[-122.95613974399998,45.545350400000075],[-122.95611251599996,45.545360316000028],[-122.95608480999999,45.545369555000036],[-122.95606528599995,45.54537550100008],[-122.95604549099994,45.54538098900008],[-122.95602544799999,45.545386012000051],[-122.95600517799994,45.545390565000048],[-122.95598470499999,45.545394643000066],[-122.95596405099997,45.545398242000033],[-122.95594323799997,45.54540135700006],[-122.95592228899994,45.545403986000053],[-122.95590122799996,45.545406125000056],[-122.95588007799995,45.545407771000043],[-122.95585886099997,45.545408924000071],[-122.95583760099998,45.545409581000058],[-122.95581632299996,45.54540974300005]],[[-122.95118116399999,45.538817583000025],[-122.95118572299998,45.538816111000074],[-122.95119035099998,45.53881474800005],[-122.95119504199999,45.538813497000035],[-122.95119978999998,45.538812359000076],[-122.95120459199995,45.538811334000059],[-122.95120943999996,45.538810426000055],[-122.95121432899998,45.538809633000028],[-122.95121925399997,45.53880895900005],[-122.95122420899997,45.538808402000029],[-122.95122918699997,45.538807964000057],[-122.95123418399999,45.538807645000077],[-122.95123919399998,45.538807446000078],[-122.95124420999997,45.538807367000061],[-122.95124922699995,45.538807409000071],[-122.95125423899998,45.538807569000028],[-122.95125924099995,45.538807850000069],[-122.95126422599998,45.538808250000045],[-122.95126918899996,45.53880876900007],[-122.95127412299996,45.538809407000031],[-122.95128095299998,45.538810074000025],[-122.95128774599999,45.538810906000037],[-122.95129449399997,45.538811901000031],[-122.95130118999998,45.538813058000073],[-122.95130782499996,45.538814375000072],[-122.95131439299996,45.538815851000038],[-122.95132088399998,45.538817485000038],[-122.95132729099998,45.538819275000037],[-122.95133360699998,45.538821218000066],[-122.95133982599998,45.538823312000034],[-122.95134593699999,45.538825555000074],[-122.95135193699997,45.538827944000047],[-122.95135781599998,45.538830475000054],[-122.95136356799998,45.538833148000037],[-122.95136918699995,45.538835956000071],[-122.95137466499995,45.538838899000041],[-122.95137999399998,45.538841972000057],[-122.95138517199996,45.538845172000038],[-122.95149206399998,45.538941161000025],[-122.95201007799994,45.539434148000055],[-122.95247456499999,45.539875112000061],[-122.95290021399995,45.540281641000036],[-122.95320682899995,45.540572605000079],[-122.95330664299996,45.540672377000078],[-122.95334799099999,45.540726828000061],[-122.95365293799995,45.541018895000036],[-122.95365670299998,45.541022635000047],[-122.95366027799997,45.541026466000062],[-122.95366366199994,45.541030382000031],[-122.95366684899994,45.541034377000074],[-122.95366983499997,45.54103845000003],[-122.953672617,45.541042593000043],[-122.95367519199999,45.541046802000039],[-122.95367755599995,45.541051071000027],[-122.95367970499996,45.541055395000058],[-122.95368163899997,45.54105977100005],[-122.95368335499995,45.541064190000043],[-122.95368484899996,45.541068649000067],[-122.95368612199997,45.541073142000073],[-122.95368716899998,45.541077664000056],[-122.95368799199997,45.541082208000034],[-122.95368858899997,45.541086770000049],[-122.95368895899998,45.541091343000062],[-122.95368909999996,45.541095923000057],[-122.95368901399996,45.541100504000042],[-122.95368870099998,45.541105080000079],[-122.95368815999996,45.541109645000063],[-122.95368684999994,45.541117429000053],[-122.953685157,45.541125176000037],[-122.95368308399998,45.541132878000042],[-122.95368063399997,45.54114052500006],[-122.95367780799995,45.541148107000026],[-122.95367460999995,45.541155617000072],[-122.95367104599995,45.541163044000029],[-122.95366711799994,45.54117038000004],[-122.95366282999998,45.541177616000027],[-122.95365819099999,45.541184744000077],[-122.95365320199994,45.541191755000057],[-122.95326461399998,45.541394422000053],[-122.95320380099997,45.541425616000026],[-122.95319824099994,45.541427958000043],[-122.95319256999994,45.541430167000044],[-122.95318679599995,45.541432241000052],[-122.95318092799999,45.541434177000042],[-122.95317496899997,45.541435972000045],[-122.95316892699998,45.541437625000071],[-122.95316280899999,45.541439134000029],[-122.95315662299998,45.541440497000053],[-122.95315037399996,45.54144171300004],[-122.95314407099994,45.541442780000068],[-122.95313771999997,45.541443697000034],[-122.95313132899997,45.541444463000062],[-122.95312490499998,45.541445077000049],[-122.95311845399999,45.541445539000051],[-122.95311198599995,45.541445847000034],[-122.95310550599999,45.541446002000043],[-122.95309902299999,45.541446004000079],[-122.95309254299997,45.541445851000049],[-122.95308607299995,45.541445546000034],[-122.95307962399994,45.541445086000067],[-122.95307319799997,45.541444476000038],[-122.95306680699997,45.541443712000046],[-122.95306045599995,45.541442798000048],[-122.95305415199999,45.541441733000056],[-122.95304790099999,45.541440520000037],[-122.95304122899995,45.541439088000061],[-122.95303462999999,45.541437494000036],[-122.95302811399995,45.541435739000065],[-122.95302168999996,45.541433826000059],[-122.95301536299996,45.541431757000055],[-122.95300914299997,45.541429536000066],[-122.95300303799996,45.541427162000048],[-122.95299705199994,45.541424642000038],[-122.95299119499998,45.541421977000027],[-122.95298547399995,45.54141917000004],[-122.95297989599999,45.541416225000035],[-122.95297446499995,45.541413145000035],[-122.95296919199996,45.541409935000047],[-122.95296407999996,45.541406598000037],[-122.95295913599995,45.541403138000078],[-122.95295436699996,45.54139955800008],[-122.95294977799995,45.541395865000027],[-122.95265259099995,45.54111126500004],[-122.95234531799997,45.540818544000047],[-122.95210821199998,45.540593265000041],[-122.95187602799996,45.540371357000026],[-122.95163935299996,45.540146122000067],[-122.95139899399999,45.539917114000048],[-122.95114365499995,45.539674084000069],[-122.95074194399996,45.539293041000064],[-122.95072459399995,45.53927894800006],[-122.95070862899996,45.539264067000033],[-122.95070118999996,45.539256352000052],[-122.95069412299995,45.53924846600006],[-122.95068743899998,45.53924041700003],[-122.95068114299994,45.539232215000027],[-122.95067524199999,45.539223869000068],[-122.95066974499997,45.539215388000059],[-122.95066465699995,45.539206781000075],[-122.95065998199999,45.539198060000047],[-122.95065572899995,45.539189233000059],[-122.95065189899998,45.539180311000052],[-122.95064849799996,45.539171302000057],[-122.95064805499999,45.53916649100006],[-122.95064784399995,45.539161673000081],[-122.95064786799998,45.539156852000076],[-122.95064812599998,45.539152035000029],[-122.95064861799995,45.539147226000068],[-122.95064934199996,45.539142432000062],[-122.95065029799997,45.539137657000026],[-122.95065148699996,45.539132909000045],[-122.95065290399998,45.539128193000067],[-122.95065454899998,45.53912351200006],[-122.95065642099996,45.539118874000053],[-122.95065851699997,45.53911428400005],[-122.95066083499995,45.539109746000065],[-122.95066336999997,45.539105266000035],[-122.95066612299996,45.539100850000068],[-122.95066908799998,45.539096503000053],[-122.95067226099997,45.539092228000072],[-122.95067564099998,45.539088033000041],[-122.95067922199996,45.539083921000042],[-122.95068300199995,45.539079898000068],[-122.95068697399995,45.539075967000031],[-122.95069113299996,45.539072133000047],[-122.95069547699995,45.539068402000055],[-122.95069999999998,45.539064777000078],[-122.95070469599995,45.539061262000075],[-122.95070955999995,45.53905786200005],[-122.95071458599995,45.539054581000073],[-122.95071976699995,45.539051421000067],[-122.95077835799998,45.539019970000027],[-122.95116371799998,45.53882453600005],[-122.95116795099995,45.538822642000071],[-122.95117227299994,45.538820850000036],[-122.95117667999995,45.538819164000074],[-122.95118116399999,45.538817583000025]],[[-122.95035622799998,45.539667997000038],[-122.95036519299998,45.539669100000026],[-122.95037409799994,45.539670418000071],[-122.95038293399995,45.539671949000081],[-122.95039169099999,45.539673691000075],[-122.95040035899996,45.539675643000066],[-122.95040892499998,45.539677801000039],[-122.95041738199996,45.539680163000071],[-122.95042571899995,45.539682728000059],[-122.95043392699995,45.539685491000057],[-122.95044199499995,45.539688449000039],[-122.95074608699997,45.539816950000045],[-122.95103296599996,45.539963701000033],[-122.95130041999994,45.540127572000074],[-122.95154638399998,45.540307298000073],[-122.95176896599997,45.540501495000058],[-122.95248646899995,45.541186521000043],[-122.95250148999997,45.541200794000076],[-122.95251506899996,45.541214711000066],[-122.95252795099998,45.54122895200004],[-122.95254011999998,45.541243498000028],[-122.95255155999996,45.541258334000077],[-122.95256225999998,45.541273440000055],[-122.95257220299999,45.541288800000075],[-122.95258138099996,45.541304393000075],[-122.95258977999998,45.541320201000076],[-122.95259739099998,45.54133620500005],[-122.95260420499994,45.541352386000028],[-122.95261021299996,45.541368723000062],[-122.95261540899997,45.541385197000068],[-122.95261978499997,45.541401789000076],[-122.95262333699998,45.541418477000036],[-122.95262605999994,45.541435242000034],[-122.95262795199994,45.541452064000055],[-122.95262900799997,45.541468921000046],[-122.95262922899997,45.541485794000039],[-122.95262861399999,45.541502664000063],[-122.95262716399998,45.541519506000043],[-122.95262488099996,45.541536304000033],[-122.95262176699998,45.541553036000039],[-122.95261782499995,45.541569681000055],[-122.95261306199995,45.541586220000056],[-122.95260748199996,45.541602631000046],[-122.95260109299994,45.541618897000035],[-122.95259390199999,45.541634997000074],[-122.95258591799995,45.541650911000033],[-122.95257715199995,45.541666620000058],[-122.95256760999996,45.541682105000064],[-122.95255730899999,45.541697348000071],[-122.95254625899997,45.541712329000063],[-122.95253447399995,45.54172703100005],[-122.95252196599995,45.541741435000063],[-122.95250875499994,45.541755526000031],[-122.95249485099998,45.541769284000054],[-122.95247592399994,45.541785301000061],[-122.95245621599997,45.541800847000047],[-122.95243575199999,45.541815902000053],[-122.95241455499996,45.541830449000031],[-122.95239265199996,45.541844469000068],[-122.95237006899998,45.54185794600005],[-122.95234683499996,45.541870864000032],[-122.95232297499996,45.541883207000069],[-122.95229851899995,45.541894960000036],[-122.95227349599998,45.541906109000081],[-122.95224793899996,45.541916640000068],[-122.95222187599995,45.541926541000066],[-122.95219533799997,45.541935800000033],[-122.95216835899998,45.541944405000038],[-122.95215542099999,45.541947343000061],[-122.95214234599996,45.541949964000025],[-122.95212914999996,45.541952264000031],[-122.95211584799995,45.541954242000031],[-122.95210245599998,45.541955893000079],[-122.95208898999999,45.54195721800005],[-122.95207546699999,45.541958215000079],[-122.95206190299996,45.541958880000038],[-122.95204831499996,45.54195921400003],[-122.95203471899998,45.541959218000045],[-122.95202112999999,45.541958889000057],[-122.95200756499997,45.541958231000081],[-122.95199404099998,45.54195724200008],[-122.95198057399995,45.541955923000046],[-122.95196718099999,45.541954278000048],[-122.95195387699999,45.541952308000077],[-122.95194067699998,45.541950014000065],[-122.95192759899999,45.541947399000037],[-122.95191465799996,45.541944468000054],[-122.95190186899998,45.541941222000048],[-122.95188924899998,45.54193766800006],[-122.95187681199997,45.541933808000067],[-122.95186457199998,45.541929647000075],[-122.95185254499995,45.541925190000029],[-122.95184074499997,45.541920443000038],[-122.95182918599994,45.541915411000048],[-122.95181788299999,45.541910100000052],[-122.95180684899998,45.541904518000081],[-122.95179609699994,45.541898669000034],[-122.95178563999997,45.541892563000033],[-122.95177548999999,45.541886205000026],[-122.95176566099997,45.54187960400003],[-122.95175616299997,45.54187276600004],[-122.95174700799998,45.541865703000042],[-122.95049138999997,45.540669775000026],[-122.95034479999998,45.540487425000038],[-122.95022134899995,45.540294094000046],[-122.95012381999999,45.540093582000054],[-122.95005304399996,45.539887600000043],[-122.95005150999998,45.539881296000033],[-122.95005028199995,45.539874958000041],[-122.95004936299995,45.53986859500003],[-122.95004875499995,45.539862214000038],[-122.95004845699998,45.53985582200005],[-122.95004846899997,45.539849425000057],[-122.95004879299995,45.539843034000057],[-122.95004942799994,45.539836654000055],[-122.95005037199996,45.53983029300008],[-122.95005162399997,45.539823958000056],[-122.95005318399996,45.539817656000025],[-122.95005505099999,45.539811397000051],[-122.95005721899997,45.539805186000081],[-122.95005968799995,45.53979903000004],[-122.95006245599996,45.539792936000026],[-122.95006551799997,45.539786914000047],[-122.95006887199997,45.539780968000059],[-122.95007251199996,45.539775106000036],[-122.95007643399998,45.539769335000074],[-122.95008063499995,45.539763661000052],[-122.95008510999997,45.539758092000056],[-122.95008985299995,45.539752634000081],[-122.95009485799994,45.539747292000072],[-122.95010012099999,45.53974207400006],[-122.95010563399995,45.539736984000058],[-122.95011139099995,45.539732031000028],[-122.95011738499994,45.539727218000053],[-122.95012361099998,45.539722553000047],[-122.95013005799996,45.539718039000036],[-122.95013672199997,45.539713683000059],[-122.95014359399994,45.539709489000074],[-122.95015066499997,45.539705463000075],[-122.95015792899994,45.539701609000076],[-122.95016537499998,45.539697932000081],[-122.95017299599999,45.539694435000058],[-122.95018078299995,45.539691124000058],[-122.95018872499998,45.539688002000048],[-122.95019681499997,45.539685072000054],[-122.95020504299998,45.539682337000045],[-122.95021339899995,45.53967980200008],[-122.95022187199999,45.539677470000072],[-122.95023045499994,45.539675342000066],[-122.95023913499995,45.539673422000078],[-122.95024790499997,45.53967171000005],[-122.95025675199997,45.539670210000054],[-122.95026566699994,45.539668925000058],[-122.95027463899999,45.539667853000026],[-122.95028365799999,45.53966699700004],[-122.95029271399994,45.53966635900008],[-122.95030179499997,45.539665938000041],[-122.95031089099996,45.539665736000075],[-122.95031999199995,45.539665752000076],[-122.95032908699994,45.539665987000035],[-122.95033816399996,45.53966643900003],[-122.95034721599995,45.539667110000039],[-122.95035622799998,45.539667997000038]],[[-122.94979833699995,45.539804454000034],[-122.94979842499998,45.53980684000004],[-122.94979839599995,45.539809228000081],[-122.94979824899997,45.539811612000051],[-122.94979798499998,45.539813991000074],[-122.94979760599995,45.539816363000057],[-122.94979710899997,45.539818725000032],[-122.94979649899994,45.539821073000041],[-122.94979577299995,45.53982340500005],[-122.94979493199997,45.539825717000042],[-122.94979397999998,45.539828008000029],[-122.94979291399994,45.539830274000053],[-122.94979173899998,45.539832514000068],[-122.94979045399998,45.53983472300007],[-122.94978906199998,45.539836901000058],[-122.94978756499995,45.539839043000029],[-122.94978596199996,45.53984114800005],[-122.94978425799997,45.539843212000051],[-122.94978245299995,45.53984523400004],[-122.94978054999996,45.539847211000051],[-122.94977855199994,45.539849141000047],[-122.94977645999995,45.539851021000061],[-122.94977427699996,45.539852849000056],[-122.94977200499994,45.539854625000032],[-122.94976964799997,45.539856343000054],[-122.94976720899996,45.539858004000052],[-122.94976468799996,45.539859604000071],[-122.94976209099997,45.539861142000063],[-122.94975942099995,45.53986261700004],[-122.94975667799997,45.539864026000032],[-122.94975386899995,45.539865367000061],[-122.94975099699997,45.539866640000071],[-122.94974806299996,45.539867843000081],[-122.94974507199998,45.539868974000058],[-122.94974202599997,45.539870032000067],[-122.94973893099996,45.539871015000074],[-122.94973579099997,45.539871923000078],[-122.94973260599994,45.539872754000044],[-122.94972938299998,45.539873507000038],[-122.94972612499998,45.539874182000062],[-122.94972283699997,45.539874778000069],[-122.94971952099996,45.539875294000069],[-122.94971618099999,45.539875729000073],[-122.94971282199998,45.539876083000081],[-122.94970944799996,45.539876356000036],[-122.94970606099997,45.539876547000063],[-122.94970266799999,45.539876655000057],[-122.94969927199998,45.539876680000077],[-122.94969587599996,45.539876625000034],[-122.94969248599995,45.539876487000072],[-122.94968910399996,45.539876266000078],[-122.94968573499995,45.539875964000032],[-122.94968238199999,45.539875580000057],[-122.94967905099998,45.539875116000076],[-122.94967574399999,45.539874571000041],[-122.94967246599998,45.539873946000057],[-122.94966921999998,45.539873243000045],[-122.94966600999999,45.539872461000073],[-122.94966284099996,45.539871602000062],[-122.94965971699997,45.53987066600007],[-122.94965663999994,45.539869656000064],[-122.94965361299995,45.539868571000056],[-122.94965064299998,45.53986741500006],[-122.94964772999998,45.53986618700003],[-122.94918917999996,45.539429404000032],[-122.94918769299994,45.539422128000069],[-122.94918545299998,45.539415438000049],[-122.94918406199997,45.53940863400004],[-122.94918352899998,45.53940177000004],[-122.94918340899994,45.539399512000045],[-122.94918340299995,45.539397253000061],[-122.94918350699999,45.539394994000077],[-122.94918372199999,45.539392740000039],[-122.94918404899994,45.539390492000052],[-122.94918448599998,45.539388254000073],[-122.94918503299999,45.539386028000081],[-122.94918569099997,45.539383816000054],[-122.94918645699994,45.539381621000075],[-122.94918733199995,45.539379448000034],[-122.94918831299998,45.539377296000055],[-122.94918939999997,45.539375169000039],[-122.94919058999994,45.539373070000067],[-122.94919188399996,45.539371002000053],[-122.94919327999997,45.53936896600004],[-122.94919477399998,45.539366967000035],[-122.94919636799995,45.539365003000057],[-122.94919805699999,45.539363081000033],[-122.94919983899996,45.539361201000077],[-122.94920171399997,45.539359366000042],[-122.94920367699996,45.539357576000043],[-122.94920572899997,45.539355837000073],[-122.94920786399996,45.539354148000029],[-122.94921008299997,45.53935251200005],[-122.949212381,45.539350932000048],[-122.94921475399997,45.539349408000078],[-122.94921720299999,45.539347943000053],[-122.94921972099996,45.539346539000064],[-122.94922230899999,45.539345197000046],[-122.94922495899999,45.539343919000032],[-122.94922767299994,45.53934270600007],[-122.94923044399997,45.539341561000072],[-122.94923326999998,45.539340483000046],[-122.94923614699997,45.539339476000066],[-122.94923907399999,45.539338538000038],[-122.94924204299997,45.53933767400008],[-122.94924505399996,45.539336881000054],[-122.94924810199996,45.53933616300003],[-122.94925118499998,45.539335520000066],[-122.94925429699998,45.539334951000058],[-122.94925743399995,45.539334460000077],[-122.94926059499994,45.539334045000032],[-122.94926377399997,45.539333708000072],[-122.94926696799996,45.539333448000036],[-122.94927017299995,45.539333266000028],[-122.94927338499997,45.539333163000038],[-122.94927659899997,45.539333138000075],[-122.94927981299998,45.539333191000026],[-122.94928302399995,45.539333323000051],[-122.94928622399999,45.539333533000047],[-122.94928941399996,45.539333821000071],[-122.94929258699995,45.539334186000076],[-122.94929573999997,45.539334628000063],[-122.94929886899996,45.539335148000077],[-122.94930196999996,45.539335743000038],[-122.94930503999996,45.539336413000058],[-122.94930807499998,45.53933715900007],[-122.94931107199994,45.539337977000059],[-122.94931402699996,45.539338868000073],[-122.94969307899999,45.539455147000069],[-122.94969620699999,45.539456152000071],[-122.94969928399996,45.539457234000054],[-122.94970230299998,45.53945839000005],[-122.94970526399999,45.539459620000059],[-122.94970816299997,45.539460922000046],[-122.94971099399999,45.539462294000032],[-122.94971375699998,45.539463734000037],[-122.94971644599997,45.539465241000073],[-122.94971905799997,45.539466814000036],[-122.94972158999997,45.539468450000072],[-122.94972403999998,45.539470146000042],[-122.94972640399999,45.53947190100007],[-122.94972867899997,45.539473714000053],[-122.94973086299996,45.53947558200008],[-122.94973295299997,45.539477501000079],[-122.94973494599998,45.53947947100005],[-122.94973683999996,45.539481488000035],[-122.94973863299998,45.539483551000046],[-122.94974032299996,45.539485656000068],[-122.94974190699998,45.539487802000053],[-122.94974338299994,45.539489985000046],[-122.94974474999998,45.539492203000066],[-122.94974600599994,45.539494453000032],[-122.94974714999995,45.539496732000032],[-122.94974817899998,45.539499039000077],[-122.94974909299998,45.53950136900005],[-122.94974989199994,45.539503720000027],[-122.94975057299996,45.539506089000042],[-122.94975113599997,45.539508474000058],[-122.94975157899995,45.539510870000072],[-122.94979780999995,45.539799696000046],[-122.94979813199996,45.539802072000043],[-122.94979833699995,45.539804454000034]],[[-122.94942045199997,45.537338298000066],[-122.94943853699999,45.537328456000068],[-122.94945738799998,45.537320066000063],[-122.94946668399996,45.537316714000042],[-122.94948250999994,45.537311912000064],[-122.94949709699995,45.537308413000062],[-122.94951578599995,45.537304741000071],[-122.94953597399996,45.537302533000059],[-122.94955749499997,45.537301865000074],[-122.94957745499994,45.537302075000071],[-122.94959270799995,45.537303159000032],[-122.94961558599999,45.537306441000055],[-122.94963762099997,45.537311554000041],[-122.94966227199996,45.537319158000059],[-122.94968043999995,45.537326281000048],[-122.94969265599997,45.537332255000081],[-122.94970934499997,45.537342556000056],[-122.94972498899995,45.537351104000038],[-122.95036060099994,45.537952371000074],[-122.95048288399994,45.538057164000065],[-122.95059002199997,45.538139826000076],[-122.95074731099999,45.53825646100006],[-122.95088037799997,45.538363332000074],[-122.95100242599995,45.538475052000081],[-122.95107328499995,45.538544481000031],[-122.95107687299998,45.538549753000041],[-122.95108020199996,45.538555107000036],[-122.95108326999997,45.53856053700008],[-122.95108607199995,45.538566038000056],[-122.95108860699997,45.538571603000037],[-122.95109087099996,45.538577226000029],[-122.95109285899997,45.538582899000062],[-122.95109457299998,45.538588617000073],[-122.95109600899997,45.538594372000034],[-122.95109716299999,45.538600158000065],[-122.95109803799994,45.538605969000059],[-122.95109863099998,45.538611798000034],[-122.95109893899996,45.538617636000026],[-122.95109868599997,45.538622357000065],[-122.95109819899994,45.538627070000075],[-122.95109748099998,45.538631767000027],[-122.95109653099996,45.538636444000076],[-122.95109535099999,45.538641096000049],[-122.95109394099995,45.53864571500003],[-122.95109230499997,45.53865029800005],[-122.95109044499998,45.53865483800007],[-122.95108836099996,45.53865933000003],[-122.95108605599995,45.538663768000049],[-122.95108353499995,45.538668148000056],[-122.95108079899995,45.538672463000069],[-122.95107785099998,45.538676710000061],[-122.95107469599998,45.538680882000051],[-122.95107133699997,45.538684974000034],[-122.95106777799998,45.538688983000043],[-122.95106402399995,45.538692902000037],[-122.95106007799995,45.538696727000058],[-122.95105594599994,45.538700454000036],[-122.95105163299996,45.53870407900007],[-122.95104714299998,45.538707595000062],[-122.95092617199998,45.538774818000036],[-122.95066444599996,45.538907811000058],[-122.95063933799997,45.538923392000072],[-122.95059297799997,45.538945200000057],[-122.95058748299999,45.538947524000037],[-122.95058187699999,45.538949714000069],[-122.95057616599996,45.538951766000025],[-122.95057035799999,45.538953679000031],[-122.95056445899996,45.538955448000081],[-122.95055847599997,45.538957074000052],[-122.95055241699998,45.538958553000043],[-122.95054628799994,45.538959882000029],[-122.95054009899997,45.538961063000045],[-122.95053385299997,45.538962093000066],[-122.95052756199999,45.538962970000057],[-122.95052123099998,45.538963694000074],[-122.95051486899996,45.538964262000036],[-122.95050848099999,45.538964677000081],[-122.95050207699995,45.538964935000081],[-122.95049564499999,45.538965038000072],[-122.95048921199998,45.538964985000064],[-122.95048278499996,45.538964777000047],[-122.95047637199997,45.538964413000031],[-122.95046997999998,45.538963894000062],[-122.95046361899995,45.538963221000074],[-122.95045729399999,45.538962395000055],[-122.95045101299996,45.538961415000074],[-122.95044478299997,45.53896028500003],[-122.95043861299996,45.538959003000059],[-122.950432509,45.538957574000051],[-122.95042647899999,45.538955998000063],[-122.95042052999997,45.538954276000027],[-122.95041466899994,45.538952412000071],[-122.95040890199999,45.538950406000026],[-122.95040323699999,45.538948263000066],[-122.95039768199996,45.538945983000076],[-122.95039224099997,45.538943571000061],[-122.95038692099996,45.538941028000067],[-122.95038172899996,45.538938358000053],[-122.95037666999997,45.538935564000042],[-122.95037175299996,45.53893264800007],[-122.95036697899997,45.538929616000075],[-122.95030071999997,45.538872703000038],[-122.94986449299995,45.538455628000065],[-122.94962155699994,45.538224443000047],[-122.94948370499998,45.538092930000062],[-122.94937046099994,45.537985743000036],[-122.94920701299998,45.537829787000078],[-122.94915508799994,45.53778098600003],[-122.94912861799997,45.537754981000035],[-122.94911461399994,45.537736517000042],[-122.94910427299999,45.537719150000044],[-122.94909833799994,45.537704126000051],[-122.94909507999995,45.537692754000034],[-122.94909243199999,45.537660500000072],[-122.94909264399996,45.537651279000045],[-122.94909652599995,45.537636694000071],[-122.94910230099998,45.537624329000039],[-122.94911027399996,45.537611082000069],[-122.94911823199999,45.537600076000047],[-122.94912699499997,45.537589524000055],[-122.94913595099996,45.537580035000076],[-122.94914485799995,45.537571635000063],[-122.94915288299995,45.537564235000048],[-122.94929758399996,45.537440204000063],[-122.94940151299994,45.537350392000064],[-122.94942045199997,45.537338298000066]],[[-122.94966039099995,45.538983698000038],[-122.94965986399995,45.538990083000044],[-122.94965902899997,45.53899645100006],[-122.94965788299999,45.539002796000034],[-122.94965642899996,45.539009109000062],[-122.94965466999997,45.539015384000038],[-122.94965260599997,45.539021613000045],[-122.94965024199996,45.539027788000055],[-122.94964757699995,45.539033904000064],[-122.94964461799998,45.539039951000063],[-122.94964136699997,45.539045925000039],[-122.94963782499997,45.53905181600004],[-122.94963400099999,45.539057620000051],[-122.94962989699997,45.539063328000054],[-122.94962551699996,45.539068934000056],[-122.94962086699996,45.539074432000064],[-122.94961595199999,45.539079815000036],[-122.94961077899995,45.539085077000038],[-122.94960535299998,45.53909021100003],[-122.949599681,45.539095212000063],[-122.94959376899999,45.539100075000079],[-122.94958762399995,45.539104792000046],[-122.94958125299996,45.539109359000065],[-122.94957466399995,45.539113770000029],[-122.94956786299997,45.539118021000036],[-122.94956085999996,45.539122106000036],[-122.94955366299996,45.539126021000072],[-122.94954628099998,45.539129760000037],[-122.94953871899997,45.539133320000076],[-122.94953098999997,45.539136696000071],[-122.94952309999996,45.539139885000054],[-122.94951506099994,45.539142883000068],[-122.94950687999994,45.539145685000051],[-122.94949856699998,45.539148290000071],[-122.94949013399997,45.539150694000057],[-122.94948158799997,45.53915289400004],[-122.94947293999996,45.539154887000052],[-122.94946419999997,45.539156671000057],[-122.94945537899997,45.539158245000067],[-122.94944648699999,45.539159606000055],[-122.94943753199999,45.539160752000043],[-122.94942852799994,45.539161683000032],[-122.94941948399998,45.539162397000041],[-122.94941040999998,45.539162894000071],[-122.94940131699997,45.53916317200003],[-122.94939221699997,45.539163233000068],[-122.94938311799996,45.539163074000044],[-122.94937403399996,45.539162697000052],[-122.94936497199996,45.539162102000034],[-122.94935594399999,45.539161290000038],[-122.94934696099995,45.539160263000042],[-122.94933803399999,45.539159019000067],[-122.94932917199998,45.539157562000071],[-122.94932038599995,45.539155893000043],[-122.94931168599999,45.539154014000076],[-122.94930308299996,45.539151927000034],[-122.94929458699994,45.539149635000058],[-122.94928620699994,45.539147141000058],[-122.94927795199999,45.539144447000069],[-122.94926983299996,45.539141556000061],[-122.94906071999998,45.539056066000057],[-122.94886152899994,45.538959583000064],[-122.94867342799995,45.53885267000004],[-122.94860326599996,45.538808149000033],[-122.94853739299998,45.53876400300004],[-122.94847776299997,45.538721033000058],[-122.94830083399995,45.53858320300003],[-122.94829373099998,45.538576436000028],[-122.94826810799998,45.538548883000033],[-122.94826389599996,45.538543803000039],[-122.94825993399996,45.538538624000068],[-122.94825622599996,45.538533352000059],[-122.94825277699999,45.538527996000028],[-122.94824959099998,45.538522558000068],[-122.94824667199998,45.538517047000028],[-122.94824402299997,45.53851147000006],[-122.94824164699997,45.538505831000066],[-122.94823954799995,45.538500140000053],[-122.94823772699999,45.538494401000037],[-122.94823618599997,45.538488621000056],[-122.94823492899997,45.538482808000026],[-122.94823395399999,45.538476967000065],[-122.94823326599999,45.538471107000078],[-122.94823286399998,45.538465234000057],[-122.94823274699996,45.538459354000054],[-122.94823291799997,45.538453476000029],[-122.94823337399998,45.538447604000055],[-122.94823411699997,45.538441747000036],[-122.94823514399997,45.538435912000068],[-122.94823645599996,45.538430104000042],[-122.94823804899994,45.538424331000044],[-122.94823992199997,45.538418601000046],[-122.94824207499994,45.538412919000052],[-122.94824450199997,45.538407291000055],[-122.94824720199995,45.538401726000075],[-122.94825017299996,45.538396229000057],[-122.94825340799997,45.538390806000052],[-122.94825690599998,45.538385464000044],[-122.94826066199994,45.538380210000071],[-122.94826467399997,45.538375049000081],[-122.94826893199996,45.538369988000056],[-122.94827343499998,45.538365032000058],[-122.94827817799995,45.53836018800007],[-122.94828315399997,45.538355460000048],[-122.94828835599998,45.538350855000033],[-122.94872770699999,45.537977514000033],[-122.94873320499994,45.537973003000047],[-122.94873892399994,45.537968629000034],[-122.94874485299999,45.537964397000053],[-122.94875098799997,45.537960311000063],[-122.94875732099996,45.537956377000057],[-122.94876384299999,45.53795260000004],[-122.94877054899996,45.537948985000071],[-122.94877742699998,45.537945534000073],[-122.94878447199994,45.53794225300004],[-122.948791675,45.537939145000053],[-122.94879902699995,45.537936215000059],[-122.94880651899996,45.537933466000027],[-122.94881414099996,45.537930900000049],[-122.94882188499997,45.537928522000072],[-122.94882974299998,45.537926334000076],[-122.94883770299998,45.537924337000049],[-122.94884575699996,45.537922537000043],[-122.94885389399997,45.537920933000066],[-122.94886210599998,45.537919530000067],[-122.94887038399997,45.537918325000078],[-122.94887871399999,45.537917324000034],[-122.94888708899998,45.53791652600006],[-122.94889549899995,45.537915933000079],[-122.94890393299994,45.537915544000043],[-122.94891237899998,45.537915362000035],[-122.94892083099995,45.537915385000076],[-122.94892927699999,45.537915614000042],[-122.94893770699997,45.537916048000056],[-122.94894610899996,45.537916686000074],[-122.94895447499999,45.537917530000072],[-122.94896279399995,45.537918577000028],[-122.94897105699999,45.537919825000074],[-122.94897925399999,45.537921274000041],[-122.94898737299997,45.537922923000053],[-122.94899540799997,45.53792476700005],[-122.94900334599998,45.537926805000041],[-122.94901117799998,45.537929037000026],[-122.94901889699997,45.53793145700007],[-122.94902649099998,45.537934064000069],[-122.94903395199998,45.537936854000066],[-122.94904127099994,45.537939824000034],[-122.94904843999996,45.537942970000074],[-122.94905544799997,45.537946290000036],[-122.94906228899998,45.537949777000051],[-122.94906895399998,45.537953430000073],[-122.94907543399995,45.537957243000051],[-122.94908172399994,45.537961210000049],[-122.94908781299995,45.537965329000031],[-122.94909369699997,45.53796959400006],[-122.949099365,45.53797399900003],[-122.94913925399999,45.538015365000035],[-122.94931152999999,45.538233336000076],[-122.94945569299995,45.538461163000079],[-122.94957061299999,45.538697057000036],[-122.94965538599996,45.538939173000074],[-122.94965702799999,45.538945464000051],[-122.94965836199998,45.538951790000056],[-122.94965938799999,45.538958144000048],[-122.94966010499996,45.538964520000036],[-122.94966051099999,45.538970909000057],[-122.94966060699994,45.53897730400007],[-122.94966039099995,45.538983698000038]],[[-122.94756334299996,45.538574307000033],[-122.94756213499994,45.538575576000028],[-122.94756629799997,45.538580618000026],[-122.94757021599997,45.538585756000032],[-122.94757388599999,45.538590984000052],[-122.94757730299995,45.538596295000048],[-122.94758046399994,45.538601684000071],[-122.94758336599995,45.538607145000071],[-122.94758600299997,45.538612672000056],[-122.94758837599994,45.538618257000053],[-122.94759047899998,45.538623896000047],[-122.94759230999995,45.538629581000066],[-122.94759386899995,45.53863530600006],[-122.94759515199996,45.538641066000025],[-122.94759615999999,45.538646852000056],[-122.94759688999994,45.538652658000046],[-122.94759733999996,45.538658478000059],[-122.94759751199996,45.538664306000044],[-122.94759740499995,45.538670135000075],[-122.94759701899994,45.538675957000066],[-122.94759635399998,45.53868176800006],[-122.94759500699996,45.538687877000029],[-122.94759335899994,45.538693951000027],[-122.94759141199995,45.538699981000036],[-122.94758916899997,45.538705960000073],[-122.94758663299996,45.538711880000051],[-122.94758380599995,45.538717736000081],[-122.94758069299996,45.53872351800004],[-122.94757729499997,45.538729223000075],[-122.94757361899997,45.538734840000075],[-122.94756966799997,45.538740364000034],[-122.94756544699999,45.538745789000075],[-122.94756096099997,45.538751108000042],[-122.94755621499996,45.538756315000057],[-122.94755121499998,45.538761402000034],[-122.94754596799999,45.538766365000072],[-122.94754047799995,45.538771198000063],[-122.94577092799994,45.540274775000057],[-122.94563153199999,45.540371699000048],[-122.94562687999996,45.540375515000051],[-122.94562203899994,45.54037921500003],[-122.94561701899994,45.540382794000038],[-122.94561182299998,45.540386247000072],[-122.94560645899998,45.540389571000048],[-122.94560093299998,45.540392761000078],[-122.94559525199998,45.540395814000078],[-122.94558942299994,45.540398726000035],[-122.94558345399997,45.540401493000047],[-122.94557735099994,45.540404112000033],[-122.94557111999995,45.540406580000081],[-122.94556477199995,45.540408893000063],[-122.94555831199995,45.540411049000056],[-122.94555174799996,45.540413045000037],[-122.94554508999994,45.540414880000071],[-122.94553834499999,45.540416550000032],[-122.94553152199995,45.540418053000053],[-122.94552462699994,45.540419388000032],[-122.94551766899997,45.540420554000036],[-122.94551065999997,45.540421547000051],[-122.94550360499994,45.540422369000055],[-122.94549651199998,45.54042301700008],[-122.94548939299995,45.54042349000008],[-122.94548225399996,45.540423789000045],[-122.94547510499996,45.540423912000051],[-122.94546795399998,45.540423860000033],[-122.94546080999999,45.540423633000046],[-122.94545368099995,45.540423230000044],[-122.94544657599999,45.540422653000064],[-122.94543950499997,45.540421902000048],[-122.94543247599995,45.540420979000032],[-122.94542549599998,45.540419883000027],[-122.94541857599995,45.540418617000057],[-122.94541172199996,45.540417181000066],[-122.94540494399996,45.540415579000069],[-122.94539824799995,45.540413812000054],[-122.94539164599996,45.540411881000068],[-122.94538514399994,45.540409790000069],[-122.94537874799994,45.540407540000047],[-122.94537247,45.540405135000071],[-122.94536631299997,45.540402577000066],[-122.94536028799996,45.540399869000055],[-122.94535440099997,45.540397017000032],[-122.94534865899999,45.540394020000065],[-122.94534306899999,45.540390886000068],[-122.94518665399994,45.540299977000075],[-122.94518017399997,45.540296075000072],[-122.94517389099997,45.540292014000045],[-122.94516781499999,45.540287803000069],[-122.94516195099999,45.540283444000067],[-122.94515630899997,45.540278944000079],[-122.94515089399999,45.54027430800005],[-122.94514479799994,45.540269841000054],[-122.94513837699998,45.540263870000047],[-122.94513411499997,45.54025951300008],[-122.94512886099994,45.540253704000065],[-122.94511526299999,45.540238045000081],[-122.94511127799996,45.540232852000031],[-122.94510645099996,45.540225798000051],[-122.94509959199996,45.540214947000038],[-122.94509637299996,45.540209280000056],[-122.94509326199994,45.540203145000078],[-122.94509140399998,45.540197056000068],[-122.94508495899998,45.540175035000061],[-122.94508355499994,45.540170099000079],[-122.94508237699995,45.540165099000035],[-122.94508151099996,45.540160666000077],[-122.94508047399995,45.54015383400008],[-122.94507992499996,45.540148210000041],[-122.94507962699998,45.540142275000051],[-122.94507969399996,45.540133599000058],[-122.94508024699996,45.540126549000036],[-122.94508159099996,45.540117210000062],[-122.94508350399997,45.540108589000056],[-122.94508544899998,45.540101858000071],[-122.94508762699996,45.540095564000069],[-122.94509113699996,45.540087011000026],[-122.94509508899995,45.540079069000058],[-122.94509993299999,45.540070378000053],[-122.94511239099995,45.540048447000061],[-122.94511722399994,45.540042261000053],[-122.94512956799997,45.540027078000037],[-122.94513502999996,45.540021713000044],[-122.94652920799996,45.538837511000054],[-122.94722224699996,45.53824940100003],[-122.94756334299996,45.538574307000033]],[[-122.94524693099999,45.540496184000062],[-122.94525184699995,45.540499835000048],[-122.94525657599996,45.540503604000037],[-122.94526111599998,45.54050748700007],[-122.94526545999997,45.540511479000031],[-122.94526960399998,45.540515575000029],[-122.94527354099995,45.54051977000006],[-122.94527726799998,45.540524060000052],[-122.94528077999996,45.540528438000081],[-122.94528407199999,45.540532898000038],[-122.94528713999995,45.540537439000047],[-122.94528998099997,45.540542050000056],[-122.94529259099994,45.540546729000027],[-122.945294967,45.540551469000036],[-122.94529710699999,45.540556264000031],[-122.94529900599997,45.540561109000066],[-122.94530066499999,45.540565998000034],[-122.94530207799994,45.540570924000065],[-122.94530324799996,45.540575882000041],[-122.94530416999999,45.540580866000028],[-122.94530484399996,45.540585868000051],[-122.94530526899996,45.540590885000029],[-122.94530544399998,45.540595909000047],[-122.94530536999997,45.540600934000054],[-122.94530504699998,45.540605955000046],[-122.94530447399995,45.540610964000052],[-122.94530365199995,45.540615956000067],[-122.94530258399999,45.540620926000031],[-122.94530126999996,45.540625865000038],[-122.94529971099996,45.540630770000064],[-122.94529790899998,45.540635633000079],[-122.94529586699997,45.540640450000069],[-122.94529358599999,45.540645213000062],[-122.94529107099999,45.540649917000053],[-122.94528832299994,45.540654557000039],[-122.94528534699998,45.540659127000026],[-122.94528214599995,45.540663620000032],[-122.94527872299994,45.540668033000031],[-122.94527508299996,45.540672359000041],[-122.94527123099999,45.540676593000057],[-122.94526716999997,45.540680730000076],[-122.94526290799996,45.540684765000037],[-122.94525844599997,45.54068869300005],[-122.94507123199998,45.540869273000055],[-122.94351547399998,45.542191066000044],[-122.94337606699997,45.542287988000055],[-122.94336408499998,45.542297308000059],[-122.94335897699995,45.542300825000041],[-122.94335369599997,45.542304214000069],[-122.94334824999999,45.542307472000061],[-122.94334264499997,45.542310593000025],[-122.94333688999996,45.542313577000073],[-122.94333098899995,45.542316416000062],[-122.94332495099997,45.542319110000051],[-122.943318783,45.542321652000055],[-122.94331249199996,45.542324044000054],[-122.94330608599995,45.542326279000065],[-122.94329957399998,45.542328355000052],[-122.94329296199999,45.542330270000036],[-122.94328625899999,45.542332023000029],[-122.94327947299996,45.542333610000071],[-122.94327261199999,45.542335029000071],[-122.94326568499997,45.54233627900004],[-122.94325870099999,45.542337359000044],[-122.94325166699997,45.542338266000058],[-122.94324459099994,45.542339001000073],[-122.94323748499994,45.542339561000063],[-122.94323035399998,45.542339948000063],[-122.94322320799995,45.542340158000059],[-122.94321605699997,45.542340194000076],[-122.94320890799997,45.542340055000068],[-122.94320176999997,45.542339739000056],[-122.94319465299998,45.542339249000065],[-122.94318756399997,45.542338585000039],[-122.94318051199997,45.54233774800008],[-122.94317350599999,45.542336737000028],[-122.94316655499995,45.542335556000069],[-122.94315966599999,45.542334205000031],[-122.94315284899994,45.542332686000066],[-122.94314611099998,45.542331001000036],[-122.94313946199998,45.542329151000047],[-122.94313290799994,45.542327139000065],[-122.94312645799999,45.542324968000059],[-122.94312011999995,45.542322641000055],[-122.94311390099995,45.542320159000042],[-122.94310780899997,45.542317525000044],[-122.94310185199998,45.542314745000056],[-122.94308759399996,45.542307169000026],[-122.94293170399999,45.542216563000068],[-122.94292529799998,45.542212706000043],[-122.94291908299999,45.542208696000046],[-122.94291307199995,45.542204537000032],[-122.94290726699995,45.542200234000063],[-122.94288568899998,45.542185911000047],[-122.94287577499995,45.542177079000055],[-122.94286706499997,45.542168187000073],[-122.94285887399997,45.542158542000038],[-122.94285174599997,45.542149179000035],[-122.94284613999997,45.542140693000078],[-122.94284228899994,45.542134111000053],[-122.94283818099996,45.54212555600003],[-122.94283265299998,45.542108984000038],[-122.94282981999999,45.542101575000061],[-122.94282678099995,45.54209243400004],[-122.94282481499999,45.542084986000077],[-122.94282336099997,45.542077758000062],[-122.94282225199998,45.542069072000061],[-122.94282182199998,45.542062823000037],[-122.94282201899995,45.542057491000037],[-122.94282289399996,45.542049865000081],[-122.94282347399997,45.542041922000067],[-122.94282426599995,45.542034375000071],[-122.94282562999996,45.542026410000062],[-122.94282766099997,45.542017791000035],[-122.94282958099996,45.542010542000071],[-122.94283193099994,45.542004281000061],[-122.94283597599997,45.54199516400007],[-122.94284081299998,45.541986162000057],[-122.94284513299999,45.54197855700005],[-122.94285155399996,45.541968121000025],[-122.94285726399994,45.541960201000052],[-122.94286503899997,45.541950616000065],[-122.94287474599997,45.541941438000038],[-122.94467381599998,45.540413442000045],[-122.94469849699999,45.540397959000074],[-122.94472020399996,45.54038650800004],[-122.94473813899998,45.540377943000067],[-122.94475546299998,45.540370817000053],[-122.94477224699995,45.54036523700006],[-122.94479106099999,45.54035998300003],[-122.94480920099994,45.54035605100006],[-122.94482745799996,45.540353336000067],[-122.94485072199996,45.540351195000028],[-122.94487237599998,45.540349669000079],[-122.94489332399996,45.54034924900003],[-122.94492021399998,45.540350991000025],[-122.94495059899998,45.54035426300004],[-122.94496935399997,45.540357691000054],[-122.94498911999995,45.540362516000073],[-122.94501762199997,45.540372382000044],[-122.94502973099998,45.540377407000051],[-122.94504995299997,45.540385987000036],[-122.94506046999999,45.540391438000029],[-122.94523114299994,45.540485984000043],[-122.94523657399998,45.540489255000068],[-122.94524183999999,45.540492655000037],[-122.94524693099999,45.540496184000062]],[[-122.95188607299997,45.534301625000069],[-122.95190661399999,45.534293770000033],[-122.95192311799997,45.534288318000051],[-122.95193460599995,45.53428496600003],[-122.95194841499995,45.534282311000027],[-122.95196604599994,45.534279212000058],[-122.95198531099999,45.534276075000037],[-122.95199481899999,45.534274545000073],[-122.95201029799995,45.534274025000059],[-122.95203109099998,45.53427289800004],[-122.95204730299997,45.534272608000038],[-122.95205910599998,45.534273294000059],[-122.95208239099998,45.534275398000034],[-122.95209922599997,45.534277527000029],[-122.95211282499997,45.534280411000054],[-122.95211913899999,45.534281623000027],[-122.95213848099996,45.534286613000063],[-122.95215296399999,45.534290554000052],[-122.95215304499999,45.534291044000042],[-122.95216782499995,45.534296053000048],[-122.95217946099996,45.53429979100008],[-122.95219033399997,45.534303307000073],[-122.95219889699996,45.53430664800004],[-122.95221140399997,45.534311875000071],[-122.95237125299997,45.53440794800008],[-122.95237917699995,45.534412706000069],[-122.95239101899995,45.534419780000064],[-122.95239538099997,45.534422449000033],[-122.95239955099998,45.534425084000077],[-122.95240290799995,45.534427317000052],[-122.952407231,45.534430488000055],[-122.95241124199998,45.534433558000046],[-122.95241518499995,45.534436680000056],[-122.952419556,45.534440372000063],[-122.95242630899997,45.53444761600008],[-122.95243387199997,45.534456221000028],[-122.95243841999996,45.534461801000077],[-122.95244241299997,45.534467282000037],[-122.95244592199998,45.534472329000039],[-122.95245010999997,45.534480553000037],[-122.95245119199996,45.53448325100004],[-122.95245416099999,45.534494065000047],[-122.95245457599998,45.534497540000075],[-122.95245522199997,45.534504776000063],[-122.95245590899998,45.534510240000031],[-122.95245650199996,45.534514687000069],[-122.95245709899996,45.534526052000047],[-122.95245674999995,45.53453332600003],[-122.95245594799997,45.534540141000036],[-122.95245505699995,45.534545077000075],[-122.95245394599999,45.53454985500008],[-122.95245153099995,45.534557780000057],[-122.95244884199997,45.534564800000055],[-122.95244054499994,45.534583996000038],[-122.95243683499996,45.534591360000036],[-122.95243129399995,45.534600393000062],[-122.95242666499996,45.534606838000059],[-122.95242216799994,45.534612366000033],[-122.95241679299994,45.534618287000058],[-122.95240689399998,45.534627735000072],[-122.95237677599999,45.534655814000075],[-122.95230823999998,45.534719106000068],[-122.95148473999996,45.535419348000062],[-122.94931815899997,45.537261535000027],[-122.94925146399999,45.537317826000049],[-122.94907547699995,45.537450048000039],[-122.94906851699994,45.537454538000077],[-122.94905624699999,45.537459926000054],[-122.94904537199994,45.537464128000067],[-122.94903328999999,45.537468095000065],[-122.94901835299999,45.537472174000072],[-122.94900246799995,45.537475546000053],[-122.94898905599996,45.537477695000064],[-122.94897457899998,45.537479303000055],[-122.94895807699999,45.537480268000081],[-122.94894637199997,45.537480419000076],[-122.94893469299996,45.53748011600004],[-122.94891808199998,45.537478915000065],[-122.94890155799999,45.537476808000065],[-122.94888427299998,45.537473551000062],[-122.94887210399997,45.537470610000071],[-122.94885881899995,45.537466700000039],[-122.94884591699997,45.537462161000064],[-122.94883369199999,45.537457116000041],[-122.94881622599996,45.537448472000051],[-122.94880585399994,45.537442397000063],[-122.94879361099999,45.537434142000052],[-122.94877917699995,45.537422443000025],[-122.94864064999996,45.537292997000065],[-122.94861992199998,45.537272813000072],[-122.94861203599999,45.537262912000074],[-122.94860347999997,45.537251352000055],[-122.94859581199995,45.537240405000034],[-122.94858668599994,45.537224002000073],[-122.94858163699996,45.537213325000039],[-122.948578957,45.537205429000039],[-122.94857662499999,45.537196130000041],[-122.94857522699999,45.537189588000047],[-122.94857375899994,45.537183054000081],[-122.94857259699995,45.537176309000074],[-122.94857226899995,45.537171256000079],[-122.94857222899998,45.537165542000025],[-122.94857292399996,45.537156172000039],[-122.94857352499997,45.537149815000078],[-122.94857521599999,45.53714057500008],[-122.94857569699997,45.537137192000046],[-122.94857619099997,45.537133116000064],[-122.94858304699994,45.537112428000057],[-122.948589863,45.537098728000046],[-122.94859514099994,45.537088825000069],[-122.94860447999997,45.537076659000036],[-122.94860766199997,45.537071967000031],[-122.95133833299997,45.534752170000047],[-122.95184465099999,45.534321559000034],[-122.95185965799999,45.534313747000056],[-122.95186629399996,45.534310472000072],[-122.95188607299997,45.534301625000069]],[[-122.94820914699994,45.538138457000059],[-122.94820374299997,45.538142958000037],[-122.94819812099996,45.538147326000058],[-122.94819228699998,45.538151554000081],[-122.94818624799996,45.538155638000035],[-122.94818001299996,45.53815957300003],[-122.94817358799997,45.538163354000062],[-122.94816697999994,45.53816697700006],[-122.94816019799998,45.53817043600003],[-122.94815325099995,45.53817372900005],[-122.94814614399996,45.53817685100006],[-122.94813888799996,45.538179799000034],[-122.94813149299995,45.538182568000025],[-122.94812396499998,45.538185157000044],[-122.94811631499999,45.538187561000029],[-122.94810854999997,45.538189777000071],[-122.94810068199996,45.538191805000054],[-122.94809271799994,45.538193639000042],[-122.94808466899997,45.538195279000035],[-122.94807654299996,45.538196722000066],[-122.94806835199995,45.538197967000031],[-122.94806010499997,45.538199012000064],[-122.94805181099997,45.538199856000062],[-122.94804347999997,45.538200499000027],[-122.94803512399994,45.538200938000045],[-122.94802674999994,45.538201174000051],[-122.94801836899995,45.538201207000043],[-122.94800999199998,45.538201036000032],[-122.94800162899998,45.538200661000076],[-122.94799328899995,45.538200083000049],[-122.94798498199998,45.538199304000045],[-122.94797671799995,45.538198324000064],[-122.94796850799997,45.538197142000058],[-122.94796036099996,45.538195762000043],[-122.94795228599997,45.538194185000066],[-122.94794429399997,45.538192413000047],[-122.94793639399995,45.538190447000034],[-122.94792859599994,45.538188292000029],[-122.94792090699997,45.538185948000034],[-122.94791333899997,45.538183417000027],[-122.94790590099996,45.538180705000059],[-122.94789859799999,45.53817781500004],[-122.94789144499998,45.538174748000074],[-122.94788444499994,45.538171509000051],[-122.94787760899999,45.538168102000043],[-122.94787094499998,45.538164531000064],[-122.94786445999995,45.53816080100006],[-122.94785816199999,45.538156914000069],[-122.94785205999995,45.538152878000062],[-122.94784615899999,45.538148695000075],[-122.94784559299995,45.538149547000046],[-122.94763551499994,45.537949426000068],[-122.94760547299995,45.537923296000031],[-122.94820481499994,45.537414176000027],[-122.94823109399999,45.537399458000039],[-122.94824862099995,45.537391918000026],[-122.94827142499997,45.537383795000039],[-122.94828989099994,45.53737882300004],[-122.94832050199994,45.537373290000062],[-122.94834503699997,45.537370444000032],[-122.94836279399999,45.537369676000026],[-122.94838828499996,45.53737093400008],[-122.94840669199999,45.537372860000062],[-122.94842257599998,45.537375583000028],[-122.94843631299995,45.537378728000078],[-122.94845612799998,45.537383896000051],[-122.94847145299997,45.53738909100008],[-122.94848488099996,45.537394539000047],[-122.94850674599996,45.537405229000058],[-122.94851749499998,45.537411731000077],[-122.94854455699999,45.537430037000036],[-122.94866616799999,45.537549181000031],[-122.94867096399997,45.537554034000038],[-122.94867551699997,45.537559000000044],[-122.94867982399995,45.537564075000034],[-122.94868387999998,45.537569249000057],[-122.94868767899999,45.537574520000078],[-122.94869121799996,45.537579880000067],[-122.94869449299995,45.537585321000051],[-122.94869749799994,45.537590839000075],[-122.94870022999999,45.53759642700004],[-122.94870268799997,45.537602076000042],[-122.94870486699995,45.537607783000055],[-122.94870676399995,45.537613539000063],[-122.94870837799999,45.537619337000081],[-122.94870970599999,45.537625171000059],[-122.94871074799994,45.537631034000071],[-122.94871150199998,45.537636919000079],[-122.94871196599996,45.537642818000052],[-122.94871214199998,45.537648725000054],[-122.94871202699994,45.537654632000056],[-122.94871162199996,45.537660534000054],[-122.94871092799997,45.537666422000029],[-122.94870994699994,45.537672290000046],[-122.94870867799995,45.537678130000074],[-122.94870712199997,45.537683937000054],[-122.94870528399997,45.537689701000033],[-122.94870316399999,45.537695419000045],[-122.94870076399997,45.53770108100008],[-122.94869808899995,45.537706683000067],[-122.94869513999998,45.537712216000045],[-122.94869192199997,45.537717674000078],[-122.94868843799998,45.537723050000068],[-122.94868469099998,45.537728340000058],[-122.94868068799997,45.537733536000076],[-122.94867643299995,45.537738631000025],[-122.94867175799999,45.537743804000058],[-122.94866682199995,45.537748856000064],[-122.94866163399996,45.537753781000049],[-122.94865619699999,45.537758573000076],[-122.94820914699994,45.538138457000059]],[[-122.94630244199999,45.535021900000061],[-122.94629953199995,45.535021654000047],[-122.94629663799998,45.535021337000046],[-122.94629375999995,45.535020951000035],[-122.94629090099994,45.535020497000062],[-122.94628806799994,45.535019974000079],[-122.94628526199995,45.535019383000076],[-122.94628248499998,45.535018725000043],[-122.94627974299999,45.535018000000036],[-122.94627703699996,45.535017211000081],[-122.94627437199995,45.535016357000075],[-122.94627174799996,45.535015438000073],[-122.94626917199997,45.535014458000035],[-122.94626664499998,45.535013416000027],[-122.94626416999995,45.535012315000074],[-122.94626174999996,45.535011154000074],[-122.94625938799999,45.535009935000062],[-122.94625708699999,45.535008661000063],[-122.94625236199994,45.535006235000026],[-122.94624774999994,45.53500370200004],[-122.94624325699999,45.535001067000053],[-122.94623888799998,45.534998331000054],[-122.94623464599999,45.534995498000058],[-122.94623053599997,45.534992569000053],[-122.94622656299998,45.534989549000045],[-122.94622272999999,45.534986441000058],[-122.94621904099995,45.534983247000071],[-122.94621550199997,45.534979972000031],[-122.94604818299996,45.534819839000079],[-122.94601145399997,45.534783802000049],[-122.94599025699995,45.534758616000033],[-122.94596935199996,45.534720611000068],[-122.94591283999995,45.534618837000039],[-122.94587860699994,45.534554982000031],[-122.94587655099997,45.534549836000053],[-122.94587473999997,45.53454464400005],[-122.94587317999998,45.534539412000072],[-122.94587186899997,45.534534147000045],[-122.94587081199995,45.53452885300004],[-122.94587000799999,45.53452353800003],[-122.94586945999998,45.534518207000076],[-122.94586916399999,45.534512866000057],[-122.94586906399996,45.534507818000066],[-122.94586920899997,45.534502770000074],[-122.94586959799994,45.534497728000076],[-122.94587023199995,45.534492699000054],[-122.94587110699996,45.53448768700008],[-122.94587222599995,45.534482701000059],[-122.94587358499996,45.534477743000025],[-122.94587518399999,45.534472821000065],[-122.94587702099994,45.534467939000081],[-122.94587909099999,45.534463105000043],[-122.94588139599995,45.534458322000035],[-122.94588393099997,45.534453599000074],[-122.94588669299998,45.534448938000025],[-122.94588967999999,45.534444345000054],[-122.94589288699996,45.534439827000028],[-122.94589631099996,45.534435389000066],[-122.94589994799998,45.534431035000068],[-122.94590379399995,45.534426770000039],[-122.94590784399998,45.534422601000074],[-122.94591209399999,45.53441852900005],[-122.94591653799995,45.534414563000041],[-122.94592117199994,45.534410705000028],[-122.94599558699997,45.534367250000059],[-122.94612216199999,45.534301377000077],[-122.94624871199994,45.534236240000041],[-122.94625358599995,45.534233707000055],[-122.94625857599999,45.534231290000037],[-122.94626367999996,45.534228992000067],[-122.94626888899995,45.534226815000068],[-122.94627420099999,45.534224763000054],[-122.94627960699995,45.534222836000026],[-122.94628510299998,45.534221040000034],[-122.94629067999995,45.534219372000052],[-122.94629633499994,45.534217839000064],[-122.94629979199999,45.534216439000033],[-122.94630331499997,45.534215123000081],[-122.94630689899998,45.534213890000046],[-122.94631053999996,45.534212743000069],[-122.94631423399994,45.53421168400007],[-122.94631797599999,45.534210714000039],[-122.94632176399995,45.534209833000034],[-122.94632559199999,45.534209042000043],[-122.94632945599994,45.534208343000046],[-122.94633335099996,45.534207735000052],[-122.94633727299998,45.534207221000031],[-122.94634121799999,45.534206801000039],[-122.94634517999998,45.53420647400003],[-122.94634915599994,45.534206242000039],[-122.94635314199996,45.534206105000067],[-122.94635713099996,45.534206062000067],[-122.94636111999995,45.534206114000028],[-122.94636510299995,45.534206262000055],[-122.94636907799998,45.534206503000064],[-122.94637303899998,45.534206839000035],[-122.94637698199995,45.534207268000046],[-122.94638090199999,45.534207792000075],[-122.94638479399998,45.53420840800004],[-122.94638865399997,45.534209116000056],[-122.94639247799995,45.534209916000066],[-122.94639626199995,45.534210806000033],[-122.94639999899999,45.534211786000071],[-122.94642616299996,45.534216321000031],[-122.94645211899996,45.534221409000054],[-122.94647784599999,45.53422704500008],[-122.94650331699995,45.534233225000037],[-122.94652851199999,45.534239943000046],[-122.94653496699999,45.534241468000062],[-122.94654134299998,45.534243151000055],[-122.94654763099999,45.534244989000058],[-122.94655382399998,45.534246980000034],[-122.94655991399998,45.534249123000052],[-122.94656589299996,45.53425141300005],[-122.94657175599997,45.534253848000048],[-122.94657749399994,45.53425642600007],[-122.94658310099999,45.534259142000053],[-122.94658856999996,45.534261995000065],[-122.94659389199995,45.534264980000046],[-122.94659906499999,45.534268094000026],[-122.94660407899994,45.53427133200006],[-122.94660892899998,45.534274692000054],[-122.94661360999999,45.534278169000061],[-122.94661811399999,45.534281758000077],[-122.94662243899995,45.534285456000077],[-122.94662657699996,45.534289258000058],[-122.94663052399994,45.534293158000025],[-122.94663427299997,45.534297153000068],[-122.94663782299995,45.534301238000069],[-122.94664116799999,45.534305407000033],[-122.94664430299997,45.534309656000062],[-122.94664722599998,45.534313979000046],[-122.94664993299995,45.53431837100004],[-122.94665241899997,45.53432282700004],[-122.94665468199997,45.534327341000051],[-122.94665672099995,45.53433190800007],[-122.94665853099997,45.534336521000057],[-122.94666010999998,45.534341177000044],[-122.94666145899998,45.534345868000059],[-122.94666257299997,45.534350591000077],[-122.94666345199994,45.534355337000079],[-122.94666409499996,45.534360102000051],[-122.94666450099999,45.534364880000055],[-122.94666466899997,45.534369664000053],[-122.94666459899997,45.53437445000003],[-122.94666429199998,45.534379231000059],[-122.94666374699995,45.534384002000081],[-122.94666296699995,45.534388757000045],[-122.94666194999996,45.534393489000081],[-122.94666069899995,45.534398195000051],[-122.94665921499995,45.53440286600005],[-122.94665749899997,45.534407498000064],[-122.94665555499995,45.534412085000042],[-122.94664877999998,45.534432369000058],[-122.94645945199994,45.534852501000046],[-122.94640035299994,45.534978185000057],[-122.94639882799999,45.534980763000078],[-122.94639717499996,45.534983304000036],[-122.94639539799999,45.534985801000062],[-122.94639349699997,45.534988253000051],[-122.94639147599997,45.534990658000027],[-122.94638933599998,45.53499301100004],[-122.94638708199994,45.534995311000046],[-122.94638471399998,45.534997553000039],[-122.94638223599998,45.534999737000078],[-122.94637965199996,45.535001858000044],[-122.94637696299998,45.535003915000061],[-122.94637417499996,45.535005904000059],[-122.94637128799997,45.535007824000047],[-122.94636729299998,45.535009493000075],[-122.94636321999997,45.535011066000038],[-122.94635907099996,45.535012541000071],[-122.94635485499998,45.535013916000025],[-122.94635057399995,45.535015189000035],[-122.94634623399998,45.535016360000043],[-122.94634183999995,45.535017426000081],[-122.94633739699998,45.535018386000047],[-122.94633290999997,45.535019240000054],[-122.94632838399997,45.535019986000066],[-122.94632382499998,45.535020624000026],[-122.94631923899999,45.53502115200007],[-122.94631462699999,45.535021571000073],[-122.94630999999998,45.535021879000055],[-122.94630535999994,45.535022076000075],[-122.94630244199999,45.535021900000061]],[[-122.94543477599996,45.535617086000059],[-122.94536652799997,45.535641320000025],[-122.94535991299995,45.535642476000078],[-122.94535324299994,45.535643471000071],[-122.94534652999999,45.535644301000048],[-122.94533977999998,45.535644968000042],[-122.94533299899996,45.535645470000077],[-122.94532619899996,45.535645805000058],[-122.94531938499995,45.535645975000079],[-122.94531256799996,45.535645978000048],[-122.94530575499999,45.535645814000077],[-122.94529895499994,45.535645486000078],[-122.94529217399997,45.535644990000037],[-122.94528542099999,45.535644330000025],[-122.94527870599995,45.535643505000053],[-122.94527203499996,45.535642517000042],[-122.94526541699997,45.535641367000039],[-122.94525886099996,45.535640056000034],[-122.94525237199997,45.535638585000072],[-122.94524595999997,45.535636957000065],[-122.94523963399996,45.535635174000049],[-122.94523339799997,45.53563323700007],[-122.94522726199995,45.535631150000029],[-122.94522123199999,45.535628914000029],[-122.94521531799995,45.535626533000027],[-122.94520952299996,45.53562400800007],[-122.94520385699997,45.535621343000059],[-122.94519832699996,45.535618542000066],[-122.94519293899998,45.535615607000068],[-122.94518769799998,45.53561254300007],[-122.94518261199994,45.535609353000041],[-122.94517768699995,45.535606040000062],[-122.94517292899997,45.535602610000069],[-122.94516834099994,45.535599066000032],[-122.94472775799994,45.53517931500005],[-122.94472491499999,45.535175835000075],[-122.94472188399999,45.535171810000065],[-122.94471905099999,45.535167714000067],[-122.94471641999996,45.535163551000039],[-122.94471399499997,45.535159328000077],[-122.94471177699995,45.535155048000036],[-122.94470976999997,45.535150718000068],[-122.94470797699995,45.535146342000075],[-122.94470639799999,45.535141925000062],[-122.94470503499997,45.535137471000041],[-122.94470389299994,45.535132989000033],[-122.94470296899999,45.535128480000026],[-122.94470226799996,45.535123953000038],[-122.94470178599994,45.535119411000039],[-122.94470152899999,45.535114860000078],[-122.94470149399996,45.535110305000046],[-122.94470168199996,45.535105753000039],[-122.94470209199994,45.535101208000071],[-122.94470272499996,45.53509667600008],[-122.94470357799997,45.53509216100008],[-122.94470465299997,45.535087669000063],[-122.94470594499995,45.535083206000081],[-122.94473113499998,45.535034747000054],[-122.94478799899997,45.534992726000041],[-122.94532764599995,45.53471399700004],[-122.94545455199994,45.534683553000036],[-122.94555278099995,45.534698183000046],[-122.94561720499996,45.53473179000008],[-122.94604160799997,45.53504214000003],[-122.94611100099996,45.535109969000075],[-122.94614167699996,45.535178999000038],[-122.94611652599997,45.535246974000074],[-122.94606362299999,45.535291005000033],[-122.94543477599996,45.535617086000059]],[[-122.95099632199998,45.533808957000076],[-122.95104710699997,45.533799650000049],[-122.95113263999997,45.533784102000027],[-122.95116934499998,45.533780537000041],[-122.95118743799998,45.533782237000025],[-122.95122432899996,45.533786128000031],[-122.95125635199997,45.533790138000029],[-122.95129082999995,45.533797094000079],[-122.95131717299995,45.533803601000045],[-122.95133143999999,45.533809078000047],[-122.95135139699994,45.533817327000065],[-122.95137797299998,45.533829044000072],[-122.95140761699997,45.533845906000067],[-122.95150050699999,45.533899205000068],[-122.95153122399995,45.533916971000053],[-122.95155701799996,45.533932379000078],[-122.95158126299998,45.533949144000076],[-122.95158768799996,45.53395389700006],[-122.95159010699996,45.53395603000007],[-122.95159728099998,45.533963214000039],[-122.95161301999997,45.533980060000033],[-122.95161769199996,45.533985934000043],[-122.95162480699997,45.533996634000061],[-122.95163051799994,45.534006070000032],[-122.95163369999995,45.534012750000045],[-122.95163854499998,45.534023477000062],[-122.95164202499996,45.534032037000031],[-122.95164473899996,45.534042582000041],[-122.95164888799997,45.53405353200003],[-122.95165099199994,45.534060492000037],[-122.95165117999994,45.534070617000054],[-122.95165105399997,45.534079121000048],[-122.95165065399999,45.534092306000048],[-122.95164979999998,45.534106443000042],[-122.95164662699995,45.534124093000059],[-122.95163878099999,45.534149533000061],[-122.95162512999997,45.534173343000077],[-122.95160314799995,45.534201248000045],[-122.94901640699999,45.536399085000028],[-122.94850674399999,45.536832096000069],[-122.94848858499995,45.536844513000062],[-122.94847275499995,45.536853757000074],[-122.94844561599996,45.536866037000038],[-122.94842079899996,45.536874455000032],[-122.94840735999998,45.536877667000056],[-122.94838989799996,45.536881874000073],[-122.94837628699997,45.536883746000058],[-122.94836357999998,45.536885539000025],[-122.94835084999994,45.536886775000028],[-122.94833683899998,45.536887113000034],[-122.94831538499994,45.536886803000073],[-122.94829345499994,45.536884890000067],[-122.94826392499999,45.53688044300003],[-122.94823664499995,45.536873254000056],[-122.94821479899997,45.536865397000042],[-122.94819082699996,45.536854534000042],[-122.94816100999998,45.536836574000063],[-122.94807019699999,45.536750053000048],[-122.94799022799998,45.536674099000038],[-122.94790812399998,45.536595265000074],[-122.94778386699994,45.53647389300005],[-122.94764875399994,45.536345164000068],[-122.94763750099997,45.536333468000066],[-122.94760915699999,45.536302083000066],[-122.94759947299997,45.536290476000033],[-122.94757832199997,45.536261749000062],[-122.94755723399999,45.536229252000055],[-122.94752727699995,45.536168528000076],[-122.94751556299997,45.536134987000025],[-122.94750938999999,45.536114896000072],[-122.94750246599995,45.536088414000062],[-122.94750051299997,45.536075744000073],[-122.94749916299997,45.536053222000078],[-122.94749915499995,45.536036201000059],[-122.94753379299999,45.535157824000066],[-122.94754181799999,45.534835633000057],[-122.94755518499994,45.534514597000054],[-122.94755615199995,45.534509382000067],[-122.94755736999997,45.534504194000078],[-122.94755883899995,45.534499037000046],[-122.94756055699997,45.534493918000067],[-122.94756252399998,45.534488844000066],[-122.94756473499996,45.534483820000048],[-122.94756718899998,45.534478852000063],[-122.94756988099999,45.534473945000059],[-122.94757281099999,45.534469105000028],[-122.94757597299997,45.534464339000067],[-122.94757936499997,45.534459650000031],[-122.94758298199997,45.534455047000051],[-122.94758681999997,45.53445053300004],[-122.94759087399996,45.534446112000069],[-122.94759514199995,45.534441792000052],[-122.94759961599999,45.534437577000062],[-122.94760429099995,45.534433471000057],[-122.94760916499996,45.534429479000039],[-122.94761422799996,45.53442560600007],[-122.94761947599994,45.53442185800003],[-122.94762490199997,45.534418237000068],[-122.94763050199998,45.534414748000074],[-122.94763626699995,45.534411395000063],[-122.94764219099994,45.534408183000039],[-122.94764826799997,45.534405113000048],[-122.94765448999999,45.534402192000073],[-122.94766085099997,45.534399421000046],[-122.94766734099994,45.534396805000029],[-122.94767395599996,45.534394345000067],[-122.94768068599996,45.534392044000072],[-122.94768752299996,45.534389907000048],[-122.94769445899999,45.534387935000041],[-122.94770148799995,45.53438613000003],[-122.94770859999994,45.53438449500004],[-122.94771578799998,45.534383030000072],[-122.94772304099996,45.534381739000025],[-122.94773035499998,45.534380622000072],[-122.94773771699994,45.534379682000065],[-122.94775137699997,45.534378412000081],[-122.94775570999997,45.534379125000044],[-122.94780615799999,45.534377608000057],[-122.94786946599999,45.534371104000058],[-122.94793231599999,45.534362827000052],[-122.94835938299997,45.534288975000038],[-122.94969901799999,45.534046404000037],[-122.94997870899999,45.533995442000048],[-122.95099632199998,45.533808957000076]],[[-122.94739631299996,45.537721561000069],[-122.94709156299996,45.537431251000044],[-122.94708818499998,45.537426570000036],[-122.94708503599998,45.537421811000058],[-122.94708211999995,45.537416979000056],[-122.94707943899999,45.537412080000081],[-122.94707699799994,45.537407121000058],[-122.94707479799996,45.53740210400008],[-122.94707284299994,45.537397039000041],[-122.94707113399994,45.537391930000069],[-122.94706967499997,45.537386783000045],[-122.94706846599996,45.537381603000028],[-122.94706750899996,45.537376399000038],[-122.94706680499996,45.537371173000054],[-122.94706635399996,45.537365935000025],[-122.94706615799998,45.537360688000035],[-122.94706621599994,45.537355440000056],[-122.94706652899998,45.537350196000034],[-122.94706709699994,45.537344962000077],[-122.94706791699997,45.537339746000043],[-122.94706898999999,45.537334552000061],[-122.94707031399997,45.537329386000067],[-122.94707188799998,45.537324255000044],[-122.94707370999998,45.537319166000032],[-122.94707577699995,45.537314122000055],[-122.94707808799996,45.537309132000075],[-122.94713713399995,45.537252662000071],[-122.94768895399994,45.536887324000077],[-122.94775428099996,45.536862850000034],[-122.94782959699995,45.536873465000042],[-122.94790954699999,45.53691338200008],[-122.94802960299995,45.537001654000051],[-122.94805315299999,45.537019598000029],[-122.94807356799998,45.537037850000047],[-122.94808398499998,45.537048306000031],[-122.94809102299996,45.537056336000035],[-122.94809523399999,45.537063505000049],[-122.94810503199994,45.537083563000067],[-122.94810792199996,45.537091523000072],[-122.94810978899994,45.537099373000046],[-122.94811071599997,45.53710595900003],[-122.94811095899996,45.537114507000069],[-122.94811055399998,45.537123534000045],[-122.94810945699999,45.537132192000058],[-122.94810704899999,45.537141510000026],[-122.94810333499998,45.53715257500005],[-122.94809978499995,45.537159966000047],[-122.94809473599997,45.537170047000075],[-122.94808705199995,45.537183630000072],[-122.94808214199998,45.537192831000027],[-122.94742668899994,45.537749681000037],[-122.94739631299996,45.537721561000069]],[[-122.94468644399996,45.539962581000054],[-122.94467444499998,45.53996193200004],[-122.94466438599994,45.539961001000052],[-122.94465733899995,45.539960379000036],[-122.94465149399997,45.539959507000049],[-122.94464529999999,45.539958442000056],[-122.94463933899999,45.539957272000038],[-122.94461908399995,45.539952479000078],[-122.94459915799996,45.539945365000051],[-122.94457562999997,45.539936885000031],[-122.94455986299999,45.539929433000054],[-122.94455266499995,45.539925972000049],[-122.94453128499998,45.539912851000054],[-122.94449012499996,45.539887408000027],[-122.94436442099999,45.539814548000038],[-122.94435562699999,45.53980927200007],[-122.94434709399997,45.539803789000075],[-122.94433883199997,45.539798105000045],[-122.94433084999997,45.539792226000031],[-122.94432315799997,45.539786159000073],[-122.94431576499994,45.539779911000039],[-122.94430867899996,45.539773491000062],[-122.94430190799994,45.539766904000032],[-122.94429546099997,45.539760159000025],[-122.94428934599995,45.539753262000033],[-122.94428356699996,45.539746225000044],[-122.94427813399994,45.539739052000073],[-122.94427305199997,45.539731754000059],[-122.94426832599999,45.539724337000052],[-122.94426396199998,45.539716812000052],[-122.94425996599995,45.539709188000074],[-122.94425901999995,45.539704040000061],[-122.94425832799999,45.539698871000041],[-122.94425789499996,45.539693689000046],[-122.94425771899995,45.539688499000079],[-122.94425780099999,45.539683308000065],[-122.94425814199997,45.539678122000055],[-122.94425873999995,45.539672949000078],[-122.94425959499995,45.539667792000046],[-122.94426070499998,45.539662660000033],[-122.94426206999998,45.539657559000034],[-122.94426368899997,45.539652494000052],[-122.94426555899997,45.53964747100008],[-122.94426767599998,45.539642497000045],[-122.94427003899995,45.539637579000043],[-122.94427264599994,45.539632722000079],[-122.94427549199997,45.53962793200003],[-122.94427857499994,45.539623214000073],[-122.94428188999996,45.539618575000077],[-122.94428543499998,45.539614021000034],[-122.94428920299998,45.539609555000027],[-122.94429319099999,45.539605186000074],[-122.94429739399999,45.53960091700003],[-122.94501356299997,45.53899292300008],[-122.94645586199999,45.537769664000052],[-122.94645904099997,45.537767062000057],[-122.94646234699997,45.537764540000069],[-122.94646577599997,45.537762100000066],[-122.94646932499995,45.537759746000063],[-122.94647298799998,45.537757481000028],[-122.94647675999994,45.537755307000054],[-122.94648064099999,45.537753227000053],[-122.94648462099997,45.53775124200007],[-122.94648869699995,45.537749358000042],[-122.94649286499998,45.537747574000036],[-122.94649711899996,45.537745895000057],[-122.94650145199995,45.537744320000058],[-122.94650586399996,45.537742852000065],[-122.94651034399999,45.537741494000045],[-122.94651488899996,45.537740246000055],[-122.94651949399997,45.537739111000064],[-122.94652415099995,45.537738089000072],[-122.94652885799997,45.537737183000047],[-122.94653360599995,45.537736393000046],[-122.94653838999994,45.537735719000068],[-122.94654320499995,45.537735164000026],[-122.94654804499999,45.537734727000043],[-122.94655290299994,45.537734409000052],[-122.94655777499997,45.537734211000043],[-122.94656265399999,45.537734131000036],[-122.94656753299995,45.537734173000047],[-122.94657240699996,45.53773433300006],[-122.94657727099997,45.537734614000044],[-122.94658211599995,45.537735014000077],[-122.94659347499999,45.537736231000054],[-122.94660476699994,45.537737722000031],[-122.94661597999999,45.537739482000063],[-122.94662710099999,45.537741513000071],[-122.94663811499998,45.537743810000052],[-122.94664901199997,45.537746371000026],[-122.94665977699998,45.537749193000082],[-122.94667039899997,45.537752271000045],[-122.94668086399997,45.537755605000029],[-122.94669115999994,45.537759188000052],[-122.94670127599994,45.537763016000042],[-122.94671119999998,45.537767087000077],[-122.94672001399999,45.537770992000048],[-122.94704134599999,45.538077026000053],[-122.94654932899999,45.538495035000039],[-122.94609924399998,45.538877391000028],[-122.94487466399994,45.539917658000036],[-122.94486177199997,45.539924847000066],[-122.94484606399999,45.53993317100003],[-122.94483269699998,45.539939258000061],[-122.94481872899996,45.539944717000026],[-122.94480684999996,45.539948695000078],[-122.94479450899996,45.53995222900005],[-122.94477960399996,45.539955458000065],[-122.94476116699997,45.539958523000053],[-122.94474852299999,45.539960486000041],[-122.94473059099994,45.539961753000057],[-122.94470236699999,45.539962415000048],[-122.94468644399996,45.539962581000054]],[[-122.94260505599999,45.541845529000057],[-122.94259662099995,45.541850158000045],[-122.94258129499997,45.541856261000078],[-122.94255680099997,45.541864438000061],[-122.94253666399999,45.541869447000067],[-122.94251685299997,45.541873136000049],[-122.94249849299996,45.541875535000031],[-122.94248984299998,45.541876785000056],[-122.94247859699999,45.541877558000067],[-122.94246751299994,45.541878377000046],[-122.94246129399994,45.541878698000062],[-122.94245712599997,45.541878825000026],[-122.94245499899995,45.541878864000068],[-122.94245043299998,45.541878890000078],[-122.942444008,45.541878780000047],[-122.94243808699997,45.541878526000062],[-122.94242665699994,45.541878592000046],[-122.94242101999998,45.541877929000066],[-122.94239871199994,45.541874824000047],[-122.94238699999994,45.541872611000031],[-122.94237426899997,45.54186941200004],[-122.94236555499998,45.541866777000052],[-122.94235545099997,45.541863443000068],[-122.94233207399998,45.54185629400007],[-122.94232091699996,45.541851371000064],[-122.94229450199998,45.541838552000058],[-122.94207358099999,45.541714137000042],[-122.94206877699997,45.541711239000051],[-122.94206411799996,45.541708225000036],[-122.94205961399996,45.541705098000079],[-122.94205526799999,45.541701863000071],[-122.94205108499995,45.541698523000036],[-122.94204706999994,45.541695082000047],[-122.94204322999997,45.541691544000059],[-122.94203956699999,45.541687915000068],[-122.94203608799995,45.541684198000041],[-122.94203279599998,45.54168039700005],[-122.94202969499997,45.541676518000031],[-122.94202678899995,45.541672564000066],[-122.94202408099994,45.541668543000071],[-122.94202157399997,45.541664457000081],[-122.94201927299997,45.541660312000033],[-122.94201717999999,45.541656112000055],[-122.94201529599997,45.541651865000063],[-122.94201362499996,45.541647574000081],[-122.94201216899995,45.541643243000067],[-122.94201092899999,45.54163888000005],[-122.94200990699994,45.541634489000046],[-122.94200910299998,45.541630076000047],[-122.94200851899996,45.541625645000067],[-122.94200801299996,45.541619120000064],[-122.94200782599995,45.541612587000031],[-122.94200795699999,45.541606053000066],[-122.94200840599996,45.541599527000074],[-122.94200917399996,45.541593014000057],[-122.94201025899997,45.541586524000081],[-122.94201165899995,45.541580064000073],[-122.94201337399994,45.54157364100007],[-122.94201540199998,45.541567264000037],[-122.94201773799995,45.541560939000078],[-122.94202038299994,45.541554674000054],[-122.94202332999998,45.54154847600006],[-122.94210275399996,45.541465396000035],[-122.94389856599997,45.539939453000045],[-122.94391088899999,45.539929895000057],[-122.94391974299998,45.539923514000066],[-122.94392889,45.539917339000056],[-122.94393831899998,45.539911379000046],[-122.94394801999999,45.53990563800005],[-122.94395798399995,45.539900124000042],[-122.94396819799999,45.539894841000034],[-122.94397865299999,45.539889796000068],[-122.94398933799999,45.539884994000033],[-122.94400023999998,45.539880439000058],[-122.94401134799995,45.539876138000068],[-122.94402264999997,45.539872094000032],[-122.94403413399999,45.539868313000056],[-122.94404109699997,45.539867379000043],[-122.94404809899999,45.53986661600004],[-122.94405513599997,45.539866025000038],[-122.94406219899997,45.539865606000035],[-122.94406927699998,45.539865360000078],[-122.94407636399995,45.539865287000055],[-122.94408344799996,45.539865387000077],[-122.94409052499998,45.539865661000078],[-122.94409758399996,45.53986610700008],[-122.94410461599995,45.539866725000081],[-122.94411161299996,45.539867515000026],[-122.94411856699998,45.539868476000038],[-122.94412546899997,45.539869605000035],[-122.94413231099998,45.539870904000054],[-122.94413908499996,45.539872368000033],[-122.94414578199996,45.539873997000029],[-122.94415239399996,45.539875789000064],[-122.94415891399996,45.539877742000044],[-122.94416533399999,45.53987985200007],[-122.94417164399999,45.539882118000037],[-122.94417783999995,45.539884537000034],[-122.94418391099998,45.539887106000037],[-122.94418985099998,45.539889822000077],[-122.94443266599995,45.540035257000056],[-122.94444753599998,45.540047891000029],[-122.94445515499996,45.540054240000075],[-122.94446155699995,45.540059462000045],[-122.94447176199998,45.540068864000034],[-122.94447783799995,45.54007505800007],[-122.94448296599995,45.540080015000058],[-122.94448831999995,45.540086598000073],[-122.94449293899999,45.540092949000041],[-122.94449660199996,45.540098529000034],[-122.94450024299999,45.540104683000038],[-122.94450361399998,45.540110646000073],[-122.94450625999997,45.540116686000033],[-122.94450959699998,45.540125973000045],[-122.94451251399994,45.540137517000062],[-122.94451414899999,45.540150845000028],[-122.94451444499998,45.540157777000047],[-122.94451394399999,45.54016929800008],[-122.94451274199997,45.540179783000042],[-122.94451045699998,45.54019044100005],[-122.94450698899999,45.540201677000027],[-122.94450164099999,45.540213766000079],[-122.94449437799994,45.540225990000067],[-122.94448740599995,45.540236760000028],[-122.94447855599998,45.540248802000065],[-122.94447003499999,45.54025901600005],[-122.94445709999997,45.540272032000075],[-122.94442253699998,45.540301722000038],[-122.94260505599999,45.541845529000057]],[[-122.94730040799999,45.534402431000046],[-122.94730523299995,45.534406038000043],[-122.94730988499998,45.534409757000049],[-122.94731435499995,45.534413584000049],[-122.94731863899995,45.53441751400004],[-122.94732273199998,45.534421544000054],[-122.94732663099995,45.53442566800004],[-122.94733032899995,45.53442988200004],[-122.94733382399994,45.534434181000051],[-122.94733710999998,45.534438561000059],[-122.94734018599996,45.534443015000079],[-122.94734304699995,45.534447540000031],[-122.94734568799998,45.534452130000034],[-122.94734810899996,45.534456779000038],[-122.94735030599998,45.534461484000076],[-122.94735227599995,45.53446623800005],[-122.94735401599996,45.53447103600007],[-122.94735564899997,45.534473824000031],[-122.94735714799998,45.534476650000045],[-122.94735851099995,45.53447950900005],[-122.94735973799999,45.534482397000033],[-122.94736082499998,45.534485314000051],[-122.94736177299995,45.534488255000042],[-122.94736258099999,45.534491217000038],[-122.94736324599995,45.534494195000036],[-122.94736376799995,45.534497188000046],[-122.94736414899995,45.534500191000063],[-122.94736438499996,45.534503202000053],[-122.94736447799994,45.534506217000057],[-122.94736442599998,45.534509232000062],[-122.94733709799999,45.535178522000081],[-122.94731926299994,45.535617011000056],[-122.94731902299998,45.535621830000025],[-122.94731854499997,45.535626640000032],[-122.94731782999997,45.535631436000074],[-122.94731687699999,45.535636210000064],[-122.94731568899999,45.535640959000034],[-122.94731426699997,45.535645676000058],[-122.94731261199996,45.53565035500003],[-122.94731072799999,45.535654991000058],[-122.94730861499994,45.535659579000026],[-122.94730627699994,45.535664112000063],[-122.94730371599996,45.535668585000053],[-122.94730093499999,45.535672993000048],[-122.94729793899995,45.535677330000055],[-122.94729472899996,45.53568159200006],[-122.94729130999997,45.535685773000068],[-122.94728768699997,45.535689867000031],[-122.94728386499997,45.535693870000046],[-122.94727984599996,45.535697778000042],[-122.94727563499998,45.535701586000073],[-122.94727123999996,45.535705288000031],[-122.94726666399998,45.535708881000062],[-122.94726191299998,45.535712360000048],[-122.94725699399999,45.535715720000042],[-122.94725190999998,45.535718959000064],[-122.94724667099996,45.535722071000066],[-122.94724127999996,45.535725053000078],[-122.94723574399995,45.535727902000076],[-122.94723007299996,45.535730615000034],[-122.94722426899995,45.535733187000062],[-122.94721834199999,45.535735615000078],[-122.94721229799995,45.535737898000036],[-122.94720614699997,45.535740031000046],[-122.94719989099997,45.535742013000061],[-122.94719354399996,45.535743842000045],[-122.94718710799998,45.535745514000041],[-122.94718059499996,45.53574702700007],[-122.94717400899998,45.535748381000076],[-122.94716736199996,45.535749573000032],[-122.94716065799997,45.535750603000054],[-122.94715206999996,45.535751179000044],[-122.94714345899996,45.535751559000062],[-122.94713483599998,45.53575174000008],[-122.94712620799999,45.535751725000068],[-122.94711758599999,45.535751513000037],[-122.94710897699997,45.535751104000042],[-122.94710039299997,45.535750499000073],[-122.94709184099997,45.535749697000028],[-122.94708333099999,45.535748700000056],[-122.94707487199997,45.535747509000032],[-122.94706647199996,45.53574612500006],[-122.94705292999998,45.535741978000033],[-122.94703302799996,45.535733502000028],[-122.94699863499994,45.535717026000043],[-122.94697812299995,45.535705733000043],[-122.94651345299997,45.535264101000053],[-122.94651262199994,45.535262939000063],[-122.94651184599996,45.535261757000058],[-122.94651112799994,45.535260559000051],[-122.94651046699994,45.535259344000053],[-122.94650986599999,45.535258114000044],[-122.94650932299999,45.535256871000058],[-122.94650884099997,45.53525561400005],[-122.94650841899994,45.53525434800008],[-122.94650805899994,45.535253072000046],[-122.94650775899999,45.535251789000029],[-122.94650669999999,45.535246000000029],[-122.94650592799997,45.535240189000035],[-122.94650544599995,45.53523436200004],[-122.94650525499998,45.535228527000072],[-122.94650535299996,45.535222691000058],[-122.94650574199994,45.535216861000038],[-122.94650641999999,45.53521104400005],[-122.94650738699994,45.535205247000079],[-122.94650864299996,45.535199477000049],[-122.94651018499997,45.535193742000047],[-122.94651200999999,45.535188049000055],[-122.94651411799998,45.535182403000078],[-122.94651650399999,45.535176813000078],[-122.94666062699997,45.534859557000061],[-122.94681871699999,45.534504709000032],[-122.94683397999995,45.534472840000035],[-122.94685055899998,45.534441298000047],[-122.94686843999995,45.534410108000031],[-122.94688760499997,45.534379299000079],[-122.94690804099997,45.534348895000051],[-122.94690861099997,45.534348176000037],[-122.94690921299997,45.534347471000046],[-122.94690985099999,45.534346782000057],[-122.94691052199994,45.534346107000033],[-122.94691122599994,45.534345451000036],[-122.94691196099996,45.53434481000005],[-122.94691272699998,45.534344188000034],[-122.94691352299998,45.534343585000045],[-122.94691434799995,45.534343002000071],[-122.94691520099997,45.534342438000067],[-122.94691608099998,45.534341896000058],[-122.94691698699995,45.534341375000054],[-122.94691791699995,45.534340877000034],[-122.94691887299996,45.534340401000065],[-122.94691984999997,45.534339948000081],[-122.94692084799999,45.534339519000071],[-122.94692186899999,45.53433911500008],[-122.94692290599994,45.534338735000063],[-122.94692396299996,45.534338382000044],[-122.94692503499999,45.534338054000045],[-122.94692612399996,45.534337751000066],[-122.94692722599996,45.534337475000029],[-122.94694921599995,45.534335959000032],[-122.94708778199998,45.534358024000028],[-122.94717864899997,45.534368675000053],[-122.94718711799999,45.534372033000068],[-122.94725617499995,45.534378072000038],[-122.94726219299997,45.534380647000035],[-122.94726808299998,45.534383362000028],[-122.94727384099997,45.53438621600003],[-122.94727945999995,45.534389203000046],[-122.94728493099996,45.534392322000031],[-122.94729024999998,45.534395569000026],[-122.94729541099997,45.534398940000074],[-122.94730040799999,45.534402431000046]],[[-122.94708208299994,45.536927178000042],[-122.94703925599998,45.536997818000032],[-122.94701090799998,45.537034910000045],[-122.94700700799996,45.53703911100007],[-122.94700290899999,45.537043218000065],[-122.94699861699996,45.537047226000027],[-122.94699413499995,45.537051131000055],[-122.94698946799997,45.537054926000053],[-122.94698462299999,45.537058611000077],[-122.94697960599996,45.537062178000042],[-122.94697441899996,45.537065626000071],[-122.94696907199994,45.537068948000069],[-122.94696356799994,45.537072143000046],[-122.946957914,45.537075206000054],[-122.94695211799996,45.537078134000069],[-122.94694618599999,45.537080923000076],[-122.94694012199994,45.537083571000039],[-122.94693411499998,45.537085832000059],[-122.94692799799998,45.537087944000064],[-122.94692178299999,45.537089908000041],[-122.94691547399998,45.537091717000067],[-122.94690907999995,45.537093373000062],[-122.94690260799996,45.537094872000068],[-122.94689606599997,45.537096213000041],[-122.94688946099996,45.537097394000057],[-122.94688280299999,45.537098413000081],[-122.94687609799996,45.537099270000056],[-122.94686935499999,45.53709996200007],[-122.94686258199999,45.537100491000047],[-122.94685578799999,45.537100854000073],[-122.94684897899998,45.537101052000025],[-122.94684216399997,45.537101083000039],[-122.94683535299998,45.537100949000035],[-122.94682855199994,45.537100649000081],[-122.94682176899994,45.537100184000053],[-122.94681501399998,45.537099555000054],[-122.94680829299995,45.537098761000038],[-122.94680161599996,45.537097804000041],[-122.94679498999994,45.537096684000062],[-122.94678842399998,45.537095405000059],[-122.94678192399999,45.537093967000033],[-122.94677549799997,45.537092370000039],[-122.94676915599996,45.537090619000026],[-122.94676290399997,45.537088714000049],[-122.94675674999996,45.537086659000067],[-122.94675069899995,45.53708445400008],[-122.94674476199998,45.537082104000035],[-122.94673894299996,45.537079611000081],[-122.94673325099996,45.537076977000027],[-122.94672769299996,45.537074208000035],[-122.94672227399997,45.537071304000051],[-122.94671700199996,45.537068270000077],[-122.94671188199999,45.537065109000025],[-122.94670692099999,45.53706182500008],[-122.94670212499994,45.537058424000065],[-122.94669749899998,45.537054907000027],[-122.94669304999996,45.537051280000071],[-122.94668878099998,45.537047547000043],[-122.94553619899995,45.535949521000077],[-122.94553292499995,45.535944548000032],[-122.94552989499999,45.535939499000051],[-122.94552711699998,45.535934379000025],[-122.94552458899994,45.535929195000051],[-122.94552231599999,45.535923953000065],[-122.94552030199998,45.53591865900006],[-122.94551854899998,45.535913319000031],[-122.94551705699996,45.535907941000062],[-122.94551583099997,45.535902529000055],[-122.94551486899996,45.535897091000038],[-122.94551417599996,45.535891634000052],[-122.94551374899999,45.535886162000054],[-122.94551358999996,45.535880683000073],[-122.94551369899995,45.535875204000035],[-122.94551407699998,45.535869730000059],[-122.94551472299997,45.535864269000058],[-122.94551563699997,45.535858828000073],[-122.94551681599995,45.535853411000062],[-122.94551825999997,45.535848026000053],[-122.94551996499996,45.535842679000041],[-122.94552193199996,45.535837376000075],[-122.94552415699997,45.535832124000081],[-122.94552663899998,45.535826930000042],[-122.94552937299994,45.535821798000029],[-122.94553247299996,45.535817497000039],[-122.94553578299997,45.535813275000066],[-122.94553929899996,45.535809136000069],[-122.94554301799997,45.53580508500005],[-122.94554693299995,45.535801126000081],[-122.94555104199998,45.535797267000078],[-122.94555533799996,45.53579350900003],[-122.94555981699995,45.535789858000044],[-122.94556447399998,45.535786318000078],[-122.94556930299996,45.535782894000079],[-122.94557429699995,45.535779590000061],[-122.94557945199995,45.53577640900005],[-122.94558475899998,45.53577335600005],[-122.94559021399999,45.535770434000028],[-122.94614144499997,45.535484469000039],[-122.94625556199998,45.535454917000038],[-122.94634351699995,45.535464496000031],[-122.94641983899999,45.535498032000078],[-122.94685105399998,45.535813777000044],[-122.94720909599999,45.536153791000061],[-122.94721965499997,45.536165298000071],[-122.94722971199997,45.536177025000029],[-122.94723925599999,45.53618896100005],[-122.94724827799996,45.53620109700006],[-122.94725677099996,45.536213419000035],[-122.94726472699995,45.536225917000081],[-122.94726974899999,45.536238023000067],[-122.94727416299997,45.536250245000076],[-122.94727796599994,45.536262568000041],[-122.94728115299995,45.536274977000062],[-122.94728371799999,45.536287457000071],[-122.94728565999998,45.536299993000057],[-122.94728697399995,45.536312569000074],[-122.94728766199995,45.536325169000065],[-122.94728771999996,45.536337778000075],[-122.94728714899998,45.53635038200008],[-122.94728595099997,45.536362963000045],[-122.94728265099997,45.536390385000061],[-122.94727503999997,45.536430976000076],[-122.94726452799995,45.536479110000073],[-122.94723462799999,45.536589849000052],[-122.94720567699994,45.536671038000065],[-122.94715746799994,45.536784401000034],[-122.94712394299995,45.536851068000033],[-122.94708208299994,45.536927178000042]]]},"properties":{"OBJECTID1":1,"OBJECTID":1,"FID":1,"NAME":"Portland-Hillsboro Airport","FAA_LID":"HIO","USE":"Public","AREA":3104830.1289808708,"SHAPE_Length":0.25375985040311816,"SHAPE_Area":3.3231797172670744e-05}},{"type":"Feature","id":2,"geometry":{"type":"Polygon","coordinates":[[[-122.39537512999999,45.54876665300003],[-122.39493800799994,45.548772316000054],[-122.39452047799995,45.548780055000066],[-122.39395072599996,45.548789442000043],[-122.39374396599999,45.548794906000069],[-122.39372054599994,45.548795120000079],[-122.39327562499994,45.548801076000075],[-122.39325220499995,45.548801291000075],[-122.39282685799998,45.548808808000047],[-122.39269446399999,45.548811085000068],[-122.39268174999995,45.548810997000032],[-122.39266348299998,45.548809511000059],[-122.39264688099996,45.548807106000027],[-122.39262857299997,45.548804430000075],[-122.39261022599999,45.548800564000032],[-122.39259527599995,45.548796941000035],[-122.39258158799998,45.548792999000057],[-122.39256915899995,45.548788738000042],[-122.39255367799996,45.548781848000033],[-122.39254072599999,45.548774620000074],[-122.39252863099995,45.548767675000079],[-122.39251654699996,45.548761027000069],[-122.39250234899998,45.548750907000056],[-122.39249215999996,45.548741186000029],[-122.39248386599996,45.548733881000032],[-122.39247768099995,45.548726243000033],[-122.39247019499999,45.548717734000036],[-122.39246483599999,45.548709486000064],[-122.39246074599998,45.548701219000066],[-122.39245625399997,45.548693553000078],[-122.39245214599998,45.548684691000062],[-122.39244884399994,45.548674624000057],[-122.39244600599994,45.548665741000036],[-122.39244182499999,45.548632941000051],[-122.39244147399995,45.548563847000025],[-122.39242778799996,45.548299578000069],[-122.39246964699998,45.548162373000025],[-122.39252346799998,45.547992031000035],[-122.39252164199996,45.547878725000032],[-122.39252165599999,45.547820598000044],[-122.39251702499996,45.547740259000079],[-122.39251350499995,45.547634695000056],[-122.39251434199997,45.547601246000056],[-122.39251233099998,45.547540924000032],[-122.39250830199995,45.547420109000029],[-122.39250532199998,45.547389295000073],[-122.39250213699995,45.547352311000054],[-122.39250477599995,45.547314374000052],[-122.39250525299997,45.547270129000026],[-122.39250377899998,45.547225916000059],[-122.39249840199994,45.547181767000041],[-122.39248973399998,45.546921801000053],[-122.39248592599995,45.546866137000052],[-122.39248563399997,45.546857398000043],[-122.39248321399998,45.546726268000043],[-122.39248319099994,45.546725583000068],[-122.39248161699999,45.546619816000032],[-122.39247922299995,45.546548012000073],[-122.39247402599995,45.546450707000076],[-122.39247534299994,45.54643165300007],[-122.39247854799999,45.546410682000044],[-122.39247661699994,45.546352759000058],[-122.39229125399999,45.546355639000069],[-122.39228935699998,45.546415854000031],[-122.39228854299995,45.546449988000063],[-122.39228883199996,45.546517197000071],[-122.39228912299995,45.546525937000069],[-122.39228982299994,45.546605484000054],[-122.39229189099996,45.546667520000028],[-122.39229301999995,45.546759919000067],[-122.39229994699997,45.546909150000033],[-122.39230620399996,45.54709679900003],[-122.39230635499996,45.54715989400006],[-122.39231087499996,45.54741255700003],[-122.39232253599999,45.54776232100005],[-122.39232243099997,45.547817705000057],[-122.39232265899994,45.547824560000038],[-122.39231893899995,45.547972732000062],[-122.39230026699994,45.548055410000075],[-122.39224275599997,45.548295271000029],[-122.39226163899997,45.548453633000065],[-122.39226187799994,45.548460831000057],[-122.39226788099995,45.548582299000032],[-122.39227065199998,45.548665413000037],[-122.39226920099998,45.548674426000048],[-122.39226646999998,45.548683996000079],[-122.39226372299999,45.548693091000075],[-122.39225929799994,45.548702690000027],[-122.39225421099997,45.54871277500007],[-122.39224972999995,45.54872070700003],[-122.39224257899997,45.54872987400006],[-122.39223641299998,45.548738073000038],[-122.39222921399994,45.54874581200005],[-122.39222014299997,45.548754691000056],[-122.39220853599994,45.548764537000068],[-122.39219441499995,45.548774058000049],[-122.39217905499999,45.548783026000081],[-122.39216166299997,45.548792028000037],[-122.39214299799994,45.548799480000071],[-122.39211985799994,45.548806862000049],[-122.39209987899994,45.548811478000061],[-122.39208148399996,45.548814781000033],[-122.39206526199996,45.548816191000071],[-122.39204658199998,45.548817070000041],[-122.39190365599995,45.548821086000032],[-122.39139632999996,45.548829090000027],[-122.39092801099997,45.548835937000035],[-122.39082459099996,45.548837466000066],[-122.39070386399999,45.548839344000044],[-122.39071714899995,45.549070553000035],[-122.39072324699998,45.54925357500008],[-122.39072376199999,45.549327638000079],[-122.39072412799999,45.549338638000052],[-122.39072345099999,45.549338655000042],[-122.39063367199998,45.549339446000033],[-122.39046783999999,45.549342859000035],[-122.39012246699997,45.549348366000061],[-122.38974978199997,45.549354492000077],[-122.38940634899996,45.549359623000043],[-122.38917423799995,45.549366009000039],[-122.38918483099997,45.549684242000069],[-122.38919152299997,45.549767976000055],[-122.38930871699995,45.549769652000066],[-122.38951942299997,45.54976533100006],[-122.38985903099996,45.54976249200007],[-122.39023951799999,45.549756066000043],[-122.39057904499998,45.549750826000036],[-122.390729239,45.54974681300007],[-122.39073508699994,45.549746546000051],[-122.39074116599994,45.549870413000065],[-122.39074488899996,45.549982145000058],[-122.39076941899998,45.550366847000078],[-122.39090212799999,45.55036535000005],[-122.39168064799998,45.550351515000045],[-122.39218996099999,45.550344162000044],[-122.39263286399995,45.550335843000028],[-122.39299576399998,45.550328839000031],[-122.39301917899996,45.550328454000066],[-122.39324161099995,45.550324448000026],[-122.39388943599999,45.550313950000032],[-122.39418406399994,45.550308754000071],[-122.39488066999996,45.550297445000069],[-122.39504261299999,45.550294433000033],[-122.39552461999995,45.550287859000036],[-122.39621341899999,45.550276672000052],[-122.39701150099995,45.550264020000043],[-122.39768470099995,45.550253425000051],[-122.39829740699997,45.550243653000052],[-122.39934137399996,45.550227782000036],[-122.40012967499996,45.550214585000049],[-122.40098628599998,45.550200767000035],[-122.40160099399998,45.550192487000061],[-122.40184092899995,45.550186461000067],[-122.40204580999995,45.550183071000049],[-122.40225070299999,45.550180024000042],[-122.40248096799996,45.550176728000054],[-122.40279122199996,45.550171766000062],[-122.40296096999998,45.550168613000039],[-122.40316001999997,45.550166004000062],[-122.40375323399996,45.550157211000055],[-122.40402055599998,45.550152784000034],[-122.40438545099994,45.550147084000059],[-122.40441471899999,45.550146599000072],[-122.40463328199996,45.550143664000075],[-122.40497861799997,45.550136914000063],[-122.40534735799997,45.550129431000073],[-122.40573570799995,45.550124537000045],[-122.40597568299995,45.550119702000075],[-122.40631134299997,45.550115509000079],[-122.40663719599996,45.550109933000044],[-122.40690258199999,45.550106047000043],[-122.40705670199998,45.550102633000051],[-122.40731424899997,45.550097846000028],[-122.40754259599998,45.550095600000077],[-122.40788795499998,45.550089527000068],[-122.40816308599994,45.550085133000039],[-122.40835624199997,45.550081412000054],[-122.40856504799996,45.550078631000076],[-122.40880115999994,45.550075054000047],[-122.40905286499998,45.550070704000063],[-122.40924992899994,45.550067089000038],[-122.40946262599999,45.550063899000065],[-122.40964214599995,45.550061088000064],[-122.40983923299996,45.55005815700008],[-122.41004020499997,45.550054648000071],[-122.41024510899996,45.550051929000063],[-122.41045585999996,45.550048941000057],[-122.41067243099997,45.550044828000068],[-122.41087339099994,45.55004097300008],[-122.41108416599997,45.550038670000049],[-122.41129882499996,45.550035788000059],[-122.41146855999995,45.550032280000039],[-122.41162463599994,45.550028999000062],[-122.41165387599995,45.550027655000065],[-122.41168110099994,45.550024459000042],[-122.41171021399998,45.550019346000056],[-122.41173536099996,45.550012412000058],[-122.41175076799999,45.550006154000073],[-122.41176418499998,45.549998730000027],[-122.41177562099995,45.549990481000066],[-122.41178702199994,45.549981204000062],[-122.41179645499994,45.54997144500004],[-122.41180585899997,45.549960829000042],[-122.41181133799995,45.549949593000065],[-122.41181680499994,45.549938014000077],[-122.41182205199999,45.549919923000061],[-122.41182533699998,45.549901522000027],[-122.41182667099997,45.549883153000053],[-122.41182604099998,45.54986447400006],[-122.41182643999997,45.549818343000027],[-122.41182313199999,45.549720150000041],[-122.41181760199999,45.549613934000035],[-122.41181270599998,45.549526569000079],[-122.41180476299996,45.549290767000059],[-122.41180300199994,45.54918054500007],[-122.41179681999995,45.548997010000051],[-122.41179452799997,45.548986931000059],[-122.41178279799999,45.54863871200007],[-122.41178181099997,45.548551453000073],[-122.41178069999995,45.548545478000051],[-122.41177465899995,45.548342699000045],[-122.41176989099995,45.548317058000066],[-122.41176362199997,45.54830481700003],[-122.41175540699999,45.548292780000054],[-122.41174721499999,45.548281428000053],[-122.41173709599997,45.548270794000075],[-122.41172505399999,45.548261049000075],[-122.41171108999998,45.548252194000042],[-122.41169124299995,45.548242579000032],[-122.41166949699999,45.548234539000077],[-122.41164779799999,45.548227870000062],[-122.41162419299997,45.548222604000046],[-122.41160064599995,45.548219052000036],[-122.41157519399997,45.548216903000025],[-122.41155175099999,45.548216436000075],[-122.41152640899998,45.548217543000078],[-122.41146006899999,45.548218646000066],[-122.41132935799999,45.548221333000072],[-122.41119668299996,45.548223711000048],[-122.41116354799999,45.548225290000062],[-122.41113236899997,45.548227008000026],[-122.41108466799994,45.548234259000026],[-122.41106336599995,45.548239415000069],[-122.41104212799996,45.548246455000026],[-122.41102093599994,45.548254866000036],[-122.41100174199994,45.54826461600004],[-122.41097872099999,45.548275897000053],[-122.41095568199995,45.54829628400006],[-122.41093727299994,45.548313260000043],[-122.41092225299997,45.548330179000061],[-122.41091123199999,45.548345128000051],[-122.41090167799996,45.548363385000073],[-122.41088558999996,45.548388896000063],[-122.41087132599995,45.548408184000039],[-122.41085230499999,45.548427076000053],[-122.41083182999995,45.548443133000035],[-122.41080793699996,45.548458296000035],[-122.41078256099996,45.548469672000067],[-122.41075378199997,45.548480629000039],[-122.41072358199995,45.548489704000076],[-122.41069462699994,45.548495425000056],[-122.41066759199998,45.548497779000058],[-122.41063100999997,45.548501530000067],[-122.41047102399995,45.548504532000038],[-122.41026420399999,45.54850814100007],[-122.41005927699996,45.548510002000057],[-122.40982518699997,45.54851543500007],[-122.40961836599996,45.548519041000077],[-122.40938418899998,45.548521902000061],[-122.40919101499998,45.54852493900006],[-122.40896468899996,45.548529040000062],[-122.40889806399997,45.548531365000031],[-122.40866588399996,45.54853556300003],[-122.40849214699995,45.548536047000027],[-122.40825597299994,45.548537567000039],[-122.40807452299998,45.548540922000029],[-122.40793210399994,45.548543800000061],[-122.40784821399996,45.548545535000073],[-122.40750089599999,45.548551127000053],[-122.40716141199999,45.548557445000029],[-122.40681209099995,45.548561525000025],[-122.40632954499995,45.548591989000045],[-122.40595297099998,45.548598405000064],[-122.40550219899995,45.548604506000061],[-122.40506126899999,45.548613013000079],[-122.40454418499996,45.548621066000067],[-122.40413831899997,45.548627274000069],[-122.40354316699995,45.548634425000046],[-122.40302996799994,45.548641892000035],[-122.40253239499998,45.548649613000066],[-122.40198609399999,45.548659681000061],[-122.40153341599995,45.548667169000055],[-122.40129148999995,45.548671856000055],[-122.40120761099996,45.548673929000074],[-122.40032320799997,45.548688704000028],[-122.40025494999998,45.548690861000068],[-122.40020029999999,45.548691250000047],[-122.39986273599999,45.54869665800004],[-122.39950765799995,45.548703725000053],[-122.39919153999995,45.548708262000048],[-122.39891643799996,45.548713321000037],[-122.39866077299996,45.548715829000059],[-122.39837202299998,45.548721454000031],[-122.39818074799996,45.548722898000051],[-122.39734948399996,45.54873507700006],[-122.39537512999999,45.54876665300003]],[[-122.39211451599999,45.549310969000032],[-122.39210486299999,45.549314214000049],[-122.39210292299998,45.549314589000062],[-122.39209320199996,45.54931577800005],[-122.39195075099997,45.549317779000035],[-122.39186101099995,45.549319770000068],[-122.39170488999997,45.54932165300005],[-122.39150391399994,45.549324960000035],[-122.39133806499996,45.549327860000062],[-122.39121125199995,45.549330460000078],[-122.39112147899999,45.549331423000069],[-122.39109999299995,45.549331091000056],[-122.39108041199995,45.549329355000054],[-122.39107835599998,45.549329409000052],[-122.39106148399998,45.549326884000038],[-122.39104182299997,45.549322750000044],[-122.39102211699998,45.549317244000065],[-122.39100432699996,45.54931067800004],[-122.39098650399995,45.54930308400003],[-122.39097059099998,45.549294259000078],[-122.39095654999994,45.549283001000049],[-122.39094638899996,45.549270995000029],[-122.39093619899995,45.549258131000045],[-122.39092794299995,45.549244721000036],[-122.39092162699995,45.549230937000061],[-122.39091724399998,45.549216606000073],[-122.39091585799997,45.549194380000074],[-122.39091573599995,45.549192085000072],[-122.39091567999998,45.549191479000058],[-122.39091558199999,45.54918992000006],[-122.39090890799997,45.549082793000025],[-122.39091166199995,45.549063696000076],[-122.39091866899997,45.549045124000031],[-122.39092819799998,45.549025916000062],[-122.39094446099995,45.549005407000038],[-122.39096016799999,45.548989788000029],[-122.39098104499999,45.548975513000073],[-122.39100598699997,45.548961172000077],[-122.39102957199998,45.548951853000062],[-122.39105726999998,45.548943896000026],[-122.39108705799998,45.548937690000059],[-122.39131343399998,45.548926465000079],[-122.39159139999998,45.548922753000056],[-122.39186455299995,45.548917743000061],[-122.39208333599998,45.548921251000081],[-122.39210290499994,45.548922644000072],[-122.39212785499996,45.548926954000081],[-122.39214752699996,45.548931431000028],[-122.39216528799994,45.548937140000078],[-122.39218504499996,45.548944188000064],[-122.39220094699999,45.548952670000062],[-122.39221688199996,45.548962182000025],[-122.39223656299998,45.548977735000051],[-122.39224504099997,45.548985454000047],[-122.39225512899998,45.548996875000057],[-122.39226227099999,45.549005978000025],[-122.39226600899997,45.549012394000044],[-122.39227065999995,45.54902174800003],[-122.39227665299995,45.549034795000068],[-122.39228026099994,45.549045404000026],[-122.39228225199997,45.549057609000045],[-122.39228252999999,45.549058226000056],[-122.39228272499997,45.549064052000062],[-122.39228335499996,45.549143204000075],[-122.39228388599997,45.549159142000065],[-122.39228198099994,45.549160545000063],[-122.39228217499999,45.549166371000069],[-122.39228026999996,45.549167774000068],[-122.39228036099996,45.549170516000061],[-122.39227845599999,45.549171919000059],[-122.39227854699999,45.549174661000052],[-122.39227664099997,45.549176064000051],[-122.39227668699999,45.549177435000047],[-122.39226548799996,45.549192879000032],[-122.39225427199995,45.549207810000041],[-122.39223913699999,45.549222291000035],[-122.39222397299994,45.549235914000064],[-122.39220879099997,45.549249023000073],[-122.39219162999996,45.549261308000041],[-122.39214775199997,45.549292037000043],[-122.39211601499994,45.549310953000031],[-122.39211451599999,45.549310969000032]],[[-122.39212686399998,45.550208373000032],[-122.39191027499999,45.550211938000075],[-122.39171120599997,45.550214013000073],[-122.39154727799996,45.550216025000054],[-122.39151998299997,45.550217160000045],[-122.39149458299994,45.550216549000027],[-122.39146717899996,45.550214427000071],[-122.39144166999995,45.550210561000029],[-122.39141610399997,45.550204980000046],[-122.39139244299997,45.550197997000055],[-122.39136869699996,45.550188442000035],[-122.39134687899997,45.550178171000027],[-122.39132503299999,45.550167042000055],[-122.39130511999997,45.550155367000059],[-122.39120361899995,45.550097367000035],[-122.39108223999995,45.550028721000047],[-122.39099651399999,45.549975435000079],[-122.39098249599999,45.549964863000071],[-122.39096844299996,45.549953264000067],[-122.39095825899994,45.549940571000036],[-122.39095000299994,45.549927162000074],[-122.39094368099995,45.549913206000042],[-122.39093929899997,45.549898875000054],[-122.39093686199999,45.549884340000062],[-122.39093832199995,45.549869571000045],[-122.39094175699995,45.549855454000067],[-122.39094520199995,45.549841681000032],[-122.39095256799999,45.549828357000081],[-122.39095994399997,45.549815376000026],[-122.39097125199999,45.549803187000066],[-122.39098258799999,45.54979185600007],[-122.39099590499995,45.549781349000057],[-122.39101119999998,45.549771667000073],[-122.39103237299997,45.549762575000045],[-122.39105360199994,45.549755195000046],[-122.39107487799998,45.549749187000032],[-122.39109816699994,45.549745032000033],[-122.39110400399994,45.549744421000071],[-122.39112150799997,45.549742418000051],[-122.39114491099997,45.549741691000065],[-122.39139077299996,45.54973781800004],[-122.39161711699995,45.54973409400003],[-122.39186883899998,45.549730295000074],[-122.39201908999996,45.549727993000033],[-122.39209713399998,45.549726538000073],[-122.39210494499997,45.549726580000026],[-122.39211278999994,45.549727652000058],[-122.39212066299996,45.549729580000076],[-122.39212660799996,45.549732225000071],[-122.39217841499999,45.549763608000035],[-122.39222632999997,45.549795397000025],[-122.39225427599996,45.549813798000059],[-122.39226432399994,45.549822377000055],[-122.39227438899997,45.549831470000072],[-122.39228252499998,45.549841281000056],[-122.39229067299999,45.549851435000051],[-122.39229688099999,45.549861963000069],[-122.39230115499998,45.549873039000033],[-122.39230721099995,45.549937580000062],[-122.39230895999998,45.549990019000063],[-122.39231228199998,45.550031115000081],[-122.39231363599998,45.55007173000007],[-122.39231220499994,45.550087356000063],[-122.39230686599996,45.550102876000039],[-122.39230151499999,45.550118053000062],[-122.39229223299998,45.550132437000059],[-122.39228097699998,45.550146168000026],[-122.39226772899997,45.550158731000067],[-122.39225249599997,45.550170298000069],[-122.39223526099994,45.550180356000055],[-122.39221794499997,45.550188013000081],[-122.39220058899997,45.550194472000044],[-122.39218319399998,45.550199731000077],[-122.39216381299997,45.550203993000025],[-122.39214633699999,45.550206853000077],[-122.39212686399998,45.550208373000032]],[[-122.40672560299998,45.549080371000059],[-122.40652075999998,45.549084797000035],[-122.40633732299995,45.549087153000073],[-122.40590220299998,45.549094368000056],[-122.40551582899997,45.549099744000046],[-122.40515290299999,45.549105758000053],[-122.40479389199999,45.549112050000076],[-122.40422407399996,45.549119604000055],[-122.40421818599998,45.549118673000066],[-122.40420837799996,45.549117292000062],[-122.40420554199994,45.549117330000058],[-122.40418413199995,45.549114739000061],[-122.40417142599995,45.549111806000042],[-122.40415788599995,45.549108315000069],[-122.40414420299999,45.549103540000033],[-122.40412916199995,45.549097718000041],[-122.40411399099997,45.549091038000029],[-122.40410068999995,45.549084126000025],[-122.40408728399996,45.549076014000036],[-122.40407474499995,45.549068482000052],[-122.40406297299995,45.549058555000045],[-122.40405117999995,45.549048035000055],[-122.40404235299997,45.549037464000037],[-122.40403439199997,45.549027475000059],[-122.40402859699998,45.549018938000074],[-122.40402104899999,45.549004000000025],[-122.40401448699998,45.548990297000046],[-122.40401063799999,45.548976548000041],[-122.40400973599998,45.548969895000027],[-122.40400799299999,45.548877524000034],[-122.40400743799995,45.548868388000074],[-122.40400781999995,45.548859571000037],[-122.40400987999999,45.548850249000054],[-122.40401231099997,45.548841874000061],[-122.40401578899997,45.548834434000071],[-122.40401989799994,45.548825555000064],[-122.40402536099998,45.548816653000074],[-122.40403086299995,45.548808940000072],[-122.40403701299999,45.548800265000068],[-122.40404416899997,45.548791336000079],[-122.40405440499995,45.54878152100008],[-122.40406431499997,45.548773856000025],[-122.40407725099999,45.548765426000045],[-122.40409117899998,45.548756265000065],[-122.40410762399995,45.548746347000076],[-122.40412774499998,45.548739941000065],[-122.40415395299999,45.548733078000055],[-122.40417414599995,45.548728814000071],[-122.40419995199994,45.548725171000058],[-122.40446367199996,45.548713142000054],[-122.40488128599998,45.548707937000074],[-122.40534563099999,45.548699043000056],[-122.40592712899996,45.548690604000058],[-122.40642661199996,45.548681636000026],[-122.40686358199997,45.548722018000035],[-122.40688130799998,45.548725058000059],[-122.40689908399997,45.548729526000045],[-122.40691755199998,45.548734459000059],[-122.40693266499994,45.548740400000042],[-122.40694848799995,45.548747283000068],[-122.40696227699999,45.54875419800004],[-122.40697403499996,45.54876114800004],[-122.40698654999994,45.548770465000075],[-122.40699908099998,45.548780259000068],[-122.40700749899997,45.548788693000063],[-122.40701943199997,45.548800879000055],[-122.40702862299997,45.548812157000043],[-122.40703507199999,45.548822528000073],[-122.40703878799997,45.548832230000073],[-122.40704138999996,45.54884409400006],[-122.40704383699995,45.548853877000056],[-122.40704554699994,45.548866947000079],[-122.40704677299999,45.548878238000043],[-122.40704879499998,45.548950077000029],[-122.40704756999997,45.54895902700008],[-122.40704443399994,45.548971582000036],[-122.40703988899998,45.548984589000042],[-122.40703416999997,45.548995972000057],[-122.40702521899999,45.549007979000066],[-122.40701406499994,45.549021025000059],[-122.40700181899996,45.549031801000069],[-122.40698932599997,45.549041296000041],[-122.40697758799996,45.54904906400003],[-122.40696520799997,45.54905584100004],[-122.40694696999998,45.549063860000047],[-122.40692706499999,45.549070621000055],[-122.40690091099998,45.549077283000031],[-122.40672560299998,45.549080371000059]],[[-122.40368149299997,45.549124303000042],[-122.40366402399997,45.549127335000037],[-122.40365819899995,45.549128290000056],[-122.40363483099998,45.549130048000052],[-122.40329333899996,45.549134845000026],[-122.40294605199995,45.549141451000025],[-122.40257142399997,45.549147823000055],[-122.40225532799997,45.549153053000055],[-122.40189042199995,45.54915823400006],[-122.40160553799996,45.549162774000081],[-122.40127581099995,45.549169086000063],[-122.40106308299994,45.549171232000049],[-122.40097723499997,45.54917282200006],[-122.40095767099996,45.549171603000048],[-122.40093725799994,45.549171900000033],[-122.40090510399995,45.549165267000035],[-122.40088917999998,45.549160411000059],[-122.40087460899997,45.549155412000061],[-122.40086172599996,45.549150267000073],[-122.40085362099995,45.549146114000052],[-122.40084327299996,45.549140713000043],[-122.40083055699995,45.549133493000056],[-122.40082054599998,45.549126039000043],[-122.40080997399997,45.549118021000027],[-122.40079930599995,45.549107147000029],[-122.40079000499998,45.549096633000033],[-122.40078318299999,45.549087220000047],[-122.40077507999996,45.549075518000052],[-122.40076921599996,45.54906489900003],[-122.40076451399995,45.549050985000065],[-122.40076245099999,45.549040005000052],[-122.40076130899996,45.54900759700007],[-122.40075870899994,45.548929946000044],[-122.40075872399996,45.548917741000025],[-122.40076163299995,45.548903404000043],[-122.40076423899995,45.548892644000034],[-122.40076728799994,45.548882473000049],[-122.40077203899995,45.548872571000061],[-122.40077892999994,45.548863229000062],[-122.40078705899998,45.548852973000066],[-122.40079438299995,45.548843921000071],[-122.40080258199998,45.548835749000034],[-122.40081165799995,45.548828454000045],[-122.40082237899998,45.548819644000048],[-122.40083776699998,45.548811054000055],[-122.40085402299997,45.548803047000035],[-122.40086948099997,45.54879653900008],[-122.40088957699999,45.548789360000058],[-122.40090805799997,45.548784590000025],[-122.40092954399995,45.548780960000045],[-122.40094471799995,45.548778625000068],[-122.40096248199995,45.54877773700008],[-122.40097983399994,45.548777152000071],[-122.40110688199997,45.548769729000071],[-122.40146202899996,45.548764713000025],[-122.40185032999995,45.548758633000034],[-122.40218983399996,45.548752844000035],[-122.40273421299997,45.548743665000075],[-122.40323053599997,45.54873340100005],[-122.40343995599994,45.548732077000068],[-122.40364393499999,45.548734725000031],[-122.40366008599995,45.548736243000064],[-122.40368389799994,45.548738826000033],[-122.40370865699998,45.548744370000065],[-122.40373773099998,45.548752223000065],[-122.40376264899999,45.548762527000065],[-122.40378081299997,45.548773538000034],[-122.40379820999999,45.548786943000039],[-122.40381479999996,45.548801552000043],[-122.40382723399995,45.548818612000048],[-122.40383519499994,45.548828601000025],[-122.40384250999995,45.548844555000073],[-122.40384625699994,45.548855209000067],[-122.40385298799998,45.548980123000035],[-122.40384993999999,45.548990295000067],[-122.40384457099998,45.549007054000072],[-122.40383950299997,45.549017616000071],[-122.40383275499994,45.549028682000028],[-122.40382501599998,45.549040480000031],[-122.40381786799998,45.549049647000061],[-122.40380049699996,45.549067320000063],[-122.40379025999999,45.549075348000031],[-122.40378333599995,45.549081178000051],[-122.40377325299994,45.549087477000057],[-122.40376263999997,45.549094440000033],[-122.40372958499995,45.54910897700006],[-122.40372468199996,45.549111204000042],[-122.40370541699997,45.549118896000039],[-122.40368416499996,45.549124268000071],[-122.40368149299997,45.549124303000042]],[[-122.40104228599995,45.550065756000038],[-122.40101889999994,45.550067001000059],[-122.40099740699998,45.550066498000035],[-122.40097391199998,45.550064486000053],[-122.40095230499998,45.550060558000041],[-122.40093259199995,45.55005488200004],[-122.40091283199996,45.550047836000033],[-122.40089302099994,45.550039248000076],[-122.40087706099996,45.55002905200007],[-122.40086106699999,45.550017829000069],[-122.40084698299995,45.550005373000033],[-122.40083683099999,45.549993710000081],[-122.40082861299999,45.549981500000058],[-122.40082232899999,45.549968745000058],[-122.40081603299996,45.549955646000058],[-122.40081122399999,45.549928634000025],[-122.40080565599999,45.54976240700006],[-122.40080575399998,45.549707023000053],[-122.40080912199994,45.549691021000058],[-122.40081445399994,45.549675330000071],[-122.40082371599999,45.549660431000063],[-122.40083495299996,45.549646185000029],[-122.40084818099996,45.549633106000044],[-122.40086340599998,45.549621367000043],[-122.40088062899997,45.549610965000056],[-122.40089985399999,45.549602074000063],[-122.40092109399995,45.549595036000028],[-122.40092302199997,45.54959431900005],[-122.40094239099994,45.549589711000067],[-122.40094821599996,45.549588758000027],[-122.40096375099995,45.549586272000056],[-122.40098713199995,45.549584856000081],[-122.40122514199999,45.549579721000043],[-122.40154514299996,45.549574428000028],[-122.40189832199997,45.549568757000031],[-122.40218322999999,45.549564902000043],[-122.40251693599998,45.549560751000058],[-122.40285642099997,45.549554275000048],[-122.40315494799995,45.549548991000052],[-122.40323495999996,45.549548009000034],[-122.40327012199998,45.549548628000025],[-122.40355886399999,45.549542647000067],[-122.40367205799998,45.549541458000078],[-122.40369338299996,45.549536990000036],[-122.40369531699997,45.549536444000069],[-122.40369726899996,45.549536412000066],[-122.40370117699996,45.549536518000025],[-122.40370509099995,45.549536796000041],[-122.40370899899995,45.549536903000046],[-122.40371682699998,45.549537460000067],[-122.40371878999997,45.549537770000029],[-122.40372270399996,45.549538048000045],[-122.40372467199995,45.549538529000074],[-122.40372663499994,45.549538840000025],[-122.40372860299999,45.549539322000044],[-122.40373251699998,45.54953960000006],[-122.40373645399995,45.54954056400004],[-122.40374037999999,45.549541185000066],[-122.40374234799998,45.549541666000039],[-122.40374629699994,45.54954297200004],[-122.40375022199999,45.549543593000067],[-122.40375416999996,45.549544899000068],[-122.40375614999999,45.549545724000041],[-122.40376008199996,45.549546516000078],[-122.40376800099995,45.549549814000045],[-122.40377193799998,45.549550778000025],[-122.40377391799996,45.549551603000054],[-122.40377987599999,45.54955459100006],[-122.40378186699996,45.549555757000064],[-122.40378385299999,45.549556753000047],[-122.40378982699997,45.549560256000063],[-122.40379376999999,45.549561390000065],[-122.40379775299999,45.549563725000041],[-122.40379779899996,45.549565096000038],[-122.40379978999999,45.549566263000031],[-122.40381177399996,45.54957429500007],[-122.40381577899996,45.549577315000079],[-122.40381582499998,45.549578686000075],[-122.40381983099996,45.549581706000026],[-122.40382602399995,45.549591719000034],[-122.40382832599994,45.549602141000037],[-122.40382868299997,45.549612766000052],[-122.40382708799996,45.549623423000071],[-122.40382157299996,45.549633630000073],[-122.40381603599997,45.549643153000034],[-122.40380656699995,45.549651883000081],[-122.40379705799995,45.549659413000029],[-122.40378360099999,45.549665637000032],[-122.40377009099996,45.549670319000029],[-122.40351404899997,45.549778123000067],[-122.40338503499999,45.549831526000048],[-122.40329044099997,45.54986344100007],[-122.40319581299997,45.549894327000061],[-122.40309919899994,45.549924219000047],[-122.40300450799998,45.549953220000077],[-122.402936668,45.549967888000026],[-122.40287073999997,45.549981325000033],[-122.40280281999998,45.549993595000046],[-122.40273485399996,45.550004493000074],[-122.40266684699998,45.550014191000059],[-122.40259880099995,45.550022691000038],[-122.40251317599996,45.550030966000065],[-122.40242943299995,45.550037153000062],[-122.40234562099999,45.550041283000041],[-122.40225979499996,45.550043560000063],[-122.40194955899995,45.550049036000075],[-122.40169199399998,45.550053297000034],[-122.40141488799998,45.550057023000079],[-122.40121002999996,45.550061097000025],[-122.40104228599995,45.550065756000038]],[[-122.40669066799995,45.549493321000057],[-122.40670241599997,45.549494326000058],[-122.40671415799994,45.549495160000049],[-122.40672197999999,45.54949554500007],[-122.40674366799999,45.549501872000064],[-122.40676346799995,45.549510117000068],[-122.40678136899999,45.549519937000071],[-122.40679736999999,45.549531331000026],[-122.40681146599997,45.549544129000026],[-122.40682169999997,45.549558190000027],[-122.40683195699995,45.54957293800004],[-122.40683638399997,45.549588467000035],[-122.40684083299999,45.549604683000041],[-122.40684138599994,45.549621134000063],[-122.40683998799994,45.549637618000077],[-122.40683858299997,45.549653930000034],[-122.40683130799999,45.54966982500008],[-122.40682402099998,45.54968537700006],[-122.40681475999997,45.549700277000056],[-122.40680351899999,45.54971435200008],[-122.40675655199999,45.549769142000059],[-122.40670956199995,45.549823247000063],[-122.40666059099999,45.549876527000038],[-122.40660964699998,45.54992915400004],[-122.40659629899994,45.549938634000057],[-122.40658291599999,45.549947086000032],[-122.40656755399999,45.54995471400008],[-122.40655215099997,45.549961142000029],[-122.40653475699997,45.549966403000042],[-122.40651732299995,45.549970464000069],[-122.40649984199996,45.549973155000032],[-122.40648036999994,45.54997467700008],[-122.40641605399998,45.549977973000068],[-122.40634973999994,45.549979930000063],[-122.40628339199998,45.549980859000073],[-122.40621894999998,45.549980384000037],[-122.40530374199994,45.549993326000049],[-122.40484716899999,45.550001406000035],[-122.40406082299995,45.550014604000069],[-122.40366668899998,45.550021645000072],[-122.40365102699997,45.550020361000065],[-122.40363725999998,45.550017331000049],[-122.40362148899999,45.550012791000029],[-122.40360956899997,45.550006645000053],[-122.40359760799998,45.549999299000035],[-122.40358950399997,45.549990517000026],[-122.40358137699997,45.549981049000053],[-122.40357712999997,45.549970832000042],[-122.40357481699999,45.549960067000029],[-122.40357445499995,45.549949272000049],[-122.40357604399998,45.54993844300003],[-122.40358155799998,45.549928235000039],[-122.40358708999997,45.549918542000057],[-122.40359655899999,45.549909812000067],[-122.40374468899995,45.549844261000032],[-122.40389479299995,45.549779362000038],[-122.40404296799994,45.549715181000067],[-122.40419312399996,45.549651825000069],[-122.40425096499996,45.549630120000074],[-122.40431082599997,45.549610438000059],[-122.40437269599994,45.549592439000037],[-122.40443462999997,45.549576324000043],[-122.40449662599997,45.549562094000066],[-122.40456063699997,45.549549717000048],[-122.40461697499995,45.549541411000064],[-122.40467335999995,45.549534476000076],[-122.40473173499998,45.549528708000025],[-122.40478820599998,45.54952434300003],[-122.40483692299995,45.549521650000031],[-122.40484471699995,45.549521178000077],[-122.40490321899995,45.549519180000061],[-122.40564866199998,45.549509054000055],[-122.40602136399997,45.54950339100003],[-122.40659300399994,45.549491855000042],[-122.40662617999999,45.549491475000025],[-122.40665743999995,45.549492158000078],[-122.40669066799995,45.549493321000057]],[[-122.39576540099995,45.549255110000047],[-122.39575569099998,45.549256642000046],[-122.39573624099995,45.549258850000058],[-122.39542985899999,45.549262701000032],[-122.39501227999995,45.549269070000037],[-122.39455959099996,45.549276359000032],[-122.39411275999998,45.549283722000041],[-122.39373219699996,45.549287763000052],[-122.39334197499994,45.549294876000033],[-122.39293420299998,45.549302619000059],[-122.39263565399995,45.549307192000072],[-122.39263169999998,45.549305713000081],[-122.39263118099996,45.549305718000028],[-122.39260075599998,45.54929418200004],[-122.39259476599995,45.549290166000048],[-122.39259277399998,45.549288998000065],[-122.39258882599995,45.549287691000075],[-122.39258283499998,45.549283675000027],[-122.39257888699996,45.549282368000036],[-122.39257489299996,45.549279690000049],[-122.39257289099999,45.549278181000034],[-122.39257089399996,45.54927684200004],[-122.39256694599999,45.549275535000049],[-122.39256480799997,45.54927409700008],[-122.39256294599994,45.549272686000052],[-122.39255895199994,45.549270008000065],[-122.39255499799998,45.549268530000063],[-122.39255100999998,45.549265856000034],[-122.39254900199995,45.549264342000072],[-122.39254700499998,45.549263003000078],[-122.39254500199996,45.549261493000074],[-122.39254104799994,45.549260015000073],[-122.39253905099997,45.549258676000079],[-122.39253704999999,45.549257167000064],[-122.39253505199997,45.549255827000081],[-122.39252904399996,45.549251296000079],[-122.39252508999999,45.549249819000067],[-122.39252309299997,45.549248480000074],[-122.39250907399997,45.549237908000066],[-122.39250511999995,45.549236430000065],[-122.39250111499996,45.549233410000056],[-122.39249910699999,45.549231729000041],[-122.39249309899998,45.54922719700005],[-122.39249108999996,45.549225516000035],[-122.39248708499997,45.549222495000038],[-122.39248507699995,45.54922081400008],[-122.39248307399998,45.549219304000076],[-122.39248106599996,45.549217623000061],[-122.39247906299994,45.549216112000067],[-122.39247705499997,45.549214430000063],[-122.39246296799996,45.549201803000074],[-122.39245274299998,45.549187911000047],[-122.39244639799995,45.54917327000004],[-122.39244199299998,45.549158254000076],[-122.39243952099997,45.549142691000043],[-122.39243935199994,45.549042309000072],[-122.39244541199997,45.549020777000067],[-122.39245582699999,45.549002745000053],[-122.39246553299995,45.548988891000079],[-122.39248028099996,45.548973765000028],[-122.39249422199998,45.548959842000045],[-122.39251164799998,45.548948839000047],[-122.39252996199997,45.548939012000062],[-122.39255083699999,45.548929738000027],[-122.39257515799994,45.548922193000067],[-122.39260375399999,45.548915769000075],[-122.39263668399997,45.548912250000058],[-122.39268404899997,45.54890968400008],[-122.39281434999998,45.548903966000069],[-122.39285144499996,45.548901899000043],[-122.39329956599994,45.548893092000071],[-122.39371127199996,45.548886311000047],[-122.39415617699996,45.548879838000062],[-122.39460606099999,45.54887268300007],[-122.39501972899996,45.548866208000049],[-122.39549779799995,45.548859012000037],[-122.39551135499994,45.548858584000072],[-122.39572083399997,45.548863132000065],[-122.39573657799997,45.548863634000043],[-122.39575179799999,45.548864717000072],[-122.39577281199996,45.548868752000033],[-122.39579167099998,45.548873204000074],[-122.39580482799994,45.548877464000043],[-122.39582681299999,45.548886246000052],[-122.39584776599997,45.548896570000068],[-122.39586798699997,45.548909382000033],[-122.39588166699997,45.548921159000031],[-122.39589399799996,45.54893314800006],[-122.39590333499996,45.548944806000065],[-122.39590874899994,45.548952623000048],[-122.39591424799994,45.54896301000008],[-122.39592066699998,45.548976621000065],[-122.39592401799996,45.548987616000034],[-122.39592608299995,45.549000728000067],[-122.39592755999996,45.549012515000072],[-122.39592924099998,45.549127749000036],[-122.39592676899997,45.549143031000028],[-122.39592230499994,45.549155488000054],[-122.39591673699999,45.549167392000072],[-122.39591186099995,45.549175664000074],[-122.39590598399997,45.549183238000069],[-122.39589047299995,45.549200879000068],[-122.39587433099996,45.549214838000069],[-122.39585660899996,45.549227157000075],[-122.39583727499996,45.549236882000059],[-122.39581889899995,45.549244806000047],[-122.39579659499998,45.549251842000047],[-122.39576933099994,45.54925505600005],[-122.39576540099995,45.549255110000047]],[[-122.40772068499996,45.549062835000029],[-122.40771037199994,45.54906300600004],[-122.40768712099998,45.549063427000078],[-122.40747343899994,45.549067193000042],[-122.40747330799996,45.549067185000069],[-122.40744906699996,45.549063851000028],[-122.40743158199996,45.549059741000065],[-122.40741615899998,45.549054639000076],[-122.40740069899999,45.549048465000055],[-122.40738418699999,45.54904123700004],[-122.40737019099998,45.549033253000061],[-122.40735768399998,45.549024174000067],[-122.40734980999997,45.54901680200004],[-122.40733980799996,45.54900660900006],[-122.40733132999998,45.54899639000007],[-122.40732328799999,45.548984021000081],[-122.40731683099995,45.548973412000066],[-122.40731244199998,45.548963840000056],[-122.40730955299995,45.548953529000073],[-122.40730772899997,45.548944629000061],[-122.40730471899997,45.548864628000047],[-122.40730797499998,45.548846033000075],[-122.40731114699997,45.548834549000048],[-122.40731580899995,45.548821970000063],[-122.40732146199997,45.548808658000041],[-122.40732915999996,45.54879567100005],[-122.40734040299998,45.548782267000036],[-122.40735124499997,45.548772086000042],[-122.40736260899996,45.548762252000074],[-122.40737352399998,45.548754213000052],[-122.40738649499997,45.548746853000068],[-122.40740147499997,45.548738745000037],[-122.40741347799997,45.548732831000052],[-122.40742851699997,45.548726509000062],[-122.40744908599999,45.548718309000037],[-122.40746470599998,45.548714120000056],[-122.40748498199997,45.548707899000078],[-122.40792323299996,45.548677765000036],[-122.40826862399996,45.548672890000034],[-122.40850083899994,45.548669721000067],[-122.40869987799999,45.548666931000071],[-122.40889887099996,45.548662770000078],[-122.40909008299997,45.548659423000061],[-122.40932426099999,45.548656563000065],[-122.40952523899995,45.548653396000077],[-122.40973650999996,45.548649906000037],[-122.40998823199999,45.54864623900005],[-122.41025164899997,45.548642033000078],[-122.41044673899995,45.548637935000045],[-122.41063599899996,45.548634618000051],[-122.41082723299996,45.54863195400003],[-122.41091939099999,45.548630247000062],[-122.41135240299997,45.548645910000062],[-122.41137416299995,45.548647930000072],[-122.41138642199996,45.548649631000046],[-122.41140827899994,45.548654507000037],[-122.41142403599997,45.548659484000041],[-122.41144665099995,45.548666729000047],[-122.41146350799994,45.548674117000076],[-122.41148143599997,45.548683106000055],[-122.41149320999995,45.54869053200008],[-122.41150639499995,45.548699599000031],[-122.41151824099995,45.548709166000037],[-122.41152740899997,45.548719731000062],[-122.41153764199998,45.548731706000069],[-122.41154587999995,45.548744119000048],[-122.41155218899996,45.548755326000048],[-122.41155728799998,45.548768339000048],[-122.41155978599994,45.548779609000064],[-122.41156181099996,45.548789399000043],[-122.41156178799997,45.548801307000076],[-122.41156440299994,45.548892994000028],[-122.41156313599998,45.548903684000038],[-122.41155766099996,45.548918254000057],[-122.41155208999999,45.548929968000039],[-122.41154482399998,45.548939615000052],[-122.41153439999999,45.548952172000043],[-122.41152231199999,45.548963613000069],[-122.41150908299994,45.548973359000058],[-122.41149499599999,45.54898178500008],[-122.41147492799996,45.548989740000081],[-122.41145750399994,45.54899574500007],[-122.41142803099996,45.54900279900005],[-122.41140471399996,45.549006101000032],[-122.41122323499997,45.549008604000051],[-122.41097154099998,45.549013131000038],[-122.41073345299998,45.549015888000042],[-122.41050323999997,45.549020572000074],[-122.41028466399996,45.549023003000059],[-122.41004471799999,45.549028533000069],[-122.40984958599995,45.549031432000049],[-122.40963686399999,45.549033765000047],[-122.40941835699999,45.549038252000059],[-122.40916665699996,45.549042604000078],[-122.40889932499999,45.549046529000066],[-122.40864175399997,45.549050462000025],[-122.40839782899997,45.549053826000033],[-122.40820859099995,45.549057824000045],[-122.40804269199998,45.549059206000038],[-122.40772068499996,45.549062835000029]],[[-122.39574452099998,45.550149635000025],[-122.39572108299996,45.550149336000061],[-122.39521182299995,45.55015824600008],[-122.39402933899999,45.550177047000034],[-122.39337174899998,45.550187364000067],[-122.39284492699994,45.550196553000035],[-122.39271808999996,45.550198470000055],[-122.39271028499996,45.550198599000055],[-122.39270832799997,45.550198459000057],[-122.39270052299997,45.550198588000057],[-122.39269856599998,45.55019844900005],[-122.39269076099998,45.55019857700006],[-122.39269075499999,45.55019840500006],[-122.39268685199994,45.550198470000055],[-122.39268489499995,45.550198331000047],[-122.39268099299994,45.550198395000052],[-122.39267903599995,45.550198255000055],[-122.39267708499995,45.550198288000047],[-122.39267512799995,45.550198149000039],[-122.39267317599996,45.550198181000042],[-122.39267121899996,45.550198041000044],[-122.39266731699996,45.55019810500005],[-122.39266731099997,45.550197935000028],[-122.39266535999997,45.550197967000031],[-122.39266340299997,45.550197827000034],[-122.39266145199997,45.550197859000036],[-122.39265949499998,45.550197720000028],[-122.39265754299998,45.550197752000031],[-122.39265167299999,45.550197334000075],[-122.39264972099994,45.550197366000077],[-122.39264776399995,45.550197228000059],[-122.39264581299994,45.550197260000061],[-122.39264385599995,45.550197120000064],[-122.39264384999996,45.550196949000053],[-122.39264189899995,45.550196981000056],[-122.39263798499996,45.55019670300004],[-122.39263603399996,45.550196735000043],[-122.39263211999997,45.550196456000037],[-122.39263211399998,45.550196285000027],[-122.39263016299998,45.550196317000029],[-122.39262233499994,45.550195760000065],[-122.39262038399994,45.550195792000068],[-122.39262037799995,45.550195621000057],[-122.39261646399996,45.550195342000052],[-122.39259482899996,45.550190555000029],[-122.39257704999994,45.550184332000072],[-122.39255726899995,45.550176598000064],[-122.39254135099998,45.550167601000055],[-122.39252538599999,45.55015723300005],[-122.39251134499995,45.550145977000057],[-122.39249726299994,45.550133520000031],[-122.39248706099994,45.550120314000026],[-122.39247878699996,45.550106390000053],[-122.39247245399997,45.550092092000057],[-122.39246885699998,45.550042770000061],[-122.39246557099995,45.54994423200003],[-122.39246587599996,45.549894846000029],[-122.39246553899994,45.549884736000081],[-122.39246714799998,45.549874421000027],[-122.39246876699997,45.54986445000003],[-122.39247234999999,45.549854789000051],[-122.39247984599996,45.549845407000078],[-122.39248540299997,45.549836399000071],[-122.39250426999996,45.549816713000041],[-122.392525122,45.549798023000051],[-122.39254797099994,45.549780672000054],[-122.39257281099998,45.549764488000051],[-122.39257277099995,45.549763289000055],[-122.39257469999995,45.549762572000077],[-122.39257465999998,45.549761372000034],[-122.39257659399999,45.549760826000067],[-122.39257657099995,45.549760140000046],[-122.39257850499996,45.549759594000079],[-122.39257846499999,45.549758395000026],[-122.39258039899994,45.54975784800007],[-122.39258037599996,45.549757162000049],[-122.39258231099996,45.549756617000071],[-122.39258227099998,45.549755417000029],[-122.39258420499999,45.549754871000061],[-122.39258418699995,45.549754356000051],[-122.39258611599996,45.549753639000073],[-122.39258608199998,45.549752611000031],[-122.39258800999994,45.549751893000064],[-122.39258799299995,45.549751379000043],[-122.39258992699996,45.549750833000076],[-122.39258988699999,45.549749633000033],[-122.39259182099994,45.549749087000066],[-122.39259180399995,45.549748573000045],[-122.39259373799996,45.549748026000032],[-122.39259372099997,45.549747513000057],[-122.39259564899999,45.549746795000033],[-122.39259561499995,45.549745767000047],[-122.39259754899996,45.549745220000034],[-122.39259753199997,45.549744707000059],[-122.39259946599998,45.549744160000046],[-122.39259944899999,45.549743646000081],[-122.39260138299994,45.549743100000057],[-122.39260134299997,45.549741901000061],[-122.39260327699998,45.549741354000048],[-122.39260325999999,45.549740840000027],[-122.39260519399994,45.54974029400006],[-122.39260517699995,45.549739780000039],[-122.39260711099996,45.549739233000025],[-122.39260709399997,45.54973872000005],[-122.39260902799998,45.549738173000037],[-122.39260899399994,45.549737145000051],[-122.39261092799995,45.549736599000028],[-122.39261091099996,45.549736084000074],[-122.39261284999998,45.549735709000061],[-122.39261283299999,45.549735196000029],[-122.39261476699994,45.549734649000072],[-122.39261474999995,45.549734135000051],[-122.39261668399996,45.549733589000027],[-122.39261664999998,45.549732561000042],[-122.39261858399999,45.549732015000075],[-122.39261857299999,45.549731672000064],[-122.39262050699995,45.549731125000051],[-122.39262048999996,45.549730612000076],[-122.39262242399997,45.549730065000062],[-122.39262240699998,45.549729551000041],[-122.39262434599999,45.549729176000028],[-122.39262432899994,45.549728662000064],[-122.39262626299995,45.54972811600004],[-122.39262625199996,45.549727773000029],[-122.39262818599997,45.549727227000062],[-122.39262816899998,45.549726713000041],[-122.39263010299999,45.549726166000028],[-122.39263007399995,45.549725310000042],[-122.39263200799996,45.549724763000029],[-122.39263199699997,45.549724421000064],[-122.39263393099998,45.549723875000041],[-122.39263391999998,45.54972353200003],[-122.39263585399999,45.549722985000074],[-122.39263583699994,45.549722472000042],[-122.39263777599996,45.549722097000028],[-122.39263775899997,45.549721582000075],[-122.39263969899997,45.549721207000061],[-122.39264742999995,45.549718852000069],[-122.39265323199999,45.549717213000065],[-122.39266101999999,45.549716570000044],[-122.39266297099999,45.549716538000041],[-122.39267078199998,45.549716581000041],[-122.39268054399997,45.549716592000038],[-122.39283468599996,45.549713882000049],[-122.39308253299998,45.549711002000038],[-122.39329715299999,45.549706953000054],[-122.39350400099994,45.549704061000057],[-122.39382204699996,45.549698651000028],[-122.39419279399999,45.549692886000059],[-122.39452842999998,45.549688041000081],[-122.39487771299997,45.549682628000028],[-122.39530112599999,45.549675477000051],[-122.39560745299997,45.54966991200007],[-122.39576976099994,45.549677866000081],[-122.39582431499997,45.549674566000078],[-122.39584038899994,45.54968819000004],[-122.39585824199997,45.549696640000036],[-122.39587419499998,45.549706665000031],[-122.39589018899994,45.549717889000078],[-122.39590231999995,45.549730378000049],[-122.39591252799994,45.549743754000076],[-122.39592088299997,45.54976007700003],[-122.39592729799995,45.549776775000055],[-122.39593177199998,45.549793847000046],[-122.39593682599997,45.549828228000081],[-122.39593545299999,45.54984556800008],[-122.39594009999996,45.549926251000045],[-122.39594070199996,45.550002714000073],[-122.39594125199994,45.550019165000037],[-122.39593980999996,45.550034449000066],[-122.39593640599998,45.550049423000075],[-122.39592907599996,45.550063775000069],[-122.39591976599996,45.550077302000034],[-122.39590651999998,45.550089866000064],[-122.39589127599999,45.550101091000045],[-122.39587604999997,45.550112831000035],[-122.39585687499999,45.550123263000046],[-122.39583569099995,45.550132014000042],[-122.39581445699997,45.550139223000031],[-122.39579120799999,45.550144578000072],[-122.395767896,45.550148049000029],[-122.39574452099998,45.550149635000025]],[[-122.40043666199995,45.549179188000039],[-122.40042891999997,45.549181202000057],[-122.40038212499996,45.549183004000042],[-122.40035675899998,45.549183423000045],[-122.40026699799995,45.549184736000029],[-122.40012258499996,45.54918643700006],[-122.40010306099998,45.549186417000044],[-122.39972456499999,45.549193871000057],[-122.39933428699999,45.549199291000036],[-122.39898119099996,45.549207353000043],[-122.39854993699998,45.549213447000056],[-122.39814410599996,45.549220834000039],[-122.39773429199994,45.549225885000055],[-122.39735770699997,45.54923210100003],[-122.39699476199996,45.549237575000063],[-122.39654211899995,45.549246244000074],[-122.39631184599995,45.549249185000065],[-122.39629036599996,45.549249025000051],[-122.39627471599999,45.549248083000066],[-122.39625616499995,45.549248338000041],[-122.39621553299997,45.549239561000036],[-122.39620935199997,45.549237163000043],[-122.39618910299998,45.549229637000053],[-122.39616981099999,45.549220311000056],[-122.39615628399997,45.549212775000058],[-122.39613924699995,45.549199958000031],[-122.39612111599996,45.54918477800004],[-122.39610832399995,45.549167128000079],[-122.39610040199995,45.549153208000064],[-122.39609526999999,45.549141624000072],[-122.39608932499999,45.549126005000062],[-122.39608606699994,45.549109626000075],[-122.39608240099994,45.548999902000048],[-122.39608474399995,45.548988910000048],[-122.39608734099994,45.54897529200008],[-122.39609164199999,45.548962004000032],[-122.39609861799994,45.548947601000066],[-122.39610894799995,45.548932190000073],[-122.39612168999997,45.548917928000037],[-122.39613551299999,45.548905555000033],[-122.39614939799998,45.548895086000073],[-122.39616267699995,45.54888677100007],[-122.39618334699998,45.548876427000039],[-122.39620643399996,45.54886747300003],[-122.39623196399998,45.548860622000063],[-122.39625555799995,45.548856662000048],[-122.39628222399995,45.548853364000081],[-122.39648973399994,45.548844796000026],[-122.39694295999999,45.54883660400003],[-122.39728248199998,45.548831344000064],[-122.39758294999996,45.548825871000076],[-122.39792050899996,45.548820298000066],[-122.39827023399999,45.548816126000077],[-122.39866825699994,45.548808867000048],[-122.39897458499996,45.548803465000049],[-122.39931605799995,45.548798167000029],[-122.39947551099999,45.548796218000064],[-122.39972718799999,45.548791203000064],[-122.39990277899994,45.548787786000048],[-122.40006082099995,45.548785003000035],[-122.40016817099996,45.548784258000069],[-122.40040424099999,45.548788303000038],[-122.40042102999996,45.548788978000061],[-122.40044081999997,45.548792938000076],[-122.40046265999996,45.548797340000078],[-122.40048186799999,45.548804166000025],[-122.40050178699994,45.548811934000071],[-122.40051836599997,45.548821186000055],[-122.40053634799995,45.548831843000073],[-122.40055299099998,45.548842999000044],[-122.40057609699994,45.54886500200007],[-122.40058963899997,45.548884783000062],[-122.40059569699997,45.548903734000078],[-122.40060091799995,45.548917937000056],[-122.40060498299999,45.549039322000056],[-122.40060373899996,45.549046703000045],[-122.40060164399995,45.549057026000071],[-122.40059871799997,45.54906679000004],[-122.40059396999999,45.549078871000063],[-122.40058886899999,45.549088481000069],[-122.40058066199998,45.54910252500008],[-122.40057128799998,45.549114111000051],[-122.40056105099995,45.549124186000029],[-122.40054812299996,45.549134878000075],[-122.40053776399998,45.549141337000037],[-122.40052663699998,45.549149141000044],[-122.40051385199996,45.549156020000055],[-122.40050212199998,45.549162025000044],[-122.40048928599998,45.549167381000075],[-122.40047911599999,45.54917135900007],[-122.40044087199999,45.54917912600007],[-122.40043666199995,45.549179188000039]],[[-122.41123908199995,45.54942122600005],[-122.41124689899999,45.549421439000071],[-122.41124886199998,45.549421749000032],[-122.41125276999998,45.549421855000048],[-122.41125668399997,45.549422133000064],[-122.41125864699995,45.549422443000026],[-122.41126256099994,45.549422721000042],[-122.41126647999999,45.549423171000058],[-122.41126844899998,45.54942365200003],[-122.41127628799995,45.549424551000072],[-122.41127825699999,45.549425033000034],[-122.41128610799996,45.549426274000041],[-122.41128808199994,45.54942692700007],[-122.41129201399997,45.549427718000061],[-122.41129593899996,45.549428339000031],[-122.41129791899999,45.54942916400006],[-122.41130184999997,45.549429955000051],[-122.41130383099994,45.54943078000008],[-122.41131170499995,45.549432707000051],[-122.41131170999995,45.549432878000061],[-122.41131369099998,45.549433703000034],[-122.41131762799995,45.549434666000082],[-122.41131961299999,45.549435662000064],[-122.41132355599996,45.549436796000066],[-122.41132554799998,45.549437964000049],[-122.41132949099995,45.54943909800005],[-122.41133148199998,45.549440265000044],[-122.41133542499995,45.549441400000035],[-122.41133941999999,45.549444077000032],[-122.41134336899995,45.549445383000034],[-122.41134536599998,45.549446721000038],[-122.41134931499994,45.549448027000039],[-122.41135131799996,45.549449538000033],[-122.41135331499999,45.549450876000037],[-122.41135726899995,45.549452353000049],[-122.41135927799996,45.549454034000064],[-122.41136328499999,45.549457054000072],[-122.41136724499995,45.549458703000028],[-122.41137528099995,45.549465428000076],[-122.41137729499997,45.549467281000034],[-122.41137930399998,45.549468962000049],[-122.41138326999999,45.549470782000071],[-122.41138931399996,45.549476340000069],[-122.41139133499996,45.549478364000038],[-122.41139139799998,45.549480249000055],[-122.41139341899998,45.549482273000081],[-122.41139543399999,45.549484126000038],[-122.41140149499995,45.549490198000058],[-122.41140352099995,45.549492393000037],[-122.41140358999996,45.549494449000065],[-122.41140561099996,45.549496473000033],[-122.41140763699997,45.549498669000059],[-122.41140965799997,45.549500693000027],[-122.41140973299997,45.549502920000066],[-122.41141175899998,45.549505116000034],[-122.41141800499997,45.549516672000038],[-122.41142231199996,45.549528602000066],[-122.41142467799995,45.54954090800004],[-122.41142509399998,45.549553247000063],[-122.41142355199997,45.549565446000031],[-122.41142005999995,45.549577679000038],[-122.41140723799998,45.549602754000034],[-122.41139636199995,45.549627625000028],[-122.41138353999997,45.54965270100007],[-122.41137071299994,45.549677605000056],[-122.41135790199996,45.549703023000063],[-122.41134312399998,45.549727959000052],[-122.41132832699998,45.549752382000065],[-122.41130960599997,45.549776183000063],[-122.41128890999994,45.549799333000067],[-122.41126818499998,45.54982162500005],[-122.41126820199997,45.549822138000081],[-122.41126627399996,45.549822856000048],[-122.41126631499998,45.549824056000034],[-122.41126438099997,45.549824602000058],[-122.41126442099994,45.549825802000043],[-122.41126248699999,45.549826348000067],[-122.41126252699996,45.549827548000053],[-122.41126059399994,45.549828094000077],[-122.41126063399997,45.549829295000052],[-122.41125869999996,45.549829841000076],[-122.41125873999999,45.549831041000061],[-122.41125680699997,45.549831587000028],[-122.41125684699995,45.549832787000071],[-122.41125491299999,45.549833333000038],[-122.41125494799996,45.54983436100008],[-122.41125301899996,45.549835079000047],[-122.41125303699999,45.549835594000058],[-122.41125110299998,45.549836140000025],[-122.41125113699997,45.549837168000067],[-122.41124920899995,45.549837886000034],[-122.41124924399998,45.549838914000077],[-122.41124730999996,45.549839461000033],[-122.41124734499999,45.549840489000076],[-122.41124541099998,45.549841035000043],[-122.41124542799997,45.549841550000053],[-122.41124349999996,45.549842268000077],[-122.41124353499998,45.549843296000063],[-122.41124160099997,45.54984384200003],[-122.41124163499995,45.549844870000072],[-122.41123970099994,45.549845417000029],[-122.41123971899998,45.54984593100005],[-122.41123778499997,45.549846478000063],[-122.41123781899995,45.549847506000049],[-122.41123588499994,45.549848052000073],[-122.41123590299998,45.549848567000026],[-122.41123396899997,45.54984911300005],[-122.41123400299995,45.549850141000036],[-122.41123206999998,45.549850688000049],[-122.41123209799997,45.549851544000035],[-122.41123016399996,45.549852091000048],[-122.41123018199994,45.549852605000069],[-122.41122824799999,45.549853152000026],[-122.41122826499998,45.549853666000047],[-122.41122633099997,45.54985421300006],[-122.41122635999994,45.549855069000046],[-122.41122442599999,45.549855616000059],[-122.41122444299998,45.54985613000008],[-122.41122250999996,45.549856677000037],[-122.41122253799995,45.549857533000079],[-122.41122060399999,45.549858080000035],[-122.41122062199997,45.549858594000057],[-122.41121868199997,45.54985896900007],[-122.41121871699994,45.549859997000056],[-122.41121678299999,45.549860544000069],[-122.41121679399998,45.549860887000079],[-122.41121485999997,45.549861433000046],[-122.41121487799995,45.549861947000068],[-122.41121293799995,45.54986232300007],[-122.41121296699998,45.549863179000056],[-122.41121103299997,45.549863726000069],[-122.41121104999996,45.549864240000034],[-122.41120911099995,45.549864615000047],[-122.41120912799994,45.549865129000068],[-122.41120718799999,45.549865505000071],[-122.41120721699997,45.549866361000056],[-122.41120528299996,45.54986690800007],[-122.41120529499995,45.54986725100008],[-122.41120336099999,45.549867797000047],[-122.41120337199999,45.549868139000068],[-122.41120143799998,45.549868686000025],[-122.41120146699996,45.549869543000057],[-122.41119952799994,45.54986991800007],[-122.41119954499999,45.549870433000081],[-122.41119760499998,45.549870808000037],[-122.41119761699997,45.549871151000048],[-122.41119568299996,45.549871697000071],[-122.41119569399996,45.549872039000036],[-122.41119375999995,45.549872586000049],[-122.41119377199999,45.54987292900006],[-122.41119183199999,45.549873304000073],[-122.41119186099996,45.549874161000048],[-122.41118992099996,45.549874536000061],[-122.41118993299995,45.549874879000072],[-122.41118799899999,45.549875426000028],[-122.41118801099998,45.549875768000049],[-122.41118607099997,45.549876143000063],[-122.41118608199997,45.549876486000073],[-122.41118414799996,45.54987703200004],[-122.41118415999995,45.549877375000051],[-122.41118221999994,45.549877750000064],[-122.41118224299998,45.549878436000029],[-122.41118030999996,45.549878983000042],[-122.41118032099996,45.549879325000063],[-122.41117838099996,45.549879701000066],[-122.41117839299994,45.54988004300003],[-122.41117645299994,45.549880418000043],[-122.41117646499998,45.549880761000054],[-122.41117452499998,45.549881136000067],[-122.41117453699997,45.549881479000078],[-122.41117259699996,45.549881854000034],[-122.41117260799996,45.549882197000045],[-122.41117066899994,45.549882572000058],[-122.41117067999994,45.549882915000069],[-122.41114168299998,45.549891455000079],[-122.41111261599997,45.549897940000051],[-122.41108154099999,45.549902743000075],[-122.41105040199994,45.549905661000025],[-122.41101919899995,45.549906694000072],[-122.41098793399999,45.549905842000044],[-122.41082796099994,45.549909358000036],[-122.41056062399997,45.549913287000038],[-122.41027380399998,45.549918396000066],[-122.41000057299999,45.549921221000034],[-122.40969230599995,45.549927199000081],[-122.40939961499998,45.549931890000039],[-122.40910878799997,45.549933976000034],[-122.40879269899995,45.549939567000081],[-122.40851954899995,45.549944788000062],[-122.40826397599994,45.549950230000036],[-122.40806886999997,45.54995398300008],[-122.40787568599995,45.549956846000043],[-122.40777422099995,45.549958530000026],[-122.40767077099997,45.549959218000026],[-122.40756923099997,45.549958673000049],[-122.40746569999999,45.549956962000067],[-122.40744409299998,45.549953034000055],[-122.40742437899996,45.549947360000033],[-122.40740461299998,45.549940143000072],[-122.40738674699998,45.549931353000034],[-122.40737079099995,45.549921329000028],[-122.40735478999994,45.549909935000073],[-122.40734265599997,45.549897448000081],[-122.40733049399995,45.549884104000057],[-122.40732220499996,45.549869839000053],[-122.40731585599997,45.549855198000046],[-122.40731144099999,45.549840012000061],[-122.40731091699996,45.549824417000025],[-122.40730621299997,45.549742535000064],[-122.40729949999997,45.549658972000032],[-122.40729733399996,45.549594538000065],[-122.40730269299996,45.549579703000063],[-122.40731001999995,45.54956535000008],[-122.40731932099999,45.549551650000069],[-122.40733060199994,45.54953877500003],[-122.40734581999999,45.54952686300004],[-122.40736107899994,45.549516151000034],[-122.40736682899995,45.549512969000034],[-122.40737833399999,45.549506776000044],[-122.40739563099999,45.549498602000028],[-122.40741493499996,45.549492109000028],[-122.40743623799995,45.549486955000077],[-122.40745760299995,45.549483686000031],[-122.40747902099997,45.549481959000047],[-122.40759409099996,45.549478506000071],[-122.40770919599998,45.549476082000069],[-122.40782433499999,45.549474685000064],[-122.40793951499995,45.549474488000044],[-122.40817749499996,45.549468481000076],[-122.40844481299996,45.549464044000047],[-122.40874335599995,45.549459260000049],[-122.40900283899998,45.549454093000065],[-122.40923113799994,45.549450474000025],[-122.40951016799994,45.549446011000043],[-122.40977943699994,45.549441538000053],[-122.41004280599998,45.549435791000064],[-122.41035702699998,45.549432800000034],[-122.41068874599995,45.549427630000025],[-122.41095801499995,45.549423155000056],[-122.41123908199995,45.54942122600005]],[[-122.39988903499994,45.550082934000045],[-122.39985779799997,45.550082936000081],[-122.39951828699998,45.55008871800004],[-122.39870461499999,45.550102158000072],[-122.39831238499994,45.55010777800004],[-122.39790453999996,45.550113483000075],[-122.39751625799994,45.550120407000065],[-122.39714162899998,45.550126932000069],[-122.39683333099998,45.550132019000046],[-122.39652307599999,45.550136966000025],[-122.39637475799998,45.550138726000057],[-122.39633961899995,45.550138792000041],[-122.39632986199996,45.550138953000044],[-122.39632595399996,45.550138845000049],[-122.39632400299996,45.550138878000041],[-122.39632009499996,45.550138771000036],[-122.39631618099997,45.550138493000077],[-122.39631227199999,45.550138385000025],[-122.39631030999999,45.550138075000064],[-122.39630248199995,45.550137518000042],[-122.39630051899996,45.550137207000034],[-122.39628875999995,45.550135859000079],[-122.39628678599996,45.550135205000061],[-122.39628286599998,45.550134755000045],[-122.39627894099999,45.550134134000075],[-122.39627696699995,45.550133481000046],[-122.39627304099997,45.550132860000076],[-122.39627106099999,45.550132035000047],[-122.39626319899997,45.55013045000004],[-122.39626121899994,45.550129625000068],[-122.39625728799996,45.550128833000031],[-122.39625530199999,45.550127837000048],[-122.39624742899997,45.550125910000077],[-122.39624544299994,45.550124914000037],[-122.39624150599997,45.550123950000057],[-122.39623951499999,45.550122782000074],[-122.39623557199997,45.550121647000026],[-122.39623358099999,45.550120479000043],[-122.39622963799997,45.550119345000041],[-122.39622764099994,45.550118006000048],[-122.39622369299997,45.550116699000057],[-122.39622170199999,45.550115531000074],[-122.39621969899997,45.550114022000059],[-122.39621575099994,45.550112715000068],[-122.39621375399997,45.550111376000075],[-122.39621175099995,45.550109866000071],[-122.39620779699999,45.550108388000069],[-122.39620379099995,45.550105368000061],[-122.39619983699998,45.550103890000059],[-122.39618582299994,45.550093490000052],[-122.39617373199997,45.550082202000056],[-122.39616357499995,45.550070367000046],[-122.39615338899995,45.550057675000062],[-122.39614514399995,45.550044609000054],[-122.39613883199996,45.550030996000032],[-122.39613387499998,45.549941059000048],[-122.396133513,45.549871794000069],[-122.39613198399996,45.549826039000038],[-122.39612952299996,45.549810819000072],[-122.39612900799995,45.549795395000046],[-122.39613240099999,45.549780080000062],[-122.39613580499997,45.549765106000052],[-122.39614312399999,45.549750411000048],[-122.39615242199994,45.549736541000073],[-122.39616175399999,45.549723699000026],[-122.39617307299994,45.54971185200003],[-122.39618637599995,45.549701002000063],[-122.39620167099997,45.549691319000033],[-122.39621893999998,45.549682290000078],[-122.39623821199996,45.54967477100007],[-122.39625947499997,45.549668418000067],[-122.39626721699995,45.549666405000039],[-122.39627884499998,45.549663813000052],[-122.39629438599997,45.549661499000081],[-122.39630021099998,45.549660545000052],[-122.39632357999994,45.549658788000045],[-122.39667285099995,45.549653026000044],[-122.39718604299998,45.549645074000068],[-122.39748261999995,45.54963983600004],[-122.39795290199999,45.54963310200003],[-122.39837047099996,45.549626379000074],[-122.39883485399997,45.549618367000051],[-122.39929535599998,45.549611103000075],[-122.39977534799999,45.549602830000026],[-122.40015588399996,45.549597912000081],[-122.40034510799995,45.549593413000025],[-122.40039000899998,45.549593357000049],[-122.40041145499998,45.54959248800003],[-122.40043295899994,45.549593333000075],[-122.40044472399995,45.549594853000031],[-122.40045256299999,45.549595752000073],[-122.40047416399995,45.549599510000064],[-122.40049386599998,45.549604843000054],[-122.40051361899998,45.549611718000051],[-122.40053146199995,45.549619824000047],[-122.40054739899995,45.549629335000077],[-122.40056141899998,45.549639905000049],[-122.40057547299995,45.549651504000053],[-122.40058760499994,45.549663991000045],[-122.40059586399997,45.549677400000064],[-122.40060280799997,45.549709863000032],[-122.40060780599998,45.549742531000049],[-122.40061085399998,45.549775229000034],[-122.40061194999998,45.549807961000056],[-122.40061520999996,45.549847001000046],[-122.40061456099994,45.549885933000041],[-122.40061586999997,45.549925005000034],[-122.40061326999995,45.549963971000068],[-122.40060598699995,45.549979694000058],[-122.40059673599995,45.549994936000076],[-122.40058549899999,45.550009181000064],[-122.40057032499999,45.550022463000062],[-122.40055511099996,45.550034546000063],[-122.40053594299997,45.550045151000063],[-122.40051672899995,45.550054385000067],[-122.40049550599997,45.550061937000066],[-122.40047422599997,45.550067776000049],[-122.40045093199996,45.550071761000027],[-122.40042757399999,45.550073862000033],[-122.40040415899995,45.550074249000033],[-122.40027535999997,45.550075864000064],[-122.40014657699999,45.55007799200007],[-122.40001780099999,45.550080292000075],[-122.39988903499994,45.550082934000045]]]},"properties":{"OBJECTID1":2,"OBJECTID":2,"FID":2,"NAME":"Troutdale Airport","FAA_LID":"TTD","USE":"Public","AREA":1592942.3363514261,"SHAPE_Length":0.13844089546281602,"SHAPE_Area":1.7054077836556105e-05}},{"type":"Feature","id":3,"geometry":{"type":"MultiPolygon","coordinates":[[[[-122.55231731399999,45.316999271000043],[-122.55231558699995,45.317121159000067],[-122.55431069099996,45.317152641000064],[-122.55427414599995,45.316955889000042],[-122.55234051599996,45.315362839000045],[-122.55231731399999,45.316999271000043]]],[[[-122.55864094499998,45.321583370000042],[-122.55863847599994,45.321983092000039],[-122.55991952099998,45.321987075000038],[-122.56013728999994,45.321900037000034],[-122.56011956899999,45.321817238000051],[-122.55984676099996,45.321603957000036],[-122.55864094499998,45.321583370000042]]]]},"properties":{"OBJECTID1":3,"OBJECTID":22,"FID":22,"NAME":"Fairways Airport","FAA_LID":"OG20","USE":"Private","AREA":1157449.2518897122,"SHAPE_Length":0.010011556991236405,"SHAPE_Area":2.4560809791014993e-06}},{"type":"Feature","id":4,"geometry":{"type":"Polygon","coordinates":[[[-122.61954188499999,45.596426353000027],[-122.61957241799996,45.596433741000055],[-122.61960328099997,45.596440421000068],[-122.61963443999997,45.596446386000025],[-122.61966586099999,45.596451631000036],[-122.61969750999998,45.596456148000073],[-122.61972935199998,45.596459934000052],[-122.61976135599997,45.596462984000027],[-122.61979393399997,45.596465322000029],[-122.61982660399997,45.596466897000028],[-122.61985932999994,45.596467708000034],[-122.61989207599999,45.596467755000049],[-122.61992480799995,45.596467036000035],[-122.61995748699997,45.596465552000041],[-122.61999007699995,45.596463306000032],[-122.62002254299995,45.596460300000047],[-122.62005484899998,45.596456538000041],[-122.62008695799994,45.596452021000061],[-122.62011883499997,45.59644675800007],[-122.62015044499998,45.596440753000081],[-122.62018295099995,45.596433668000032],[-122.62021508999999,45.596425799000031],[-122.62024682199996,45.59641715500004],[-122.62027810899997,45.596407745000079],[-122.62030891399996,45.596397581000076],[-122.62033919999999,45.596386677000055],[-122.62036893199996,45.596375045000059],[-122.62039807199994,45.596362697000075],[-122.62042658699994,45.596349650000036],[-122.62045444399996,45.596335918000079],[-122.62048160699999,45.596321519000071],[-122.62050685199995,45.596307171000035],[-122.62053140999996,45.596292247000065],[-122.62055525399995,45.59627676100007],[-122.62057835499996,45.596260732000076],[-122.62060069299997,45.596244177000074],[-122.62062223999999,45.596227113000054],[-122.62064297299997,45.596209560000034],[-122.62066286999999,45.59619153500006],[-122.62068190999997,45.596173060000069],[-122.62070006999994,45.596154154000033],[-122.62071733299996,45.596134838000069],[-122.62073367799997,45.596115133000069],[-122.62095671099996,45.595835267000041],[-122.62096642899996,45.595815208000033],[-122.62099327899995,45.59578196800004],[-122.62102193599998,45.595746817000077],[-122.62104776199999,45.595715060000032],[-122.62107659599997,45.595679874000041],[-122.62112885499999,45.595615028000054],[-122.62115403899998,45.595584274000032],[-122.62117584999999,45.59555722500005],[-122.62119812799995,45.595530149000069],[-122.62122372799996,45.595498304000046],[-122.62124647299999,45.59547026000007],[-122.62126626399998,45.595445770000026],[-122.62133252699999,45.595362437000063],[-122.62135298499999,45.595336535000058],[-122.62163443699995,45.594976467000038],[-122.62201691199999,45.594481931000075],[-122.62260898199997,45.593732250000073],[-122.62262153999995,45.59371604100005],[-122.62263327799997,45.593699532000073],[-122.62264418299998,45.593682743000045],[-122.62265424099996,45.593665696000073],[-122.62266343799996,45.593648410000071],[-122.62267176499995,45.593630910000059],[-122.62267921099999,45.593613214000072],[-122.62268576599996,45.59359534400005],[-122.62269142199995,45.593577325000069],[-122.62269617299995,45.593559177000031],[-122.62270001299999,45.593540923000035],[-122.62270293599994,45.593522586000063],[-122.62270493899996,45.593504187000065],[-122.62270601999995,45.593485752000049],[-122.622706188,45.593468005000034],[-122.62270550199997,45.593450266000048],[-122.62270396199995,45.593432553000071],[-122.62270157099999,45.593414887000051],[-122.62269832999999,45.593397288000062],[-122.62269424299996,45.593379775000074],[-122.62268931599999,45.593362370000079],[-122.62268355399999,45.593345090000071],[-122.62267696199996,45.593327959000078],[-122.62266954999996,45.593310993000046],[-122.62266128699997,45.593293741000025],[-122.62265219299996,45.593276696000032],[-122.62264227699995,45.593259879000072],[-122.62263154999999,45.593243308000069],[-122.62262002599999,45.593227004000028],[-122.62260771699999,45.593210984000052],[-122.62259463899994,45.593195269000034],[-122.62258080499998,45.593179874000043],[-122.62256656799997,45.593165155000065],[-122.62255163999998,45.593150776000073],[-122.62253603899995,45.593136755000046],[-122.62251978099999,45.593123105000075],[-122.62250288499996,45.593109843000036],[-122.62248536899995,45.593096984000056],[-122.62246725299997,45.593084541000053],[-122.62244855699998,45.59307252900004],[-122.62242930199994,45.593060961000049],[-122.62240950799998,45.593049848000078],[-122.62238919899994,45.593039206000071],[-122.62236839599996,45.593029043000058],[-122.62234712299994,45.593019373000061],[-122.62232540099996,45.593010205000041],[-122.62229765799998,45.59299911200003],[-122.62229119399996,45.592996800000037],[-122.62147886499997,45.59268086700007],[-122.62074748499998,45.592396187000077],[-122.62027272699999,45.592211169000052],[-122.61949811199997,45.591909582000028],[-122.61873285299998,45.591611715000056],[-122.61814362099994,45.591382305000081],[-122.61758526299997,45.591165072000081],[-122.61693692299997,45.590912938000031],[-122.61629624699998,45.590663620000043],[-122.61587193799994,45.590498272000048],[-122.61518767199999,45.590231669000048],[-122.61470419999995,45.59004354700005],[-122.61458345899996,45.589997347000065],[-122.61452327499995,45.589973961000055],[-122.61447942099994,45.589957426000069],[-122.614427122,45.589938486000051],[-122.61438597399996,45.58992416600006],[-122.61434626199997,45.589910818000078],[-122.61430218599997,45.589896540000041],[-122.61425106299998,45.589880668000035],[-122.61419664599998,45.589864570000032],[-122.61413820399997,45.589848176000032],[-122.61406768899997,45.589829597000062],[-122.61399658899995,45.58981216400008],[-122.61391819499994,45.589794419000043],[-122.61384089499995,45.589778402000036],[-122.61378275599998,45.589767306000056],[-122.61371239599998,45.589754947000074],[-122.61362710899999,45.589741513000035],[-122.61356349699997,45.589732578000053],[-122.61351464899997,45.589726341000073],[-122.61348301499999,45.589720524000029],[-122.61344884199997,45.589709326000047],[-122.61341918099998,45.589694228000042],[-122.61339100499998,45.589672680000035],[-122.61337038599999,45.589648057000034],[-122.61335700799998,45.589619431000074],[-122.61335308999998,45.589598203000037],[-122.61335378999996,45.589577740000038],[-122.61335841799996,45.589558711000052],[-122.61338915699997,45.589470369000026],[-122.61342526899995,45.589364706000026],[-122.61336195199999,45.589353233000054],[-122.61325816299995,45.58933598200008],[-122.61323632399996,45.589332229000036],[-122.61323386999999,45.589338865000059],[-122.61315709999997,45.589552979000075],[-122.61313763699997,45.589607867000041],[-122.61313570099998,45.589611509000065],[-122.61313359099995,45.589615101000049],[-122.61313130999997,45.589618642000062],[-122.61312886099995,45.589622127000041],[-122.61312624499999,45.58962555200003],[-122.61312346599999,45.58962891300007],[-122.61312052699998,45.589632206000033],[-122.61311743399995,45.589635429000055],[-122.61311418499997,45.589638575000038],[-122.61311078799997,45.589641644000039],[-122.61310724599997,45.589644630000066],[-122.61310356199999,45.589647530000036],[-122.61309974099998,45.589650342000027],[-122.61309578699996,45.589653062000025],[-122.61309170499999,45.589655687000061],[-122.61308749999995,45.589658214000053],[-122.61308323499998,45.589660606000052],[-122.61307885999997,45.589662898000029],[-122.61307437899995,45.589665087000071],[-122.61306979599999,45.589667169000052],[-122.61306511899994,45.589669143000037],[-122.61306034899997,45.589671008000039],[-122.61305549499997,45.589672760000042],[-122.61305055999998,45.589674397000067],[-122.61304554999998,45.589675919000058],[-122.61304046999999,45.589677323000046],[-122.61303532699998,45.589678607000053],[-122.61303012699994,45.589679771000078],[-122.61301808399998,45.589682128000049],[-122.61300594299996,45.589684218000059],[-122.61299371299998,45.589686040000061],[-122.61298140999997,45.589687592000075],[-122.61297047099998,45.589688738000063],[-122.61295948899999,45.589689671000031],[-122.61294847599999,45.589690389000054],[-122.61291577899999,45.589691703000028],[-122.61241602399997,45.589695825000035],[-122.61218919099997,45.589693561000047],[-122.61183744299996,45.589683788000059],[-122.61169179599995,45.589676397000062],[-122.61154661799998,45.589665353000044],[-122.61144222699994,45.589655121000078],[-122.61133824699999,45.589643000000081],[-122.61123474699997,45.58962899900007],[-122.61109883399996,45.589607562000026],[-122.61096402899994,45.589582921000044],[-122.61083048399996,45.58955510100003],[-122.61069531899994,45.589523383000028],[-122.61056179099995,45.589488410000058],[-122.61043006199998,45.589450224000075],[-122.61031357099995,45.589413409000031],[-122.61019861999995,45.589374281000062],[-122.60998797899998,45.589299962000041],[-122.60969808699997,45.589191223000057],[-122.60943704499999,45.589083387000073],[-122.60897181299998,45.588884599000039],[-122.60890793599998,45.588860311000076],[-122.60888496099994,45.588851533000081],[-122.60883732799999,45.588833403000081],[-122.60882090799998,45.58882694600004],[-122.60880476599999,45.588820154000075],[-122.60878891599998,45.588813031000029],[-122.60878429699994,45.588810777000049],[-122.60877978699995,45.588808419000031],[-122.60877538799997,45.588805959000069],[-122.60877110599995,45.588803399000028],[-122.60876694499996,45.588800744000025],[-122.60876290999994,45.58879799400006],[-122.60873723599997,45.58877939100006],[-122.60871233999995,45.588760275000027],[-122.60870718699999,45.588756060000037],[-122.60870223999996,45.588751727000044],[-122.60869750399996,45.588747278000028],[-122.60869298499995,45.588742719000038],[-122.60868644399994,45.588735647000078],[-122.60868021299996,45.588728438000032],[-122.60867429699999,45.588721099000054],[-122.60866870199999,45.588713637000069],[-122.60866340499996,45.588706022000054],[-122.60865843899995,45.588698298000054],[-122.60865380899997,45.588690471000064],[-122.60864951699995,45.588682550000044],[-122.60864535499996,45.588674075000029],[-122.60864158199996,45.588665509000066],[-122.60863820599997,45.58865686300004],[-122.60863522899996,45.588648145000036],[-122.60863269499998,45.588639489000059],[-122.60863056399995,45.588630778000038],[-122.60862884299996,45.588622022000038],[-122.60862752899999,45.588613232000057],[-122.60862670599994,45.588605219000044],[-122.60862625199997,45.588597191000076],[-122.60862616699995,45.588589158000048],[-122.60862645199995,45.588581126000065],[-122.60862718399994,45.588571755000032],[-122.60862828499995,45.588562402000036],[-122.60862975299995,45.58855307500005],[-122.60863158799998,45.588543779000076],[-122.60863298599998,45.588538035000056],[-122.60863467299998,45.588532329000031],[-122.60863664599998,45.588526670000078],[-122.60863890199994,45.58852106300003],[-122.60864982499999,45.58849708200006],[-122.60866185899999,45.588473366000073],[-122.60866359599999,45.588470261000055],[-122.60866547199998,45.588467195000078],[-122.60866748199999,45.588464173000034],[-122.60866962699998,45.588461196000026],[-122.60867190399995,45.588458268000068],[-122.60867431099996,45.588455392000071],[-122.60867684399994,45.588452569000026],[-122.60867950099998,45.588449804000049],[-122.60868673199997,45.588442766000071],[-122.60869426699998,45.58843588700006],[-122.60870209999996,45.588429174000055],[-122.60871022199996,45.58842263400004],[-122.60871862899995,45.588416271000028],[-122.60871316999999,45.588413855000056],[-122.60873886899998,45.588395853000065],[-122.61090956499999,45.586871076000079],[-122.61096891699998,45.586839679000036],[-122.61098916299994,45.586829482000041],[-122.61100965899999,45.586819536000064],[-122.61103039999995,45.586809842000036],[-122.61105137599998,45.58680040400003],[-122.61106847599996,45.586793089000025],[-122.61107931699996,45.586788685000045],[-122.61109026499997,45.586784415000068],[-122.61110131599997,45.586780280000028],[-122.61111247099996,45.586776280000038],[-122.61112372099996,45.586772418000066],[-122.61113506599997,45.586768695000046],[-122.61114650299999,45.586765111000034],[-122.61115802599994,45.586761668000065],[-122.61116963299997,45.586758366000026],[-122.61118132099995,45.586755208000056],[-122.61119308699995,45.586752192000063],[-122.61120492399999,45.58674932200006],[-122.61122766899996,45.586744171000078],[-122.61124459799998,45.586740605000045],[-122.61126161299995,45.58673724700003],[-122.61127870699994,45.586734098000079],[-122.61129587899995,45.586731159000067],[-122.61131312099997,45.58672843100004],[-122.61133042699998,45.586725914000056],[-122.61134779399998,45.586723610000035],[-122.61136521499998,45.586721518000047],[-122.61138268599996,45.586719642000048],[-122.61140019999999,45.58671797900007],[-122.61141553299996,45.586716724000041],[-122.61142942399999,45.586715769000079],[-122.61144333599998,45.586714984000025],[-122.61145726499996,45.586714370000038],[-122.61147120799995,45.586713926000073],[-122.61148515799999,45.586713653000061],[-122.61149911499996,45.586713552000049],[-122.61151306999994,45.586713621000058],[-122.61152702299995,45.586713862000067],[-122.61154096699994,45.586714273000041],[-122.61155489899994,45.586714855000025],[-122.61156881499994,45.586715608000077],[-122.61158270999999,45.586716531000036],[-122.61159657899998,45.586717625000063],[-122.61161379999999,45.58671920200004],[-122.61163007599998,45.586720902000081],[-122.61164630699994,45.586722801000064],[-122.61166248799998,45.586724899000046],[-122.61167861599995,45.586727195000037],[-122.61169468299994,45.586729688000048],[-122.61171068599998,45.586732377000033],[-122.61172662099995,45.586735263000037],[-122.61174248099996,45.586738342000046],[-122.61175826099998,45.58674161600004],[-122.61177395799996,45.586745083000039],[-122.61178956599997,45.586748742000054],[-122.61181440199999,45.586755006000033],[-122.61182975699995,45.586759159000053],[-122.61184500699994,45.586763500000075],[-122.61186014799995,45.586768026000072],[-122.61187517199994,45.586772738000036],[-122.61189007799999,45.586777632000064],[-122.61190485899999,45.586782709000033],[-122.61191951299998,45.586787965000042],[-122.61193403399994,45.586793401000079],[-122.61194841799994,45.586799015000054],[-122.61196265899997,45.586804802000074],[-122.61282889199998,45.587131981000027],[-122.61296234299999,45.587186092000081],[-122.61303178499998,45.587234830000057],[-122.61309075199995,45.587288046000026],[-122.61314672499998,45.587355369000079],[-122.61316591199994,45.587389511000026],[-122.61317153499999,45.587435172000028],[-122.61315963299995,45.587474210000039],[-122.61310809899999,45.587570419000031],[-122.613661665,45.587179199000047],[-122.61353076299997,45.587193512000056],[-122.613407559,45.587186845000076],[-122.61332226499997,45.587173527000061],[-122.61324477899996,45.587142204000031],[-122.61311578599998,45.587093966000054],[-122.61294386899999,45.58703163000007],[-122.61241474399998,45.586827007000068],[-122.61205900899995,45.586680322000063],[-122.61205224599996,45.586676470000043],[-122.61204053699998,45.586669560000075],[-122.61202900199999,45.586662508000074],[-122.61201764199996,45.58665531500003],[-122.61200646499998,45.586647984000081],[-122.61199546999995,45.586640518000081],[-122.61198466299999,45.586632918000078],[-122.61197404699999,45.586625186000049],[-122.61196362499999,45.586617325000077],[-122.61195339799997,45.586609339000063],[-122.61194337299997,45.586601227000074],[-122.61193355099999,45.586592994000057],[-122.61192229399995,45.586583160000032],[-122.61191404599998,45.586575647000075],[-122.61190598599995,45.586568033000049],[-122.61189811799994,45.586560322000025],[-122.61189044199995,45.58655251700003],[-122.61188296099999,45.586544617000072],[-122.61187567699994,45.586536628000033],[-122.61186859299994,45.586528551000072],[-122.61186171099996,45.586520387000064],[-122.61185503299998,45.586512141000071],[-122.61184856099999,45.586503814000025],[-122.61184229699995,45.586495410000055],[-122.61183624299997,45.586486929000046],[-122.61183198699996,45.586480639000058],[-122.61182914899996,45.586476203000075],[-122.61182642299997,45.586471734000042],[-122.61182380599996,45.586467232000075],[-122.61182130299994,45.586462699000037],[-122.61181891299998,45.586458135000044],[-122.61181663699995,45.586453543000061],[-122.61181447499996,45.586448923000034],[-122.61181242799995,45.586444279000034],[-122.61181049699996,45.586439609000081],[-122.61180868199995,45.58643491600003],[-122.61180698499999,45.586430203000077],[-122.61180540399999,45.586425468000073],[-122.61180394199999,45.586420715000031],[-122.61180259799994,45.586415946000045],[-122.61180137199995,45.586411160000068],[-122.61180026699998,45.586406360000069],[-122.61179927999996,45.586401547000037],[-122.61179841299997,45.586396723000064],[-122.61179766699996,45.586391890000073],[-122.61179703999994,45.586387047000073],[-122.61179653399995,45.586382198000081],[-122.61179614799994,45.586377343000038],[-122.61179588299996,45.586372485000027],[-122.61179571599996,45.586363406000032],[-122.61179579999998,45.586358628000028],[-122.61179600299999,45.586353853000048],[-122.61179632499994,45.586349081000037],[-122.61179676599994,45.586344313000041],[-122.61179732399995,45.586339552000027],[-122.61179800099995,45.586334798000053],[-122.61179879599996,45.58633005400003],[-122.61179970799998,45.586325319000025],[-122.61180073899999,45.586320596000064],[-122.61180188599997,45.586315888000058],[-122.61180315099995,45.586311193000029],[-122.61180453199995,45.586306515000047],[-122.61180602899998,45.586301854000055],[-122.61180763999999,45.58629721300008],[-122.61180936799997,45.586292592000063],[-122.61181121099997,45.586287994000031],[-122.61181316699998,45.58628341800005],[-122.61181523699997,45.586278866000043],[-122.61181741999997,45.586274341000035],[-122.61181971399998,45.586269844000071],[-122.61182211999994,45.586265375000039],[-122.61182463699998,45.586260936000031],[-122.61182726399994,45.586256529000025],[-122.61183012599997,45.586251957000059],[-122.61183297599996,45.586247618000073],[-122.61183593199996,45.586243315000047],[-122.61183899599996,45.586239049000028],[-122.611842164,45.586234822000051],[-122.61184543799999,45.586230633000071],[-122.61184881499997,45.586226485000054],[-122.61185229399996,45.586222380000038],[-122.61185587399996,45.586218317000032],[-122.61185955599996,45.586214299000062],[-122.61186333699999,45.58621032800005],[-122.61186721599995,45.586206402000073],[-122.61187119199997,45.586202525000033],[-122.61187526299994,45.586198697000043],[-122.61188784699999,45.586184438000032],[-122.61394616399997,45.584739759000058],[-122.61700452399998,45.582593325000062],[-122.61700525999998,45.582594021000034],[-122.61703289799999,45.582574643000044],[-122.61661800999997,45.582283091000079],[-122.61547356299997,45.581478273000073],[-122.61534707799996,45.58138854200007],[-122.61529983199995,45.581352237000033],[-122.61528730899994,45.581367319000037],[-122.61519392599996,45.581431795000071],[-122.61505145799998,45.581532133000053],[-122.61508344299995,45.581556696000064],[-122.61511270699998,45.581582577000063],[-122.61512905799998,45.581600155000046],[-122.61514594799996,45.581622415000027],[-122.61516118099996,45.58164879800006],[-122.61517593999997,45.581685041000071],[-122.61518366899998,45.581716035000056],[-122.61518720399999,45.581744310000033],[-122.61518679199997,45.581772264000051],[-122.61518525599996,45.581786204000025],[-122.61517990699997,45.581812872000057],[-122.61517161399996,45.581838112000071],[-122.61515959099995,45.581864091000057],[-122.61514339899998,45.58189047500008],[-122.61512372999999,45.581915846000072],[-122.61510037699998,45.581939801000033],[-122.61507220199996,45.581963187000042],[-122.61472505099999,45.582193557000039],[-122.61457335199998,45.582285482000032],[-122.61443279099996,45.58236803300008],[-122.61430692399995,45.582432333000042],[-122.61418430599997,45.582485120000058],[-122.61408101599994,45.582522625000081],[-122.61399935699995,45.582548043000031],[-122.61396328399996,45.582559064000066],[-122.61395191699995,45.58256250900007],[-122.61392871399994,45.582568580000043],[-122.61391690699998,45.58257119700005],[-122.61389294699995,45.582575581000071],[-122.61386861799997,45.58257881600008],[-122.61384403499994,45.582580884000038],[-122.61380692499995,45.58258178400007],[-122.61377032199999,45.582579761000034],[-122.61374647499997,45.58257629600007],[-122.61371570099999,45.58256904700005],[-122.61367971199996,45.58255686900003],[-122.61366066799997,45.582547485000077],[-122.61363748399998,45.582533488000081],[-122.61351689699995,45.582619889000057],[-122.61311771299995,45.582886388000077],[-122.61315235699999,45.582912751000038],[-122.61316904599994,45.582930757000042],[-122.61318476099996,45.582958701000052],[-122.61318856799994,45.582971321000059],[-122.61319113699994,45.582985710000059],[-122.61319231499999,45.583000190000064],[-122.61319209699997,45.583014692000063],[-122.61318915499999,45.58303634300006],[-122.61318310599995,45.583057672000052],[-122.61317299899997,45.58308403500007],[-122.61316171699997,45.583110161000036],[-122.61314152399996,45.583150609000029],[-122.61312095099998,45.583186870000077],[-122.61306577399995,45.583266669000068],[-122.61299801299998,45.583345552000026],[-122.61288783999998,45.583449041000051],[-122.61276097399997,45.583557548000044],[-122.61262778199995,45.58366512200007],[-122.61049283599999,45.585177559000044],[-122.61041250099998,45.585233619000064],[-122.61030122599999,45.585308137000027],[-122.61021768499995,45.585361821000049],[-122.61010383999997,45.585432037000032],[-122.61000137999997,45.585491610000076],[-122.60994905499996,45.585520445000043],[-122.60987766699998,45.585559639000053],[-122.60972222599997,45.585648226000046],[-122.60966056299998,45.585686509000027],[-122.60956156699996,45.585738766000077],[-122.60950349199999,45.585764124000036],[-122.60944943199996,45.585787978000042],[-122.60938992099994,45.585812245000056],[-122.60934782099997,45.585823391000076],[-122.60931931599998,45.585829957000044],[-122.60927209799996,45.585838859000035],[-122.60925090799998,45.585841093000056],[-122.60922951999999,45.585842022000065],[-122.60920809699996,45.585841641000059],[-122.60918680399999,45.585839948000057],[-122.60913778199995,45.585835131000067],[-122.60909464899999,45.585824491000039],[-122.60906168499997,45.585813663000067],[-122.60902658199996,45.585800018000043],[-122.60900581999999,45.585788967000042],[-122.60898302399994,45.585777953000047],[-122.60861602799997,45.586033316000055],[-122.60864170699995,45.586067140000068],[-122.60866780999999,45.586112387000071],[-122.60868781199997,45.586157746000026],[-122.60869743299997,45.586197580000032],[-122.60870074199994,45.58623181400003],[-122.60869987599995,45.586263267000049],[-122.60869478399997,45.586290510000026],[-122.60867962899999,45.586320795000063],[-122.60865602099994,45.58634266200005],[-122.60862007099996,45.586368141000037],[-122.60858613399995,45.586385910000047],[-122.60854685099997,45.586402320000047],[-122.60849321899997,45.586419498000055],[-122.60843812699994,45.586433845000045],[-122.60837614799999,45.586445459000061],[-122.60748217399998,45.586504817000048],[-122.60742592199995,45.586504787000081],[-122.60293893999994,45.586450496000054],[-122.60244219399999,45.586268596000025],[-122.60233165099999,45.586255408000056],[-122.60230154499999,45.586252578000028],[-122.60225072299994,45.58624455000006],[-122.60220028999998,45.586235393000038],[-122.60215029599999,45.586225118000073],[-122.60210079099994,45.586213735000058],[-122.60205182599998,45.586201255000049],[-122.60200344699996,45.586187691000077],[-122.60195570699995,45.586173056000064],[-122.60190865299995,45.586157366000066],[-122.60187019599999,45.586143477000064],[-122.60184085599997,45.586131576000071],[-122.60149112399995,45.585984027000052],[-122.60139404099999,45.585936040000036],[-122.60129875499996,45.585886308000056],[-122.60120533099996,45.585834866000027],[-122.60119554199997,45.585828978000052],[-122.60117976099997,45.58581987000008],[-122.60116419599996,45.585810607000042],[-122.60114894199995,45.585801126000035],[-122.60113404099997,45.585791395000058],[-122.60110446899995,45.585770960000048],[-122.60108920999994,45.585760451000056],[-122.60107355799994,45.585749941000074],[-122.60105768799997,45.585739387000046],[-122.60104197899994,45.585728692000032],[-122.60102690899998,45.585717737000039],[-122.60101295699997,45.58570639900006],[-122.60100049799996,45.585694583000077],[-122.60098970899998,45.585682244000054],[-122.60097373699995,45.585658501000069],[-122.600967793,45.585647189000042],[-122.60096264799995,45.585635443000058],[-122.60095828299995,45.585623317000056],[-122.60095464299997,45.585610922000058],[-122.60095167099996,45.585598404000052],[-122.60094929999997,45.585585905000073],[-122.60094748199998,45.585573540000041],[-122.60094619399996,45.585561360000042],[-122.60094562299997,45.585532851000039],[-122.60094793799999,45.585515125000029],[-122.60095266399998,45.585495832000049],[-122.60095942499999,45.585475421000069],[-122.60096742499996,45.585454863000052],[-122.60097565099994,45.585435388000064],[-122.60098308999994,45.585418221000054],[-122.60098894699996,45.585404333000042],[-122.60099284399996,45.585394178000058],[-122.60099505199997,45.585387430000026],[-122.60101543399998,45.585349663000045],[-122.60104597599997,45.585292225000046],[-122.60107257999999,45.585250353000049],[-122.60109627099996,45.585212247000072],[-122.60115369399995,45.585126047000074],[-122.60123732199997,45.585001481000063],[-122.60140612399999,45.584753344000035],[-122.60145539199999,45.584685167000032],[-122.60152844899994,45.584586236000064],[-122.60160118499999,45.584489215000076],[-122.60183052999997,45.584203211000045],[-122.60213316999995,45.583817963000058],[-122.60228416699999,45.583627247000038],[-122.60251519299999,45.58333457100008],[-122.60273941799994,45.583050681000032],[-122.60304034699999,45.582667626000045],[-122.60311973199998,45.582569485000079],[-122.60319400899999,45.582473458000038],[-122.60398876299996,45.581468409000081],[-122.60411794299995,45.581300395000028],[-122.60414098999996,45.581266108000079],[-122.60416725899995,45.581221672000027],[-122.60418931299995,45.581179690000056],[-122.60420763599996,45.581139538000059],[-122.60422465799996,45.581098077000036],[-122.60424183399999,45.581053423000071],[-122.60425075899997,45.581019439000045],[-122.60426257099999,45.58097274000005],[-122.60427154999996,45.580928210000081],[-122.60427720599995,45.580886478000025],[-122.60428132999999,45.580848224000079],[-122.60428335499995,45.58079372800006],[-122.60428215899998,45.580579784000065],[-122.60428358299998,45.580072886000039],[-122.60428236899998,45.57965045900005],[-122.60428286999996,45.57956418100008],[-122.60428390799996,45.579504973000041],[-122.60428658199999,45.579449640000064],[-122.60429971299999,45.579378790000078],[-122.60431478499999,45.579305429000044],[-122.60408130999997,45.579274087000044],[-122.60405876999999,45.579348122000056],[-122.60404781399995,45.579402193000078],[-122.60404336899995,45.579462810000052],[-122.60403954899999,45.579524614000036],[-122.60404062999999,45.579736212000057],[-122.60404186199997,45.57984809900006],[-122.60404190899999,45.580118026000036],[-122.60403974099995,45.580806702000075],[-122.60403785199998,45.580861521000031],[-122.60403181499998,45.580907985000067],[-122.60402173199998,45.580959679000046],[-122.60400649999997,45.581008055000041],[-122.60399145999997,45.581052439000075],[-122.60396879899997,45.581105432000072],[-122.60396287799995,45.581118075000063],[-122.60393796299996,45.581162757000072],[-122.60389942299997,45.58122256300004],[-122.60384091199995,45.581303198000057],[-122.60361941499997,45.581585823000069],[-122.60308591099999,45.582261840000058],[-122.60255124799994,45.582938094000042],[-122.60219210099996,45.583392414000059],[-122.60164810899994,45.584080693000033],[-122.60128699699999,45.584540025000081],[-122.60120078299997,45.584636510000053],[-122.60108756999995,45.584757921000062],[-122.60096458199996,45.584893213000043],[-122.60088762199996,45.584980022000025],[-122.60081327099999,45.585060171000066],[-122.60077327499999,45.58510289600008],[-122.60070994399996,45.585163813000065],[-122.60065696999999,45.585211341000047],[-122.60061437899998,45.585244546000069],[-122.60060439999995,45.585251826000047],[-122.60059449899995,45.585259167000061],[-122.60058469299997,45.585266583000077],[-122.60056523299994,45.585281526000074],[-122.60055544099998,45.585288951000052],[-122.60054550699999,45.585296266000057],[-122.60053536799995,45.585303424000074],[-122.60052499799997,45.585310406000076],[-122.60050601599994,45.585322516000076],[-122.60049758399998,45.585327840000048],[-122.60048064399996,45.585338625000077],[-122.60047207799994,45.585343977000036],[-122.60046338799998,45.585349183000062],[-122.60045452099996,45.585354150000057],[-122.60044543999999,45.585358803000076],[-122.60043612799996,45.585363106000045],[-122.60041242599999,45.585372419000066],[-122.60039772399995,45.58537728500005],[-122.60038243999998,45.585381687000051],[-122.60036663999995,45.585385620000068],[-122.60035046299998,45.58538907500008],[-122.60033408599998,45.585392040000045],[-122.60031768399995,45.585394505000068],[-122.60030139599996,45.585396457000058],[-122.60028528699996,45.585397896000075],[-122.60025374899999,45.585399152000036],[-122.60023691999999,45.585398631000032],[-122.60021850999999,45.585397158000035],[-122.60019896399996,45.585394873000041],[-122.60017922599997,45.585392083000045],[-122.60016049999996,45.585389173000067],[-122.60014398699997,45.58538653200003],[-122.60013063399998,45.585384461000046],[-122.60012088499997,45.585383104000073],[-122.60010559799997,45.585380923000059],[-122.60005460699995,45.58537134200003],[-122.60000408599996,45.585360605000062],[-122.59995408599997,45.585348722000049],[-122.59990466399995,45.58533570600008],[-122.59985586899995,45.585321571000065],[-122.59980775099996,45.585306333000062],[-122.59976036399996,45.585290006000037],[-122.59971375599997,45.585272607000036],[-122.59966797799996,45.585254157000065],[-122.59923166799996,45.585033874000032],[-122.59922850199996,45.585031806000075],[-122.59922363899994,45.585028747000081],[-122.59921690199997,45.585024614000076],[-122.59920853899996,45.585019525000064],[-122.59919908699999,45.585013730000071],[-122.59918922699995,45.585007550000057],[-122.59917963699996,45.58500130300007],[-122.59917085199999,45.584995242000048],[-122.59916312499996,45.584989485000051],[-122.59914744099996,45.584976322000045],[-122.59913889799998,45.584968457000059],[-122.59913063399995,45.584960341000055],[-122.59912266699996,45.584951988000057],[-122.59911503999996,45.584943435000071],[-122.59910780499996,45.584934725000039],[-122.59910101599996,45.584925901000076],[-122.59909471699996,45.58491699700005],[-122.59908892499999,45.584908031000055],[-122.59907851599996,45.584889295000039],[-122.59907389499995,45.584879390000026],[-122.59906976099995,45.584869255000058],[-122.59906611599996,45.584858918000066],[-122.59906296299999,45.584848438000051],[-122.59906030399998,45.584837893000042],[-122.59905814099994,45.584827356000062],[-122.59905647599999,45.584816888000034],[-122.59905530899999,45.584806517000061],[-122.59905463299998,45.584782535000045],[-122.59905601399998,45.584768848000067],[-122.59905891599999,45.584755160000043],[-122.59906315499995,45.584741472000076],[-122.59906833399998,45.584727783000062],[-122.59907395399995,45.584714095000038],[-122.59907951199995,45.584700407000071],[-122.59908461199996,45.584686718000057],[-122.59908907099998,45.584673029000044],[-122.59909301899995,45.584659341000076],[-122.59915149599999,45.58458392600005],[-122.59880800499997,45.584452106000072],[-122.59880351699996,45.584458034000079],[-122.59879401999996,45.584470644000078],[-122.59878863099999,45.584477689000039],[-122.59878318999995,45.584484641000074],[-122.59877791999997,45.584491151000066],[-122.59877292199997,45.584497057000078],[-122.59876104299997,45.584510212000055],[-122.59875382799999,45.584517930000061],[-122.59874649099999,45.584525647000078],[-122.59873901599997,45.584533339000075],[-122.59873136199997,45.584540954000033],[-122.59872347799995,45.584548427000072],[-122.59871531199997,45.584555691000048],[-122.59870682599995,45.584562696000035],[-122.59869799799998,45.584569416000079],[-122.59867896499998,45.584582387000069],[-122.59866871999998,45.584588716000042],[-122.59865809299998,45.584594864000053],[-122.59864710699998,45.584600820000048],[-122.59863581399998,45.584606562000033],[-122.59862427699994,45.584612058000062],[-122.59861256099998,45.584617283000057],[-122.59860071599996,45.584622211000067],[-122.59858876699997,45.584626834000062],[-122.59856413399996,45.584635302000038],[-122.59855128299995,45.584639185000071],[-122.59853811999994,45.584642809000059],[-122.59852467699994,45.584646169000052],[-122.59851102699997,45.584649248000062],[-122.59849725899994,45.58465202800005],[-122.59848346699999,45.584654490000048],[-122.59846972199995,45.584656617000064],[-122.59845605599997,45.584658403000049],[-122.59841995299996,45.584661438000069],[-122.59839730199997,45.584661665000056],[-122.59837448099995,45.584660404000033],[-122.59835150899994,45.584657837000066],[-122.59832842999998,45.584654349000061],[-122.59830530099998,45.584650432000046],[-122.59828217999996,45.584646574000033],[-122.59825911099995,45.584643164000056],[-122.59823611399997,45.584640382000032],[-122.59821317399997,45.584638098000028],[-122.59788126699999,45.584540524000033],[-122.59745808999998,45.584416631000067],[-122.59738123099999,45.584392956000045],[-122.59684790899996,45.584187419000045],[-122.59645969999997,45.58403806900003],[-122.59594351899995,45.583837214000027],[-122.59552711699996,45.58367176400003],[-122.59487433299995,45.583417705000045],[-122.59421794899998,45.583161948000054],[-122.59376141599995,45.58298433200008],[-122.59356166399999,45.582907238000075],[-122.59346377699995,45.582854119000046],[-122.59338052899994,45.582771421000075],[-122.59333843499996,45.582668606000027],[-122.59334704899999,45.582574860000079],[-122.59337383799999,45.582516264000049],[-122.59348466099999,45.582368230000043],[-122.59335655899997,45.582317579000062],[-122.59323055099998,45.582267424000065],[-122.59315004199999,45.582371266000052],[-122.59314441699996,45.582379169000035],[-122.59313842299997,45.582386937000081],[-122.59313206499996,45.582394561000058],[-122.59312535199996,45.582402033000051],[-122.59311828999995,45.58240934500003],[-122.59311088699997,45.582416488000035],[-122.59310314999999,45.582423456000072],[-122.59309508999996,45.582430239000075],[-122.59308671399998,45.582436832000042],[-122.59307803099995,45.582443226000066],[-122.59306589799996,45.582451799000069],[-122.59305337999996,45.582460094000055],[-122.59304049099995,45.582468103000053],[-122.59302724099996,45.582475818000034],[-122.59301364799995,45.582483232000072],[-122.59299972399998,45.582490336000035],[-122.59298548099997,45.582497123000053],[-122.59297093899994,45.582503587000076],[-122.59295610699996,45.582509720000076],[-122.59294100399995,45.582515516000058],[-122.59292729399999,45.582519919000049],[-122.59291338399998,45.582523998000056],[-122.59289928599998,45.582527748000075],[-122.59288501599997,45.582531163000056],[-122.59287059199994,45.582534242000065],[-122.59285602999995,45.582536980000043],[-122.59284134599994,45.582539374000078],[-122.59282655499999,45.582541422000077],[-122.59281167499995,45.582543121000072],[-122.59279672299999,45.582544469000027],[-122.59278171399995,45.582545465000067],[-122.59276666699998,45.582546108000031],[-122.59275159699996,45.582546397000044],[-122.59273652199994,45.582546332000049],[-122.59270918099998,45.582545580000044],[-122.59269692599997,45.582544959000074],[-122.59268470699999,45.582544053000049],[-122.59267253799999,45.582542859000057],[-122.59266043299999,45.582541381000055],[-122.59264840399999,45.582539620000034],[-122.59263646599999,45.582537577000039],[-122.59262463399995,45.582535256000028],[-122.59261291699994,45.582532659000037],[-122.59260132899999,45.582529788000045],[-122.59258988699997,45.582526647000066],[-122.59257859799999,45.582523238000078],[-122.59256747899997,45.582519567000077],[-122.59255653999998,45.582515638000075],[-122.59254579499998,45.582511454000041],[-122.59253525499997,45.582507020000037],[-122.59226518299999,45.582400881000069],[-122.59191902799995,45.582266692000076],[-122.59141762299998,45.58207086200008],[-122.59112109799997,45.581955075000053],[-122.59072251699996,45.581799745000069],[-122.59040007799996,45.581674394000061],[-122.58998207899998,45.581511275000025],[-122.58958308399997,45.581356003000053],[-122.58915146799995,45.581187718000081],[-122.58860603099998,45.580975200000069],[-122.58817971999997,45.580808777000072],[-122.58755542299997,45.580565297000078],[-122.58694179399998,45.580326159000037],[-122.58633561099998,45.58008899400005],[-122.58589898599996,45.57991743000008],[-122.58543952599996,45.579737056000056],[-122.58542606499998,45.579731374000062],[-122.58541289499999,45.579725364000069],[-122.58540003199994,45.579719035000039],[-122.585387492,45.579712394000069],[-122.58537528899996,45.579705450000063],[-122.58536344099997,45.57969821000006],[-122.58535195999997,45.579690683000081],[-122.58534085999997,45.579682880000064],[-122.58533015499995,45.579674809000039],[-122.58531985799999,45.579666480000071],[-122.58530998199996,45.579657903000054],[-122.58530053999999,45.579649090000032],[-122.58529154099995,45.57964005000008],[-122.58528299899996,45.579630795000071],[-122.58527491999996,45.57962133500007],[-122.58526731899997,45.579611684000042],[-122.58526020199997,45.579601852000053],[-122.58525357899998,45.579591851000032],[-122.58524745799997,45.579581694000069],[-122.58524184599997,45.579571392000048],[-122.58523674999998,45.579560959000048],[-122.58523217599998,45.579550408000046],[-122.58522812999996,45.579539750000038],[-122.58522461699999,45.579529000000036],[-122.58522164099998,45.579518171000075],[-122.58521920699997,45.579507275000026],[-122.58521731499997,45.579496325000036],[-122.58521596999998,45.579485337000051],[-122.58521517099996,45.579474321000077],[-122.58521492199998,45.57946329300006],[-122.58521522299998,45.579452266000033],[-122.58521607199998,45.579441253000027],[-122.58521746799994,45.579430267000077],[-122.58521940999998,45.579419322000035],[-122.58522189499996,45.579408432000037],[-122.58522491999997,45.579397609000068],[-122.58522848399997,45.57938686600005],[-122.58523257899998,45.57937621800005],[-122.58523720199997,45.579365678000045],[-122.58524234599997,45.579355257000032],[-122.58524800399999,45.579344968000044],[-122.58525417399994,45.579334825000046],[-122.58526084199997,45.579324839000037],[-122.58526800399994,45.579315023000049],[-122.58527565099996,45.579305389000069],[-122.58528377199997,45.579295948000038],[-122.58529235699996,45.579286712000055],[-122.58535521899995,45.579211658000077],[-122.58505050799999,45.579085400000054],[-122.58444264299999,45.579846640000028],[-122.58440236499996,45.579897190000054],[-122.58405720799999,45.580341001000079],[-122.58390637099996,45.58053222500007],[-122.58377418799995,45.580699510000045],[-122.58376998499995,45.580702801000029],[-122.58375377099998,45.580723731000035],[-122.58373810199998,45.580743573000063],[-122.58370103299995,45.58079149200006],[-122.58369191599996,45.580803300000071],[-122.58343958699999,45.581122414000049],[-122.58334697599997,45.581239632000063],[-122.58324973199996,45.581268510000029],[-122.58307294299999,45.581321717000037],[-122.58289782799994,45.581374161000042],[-122.58271808599994,45.581428283000037],[-122.58270311799998,45.58143362800007],[-122.58269004999994,45.581441218000066],[-122.58268007899994,45.581449501000066],[-122.58267204599997,45.581458594000026],[-122.58266596299995,45.58146853900007],[-122.58266229599997,45.581478506000053],[-122.58266051499999,45.581488547000049],[-122.58265987299995,45.581498570000065],[-122.58265963399998,45.581508576000033],[-122.58265986999999,45.58151962200003],[-122.58266094399994,45.581530625000028],[-122.58266246299996,45.581541555000058],[-122.58266404799997,45.581552449000071],[-122.58266539399995,45.581561925000074],[-122.58266683499994,45.581571402000066],[-122.58266837199994,45.581580871000028],[-122.58267001099995,45.581590333000065],[-122.58267175099996,45.581599786000027],[-122.58267359799999,45.581609230000026],[-122.58267555399999,45.581618665000065],[-122.58267764099998,45.581628239000054],[-122.58267982299998,45.581637801000056],[-122.58268210599999,45.581647353000051],[-122.58268450399999,45.581656892000069],[-122.58268702099997,45.581666416000076],[-122.58268966699995,45.581675926000059],[-122.58269245299999,45.581685420000042],[-122.58269523699994,45.581694453000068],[-122.58269813899994,45.581703467000068],[-122.58270116099999,45.581712459000073],[-122.58270430199997,45.581721431000062],[-122.58270756099995,45.581730382000046],[-122.58271093799999,45.581739313000071],[-122.58271443799998,45.581748229000027],[-122.58272841699994,45.581781831000058],[-122.58248973299999,45.581831728000054],[-122.58247652099999,45.581834446000073],[-122.58246328499996,45.581837011000061],[-122.58245000899996,45.581839423000076],[-122.58243669599995,45.581841686000075],[-122.58242334199997,45.581843797000033],[-122.58240994999994,45.581845758000043],[-122.58239651699995,45.581847568000057],[-122.58238304599996,45.581849227000077],[-122.58236953399995,45.581850736000035],[-122.58235598299996,45.581852093000066],[-122.58234239399997,45.581853300000034],[-122.58232876499994,45.581854356000065],[-122.58231509499996,45.581855262000033],[-122.58230143399999,45.581856014000039],[-122.58228767199995,45.581856304000041],[-122.58227393399994,45.581855973000074],[-122.58226014399997,45.581855264000069],[-122.58224631399997,45.581854422000049],[-122.58223103099999,45.581853420000073],[-122.58221579699995,45.581852232000074],[-122.58220059699994,45.581850858000053],[-122.58218543099997,45.581849298000066],[-122.58217027399996,45.581847549000031],[-122.58215441899995,45.581846471000063],[-122.58214168799998,45.581844536000062],[-122.58213046699996,45.581842542000061],[-122.58211668999996,45.581839779000063],[-122.58209706799994,45.581835007000052],[-122.58207764499997,45.581829853000045],[-122.58216096399997,45.582152323000059],[-122.58217030199995,45.582150184000056],[-122.58217748399994,45.582148778000033],[-122.58221016199997,45.582142874000056],[-122.58222731199999,45.582139697000059],[-122.58223903299995,45.582137252000052],[-122.58227278399994,45.582132723000029],[-122.58247334199996,45.582092546000069],[-122.58268300399999,45.582050145000039],[-122.58286569599994,45.582013394000057],[-122.58287212099998,45.582020761000081],[-122.58287979899995,45.582029428000055],[-122.58288756499996,45.582038056000044],[-122.58289541599999,45.582046644000059],[-122.58290335299995,45.582055191000052],[-122.58291137699996,45.582063699000059],[-122.58291948699997,45.582072168000025],[-122.58292768399997,45.582080597000072],[-122.58293596599998,45.582088985000041],[-122.58294433299994,45.582097332000046],[-122.58295250899999,45.582105401000035],[-122.58296072599995,45.58211344700004],[-122.58296899799996,45.582121466000046],[-122.58297733699999,45.582129452000061],[-122.58298575299995,45.582137400000079],[-122.58299425999996,45.582145301000025],[-122.58300286699995,45.582153151000057],[-122.58301158499995,45.582160944000066],[-122.58302042599996,45.582168674000059],[-122.58302940199997,45.582176334000053],[-122.58303851999995,45.58218391500003],[-122.58304748899997,45.582191220000027],[-122.58305652099995,45.582198478000066],[-122.58306562099995,45.58220569000008],[-122.58307478799998,45.582212857000059],[-122.58308402499995,45.582219977000079],[-122.58309333099999,45.582227051000075],[-122.58310270599998,45.582234079000045],[-122.58311214999998,45.582241060000058],[-122.58312166599995,45.582247993000067],[-122.58313125299998,45.582254879000061],[-122.58314091099999,45.582261717000051],[-122.58315063999999,45.582268507000038],[-122.58316044199995,45.58227524800003],[-122.58317031699994,45.58228194000003],[-122.58318026599994,45.582288583000036],[-122.58319028899996,45.582295177000049],[-122.58320058899994,45.582301846000064],[-122.58321096299994,45.582308453000053],[-122.58322141099995,45.582314997000026],[-122.58323192999995,45.582321480000076],[-122.58324251799996,45.582327903000078],[-122.58325317599997,45.582334268000068],[-122.58326389899997,45.582340575000046],[-122.58327468999994,45.582346827000038],[-122.58328554399998,45.582353023000053],[-122.58329646099997,45.582359164000081],[-122.58330743899995,45.58236525500007],[-122.58331847699998,45.582371292000062],[-122.58332957399995,45.582377281000049],[-122.58334072899999,45.582383220000054],[-122.58335193999994,45.582389112000044],[-122.58336311199997,45.582394889000057],[-122.58337435899995,45.582400591000066],[-122.58338567799996,45.582406216000038],[-122.58339706999999,45.582411764000028],[-122.58340853499999,45.582417237000072],[-122.58342007199997,45.582422632000032],[-122.58343168099998,45.582427951000057],[-122.58344336299996,45.582433194000032],[-122.58345511799996,45.582438360000026],[-122.58346694499994,45.582443449000039],[-122.58347991799997,45.582448915000043],[-122.58359544299998,45.582425981000029],[-122.58391798099996,45.582361253000045],[-122.58453110299996,45.582237784000029],[-122.58454519499998,45.582234788000051],[-122.58455932299995,45.582232164000061],[-122.58457355599995,45.582229897000047],[-122.58458789499997,45.582227989000046],[-122.58460233899996,45.582226437000031],[-122.58461690299998,45.58222524200005],[-122.58463016699994,45.582224411000027],[-122.58464343299994,45.582223780000049],[-122.58465668599996,45.582223379000027],[-122.58466992899997,45.582223236000061],[-122.58468315799996,45.582223381000063],[-122.58469637499996,45.58222384000004],[-122.58470958099997,45.582224642000028],[-122.58472276199996,45.582225814000026],[-122.58473749399997,45.582227666000051],[-122.58475199899999,45.582230078000066],[-122.58476633299995,45.582232961000045],[-122.58478053599998,45.582236228000056],[-122.58479464299995,45.582239788000038],[-122.58480867599997,45.582243543000061],[-122.58482261999995,45.582247542000061],[-122.58483632199994,45.582251859000053],[-122.58484980099996,45.582256498000049],[-122.58486305299999,45.58226146100003],[-122.58487614499995,45.582266774000061],[-122.58508480699999,45.582348158000059],[-122.58540162399999,45.582471544000043],[-122.58571619199995,45.58259416900006],[-122.58708467299999,45.583127475000026],[-122.58726315499996,45.583196548000046],[-122.58787887999995,45.583437006000054],[-122.58849061399997,45.583675164000056],[-122.58893343599999,45.583848105000072],[-122.58910138699997,45.583913623000058],[-122.58911332499997,45.58391840400003],[-122.58912458899999,45.583923662000075],[-122.58913525399998,45.583929426000054],[-122.58914532199998,45.583935697000072],[-122.58915479599995,45.583942475000072],[-122.58916367499995,45.583949763000078],[-122.58917140199998,45.583957061000035],[-122.58917831799999,45.583964645000037],[-122.58918444099999,45.583972512000059],[-122.58918979099997,45.583980656000051],[-122.58919438099997,45.583989074000044],[-122.58919822599995,45.583997753000062],[-122.58920172399996,45.584008241000049],[-122.58920398099997,45.584018782000044],[-122.58920504299999,45.584029388000033],[-122.58920495099994,45.584040062000042],[-122.58920373999996,45.584050792000028],[-122.58920172099999,45.584059788000047],[-122.58919875399999,45.584068590000072],[-122.58919499999996,45.584077250000064],[-122.58919062899997,45.584085806000076],[-122.58918581399996,45.584094296000046],[-122.58918073399997,45.584102744000063],[-122.58917468299995,45.584112265000044],[-122.58916825299997,45.584121626000069],[-122.58916143999994,45.584130835000053],[-122.58915424099996,45.584139894000032],[-122.58914665699996,45.584148803000062],[-122.58913868999997,45.58415756100004],[-122.58913019099998,45.58416631800003],[-122.58910049299999,45.584209342000065],[-122.58909454199994,45.584217476000049],[-122.58908818099997,45.584225408000066],[-122.58908139899995,45.584233148000067],[-122.58907419799999,45.584240701000056],[-122.58906657699998,45.584248063000075],[-122.58905853299996,45.584255238000026],[-122.58904977299994,45.584262487000046],[-122.58904068099997,45.584269499000072],[-122.58903127299999,45.584276285000044],[-122.58902155999999,45.584282855000026],[-122.58901155599995,45.584289218000038],[-122.58900127499999,45.584295386000065],[-122.58899073299995,45.584301365000044],[-122.58897890499998,45.584307698000032],[-122.58896684399997,45.584313769000062],[-122.58895454999998,45.584319579000066],[-122.58894202099998,45.584325127000056],[-122.58892925699996,45.584330415000068],[-122.58891625899997,45.584335442000054],[-122.58890298799997,45.584340222000037],[-122.58943029399995,45.584437034000075],[-122.58945200899996,45.58444107400004],[-122.58947352199999,45.584445616000039],[-122.58949480899997,45.584450654000079],[-122.58951584899995,45.584456182000054],[-122.58953661699996,45.584462196000061],[-122.58955709099996,45.584468686000037],[-122.58957724899994,45.584475649000069],[-122.58959706899998,45.584483074000048],[-122.59084731899998,45.584970245000079],[-122.59086773399997,45.584978528000079],[-122.59088772899997,45.584987301000069],[-122.59090727799997,45.584996556000078],[-122.59092635899998,45.585006282000052],[-122.59094494799996,45.585016465000081],[-122.59137439799997,45.585259805000078],[-122.59153615799994,45.585352052000076],[-122.59219313599999,45.585724964000065],[-122.59262114699999,45.585975547000032],[-122.59307210099996,45.586233994000054],[-122.59309162399995,45.586246225000025],[-122.59311086599996,45.586258404000034],[-122.59319421699996,45.586312603000067],[-122.59325857599998,45.58635614800005],[-122.59332184299996,45.586400474000072],[-122.59335453199998,45.586424263000026],[-122.59336680199999,45.58643311600008],[-122.59337928999997,45.586441818000026],[-122.59339232699995,45.586450587000058],[-122.59340525799996,45.586458982000067],[-122.59341839499996,45.586467219000042],[-122.59343953399997,45.586479882000049],[-122.59353092499998,45.586532894000072],[-122.59385878999996,45.586711298000068],[-122.59407469399997,45.586825317000034],[-122.59443490399997,45.586997542000063],[-122.59473649699999,45.587127166000073],[-122.59485982599995,45.587175921000039],[-122.59486488099998,45.587177805000067],[-122.59486917299995,45.587179479000042],[-122.59487342399996,45.587181204000046],[-122.59487763099997,45.587182982000058],[-122.59488179099998,45.587184811000043],[-122.59488590699999,45.587186691000056],[-122.59488997499994,45.587188621000053],[-122.59489399399996,45.587190600000042],[-122.59489796399998,45.587192628000025],[-122.59490188299998,45.587194704000069],[-122.59490574899996,45.58719682900005],[-122.59490956099995,45.587199000000055],[-122.59491331999999,45.587201218000075],[-122.59491702299999,45.587203482000064],[-122.59492066899998,45.587205790000041],[-122.59492425699995,45.587208143000055],[-122.59492778599997,45.587210540000058],[-122.59493125499995,45.587212979000071],[-122.59493466299995,45.587215461000028],[-122.59493800799999,45.587217983000073],[-122.59494128999995,45.587220547000072],[-122.59494450899996,45.587223150000057],[-122.59494766099999,45.587225792000027],[-122.59495074699998,45.587228473000039],[-122.59495376699999,45.587231191000058],[-122.59495755799998,45.587234753000075],[-122.59496040899995,45.58723754600004],[-122.59496318899994,45.587240373000043],[-122.59496589999998,45.587243235000074],[-122.59496853699994,45.587246128000061],[-122.59497110399997,45.587249055000029],[-122.59497359599999,45.587252011000032],[-122.59497601499999,45.587254998000049],[-122.59497835999997,45.587258015000032],[-122.59498062899996,45.58726105900007],[-122.59498282199996,45.58726413100004],[-122.59498493899997,45.58726722800003],[-122.59498697699996,45.587270352000075],[-122.59498893799997,45.587273500000038],[-122.59499082199994,45.58727667200003],[-122.59499262399999,45.587279866000074],[-122.59499434799994,45.587283081000066],[-122.59499599199995,45.587286318000054],[-122.59499755399997,45.587289574000067],[-122.59499903699998,45.58729285000004],[-122.59500043599996,45.587296142000071],[-122.59500175499994,45.587299451000035],[-122.59505504099997,45.58739900300003],[-122.59505715399996,45.587402547000067],[-122.59505935399994,45.587406065000039],[-122.59506164199996,45.587409554000033],[-122.59506401599998,45.587413015000038],[-122.59506647599994,45.587416446000077],[-122.59506901999998,45.587419847000035],[-122.59507164799999,45.587423216000047],[-122.59507435999996,45.587426552000068],[-122.59507715499996,45.58742985400005],[-122.59508003099995,45.587433123000039],[-122.59508298699996,45.587436354000033],[-122.59508602399995,45.587439550000056],[-122.59508914099996,45.587442708000026],[-122.59509233399996,45.587445826000078],[-122.59509560499998,45.587448906000077],[-122.59510053199995,45.58745334200006],[-122.59510398899999,45.587456320000058],[-122.59510751899995,45.587459255000056],[-122.59511111999996,45.587462146000064],[-122.59511479399998,45.587464993000026],[-122.59511853699996,45.587467794000077],[-122.59512235099999,45.587470549000045],[-122.59512623099999,45.587473256000067],[-122.59513017899997,45.587475916000074],[-122.59513419199999,45.58747852700003],[-122.59513826899996,45.587481088000061],[-122.59514240999999,45.587483600000041],[-122.59514661199995,45.58748606000006],[-122.59515087399996,45.58748846800006],[-122.59515519599995,45.587490824000042],[-122.59515957599996,45.587493126000027],[-122.59516401099995,45.587495373000081],[-122.59516850399996,45.587497567000071],[-122.59517304799999,45.587499706000074],[-122.59517764599997,45.587501788000054],[-122.59518229499997,45.587503813000069],[-122.59519126199996,45.587507500000072],[-122.59530213099998,45.587553483000079],[-122.59552922199998,45.587641059000077],[-122.59603226599995,45.587834780000037],[-122.59869846499998,45.588873406000062],[-122.60057729999994,45.589605271000039],[-122.60058967999998,45.589610165000067],[-122.60059922399995,45.589614115000074],[-122.60060866599997,45.589618181000048],[-122.60061800699998,45.589622363000046],[-122.60062724299996,45.589626658000043],[-122.60063636999996,45.589631065000049],[-122.60064538699999,45.589635584000064],[-122.60065428899998,45.589640213000052],[-122.60066307599999,45.589644950000036],[-122.60067174299996,45.589649794000081],[-122.60068028899997,45.589654744000029],[-122.60068870999999,45.589659797000081],[-122.60069700399998,45.589664953000067],[-122.60070516899998,45.589670210000065],[-122.60071320199995,45.589675566000039],[-122.60072110099998,45.589681019000068],[-122.60072886299997,45.589686569000037],[-122.60073648499997,45.589692213000035],[-122.60074396599998,45.589697949000026],[-122.60075130399997,45.589703776000079],[-122.60075849599997,45.589709693000032],[-122.60076553899995,45.589715696000042],[-122.60077243199999,45.589721784000062],[-122.60077917199999,45.589727956000047],[-122.60078575899996,45.589734211000064],[-122.60079218799996,45.589740544000051],[-122.60079845999996,45.589746956000056],[-122.60080457099997,45.589753444000053],[-122.60081051999998,45.589760005000073],[-122.60081630399998,45.589766638000071],[-122.60082192299996,45.589773341000068],[-122.60082737499999,45.589780112000028],[-122.60083265799994,45.589786949000029],[-122.60083776999994,45.589793849000046],[-122.60084270799996,45.589800811000032],[-122.60084747499997,45.589807832000076],[-122.60085206499997,45.589814911000076],[-122.60085647799997,45.589822045000062],[-122.60086071499995,45.589829232000056],[-122.60086476999999,45.589836469000034],[-122.60086864599998,45.58984375600005],[-122.60087234099996,45.589851088000046],[-122.60087585099996,45.589858465000077],[-122.60087917999999,45.589865884000062],[-122.60088232199996,45.589873342000033],[-122.60088527899995,45.589880838000056],[-122.60088804899999,45.58988836900005],[-122.60089062999998,45.589895933000037],[-122.60089302399996,45.589903527000047],[-122.60089522999999,45.589911149000045],[-122.60089724399995,45.589918797000053],[-122.60089906899998,45.589926469000034],[-122.60090070299998,45.589934161000031],[-122.60090214499996,45.589941873000043],[-122.60090339399994,45.589949601000058],[-122.60090445299994,45.589957344000027],[-122.60090531799995,45.58996509800005],[-122.60090598999994,45.589972861000035],[-122.60090646899999,45.589980632000049],[-122.60090675499998,45.589988407000078],[-122.60090684799997,45.589996185000075],[-122.60090674799994,45.590003963000072],[-122.60090645399998,45.590011738000044],[-122.60090596599997,45.590019508000069],[-122.60090528499995,45.590027271000054],[-122.60090441199998,45.590035025000077],[-122.60090334699998,45.590042767000057],[-122.60090208799994,45.590050494000081],[-122.60090063899997,45.590058205000048],[-122.60089899699994,45.590065897000045],[-122.60089716499999,45.590073568000037],[-122.60089514299995,45.590081215000055],[-122.60089292999999,45.590088836000064],[-122.60089052799998,45.590096429000027],[-122.60088793799997,45.590103991000035],[-122.60088516099995,45.59011152100004],[-122.60088219599999,45.590119015000028],[-122.60087904699998,45.590126472000065],[-122.60087571099996,45.590133889000072],[-122.60087219199994,45.590141264000067],[-122.60086849099997,45.590148595000073],[-122.60086460699995,45.590155880000054],[-122.60086054399994,45.590163115000053],[-122.60085629999998,45.590170300000068],[-122.60085187999999,45.590177431000029],[-122.60084728099997,45.59018450700006],[-122.60084250799997,45.590191526000069],[-122.60083756199998,45.590198486000077],[-122.60083244299994,45.590205384000058],[-122.60082715399994,45.590212218000033],[-122.60054392599994,45.590570652000054],[-122.60044829699996,45.590691639000056],[-122.60044168499996,45.590699829000073],[-122.60043518399999,45.59070755700003],[-122.60042849099995,45.590715203000059],[-122.60042161099994,45.590722766000056],[-122.60041454199995,45.590730244000042],[-122.60040728999996,45.59073763300006],[-122.60039985399999,45.590744934000043],[-122.60039223799998,45.590752141000053],[-122.60038444499997,45.590759254000034],[-122.60037647499996,45.590766271000064],[-122.60036833199996,45.59077318900006],[-122.60036001799995,45.590780006000045],[-122.60035153699999,45.59078672000004],[-122.60034288999998,45.590793329000064],[-122.60033407899999,45.590799832000073],[-122.60032510999997,45.590806224000062],[-122.60031598099999,45.590812507000066],[-122.60030669799994,45.590818677000073],[-122.60029726299996,45.590824731000055],[-122.60028767899996,45.590830670000059],[-122.60027794999996,45.590836490000072],[-122.60026807599996,45.590842190000046],[-122.60025806399995,45.59084776800006],[-122.60024791299998,45.590853222000078],[-122.60023762799995,45.590858552000043],[-122.60022721199999,45.590863755000044],[-122.60021666899996,45.590868828000055],[-122.60020600199999,45.590873773000055],[-122.60019521199996,45.590878586000031],[-122.60018430499997,45.590883266000048],[-122.60017328299995,45.590887811000073],[-122.60016215099995,45.590892220000057],[-122.60015090999997,45.590896493000059],[-122.60013956399996,45.590900627000053],[-122.60012811699994,45.59090462100005],[-122.60011657399997,45.590908475000049],[-122.60010493599998,45.590912187000072],[-122.60009320799998,45.590915756000072],[-122.60008139199999,45.590919179000025],[-122.60006949299998,45.590922459000069],[-122.60005751399996,45.59092559100003],[-122.60004546099998,45.590928576000067],[-122.60003333399999,45.590931413000078],[-122.60002113799999,45.590934101000073],[-122.60000887699999,45.590936640000052],[-122.59999655499996,45.590939027000047],[-122.59998417599996,45.590941264000037],[-122.59997174299997,45.590943348000053],[-122.59995925999999,45.590945280000028],[-122.59994673199998,45.59094705800004],[-122.59993415999998,45.590948683000079],[-122.59992154999998,45.590950154000041],[-122.59990890499995,45.590951469000061],[-122.59989622999996,45.590952629000071],[-122.59988352899995,45.590953634000073],[-122.59987080399998,45.590954484000065],[-122.59985805899998,45.590955177000069],[-122.59984529899998,45.590955714000074],[-122.59983252899997,45.590956094000035],[-122.59981974999999,45.590956318000053],[-122.59980696799994,45.590956385000027],[-122.59909093299996,45.590956124000058],[-122.59899674199994,45.59095852300004],[-122.59889031199998,45.590972238000063],[-122.59882747499995,45.590988286000027],[-122.59878985899996,45.590997602000073],[-122.59870044699994,45.591032130000031],[-122.59862760099998,45.591071443000033],[-122.59854639399998,45.591132032000075],[-122.59849124099998,45.591190220000044],[-122.59772878099994,45.592154225000058],[-122.59756868099998,45.592356702000075],[-122.59755422699999,45.592373723000037],[-122.59753893799996,45.592390382000076],[-122.59752283199998,45.592406657000026],[-122.59750592799998,45.592422528000043],[-122.59748824799999,45.592437976000042],[-122.59746981299998,45.592452983000044],[-122.59745064499998,45.592467530000079],[-122.59743076599995,45.592481600000042],[-122.59741020199999,45.592495175000067],[-122.59738897799997,45.59250823900004],[-122.59736748299997,45.592520423000053],[-122.59734538399999,45.592532059000064],[-122.59732270499995,45.592543135000028],[-122.59729947899996,45.592553635000058],[-122.59727712399996,45.592562955000062],[-122.59725434199999,45.592571751000037],[-122.59723115699995,45.592580011000052],[-122.59720759599998,45.592587728000069],[-122.59718368299997,45.592594892000079],[-122.59715944399994,45.592601496000043],[-122.59713490799999,45.592607533000034],[-122.59711009999995,45.592612996000071],[-122.59708504899999,45.592617878000055],[-122.59705978,45.592622175000031],[-122.59703222699994,45.592625996000038],[-122.59700449999997,45.592629138000063],[-122.59697663299994,45.592631597000036],[-122.59694866099994,45.592633371000034],[-122.59692061799996,45.592634456000042],[-122.59689253799996,45.59263485200006],[-122.59686445599999,45.592634558000043],[-122.59683640399999,45.592633575000036],[-122.59680841999995,45.59263190300004],[-122.59678053599998,45.592629545000079],[-122.59675278599997,45.592626505000055],[-122.59672728299995,45.59262288900004],[-122.59670195999996,45.592618696000045],[-122.59667684299995,45.592613930000027],[-122.59665196099996,45.592608595000058],[-122.59662733499999,45.592602697000075],[-122.59660299599994,45.59259624300006],[-122.59657896699997,45.592589239000063],[-122.59655527299998,45.592581692000067],[-122.59653193999998,45.592573612000081],[-122.59650899199994,45.592565004000051],[-122.59648572799995,45.592555599000036],[-122.59505797799994,45.592005293000057],[-122.59387862099999,45.591547010000056],[-122.59300046499999,45.591207102000055],[-122.59214896999998,45.590872816000058],[-122.59207821999996,45.590847369000073],[-122.59145134499994,45.590603878000081],[-122.58960601199999,45.589877791000049],[-122.58958248299996,45.589869492000048],[-122.58955815499996,45.589862354000047],[-122.58953317399994,45.589856430000054],[-122.58950758699996,45.589851727000053],[-122.58948154199999,45.589848672000073],[-122.58945500899995,45.589847155000029],[-122.58940138499997,45.589841601000046],[-122.58935454799996,45.589837930000044],[-122.58927527099996,45.589824370000031],[-122.58923669799998,45.58981478000004],[-122.58920745199998,45.589804903000072],[-122.58917897499998,45.589793976000067],[-122.58804892499995,45.589353850000066],[-122.58666047399998,45.588813059000074],[-122.58662298999997,45.588799984000048],[-122.58659534999998,45.588792627000032],[-122.58656037699996,45.588786285000026],[-122.58652250699998,45.588781773000051],[-122.58648245399996,45.588779301000045],[-122.58644088599999,45.588779844000044],[-122.58635548599995,45.588787793000051],[-122.58631842499994,45.588788987000044],[-122.58622495899999,45.588782460000061],[-122.58613471299998,45.588764770000068],[-122.58607806299995,45.588746541000035],[-122.58599690899996,45.588713754000025],[-122.58514173599997,45.588380835000066],[-122.58333512999997,45.587676878000025],[-122.58320434899997,45.587637352000058],[-122.58303581699994,45.587617990000069],[-122.58292484499998,45.587619499000027],[-122.58281663699995,45.587633489000041],[-122.58269039699996,45.587666045000049],[-122.58257007799995,45.587715664000029],[-122.58248111699999,45.587766886000054],[-122.58246842099999,45.587773792000064],[-122.58247856399998,45.58780721800008],[-122.58248148199999,45.587840506000077],[-122.58247885899999,45.587873003000027],[-122.58246853999998,45.587906408000038],[-122.58245853599999,45.587924398000041],[-122.58244524799994,45.587938285000064],[-122.58243069199995,45.587957306000078],[-122.58241354199998,45.587975229000051],[-122.58239396599998,45.58799188200004],[-122.58236977599995,45.588008695000042],[-122.58234326099995,45.588023679000059],[-122.58231469999998,45.588036679000027],[-122.58228439399994,45.588047557000039],[-122.58226337699995,45.588053573000025],[-122.58223087699997,45.58806067300003],[-122.58220870799994,45.588064091000035],[-122.58217495999997,45.588067206000062],[-122.58214093699996,45.588067878000061],[-122.58210699499995,45.588066101000038],[-122.58207348999997,45.588061894000077],[-122.58204077399995,45.588055299000075],[-122.58201957299997,45.588049610000041],[-122.58108160999996,45.587771773000043],[-122.57980060499995,45.587272564000045],[-122.57882613299995,45.586895010000035],[-122.57867020899999,45.58683221800004],[-122.57865093999999,45.586825855000029],[-122.57863094099997,45.58681775000008],[-122.57860479299995,45.586804414000028],[-122.57858186599998,45.586789464000049],[-122.57856099199995,45.586772139000061],[-122.57854560799996,45.586755960000062],[-122.57853271699997,45.586738741000033],[-122.57852285899997,45.586720713000034],[-122.57851858499998,45.586704925000049],[-122.57851846899996,45.586687252000047],[-122.57852090499995,45.586676127000032],[-122.57852703599997,45.586660558000062],[-122.57853604399997,45.586643442000081],[-122.57854475899995,45.586630187000026],[-122.57857515399996,45.586594339000044],[-122.57867841799998,45.586465697000051],[-122.57867158599998,45.586464120000073],[-122.57841861299994,45.586365156000056],[-122.57829609199996,45.586521590000075],[-122.57827177599995,45.586546687000066],[-122.57824962599994,45.586563586000068],[-122.57823497499999,45.586571976000073],[-122.57822075999997,45.586578449000058],[-122.57819265899997,45.586589145000062],[-122.57817113499999,45.586594103000039],[-122.57814784999999,45.586597377000032],[-122.57812416999997,45.58659863500003],[-122.57810047699996,45.586597858000061],[-122.57807706699998,45.586595059000047],[-122.57805114099995,45.586589435000064],[-122.57802658099996,45.586581332000037],[-122.57753105899997,45.586387831000081],[-122.57704630699999,45.58619671200006],[-122.57701075499995,45.586179132000041],[-122.57697801199998,45.586159038000062],[-122.57694874799995,45.586136899000053],[-122.57692604799996,45.58611557200004],[-122.57690664799998,45.586092697000026],[-122.57689075999997,45.586068523000051],[-122.57687718499994,45.586040637000053],[-122.57686743499994,45.58601092400005],[-122.57686272799998,45.585985725000057],[-122.57686142499995,45.585957204000067],[-122.57686433899994,45.585929984000074],[-122.57687234399998,45.585900078000066],[-122.57688153899994,45.585878263000041],[-122.57689609599998,45.585852952000039],[-122.57694581599998,45.585788617000048],[-122.57668963099997,45.585688434000076],[-122.57663543599995,45.585752727000056],[-122.57661508899997,45.585772183000074],[-122.57659240399994,45.585790322000037],[-122.57656573999998,45.585808111000063],[-122.57653317299997,45.585825887000055],[-122.57649813899997,45.585841176000031],[-122.57646102099994,45.58585381000006],[-122.57642094999994,45.585863768000081],[-122.57638409499998,45.585869801000058],[-122.57634654299994,45.585873095000068],[-122.57630561799999,45.585873713000069],[-122.57626104099995,45.585871237000049],[-122.57622433999995,45.585866681000027],[-122.57619014399995,45.58586004600005],[-122.57615474199997,45.585849924000058],[-122.57595395499999,45.585773102000076],[-122.57560560299999,45.585636678000071],[-122.57365499599996,45.584877031000076],[-122.57016664199995,45.583514536000052],[-122.56793855299998,45.58264229200006],[-122.56782794899999,45.582612924000045],[-122.56768219899999,45.582593179000071],[-122.56753257299999,45.582593231000033],[-122.56741359899996,45.582607901000074],[-122.56730037099999,45.582634943000073],[-122.56718253699995,45.582679086000041],[-122.56709632599996,45.582724609000081],[-122.56701772299999,45.58277976800008],[-122.56692489999995,45.582872880000025],[-122.56661910299999,45.583263750000071],[-122.56633467799998,45.583623376000048],[-122.56819820499999,45.584350960000052],[-122.56820083899999,45.584347630000025],[-122.56856768899996,45.584491361000062],[-122.56919077599997,45.584734309000055],[-122.56996555699999,45.585035925000057],[-122.57079545799996,45.585359589000063],[-122.57164353399997,45.585690046000025],[-122.57247193699999,45.58601307400005],[-122.57334023399994,45.58635221000003],[-122.57406938099996,45.586634673000049],[-122.57547400899995,45.587182392000045],[-122.57630254299994,45.587505395000051],[-122.57748286999998,45.58796447900005],[-122.57881974599997,45.588484813000036],[-122.57974237699995,45.588844891000065],[-122.58081983699998,45.589265113000067],[-122.58185155999996,45.589666458000067],[-122.58276396499997,45.59002395400006],[-122.58349284899998,45.590307599000027],[-122.58443050199998,45.590673690000074],[-122.58522165299996,45.590981770000042],[-122.58748852999997,45.591864368000074],[-122.58844104099995,45.592235882000068],[-122.58942617899999,45.592619311000078],[-122.59029393899999,45.592957841000043],[-122.59148188999995,45.593421326000055],[-122.59259119399997,45.593853367000065],[-122.59364057799996,45.59426164100006],[-122.59544679999999,45.594969766000077],[-122.59544677899999,45.59496979100004],[-122.59988879099996,45.59669995400003],[-122.60049632499999,45.595931206000046],[-122.60051927599994,45.59590292200005],[-122.60054803599996,45.595874732000027],[-122.60058272699996,45.595848591000049],[-122.60060576899997,45.595834503000049],[-122.60062649699995,45.595823574000065],[-122.60066392799996,45.595807295000043],[-122.60068281299999,45.595800542000063],[-122.60070225699997,45.595794500000068],[-122.60072710299994,45.595788022000079],[-122.60075195799999,45.595782843000052],[-122.60077135599994,45.595779658000026],[-122.60080173599999,45.595776110000031],[-122.60082418299999,45.595774584000026],[-122.60092160499994,45.595773063000081],[-122.60132876399996,45.595768178000071],[-122.60136183099996,45.595766794000042],[-122.60138996499995,45.595764046000056],[-122.60141843599996,45.595759745000066],[-122.60144400699994,45.595754519000081],[-122.60147197999999,45.595747226000071],[-122.60150604499995,45.595735907000062],[-122.60153336899998,45.595724644000029],[-122.60156738299997,45.595707409000056],[-122.60159429499998,45.595690674000025],[-122.60162584999995,45.595666408000056],[-122.60164972299998,45.595643320000079],[-122.60167550399996,45.59561205600005],[-122.60186118599995,45.595377087000031],[-122.60187977399994,45.595352105000075],[-122.60189369799997,45.59532872300008],[-122.60190732699999,45.595297827000081],[-122.60191543499997,45.595269590000044],[-122.60191962299996,45.595241516000044],[-122.60192030499996,45.59522060900008],[-122.60191719499994,45.595187760000044],[-122.60190777799994,45.59515176900004],[-122.60188997999995,45.595112794000045],[-122.60186719899997,45.595078855000054],[-122.60184607599996,45.595054649000076],[-122.60181751599998,45.595028359000025],[-122.60179368699994,45.595010300000069],[-122.60176458799998,45.594991757000059],[-122.601732777,45.594974956000044],[-122.60169908999995,45.594960373000049],[-122.60119646699997,45.594764615000031],[-122.60114974599998,45.594745670000066],[-122.60110224699997,45.594724813000028],[-122.60105523899995,45.594702473000041],[-122.60098870299998,45.594667712000046],[-122.60090073999999,45.594615356000077],[-122.60086237099995,45.594589905000078],[-122.60078712399996,45.594534546000034],[-122.60074136099996,45.594496749000029],[-122.60070936499994,45.594468121000034],[-122.60067705499995,45.594437087000074],[-122.60065134199999,45.594410648000064],[-122.60062196299998,45.594377959000042],[-122.60059631699994,45.594340069000054],[-122.60058010299997,45.594302716000072],[-122.60057174499997,45.594265239000038],[-122.60057044299998,45.594234174000064],[-122.60057442699997,45.594201890000079],[-122.60058528199994,45.594166428000051],[-122.60060066699998,45.594135641000037],[-122.60062232599995,45.594104909000066],[-122.60063200599996,45.594093722000025],[-122.60065660199996,45.594069761000071],[-122.60101030099997,45.593819042000064],[-122.60101066899995,45.593818634000058],[-122.60356273299999,45.592028023000069],[-122.60357137899996,45.592023019000067],[-122.60357404799998,45.592021531000057],[-122.60357675299997,45.592020074000061],[-122.60357949399997,45.592018651000046],[-122.60358226899996,45.59201726200007],[-122.60358507899997,45.592015907000075],[-122.60358792299996,45.592014587000051],[-122.60359079799997,45.592013301000065],[-122.60359370499998,45.59201205200003],[-122.60359664299995,45.592010838000078],[-122.60359960999995,45.592009660000031],[-122.60360260599998,45.592008518000057],[-122.60360562999995,45.592007414000079],[-122.60360867999998,45.592006347000051],[-122.60361175799994,45.592005318000076],[-122.60361486099998,45.592004326000051],[-122.60361798699995,45.592003372000079],[-122.60362113599996,45.592002457000035],[-122.60362430799995,45.592001580000044],[-122.60362750099995,45.592000743000028],[-122.60363071499995,45.591999945000055],[-122.60363394899997,45.591999186000066],[-122.60363719899999,45.591998467000053],[-122.60364046899997,45.591997789000061],[-122.60364375299997,45.591997150000054],[-122.60364705399996,45.591996551000079],[-122.60365036899998,45.591995993000069],[-122.60365369599998,45.591995476000079],[-122.60365703799999,45.591995000000054],[-122.60366038999996,45.591994564000061],[-122.60366375199999,45.591994170000078],[-122.60366712199999,45.591993817000059],[-122.60367050299999,45.591993505000062],[-122.60367388899999,45.591993235000075],[-122.60367728199998,45.591993007000042],[-122.60368067999997,45.591992819000041],[-122.60368408299996,45.591992674000039],[-122.60368748899998,45.591992571000048],[-122.60369089599999,45.591992508000033],[-122.60369430599997,45.591992488000074],[-122.60369771399996,45.591992510000068],[-122.60370112199996,45.591992574000074],[-122.60370452699999,45.591992679000043],[-122.603707929,45.591992825000034],[-122.60371132699998,45.591993014000082],[-122.60371471999997,45.591993244000037],[-122.60371810699996,45.591993516000059],[-122.60372148699997,45.591993829000046],[-122.60372485799996,45.591994184000043],[-122.60372821999999,45.591994579000072],[-122.60373157099997,45.591995016000055],[-122.60373490999996,45.591995494000059],[-122.60373823899999,45.591996012000038],[-122.60374155299996,45.591996572000028],[-122.60374485199998,45.591997172000049],[-122.60374813799996,45.591997812000045],[-122.60375140499997,45.591998492000073],[-122.60375465699997,45.591999212000076],[-122.60375788899995,45.591999973000043],[-122.60376110199996,45.592000772000063],[-122.60376429399997,45.592001611000057],[-122.60376746599997,45.592002489000038],[-122.60377061399998,45.59200340600006],[-122.60377373899996,45.592004360000033],[-122.60377684099996,45.592005353000047],[-122.60377991699994,45.592006384000058],[-122.60378296699997,45.592007453000065],[-122.60378598999995,45.592008559000078],[-122.60378898499999,45.592009701000052],[-122.60379195199999,45.592010881000078],[-122.60379488799998,45.59201209500003],[-122.60379779499999,45.592013346000044],[-122.60380066799996,45.592014633000076],[-122.60380351099997,45.592015955000079],[-122.60380631899994,45.592017311000063],[-122.60380909399998,45.592018702000075],[-122.60381183399994,45.592020125000033],[-122.60381453699995,45.592021582000029],[-122.60381720299995,45.592023073000064],[-122.60381983299999,45.592024596000044],[-122.60382242499998,45.592026151000027],[-122.60382497699999,45.59202773700008],[-122.60382748899997,45.592029355000079],[-122.60382996199996,45.592031003000045],[-122.60383239199996,45.592032680000045],[-122.60383477999994,45.592034388000059],[-122.60383712699996,45.59203612500005],[-122.60383942799996,45.592037889000039],[-122.60384168699994,45.592039682000063],[-122.60384389899997,45.592041502000029],[-122.60384606699995,45.592043349000051],[-122.60384818799997,45.592045223000071],[-122.60385026199998,45.592047122000054],[-122.60385228999996,45.592049046000056],[-122.60385426699997,45.592050995000079],[-122.60385619799996,45.592052967000029],[-122.60385807899996,45.592054964000056],[-122.60385990899999,45.592056982000031],[-122.60386168799999,45.592059024000037],[-122.60386341899999,45.592061086000058],[-122.60386509599999,45.592063169000028],[-122.60386672199996,45.59206527300006],[-122.60386829399999,45.592067395000072],[-122.60386981399995,45.592069538000032],[-122.60387128099995,45.592071698000041],[-122.60387269299997,45.592073876000029],[-122.60387405199998,45.592076072000054],[-122.60387535599995,45.592078283000035],[-122.60387660399999,45.592080509000027],[-122.60387779599995,45.592082751000078],[-122.60387893299998,45.592085008000026],[-122.60388001399997,45.592087277000076],[-122.60388103799994,45.592089560000034],[-122.60388200599999,45.592091855000035],[-122.60388291499999,45.592094161000034],[-122.60388376799995,45.592096479000077],[-122.60388456199996,45.592098805000035],[-122.60388529899996,45.592101142000047],[-122.60388597799999,45.592103487000031],[-122.60388659799997,45.592105840000045],[-122.60388715999994,45.59210820100003],[-122.60388766299997,45.592110568000066],[-122.60388810599994,45.592112941000039],[-122.60388848999997,45.592115319000072],[-122.60388881699998,45.592117701000063],[-122.60388908299996,45.592120087000069],[-122.60388928999998,45.592122476000043],[-122.60388943799995,45.592124866000063],[-122.60388952599999,45.592127259000051],[-122.60388955399998,45.59212965200004],[-122.60388946199998,45.59234245600004],[-122.60388073999997,45.595831026000042],[-122.60387819399995,45.596486496000068],[-122.60428251099995,45.596484818000079],[-122.60428221399997,45.596181934000072],[-122.60729410599998,45.596168563000049],[-122.60727785499995,45.595936660000064],[-122.60529001299994,45.59593970800006],[-122.60507590599997,45.59592933600004],[-122.60492915999998,45.595905824000056],[-122.60474111299999,45.595866396000076],[-122.60459053499994,45.595831045000068],[-122.60448063899997,45.595794951000073],[-122.60438742799994,45.595751406000034],[-122.60432124899995,45.595704986000044],[-122.60428169999994,45.595659713000032],[-122.60427033699995,45.595644875000062],[-122.60427257199996,45.595643807000044],[-122.60426367699995,45.595631610000055],[-122.60425246299997,45.595612434000031],[-122.60424502099994,45.595585890000052],[-122.60423043299994,45.592342607000035],[-122.60423320899997,45.59234260900007],[-122.60423345799995,45.591764201000046],[-122.60423351999998,45.59175941400008],[-122.60423369999995,45.591754630000025],[-122.60423399999996,45.591749848000063],[-122.60423441899997,45.591745071000048],[-122.60423495599997,45.591740299000037],[-122.60423561099998,45.591735535000055],[-122.60423638499998,45.591730780000034],[-122.60423727699998,45.591726034000033],[-122.60423828599994,45.591721301000064],[-122.60423941299996,45.591716581000071],[-122.60424065799998,45.591711875000044],[-122.60424201999996,45.591707185000075],[-122.60424349599998,45.59170251200004],[-122.60424508999995,45.591697858000032],[-122.60424679899995,45.591693225000029],[-122.60424862299999,45.591688612000041],[-122.60425056199995,45.591684024000074],[-122.60425261299997,45.591679459000034],[-122.60425477899997,45.591674921000049],[-122.60425705699998,45.591670409000074],[-122.60425944499997,45.591665927000065],[-122.60426194599995,45.591661474000034],[-122.60426455699996,45.591657053000063],[-122.60426727799995,45.591652664000037],[-122.60427010599994,45.59164830800006],[-122.60427304299998,45.591643989000033],[-122.60427608699996,45.59163970600008],[-122.60427923699996,45.591635461000067],[-122.60428249099999,45.591631256000028],[-122.60428585099999,45.591627091000078],[-122.60428931199999,45.591622967000035],[-122.60429287599999,45.591618887000038],[-122.60429654099994,45.591614851000031],[-122.60430030499998,45.59161086000006],[-122.60430416899999,45.591606916000046],[-122.60430812999999,45.591603021000026],[-122.60431218599996,45.591599175000056],[-122.60431633799999,45.591595378000079],[-122.60432058299995,45.591591633000064],[-122.60432492199999,45.591587940000068],[-122.60432935099999,45.591584302000058],[-122.60433386999995,45.591580718000046],[-122.60433847699994,45.591577190000066],[-122.60434317199997,45.591573720000042],[-122.60434795099997,45.591570306000051],[-122.60435281599996,45.59156695300004],[-122.60435776299994,45.59156365900003],[-122.60436278999998,45.591560426000058],[-122.60436789699997,45.591557256000044],[-122.60437308299998,45.591554149000046],[-122.60437834499999,45.591551105000065],[-122.60438368199999,45.591548127000067],[-122.60438908999998,45.591545214000064],[-122.60439457199999,45.591542368000034],[-122.60440012399999,45.591539590000025],[-122.60440574299997,45.591536880000035],[-122.60441142999997,45.591534240000044],[-122.60441717999998,45.591531669000062],[-122.60442299399995,45.591529169000069],[-122.60442886899995,45.591526741000052],[-122.60443480399999,45.591524385000071],[-122.60444079599995,45.591522103000045],[-122.60444684399999,45.591519894000044],[-122.60445294699997,45.591517760000045],[-122.60445910099997,45.591515700000059],[-122.60446530499996,45.591513717000055],[-122.60447155799994,45.591511810000043],[-122.60447785699995,45.59150997900008],[-122.60448420099999,45.591508227000077],[-122.60449058799998,45.591506552000055],[-122.60449701499999,45.591504955000062],[-122.60450347999995,45.591503438000075],[-122.60450998299996,45.591502000000048],[-122.60451651999995,45.591500642000028],[-122.60452308999999,45.591499365000061],[-122.60452969099998,45.591498167000054],[-122.60453632099996,45.591497051000033],[-122.60454297699999,45.591496017000054],[-122.60454965699995,45.591495064000071],[-122.60455636099999,45.591494193000074],[-122.60456308599998,45.591493404000062],[-122.60456982899996,45.591492698000081],[-122.60457658799999,45.591492075000076],[-122.60458336199997,45.591491535000046],[-122.60459014899999,45.591491077000057],[-122.60459694499997,45.591490703000034],[-122.60460374999997,45.591490413000031],[-122.60461055999997,45.591490205000071],[-122.60461737599996,45.591490082000064],[-122.60462419299995,45.591490041000043],[-122.60511985999995,45.591489175000049],[-122.60544437799996,45.591490591000081],[-122.60578511799997,45.591489746000036],[-122.60588250899997,45.591491032000079],[-122.60597054199997,45.591493581000066],[-122.60652266199997,45.591511515000036],[-122.60655854299995,45.591512621000049],[-122.60661703099998,45.59151550200005],[-122.60667535499999,45.591519712000036],[-122.60672541199995,45.591524401000072],[-122.60677526399996,45.591530070000033],[-122.60682486999997,45.591536714000028],[-122.60687197399994,45.59154458900008],[-122.60691870799997,45.591553481000062],[-122.60696502999997,45.591563379000036],[-122.60701089599996,45.591574275000028],[-122.60705706699997,45.591586378000045],[-122.60710267399998,45.591599494000036],[-122.60714767399998,45.591613606000067],[-122.60719201899997,45.591628703000026],[-122.60876559799999,45.592239893000055],[-122.61014127799996,45.592775825000047],[-122.61165453599995,45.593364670000028],[-122.61261124699996,45.593737329000078],[-122.61261123799994,45.593737378000071],[-122.61347198399994,45.594072641000025],[-122.61509059899998,45.59470292900005],[-122.61692487399995,45.595416812000053],[-122.61852455199994,45.596039704000077],[-122.61936740299996,45.596367665000059],[-122.61939528699997,45.59637910500004],[-122.61942368999996,45.596389896000062],[-122.61945258399999,45.596400027000072],[-122.61948193499995,45.596409487000074],[-122.61951171299995,45.596418265000068],[-122.61954188499999,45.596426353000027]],[[-122.60768964599998,45.58913212300007],[-122.60773741699995,45.589098568000054],[-122.60776731899995,45.589077542000041],[-122.60777323699995,45.589079968000078],[-122.60795959999996,45.588945466000041],[-122.60817095099998,45.588897665000047],[-122.60835441199998,45.58892512400007],[-122.60853855599998,45.588996902000076],[-122.60878631299994,45.589095799000063],[-122.60886426899998,45.589125350000074],[-122.60896639899994,45.589161845000035],[-122.60933980699997,45.589294308000035],[-122.60953369399999,45.589364346000025],[-122.60982023699995,45.589474438000025],[-122.61013719999994,45.589598250000051],[-122.61022024099998,45.589630623000062],[-122.61030443399994,45.58966149500003],[-122.61041972799995,45.589700722000032],[-122.61053687999998,45.589737134000075],[-122.61062817699997,45.589762646000054],[-122.61072055099999,45.589786172000061],[-122.61081391199997,45.589807689000054],[-122.61091178999999,45.589827882000066],[-122.61101053799996,45.589845868000054],[-122.61111005599997,45.589861627000062],[-122.61122155399994,45.58987694800004],[-122.61133377099998,45.589889423000045],[-122.61142145199995,45.589897147000045],[-122.61150940799996,45.589903134000053],[-122.61159756899997,45.589907379000067],[-122.61168069499996,45.589910030000055],[-122.61176390399999,45.58991059400006],[-122.61193676699997,45.589909600000055],[-122.61212505499998,45.589907372000027],[-122.61232253999998,45.589907018000076],[-122.61255133499998,45.589908647000073],[-122.61280574599999,45.589914176000036],[-122.61296870199999,45.58991969300007],[-122.61338817799998,45.589949507000028],[-122.61349272899997,45.589962399000058],[-122.61359670599995,45.589977409000028],[-122.61370001999995,45.589994525000066],[-122.61381598599996,45.590016407000064],[-122.61393086999999,45.590040944000066],[-122.61404183899998,45.590067936000025],[-122.61415156299995,45.590097337000032],[-122.61423799599999,45.590122459000042],[-122.61432351799999,45.590149076000046],[-122.61440807499997,45.59017717100005],[-122.61455542099998,45.590228192000041],[-122.61495748999999,45.590377939000064],[-122.61533960699995,45.590526535000038],[-122.61599209199994,45.590780923000068],[-122.61675369799997,45.591077166000048],[-122.61740062899997,45.591328683000029],[-122.61744025399997,45.591343535000078],[-122.61744599899998,45.591345708000063],[-122.61745163699999,45.59134801600004],[-122.61745715899997,45.591350457000033],[-122.61746256099997,45.591353027000025],[-122.61746783499996,45.591355724000039],[-122.61747297699998,45.591358545000048],[-122.61747798099998,45.591361487000029],[-122.61748283899999,45.591364546000079],[-122.61748754699994,45.591367718000072],[-122.61749210099998,45.591370999000048],[-122.61749649299998,45.591374388000077],[-122.61750062999999,45.591377803000057],[-122.61750460399998,45.591381311000077],[-122.61750840999997,45.591384911000034],[-122.61751204499996,45.591388597000048],[-122.61751550399998,45.591392364000058],[-122.61751878299998,45.591396211000074],[-122.61752187999997,45.591400132000047],[-122.61752478899996,45.591404121000039],[-122.61752750999995,45.591408178000052],[-122.61753003699999,45.591412294000065],[-122.61753236799996,45.591416467000045],[-122.61753450299994,45.591420692000042],[-122.61753643699996,45.591424964000055],[-122.61753816699996,45.591429279000067],[-122.61760383899997,45.591708607000044],[-122.61760461899996,45.591713093000067],[-122.61760560799996,45.591717559000074],[-122.61760680399999,45.591722000000061],[-122.61760820699999,45.591726412000071],[-122.61760981399999,45.591730788000064],[-122.617611625,45.591735125000071],[-122.61761363599999,45.591739419000078],[-122.61761584699997,45.591743664000035],[-122.61761825299999,45.59174785600004],[-122.61762085399999,45.591751990000034],[-122.61762364699996,45.591756063000048],[-122.61762662699999,45.591760068000042],[-122.61763002099997,45.591764277000038],[-122.61763362199997,45.591768400000035],[-122.61763742799997,45.591772432000027],[-122.61764143099998,45.59177636700008],[-122.61764562799999,45.591780202000052],[-122.61765001399999,45.591783931000066],[-122.61765458299999,45.591787550000049],[-122.61765932999998,45.591791055000044],[-122.61766424799998,45.591794441000047],[-122.61766933299998,45.591797704000044],[-122.61767457699995,45.591800840000076],[-122.61767997199996,45.591803846000062],[-122.61768551599999,45.591806717000054],[-122.61769119999997,45.591809449000039],[-122.61799674499997,45.591928156000051],[-122.61853068099998,45.592136139000047],[-122.61853593199999,45.59213830200008],[-122.61854128399995,45.592140339000025],[-122.61854673099998,45.592142249000062],[-122.61855226599999,45.592144028000064],[-122.61855788299999,45.59214567600003],[-122.61856357699997,45.592147190000048],[-122.61856933899998,45.592148569000074],[-122.61857516499998,45.59214981000008],[-122.61858104599997,45.592150913000069],[-122.61858697699995,45.592151877000049],[-122.61859295099998,45.592152701000032],[-122.61859884699999,45.592153371000052],[-122.61860477199997,45.592153902000064],[-122.61861071899995,45.592154298000025],[-122.61861668199998,45.592154554000047],[-122.61862265299999,45.592154673000039],[-122.61862862499999,45.59215465300008],[-122.61863459499995,45.592154494000056],[-122.61864055399997,45.59215419700007],[-122.61864649399996,45.592153761000077],[-122.61865241099997,45.592153189000044],[-122.61865829899995,45.592152480000038],[-122.61866414999997,45.592151634000061],[-122.61866995699995,45.592150653000033],[-122.61867571499999,45.592149538000058],[-122.61868141799999,45.592148290000068],[-122.61906992399997,45.592044151000039],[-122.61907658299998,45.592042176000064],[-122.61908333699995,45.592040367000038],[-122.61909017699998,45.592038727000045],[-122.61909709699995,45.592037256000026],[-122.61910408499995,45.592035957000064],[-122.61911113399998,45.592034831000035],[-122.61911823399998,45.592033881000077],[-122.61912537899997,45.592033106000031],[-122.61913255699994,45.592032509000035],[-122.61913975999994,45.592032090000032],[-122.61914683899994,45.592031851000058],[-122.61915392499998,45.592031785000074],[-122.61916100999997,45.592031889000054],[-122.61916808599995,45.592032166000081],[-122.61917514399994,45.592032614000061],[-122.61918217599998,45.592033233000052],[-122.61918917199995,45.592034021000075],[-122.61919612799994,45.592034979000061],[-122.61920302999999,45.592036105000034],[-122.61920987399998,45.59203739600008],[-122.61921664999994,45.592038854000066],[-122.61922335099996,45.592040474000044],[-122.61922996699997,45.59204225600007],[-122.61923649299996,45.592044197000064],[-122.61924291699995,45.592046296000035],[-122.61924923599997,45.592048547000047],[-122.61962887499999,45.59219607700004],[-122.62011737099999,45.592386004000048],[-122.62048831499999,45.592530446000069],[-122.62098370299998,45.59272340800004],[-122.62117447999998,45.592797621000045],[-122.62125206799999,45.592830086000049],[-122.62132743099994,45.592864037000027],[-122.62157637399997,45.592978259000063],[-122.62179931299994,45.593085292000069],[-122.62199996599998,45.593185771000037],[-122.62210072399995,45.593244748000075],[-122.62211180999998,45.593250936000061],[-122.62212259999995,45.593257374000075],[-122.62213308499997,45.593264057000056],[-122.62214325199994,45.593270977000032],[-122.62215309399994,45.593278127000076],[-122.62216259399997,45.593285500000036],[-122.62217174799997,45.593293086000074],[-122.62218054299996,45.593300878000036],[-122.62218896899998,45.593308869000055],[-122.62219701899994,45.593317048000074],[-122.62220468399994,45.593325409000045],[-122.62221195599994,45.593333940000036],[-122.62221882499995,45.593342635000056],[-122.62222551499997,45.593351809000069],[-122.62223175799994,45.593361138000034],[-122.62223754699994,45.593370611000068],[-122.62224287599997,45.593380216000071],[-122.62224773699995,45.593389942000044],[-122.62225212599998,45.593399777000059],[-122.62225603599995,45.593409713000028],[-122.62225946499996,45.593419734000065],[-122.62226240699999,45.593429833000073],[-122.62226486099996,45.593439996000029],[-122.62226682199997,45.593450211000061],[-122.62226828899998,45.593460466000067],[-122.62226925799996,45.593470751000041],[-122.62226973099996,45.593481053000062],[-122.62226970699999,45.593491361000076],[-122.62226707899998,45.593511526000043],[-122.62226343699996,45.593531614000028],[-122.62225878599997,45.593551597000044],[-122.62225312999999,45.593571454000028],[-122.62224647699998,45.593591158000038],[-122.62223883699994,45.593610684000055],[-122.62223521299995,45.593619101000058],[-122.62221801099997,45.593656107000072],[-122.62219921999997,45.593692730000043],[-122.62218583899994,45.593716882000081],[-122.62217176499996,45.593740839000077],[-122.62209132999999,45.593864544000041],[-122.62200730799998,45.593981209000049],[-122.62187847199999,45.594146403000025],[-122.62180127599999,45.594239690000052],[-122.62170037399994,45.594357219000074],[-122.62163889699997,45.594426263000059],[-122.62157063799998,45.59448683100004],[-122.62148354399994,45.594547416000069],[-122.62135219799995,45.59461917200008],[-122.62122206599997,45.594663277000052],[-122.62107467399994,45.594682783000053],[-122.62094987499995,45.594679897000049],[-122.62080388499999,45.594652418000067],[-122.62069452099996,45.594609534000028],[-122.62060753199995,45.59457546200008],[-122.62039194799996,45.594491750000032],[-122.62027346599996,45.594445522000058],[-122.61996041999998,45.594323659000054],[-122.61988076999995,45.594292548000055],[-122.61978505099995,45.594255390000058],[-122.61968586399996,45.594216779000078],[-122.61961848799996,45.594190863000051],[-122.61954181199997,45.594160701000078],[-122.61942747899997,45.594116192000058],[-122.61925785499994,45.594050263000042],[-122.61897090299999,45.593938345000026],[-122.61884975299995,45.593890972000054],[-122.61839824199996,45.593715197000051],[-122.61838189399998,45.593708938000077],[-122.61829569199995,45.593675379000047],[-122.61820612299999,45.593640614000037],[-122.61809713299999,45.593598393000036],[-122.61809700699996,45.593598553000049],[-122.61791116599994,45.593526203000067],[-122.61782216799998,45.593491659000051],[-122.61773877499996,45.593458879000025],[-122.61764021099998,45.593420612000045],[-122.61753236199996,45.593378833000031],[-122.61741946299998,45.593334774000027],[-122.61730537499994,45.59329014900004],[-122.61719844999999,45.593248520000031],[-122.61707335499995,45.593199923000043],[-122.61691006299998,45.593136349000076],[-122.61677465699995,45.593083841000066],[-122.61650411199997,45.592978300000027],[-122.61641386199994,45.592943268000056],[-122.61632174099998,45.592907401000048],[-122.61617307599994,45.592849626000032],[-122.61609711299997,45.592820259000064],[-122.61594053999994,45.592759300000068],[-122.61586748699995,45.592730961000029],[-122.615794446,45.592702419000034],[-122.61564552899995,45.592644021000069],[-122.61555630499998,45.592609386000049],[-122.61543116399997,45.592560663000029],[-122.61531935599999,45.592516922000073],[-122.61521391299999,45.592475868000065],[-122.61512446199998,45.592441145000066],[-122.61505843199996,45.592415226000071],[-122.61494394299996,45.592370546000041],[-122.614838943,45.59232987200005],[-122.61474915199994,45.592295016000037],[-122.61469411499996,45.592273273000046],[-122.61461330799995,45.592242124000052],[-122.61449220199995,45.592195075000063],[-122.61440151299996,45.59215965900006],[-122.61430705299995,45.59212298500006],[-122.61421549199997,45.592087543000048],[-122.61412281599996,45.592051249000065],[-122.61402506699994,45.592013085000076],[-122.61392555999998,45.59197413000004],[-122.61385182499998,45.591945526000075],[-122.61360356899996,45.59184833900008],[-122.61352082699995,45.591816435000055],[-122.61341252699998,45.591774475000079],[-122.61327612799994,45.591721155000073],[-122.613196776,45.591690048000032],[-122.61312588899995,45.59166255100007],[-122.61302226999999,45.591622204000032],[-122.61291170799996,45.591579153000055],[-122.61280633099994,45.591538016000072],[-122.61275771199996,45.591519084000026],[-122.61253200599998,45.591431616000079],[-122.61245395799995,45.591401120000057],[-122.61232227899995,45.591349741000045],[-122.61210654299998,45.591265108000073],[-122.61203045799999,45.591235899000026],[-122.61195194299995,45.59120542900007],[-122.61185225999998,45.591166509000061],[-122.61175742499995,45.591129371000079],[-122.61168523499998,45.591101261000063],[-122.61161878999997,45.591075491000026],[-122.61154853599999,45.591048134000062],[-122.61146456799997,45.59101533200004],[-122.61135605599998,45.590973078000047],[-122.61126457399996,45.590937350000047],[-122.61117783499998,45.590903155000035],[-122.61108072299999,45.590865130000054],[-122.61095980099998,45.590818041000034],[-122.61086403099995,45.59078095600006],[-122.61079084299996,45.590752979000058],[-122.61060399499996,45.590680217000056],[-122.61054780999996,45.590658234000045],[-122.61043594799997,45.590614568000035],[-122.61034297399999,45.590578467000057],[-122.61026776199998,45.59054928300003],[-122.61013194999998,45.590495977000046],[-122.61004636499996,45.590462961000071],[-122.60983185099997,45.590379424000048],[-122.60975728499994,45.590350178000051],[-122.60970069599995,45.590328140000054],[-122.60964165399997,45.590305252000064],[-122.60957766399997,45.590280332000077],[-122.60951476199995,45.590255733000049],[-122.60945219099995,45.590231469000059],[-122.60936969299996,45.590199446000042],[-122.60915277799995,45.590115182000034],[-122.60905526399995,45.590077101000077],[-122.60901829699998,45.590062763000049],[-122.60901498999999,45.590067242000032],[-122.60863653499996,45.589919782000038],[-122.60761600599994,45.58952229700003],[-122.60730119599998,45.589399893000063],[-122.60735568199999,45.589361627000073],[-122.60735864999998,45.589364606000061],[-122.60740377799999,45.589332694000063],[-122.60743220899997,45.589312824000046],[-122.60746369099996,45.589290696000035],[-122.60748730299997,45.589274241000055],[-122.60753030099994,45.589244202000032],[-122.60758129899995,45.58920813800006],[-122.60763730899998,45.589168922000056],[-122.60768964599998,45.58913212300007]],[[-122.60687796599996,45.589694929000075],[-122.60734235799998,45.589875974000051],[-122.60836414499994,45.590276398000071],[-122.60873578699994,45.590420753000046],[-122.60873396099998,45.590422697000065],[-122.60878749599999,45.590443545000028],[-122.60888172199998,45.590480136000053],[-122.60898646099997,45.590521134000028],[-122.60906053299999,45.590549876000068],[-122.60924030699999,45.59062009400003],[-122.60940621399999,45.590684495000062],[-122.60947025499996,45.590709538000056],[-122.60957108499997,45.590748700000063],[-122.60964084299997,45.590775552000025],[-122.60971405699996,45.590804063000064],[-122.60979322899999,45.590835208000044],[-122.60986315199995,45.590862229000038],[-122.60991559199999,45.590882545000056],[-122.61002052199996,45.590923302000078],[-122.61015008299995,45.590973966000035],[-122.61024966199994,45.591012639000041],[-122.61028785699995,45.591027617000066],[-122.61038720799996,45.591066202000036],[-122.61058212799998,45.59114231500007],[-122.61081716699999,45.591233424000052],[-122.61088605299994,45.591260249000072],[-122.61094040499995,45.59128172700008],[-122.61098761899996,45.591299799000069],[-122.61105035799994,45.591324230000055],[-122.61113961499996,45.591359196000042],[-122.61118026499997,45.591375025000048],[-122.61118044199998,45.59137498900003],[-122.61122940199999,45.59139405500008],[-122.61130152799996,45.591422246000036],[-122.61138862199999,45.59145636900007],[-122.61138855999997,45.591456449000077],[-122.61151603599995,45.591505984000037],[-122.61169866199998,45.591577308000069],[-122.61179066399995,45.591613133000067],[-122.61195165699996,45.591676031000077],[-122.61203978799995,45.591710350000028],[-122.61210384399999,45.59173518700004],[-122.61215438799996,45.591755078000062],[-122.61220043199995,45.591773257000057],[-122.61233383399997,45.59182753500005],[-122.61246669699995,45.591885845000036],[-122.61259658299997,45.591947373000039],[-122.61272333299996,45.592012042000079],[-122.61276972399997,45.592037477000076],[-122.61281484799997,45.592064012000037],[-122.61285865099995,45.592091616000062],[-122.61290108199995,45.592120257000033],[-122.61294208999999,45.592149902000074],[-122.61298163099997,45.592180515000052],[-122.61301965399997,45.592212060000065],[-122.61303428599996,45.592225083000073],[-122.61304826899999,45.59223845300005],[-122.61306158499997,45.59225215400005],[-122.61307421899994,45.592266171000063],[-122.61308615499996,45.59228048500006],[-122.61309737999994,45.592295080000042],[-122.61310787899998,45.592309939000074],[-122.61311764099997,45.592325045000052],[-122.61312665399998,45.592340377000028],[-122.61313490699996,45.592355919000056],[-122.61314238999995,45.592371652000054],[-122.61314909299995,45.592387557000052],[-122.61315501099995,45.59240361600007],[-122.61316013399994,45.592419808000045],[-122.61316445599999,45.592436115000055],[-122.61316797299997,45.592452517000027],[-122.61317068199997,45.592468995000047],[-122.61317257799999,45.592485528000054],[-122.61317365799999,45.592502099000058],[-122.61317392299998,45.592518685000073],[-122.61317337099996,45.592535267000073],[-122.61317200399998,45.592551826000033],[-122.61316981999994,45.59256834200005],[-122.61316682699999,45.59258479500005],[-122.61316166699999,45.592608313000028],[-122.61315540399994,45.592631698000048],[-122.61314804299997,45.592654925000033],[-122.61313959299997,45.592677967000043],[-122.61313006099999,45.592700802000081],[-122.61311945999995,45.592723403000036],[-122.61310779999997,45.592745746000048],[-122.613095096,45.592767805000051],[-122.61308962899994,45.592777586000068],[-122.61308375199997,45.592787248000036],[-122.61307846999995,45.592795312000078],[-122.61307290199994,45.592803280000055],[-122.61306704999998,45.592811148000067],[-122.61299482899994,45.592909361000068],[-122.61298388899996,45.592927936000081],[-122.61297206999996,45.592946243000029],[-122.61295938499995,45.592964262000066],[-122.61294584799998,45.592981973000064],[-122.61293147399999,45.592999356000064],[-122.61291627999998,45.593016391000049],[-122.61290028099995,45.593033061000028],[-122.61288349699998,45.593049344000065],[-122.61286594699999,45.593065224000043],[-122.61284764899995,45.593080683000039],[-122.61282862499996,45.593095703000074],[-122.61280889499994,45.593110269000078],[-122.61278877899997,45.593124162000038],[-122.61276802199995,45.593137583000043],[-122.61274664499996,45.593150516000037],[-122.61272467299995,45.593162947000053],[-122.61270212699998,45.593174862000069],[-122.61267903499999,45.593186249000041],[-122.61265541999995,45.593197094000061],[-122.61264033299994,45.593202326000039],[-122.61262501399995,45.593207213000028],[-122.61260947899996,45.593211752000059],[-122.61259374399998,45.593215938000071],[-122.61257782599995,45.593219765000072],[-122.61256173899994,45.593223231000081],[-122.61254550199999,45.593226332000029],[-122.61252913299995,45.593229063000081],[-122.61251264499998,45.593231424000066],[-122.61249605799998,45.593233411000028],[-122.61247938899999,45.593235021000055],[-122.61246157899996,45.593236320000074],[-122.61244371599997,45.593237191000071],[-122.61242582099999,45.593237630000033],[-122.61240791499995,45.593237640000041],[-122.61239002099995,45.593237219000059],[-122.61237215599999,45.593236367000031],[-122.61235434299999,45.593235087000039],[-122.61233660299996,45.593233378000036],[-122.61231895699996,45.593231245000027],[-122.61230142699998,45.593228687000078],[-122.61228402999996,45.59322571000007],[-122.61222883299996,45.593218002000071],[-122.61217402899996,45.593209019000028],[-122.61211967699995,45.593198768000036],[-122.61206583799998,45.593187262000072],[-122.61200930399997,45.593173687000046],[-122.61195348399997,45.593158728000049],[-122.61189844599994,45.593142403000058],[-122.61184425799996,45.593124732000035],[-122.61032961999996,45.592537298000025],[-122.60895601899995,45.592000413000051],[-122.60737606699996,45.591385382000055],[-122.60670441599996,45.591123497000069],[-122.60650297399997,45.591044758000066],[-122.606460046,45.591028674000029],[-122.60641780499998,45.591011715000036],[-122.60637628999996,45.590993896000043],[-122.60633553499997,45.590975232000062],[-122.60629150799997,45.590953685000045],[-122.60624849399994,45.590931152000053],[-122.60620653599995,45.590907658000049],[-122.60616568099999,45.590883225000027],[-122.60610640899995,45.590847691000079],[-122.60604872399995,45.590810892000036],[-122.60599268099998,45.590772862000051],[-122.60594833899995,45.590741718000061],[-122.60593944399994,45.590735262000067],[-122.60593085499994,45.590728605000038],[-122.60592257999997,45.590721754000072],[-122.60591462999997,45.590714716000036],[-122.60590701199999,45.590707500000065],[-122.60589973499998,45.590700112000036],[-122.60589280599999,45.590692561000026],[-122.60588623299998,45.590684854000074],[-122.60588002299994,45.590677001000074],[-122.60587418399996,45.590669009000067],[-122.60586871899994,45.59066088600008],[-122.60586363599998,45.590652643000055],[-122.60585894199994,45.590644287000032],[-122.60585531499999,45.590637094000044],[-122.60585315299994,45.59063255500007],[-122.60585110599999,45.590627989000041],[-122.60584917099999,45.590623400000027],[-122.60584735099997,45.59061878600005],[-122.60584564599998,45.590614152000057],[-122.60584405599997,45.590609498000049],[-122.60584258099999,45.590604825000071],[-122.60584122399996,45.590600134000056],[-122.60583998399994,45.590595428000029],[-122.605838861,45.590590707000047],[-122.60583785399996,45.590585973000032],[-122.60583696699996,45.590581228000076],[-122.60583619599998,45.590576472000066],[-122.60583554499999,45.590571707000038],[-122.60583501099995,45.590566935000027],[-122.60583459699996,45.590562158000068],[-122.60583430099996,45.590557376000049],[-122.60583412499994,45.590552591000062],[-122.60583406799998,45.590547805000028],[-122.60583412899996,45.590543019000052],[-122.60583430899999,45.590538234000064],[-122.60583460799995,45.590533452000045],[-122.60583502499998,45.59052867500003],[-122.60583556199998,45.590523903000076],[-122.60583621699999,45.590519140000026],[-122.60583699099999,45.590514384000073],[-122.60583788299999,45.590509638000071],[-122.60583889299994,45.590504905000046],[-122.60584001899997,45.590500185000053],[-122.60584126299995,45.590495479000026],[-122.60584262499998,45.590490788000068],[-122.60584410099995,45.590486116000079],[-122.60584569499997,45.590481462000071],[-122.60584740399997,45.590476828000078],[-122.60584922799995,45.59047221600008],[-122.60585116499999,45.590467627000066],[-122.60585321699995,45.590463063000072],[-122.60585538199996,45.590458524000042],[-122.60585765899998,45.590454013000056],[-122.60586004799995,45.590449529000068],[-122.60586254799995,45.590445077000027],[-122.60586515799997,45.590440655000066],[-122.60586787799997,45.59043626700003],[-122.60587070799994,45.590431912000042],[-122.60587364299994,45.590427592000026],[-122.60587668699998,45.590423309000073],[-122.60587983699997,45.590419064000059],[-122.60588309099995,45.590414858000031],[-122.60588644999996,45.590410693000081],[-122.60588991099996,45.590406569000038],[-122.60589347499996,45.590402490000031],[-122.60589713999997,45.590398453000034],[-122.60590090399995,45.590394462000063],[-122.60590476699997,45.590390518000049],[-122.60590872699998,45.59038662200004],[-122.60591278299995,45.590382776000069],[-122.60591693399999,45.590378979000036],[-122.60592117999994,45.590375235000067],[-122.60592551799999,45.590371542000071],[-122.60592994699999,45.590367903000072],[-122.60593446499996,45.590364319000059],[-122.60593907299994,45.59036079100008],[-122.60594376599994,45.590357320000066],[-122.60594854499999,45.590353907000065],[-122.60609358899995,45.590252126000053],[-122.60609367599994,45.590252185000054],[-122.60612086799995,45.590232894000053],[-122.60616687499999,45.59020091800005],[-122.60621126799998,45.590169752000065],[-122.60624620999999,45.59014536400008],[-122.60627607799995,45.590124288000027],[-122.60633009199995,45.59008631100005],[-122.60643015299996,45.590016109000032],[-122.60642581799999,45.590014306000057],[-122.60687796599996,45.589694929000075]],[[-122.60924762699995,45.586629465000044],[-122.60927835999996,45.586630753000065],[-122.60930800899996,45.586633454000037],[-122.60932990399999,45.586636619000046],[-122.60936202299996,45.586643355000035],[-122.60938790199998,45.586650747000078],[-122.60941759999997,45.586661663000029],[-122.60944306099998,45.586673434000033],[-122.60947319499996,45.586690928000053],[-122.60950398799997,45.586713244000066],[-122.60952313299998,45.58672892800007],[-122.60953983799999,45.586745931000053],[-122.60955391999994,45.586764068000036],[-122.60956522499998,45.586783137000054],[-122.60957625599997,45.586806872000068],[-122.60958776999996,45.586838076000049],[-122.60959615599995,45.586869767000053],[-122.60960036799997,45.586893764000081],[-122.60960299599998,45.58692029000008],[-122.60960362699996,45.586946557000033],[-122.60960294899996,45.586969288000034],[-122.60959993199998,45.587001564000047],[-122.60959451299999,45.587033685000051],[-122.60958721799994,45.587063650000061],[-122.60957926599997,45.587088208000068],[-122.60956949499996,45.587112440000055],[-122.60955793099998,45.587136279000049],[-122.60954460699998,45.587159662000033],[-122.60952955699997,45.587182521000045],[-122.60950106699994,45.587221001000046],[-122.60947474399995,45.587253499000042],[-122.609446822,45.587285330000043],[-122.60940467899997,45.587329130000057],[-122.60937304099997,45.587359198000058],[-122.60932406299997,45.587402630000042],[-122.60932413099999,45.587404480000032],[-122.60820944699998,45.58818659800005],[-122.60809708499994,45.588265135000029],[-122.60802715799997,45.588309620000075],[-122.60799627399996,45.588331183000037],[-122.60776208699997,45.588373128000057],[-122.60752497099998,45.588299163000045],[-122.60749346099999,45.588280807000046],[-122.60746258299997,45.588261929000055],[-122.60744252999996,45.58824891200004],[-122.60742315199997,45.588235398000052],[-122.60735299599997,45.58818281200007],[-122.60732998199995,45.588164430000063],[-122.60730767899997,45.58814562200007],[-122.60730369699996,45.588142054000059],[-122.60729988499997,45.588138394000055],[-122.60729624599998,45.588134650000029],[-122.60729278399998,45.588130823000029],[-122.60728950499998,45.588126918000057],[-122.60728640799999,45.588122941000051],[-122.60728349999999,45.588118893000058],[-122.60728078499994,45.588114780000069],[-122.60727826199997,45.588110608000079],[-122.60727593599995,45.588106378000077],[-122.60727436999997,45.58810322800008],[-122.60727582699997,45.588102175000074],[-122.60725704899994,45.588057727000034],[-122.60724220999998,45.588012549000041],[-122.60723409099995,45.587978132000046],[-122.60723300499996,45.587954737000075],[-122.60723411699996,45.587943051000025],[-122.60723784099997,45.587925687000052],[-122.60724899299998,45.587895919000061],[-122.60726744199997,45.587860848000048],[-122.60729098799999,45.587827314000037],[-122.60743539199996,45.587699823000037],[-122.60758127399998,45.587572832000035],[-122.60771329199997,45.587456099000065],[-122.60789289699994,45.587305628000081],[-122.60803260899996,45.587204329000031],[-122.60807216899997,45.587173596000071],[-122.60823223799997,45.587069874000065],[-122.60837758399998,45.586981403000038],[-122.60855049799994,45.586883322000062],[-122.60861591999998,45.586848505000034],[-122.60872731499995,45.586786991000054],[-122.60876627799996,45.586767016000067],[-122.60882652699996,45.586738873000058],[-122.60892878899995,45.586698839000064],[-122.60901568199995,45.586666900000068],[-122.60905247099998,45.586655649000079],[-122.60909988099996,45.586644166000042],[-122.60912894899997,45.586638683000047],[-122.60916329099996,45.586633694000056],[-122.60918615299994,45.586631414000067],[-122.60921684199997,45.586629685000048],[-122.60924762699995,45.586629465000044]],[[-122.57599711499995,45.586481124000045],[-122.57596987999995,45.586511115000064],[-122.57594179799997,45.586535308000066],[-122.57591733899994,45.586553656000035],[-122.57589405899995,45.586569207000025],[-122.57587412999999,45.586581250000052],[-122.57584863099999,45.586595163000027],[-122.57581902299995,45.586609457000066],[-122.57579586199995,45.586619394000081],[-122.57576890999997,45.586629713000036],[-122.57574481799998,45.586637886000062],[-122.57571374599996,45.586647072000062],[-122.57568197099999,45.586654987000031],[-122.57565532999996,45.586660538000046],[-122.575620448,45.586666379000064],[-122.57558461299999,45.586670763000029],[-122.57555120499995,45.586673418000032],[-122.57551335199997,45.586674792000053],[-122.57548090499995,45.586674602000073],[-122.57543354599994,45.586672049000072],[-122.57538334399999,45.586666339000033],[-122.57533382799994,45.586657550000041],[-122.57527629599997,45.586643412000058],[-122.57515141999994,45.586594692000062],[-122.57432260999997,45.586271659000033],[-122.57359658999997,45.585989881000046],[-122.57269758099994,45.585639086000072],[-122.57183245499999,45.58530233700003],[-122.57098420499995,45.58497137300003],[-122.57001339199996,45.584592705000034],[-122.56974449199998,45.584488203000035],[-122.56974792099999,45.584483809000062],[-122.56964608899995,45.584444464000057],[-122.56955747499995,45.584409558000061],[-122.56947234399996,45.584376676000034],[-122.56938550299998,45.584342547000062],[-122.56926585099995,45.584274153000081],[-122.56917593599997,45.584195575000081],[-122.56910739799997,45.584097951000047],[-122.56907842399994,45.584015052000041],[-122.56907470199997,45.583943255000065],[-122.56909150399997,45.583868352000081],[-122.56912059899997,45.583812808000062],[-122.56916696299999,45.583759938000071],[-122.56921461599995,45.583722994000027],[-122.56924620499996,45.58370418100003],[-122.56928077699996,45.583687625000039],[-122.56932681299998,45.583670391000055],[-122.56935831499999,45.583661296000059],[-122.56939608899995,45.583652948000065],[-122.56942756299998,45.583647964000079],[-122.56945866399997,45.58364470500004],[-122.56949248099994,45.583642979000047],[-122.56952259499997,45.58364300900007],[-122.56955050399995,45.583644355000047],[-122.56959469599997,45.583647946000042],[-122.56965744299998,45.583654592000073],[-122.56972714099999,45.583664145000057],[-122.56978165899994,45.583673247000036],[-122.56982864799994,45.583682271000043],[-122.56990472899997,45.583699272000047],[-122.570037894,45.583736572000078],[-122.57025451099997,45.583806902000049],[-122.57061358499999,45.583929795000074],[-122.57107713599999,45.584100517000081],[-122.57273890499999,45.584754428000053],[-122.57326222999995,45.584957572000064],[-122.57598841399999,45.58602170100005],[-122.57620588299994,45.586105614000076],[-122.57622763299997,45.586116648000029],[-122.57623771199997,45.586123939000061],[-122.57624757999997,45.58613325400006],[-122.57625545699995,45.586143365000055],[-122.57626130399996,45.58615422500003],[-122.57626493999999,45.586165550000032],[-122.57626588699998,45.586174891000041],[-122.57626412499997,45.586183888000051],[-122.57625973499995,45.586192431000029],[-122.57625002099996,45.586202599000046],[-122.57599711499995,45.586481124000045]],[[-122.56841351499997,45.583773439000026],[-122.56829120799995,45.583818270000052],[-122.56818099399999,45.583830769000031],[-122.56809125499996,45.583824509000067],[-122.56802072499994,45.583810711000069],[-122.56752203299999,45.583616108000058],[-122.56743603999996,45.583559666000042],[-122.56737389399996,45.583508428000073],[-122.56730411799998,45.583425755000064],[-122.56726113099995,45.58333942400003],[-122.56724727199997,45.583262983000054],[-122.56725334299995,45.583195041000067],[-122.56727467699994,45.583133188000033],[-122.56730735599996,45.583082683000043],[-122.56736834999998,45.58302492100006],[-122.56745493299996,45.582975451000038],[-122.56755637299995,45.58294339300005],[-122.56766107899995,45.582930837000049],[-122.56778873899998,45.582937877000063],[-122.56793857199995,45.58296062800008],[-122.56806411999997,45.582990393000046],[-122.56816813899997,45.583023254000068],[-122.56830270499995,45.583078512000043],[-122.56842926699994,45.583146556000031],[-122.56854940099998,45.583230523000054],[-122.56864632199995,45.583320485000058],[-122.56867710799997,45.583368519000032],[-122.568695779,45.583428898000079],[-122.56869329299997,45.583497915000066],[-122.56866065899999,45.583573199000057],[-122.56860374499996,45.583634485000061],[-122.56841351499997,45.583773439000026]],[[-122.61022387299994,45.586554057000058],[-122.61016641499998,45.586550257000056],[-122.61011917799999,45.586543880000079],[-122.61007531799999,45.586534838000034],[-122.61003572099997,45.586522789000071],[-122.60999851099996,45.586507442000027],[-122.60996437299997,45.586489106000045],[-122.60992829399999,45.586464595000052],[-122.60990635499996,45.586446841000054],[-122.60989108699999,45.586432842000079],[-122.60986846799995,45.586408845000051],[-122.60984897199995,45.586379564000026],[-122.60983306599996,45.586348955000062],[-122.60981919299996,45.586311366000075],[-122.60981233999996,45.58628167300003],[-122.60980937099998,45.586250948000043],[-122.60981099299994,45.586220172000026],[-122.60981762999995,45.586187593000034],[-122.60982728499999,45.586159374000033],[-122.60984202799995,45.586128382000027],[-122.60987065099999,45.586078401000066],[-122.60989623599994,45.586040418000039],[-122.60992369699994,45.586003078000033],[-122.60996832599994,45.585948386000041],[-122.61001617299996,45.585896231000049],[-122.61005306299995,45.58585886000003],[-122.61010767899995,45.585805969000035],[-122.61016453499997,45.585753207000039],[-122.61022256099994,45.585701077000067],[-122.61033805399995,45.585601593000035],[-122.61039117399997,45.58555778200008],[-122.61047418099997,45.585492299000066],[-122.61057152199999,45.585418424000068],[-122.61067010699998,45.58534536600007],[-122.61359121699996,45.583293655000034],[-122.61362547999994,45.583270897000034],[-122.61450354199997,45.58265429000005],[-122.61461152599998,45.582580515000075],[-122.61467570299999,45.58253903700006],[-122.61479263399997,45.582467296000061],[-122.61494152099999,45.58238259400008],[-122.61502256599999,45.582339071000035],[-122.61508422199995,45.582307481000043],[-122.61515645299994,45.582271053000056],[-122.61522887999996,45.582240892000073],[-122.61537794299994,45.582181572000081],[-122.61543793599998,45.582158403000051],[-122.61550887599998,45.582137576000036],[-122.61556020099999,45.582131300000071],[-122.61562822799999,45.582132368000032],[-122.61567793099999,45.582137917000068],[-122.61571049199995,45.582143625000072],[-122.61574240899995,45.582150905000049],[-122.61577249699997,45.582159406000073],[-122.61581160799994,45.582173093000051],[-122.61583558999996,45.582183101000055],[-122.61587924799994,45.582204932000081],[-122.61594198299997,45.582246699000052],[-122.61596582499999,45.582266395000033],[-122.61599816199998,45.582297814000071],[-122.61601679799998,45.582319291000033],[-122.61603294199995,45.582340951000049],[-122.61604704999996,45.582363304000069],[-122.61605906199998,45.582386252000049],[-122.61606892899999,45.582409698000049],[-122.61607670199999,45.582433937000076],[-122.61608216299999,45.582458888000076],[-122.61608513199997,45.582484044000068],[-122.61608049199998,45.582526770000072],[-122.61607207099996,45.582572047000042],[-122.61605925799995,45.582608830000027],[-122.61604134999999,45.582644547000029],[-122.61601566999997,45.582682491000071],[-122.61598565899999,45.582716892000064],[-122.61595092299996,45.582748740000056],[-122.61594319299996,45.582756971000038],[-122.61355470999996,45.584434152000028],[-122.61069007799995,45.58644597600005],[-122.61068813199995,45.586445672000025],[-122.61063149299997,45.586474174000045],[-122.61060411299997,45.58648626400003],[-122.61057339699994,45.586498359000075],[-122.61054182199996,45.586509309000064],[-122.61050947299998,45.586519083000042],[-122.61045408299998,45.586532692000048],[-122.61039994399999,45.586542491000046],[-122.61033560799996,45.586550250000073],[-122.61028359799997,45.586553604000073],[-122.61022387299994,45.586554057000058]],[[-122.62040761399999,45.594968638000068],[-122.62052347399998,45.595013668000036],[-122.62054504499997,45.595027258000073],[-122.62056424699995,45.595038824000028],[-122.62058278699999,45.595050912000033],[-122.62060063299998,45.595063502000073],[-122.62061776199999,45.595076574000075],[-122.62063712799994,45.59509330000003],[-122.62065516899997,45.595110740000052],[-122.62067182899995,45.595128843000055],[-122.62068706499997,45.595147557000075],[-122.62070178399995,45.59516792800008],[-122.62071478999997,45.595188865000068],[-122.62072603699994,45.59521029900003],[-122.62073548899997,45.595232155000076],[-122.62073990199997,45.595243406000066],[-122.62074376399994,45.595254891000081],[-122.62074701699999,45.59526646900008],[-122.62074974699999,45.595278575000066],[-122.62075138499995,45.595288418000052],[-122.62075268799998,45.595298286000059],[-122.62075365399994,45.595308173000035],[-122.62075428199995,45.595318074000033],[-122.62075472199996,45.595329322000055],[-122.62075470399998,45.59534057500008],[-122.62075422999999,45.595351822000055],[-122.62075329699996,45.595363055000064],[-122.62075144499994,45.595376460000068],[-122.62074897299999,45.595389817000068],[-122.62074588799999,45.595403110000063],[-122.62074219099998,45.595416326000077],[-122.62073724499999,45.595431692000034],[-122.62073147099994,45.595446913000046],[-122.62072487699999,45.595461971000077],[-122.62071017699998,45.595489471000064],[-122.62070608799996,45.595495811000035],[-122.62070184799995,45.595502102000069],[-122.62069745599996,45.595508342000073],[-122.62069291699999,45.59551452900007],[-122.62065883199995,45.595558437000079],[-122.620620213,45.595607897000036],[-122.62058965099999,45.595646591000047],[-122.62056556499999,45.59567015500005],[-122.62055743699995,45.595680042000026],[-122.62034495399996,45.595954673000051],[-122.62033666399998,45.59596521800006],[-122.62032789399996,45.595975569000075],[-122.62031865199998,45.59598571500004],[-122.62030894799994,45.595995647000052],[-122.62029879199997,45.596005354000056],[-122.62028819399995,45.596014825000054],[-122.62027716599999,45.596024051000029],[-122.62026572099995,45.596033023000075],[-122.62025386699997,45.596041730000081],[-122.62024161899996,45.596050164000076],[-122.62022899099998,45.59605831500005],[-122.62021599399998,45.596066176000079],[-122.62020169299996,45.596074257000055],[-122.62018700199997,45.596081986000058],[-122.62017194199996,45.596089354000071],[-122.62015652599996,45.596096352000075],[-122.62014077599997,45.59610297200004],[-122.62012470799999,45.596109205000062],[-122.62010834399996,45.596115046000079],[-122.62009170199997,45.596120485000029],[-122.62007480299997,45.596125519000054],[-122.62005766499999,45.596130138000035],[-122.62004031099997,45.596134339000059],[-122.62002267599996,45.596138102000054],[-122.62000486899996,45.596141446000047],[-122.61998691299999,45.596144365000043],[-122.61996882399995,45.596146856000075],[-122.61995062799997,45.596148919000029],[-122.61993234299996,45.596150548000026],[-122.61991398999999,45.596151744000053],[-122.61989558999994,45.596152503000042],[-122.61987716299996,45.596152826000036],[-122.61985873199995,45.596152712000048],[-122.61984031599997,45.596152162000067],[-122.61982205599998,45.596151183000075],[-122.61980385299995,45.596149774000025],[-122.61978572699996,45.596147938000058],[-122.61976769899996,45.596145676000049],[-122.61974978999996,45.596142992000068],[-122.61973201899997,45.59613988600006],[-122.61971440599996,45.596136364000074],[-122.61969697099994,45.596132430000068],[-122.61967973399999,45.596128086000078],[-122.61966271399996,45.596123340000076],[-122.61964593199997,45.596118196000077],[-122.61962940399997,45.596112659000028],[-122.61961314899997,45.596106736000081],[-122.61959718699995,45.596100433000061],[-122.61958153499995,45.596093759000041],[-122.61871345899999,45.595799382000052],[-122.61712102099995,45.595179275000078],[-122.61526660399994,45.594457091000038],[-122.61376937999995,45.59387335200006],[-122.61372871899999,45.593855474000065],[-122.61368880399999,45.593836787000043],[-122.61364966799999,45.593817304000027],[-122.61361134399999,45.593797042000062],[-122.61357386199995,45.593776017000039],[-122.61353687799999,45.593754017000037],[-122.61350081699999,45.593731275000039],[-122.61346570999996,45.59370780900008],[-122.61343158399995,45.593683639000062],[-122.61339846899995,45.593658787000038],[-122.61338596699994,45.593650160000038],[-122.61337389699997,45.593641234000074],[-122.61336227199996,45.593632023000055],[-122.61335110799996,45.593622535000065],[-122.61334041399999,45.593612783000026],[-122.61333020699999,45.593602777000058],[-122.61332049799995,45.59359253000008],[-122.61331129699994,45.59358205500007],[-122.61330261599994,45.593571363000081],[-122.61329446599996,45.593560467000032],[-122.61328685599995,45.59354938000007],[-122.61327979499998,45.593538116000047],[-122.61327329,45.593526687000065],[-122.61326735199998,45.593515108000076],[-122.61326203899995,45.59350351300003],[-122.61325729199996,45.59349179700007],[-122.61325311699994,45.593479975000037],[-122.61324951999995,45.593468060000077],[-122.61324650299997,45.593456065000055],[-122.61324407199999,45.593444005000038],[-122.61324222799999,45.593431893000059],[-122.61324097499994,45.593419745000062],[-122.61324031299995,45.593407574000025],[-122.61324024199996,45.593395394000026],[-122.61324076399995,45.593383219000032],[-122.61324187799994,45.593371063000063],[-122.61324358199994,45.593358943000055],[-122.61324587299998,45.593346869000072],[-122.61325232799999,45.593324556000027],[-122.61325975199998,45.593302391000066],[-122.61326813999995,45.593280397000058],[-122.61327748599996,45.593258594000076],[-122.61328777699998,45.59323700200008],[-122.61330032199999,45.593213265000031],[-122.61331400999995,45.593189841000026],[-122.61332882899995,45.593166758000052],[-122.61334475799998,45.593144044000042],[-122.61336178099998,45.593121723000081],[-122.61337987599995,45.593099822000056],[-122.61339902399999,45.593078367000032],[-122.61351754199995,45.592932538000071],[-122.61353659199995,45.592905189000078],[-122.61355572399998,45.592881875000046],[-122.61357593199995,45.592859014000055],[-122.61359719299998,45.592836629000033],[-122.61361948499996,45.592814743000076],[-122.61364278399998,45.592793381000035],[-122.61366706699999,45.592772565000075],[-122.61369230599996,45.592752318000066],[-122.613718474,45.59273266100007],[-122.61374554499997,45.592713616000026],[-122.61377348699995,45.592695202000073],[-122.61380227199999,45.592677439000056],[-122.61383186899997,45.592660347000049],[-122.61384582899996,45.592652824000027],[-122.61386015199997,45.592645645000061],[-122.61387481999998,45.592638818000069],[-122.61388981699997,45.592632354000045],[-122.613905123,45.592626257000063],[-122.61392072099994,45.592620536000027],[-122.61393659299995,45.592615198000033],[-122.61395271799995,45.592610250000064],[-122.61396907699998,45.592605697000067],[-122.61398565099995,45.592601544000047],[-122.61400242099995,45.592597797000053],[-122.61401936499999,45.592594461000033],[-122.61403646499997,45.592591539000068],[-122.61405369799996,45.592589034000071],[-122.61407104399996,45.592586950000054],[-122.61408848199994,45.592585290000045],[-122.61410599199996,45.592584054000042],[-122.61412355199997,45.592583245000071],[-122.61414114299998,45.592582864000065],[-122.61415873999999,45.592582911000079],[-122.61417632499996,45.592583386000058],[-122.61419387699999,45.592584288000069],[-122.61421137199994,45.592585617000054],[-122.61422879399998,45.592587371000036],[-122.61424611599995,45.592589548000035],[-122.61426332199994,45.592592145000026],[-122.61428038799994,45.592595158000051],[-122.61429729499997,45.592598585000076],[-122.61431402499994,45.592602421000038],[-122.61433055299995,45.592606662000037],[-122.61434686299998,45.592611303000069],[-122.61436293399998,45.592616337000038],[-122.61438821899998,45.592625002000034],[-122.61439389699996,45.592626883000037],[-122.61442297199994,45.592638197000042],[-122.61449851799995,45.592667716000051],[-122.61460271899995,45.592708078000044],[-122.61471276899999,45.592751031000034],[-122.61479873799999,45.592784504000065],[-122.61490845799995,45.592827119000049],[-122.61509929099998,45.592901629000039],[-122.61517964499996,45.59293260100003],[-122.61523143099998,45.592953182000031],[-122.61534371999994,45.592996691000053],[-122.61540395699996,45.593020145000025],[-122.61546828199999,45.593045398000072],[-122.61552226799995,45.593066208000039],[-122.61560640599998,45.593099176000067],[-122.61566989499994,45.593123791000039],[-122.61575609499999,45.593157351000059],[-122.61582321599997,45.593183589000034],[-122.61589729399998,45.593212326000071],[-122.61611672499998,45.593297758000062],[-122.61622170199996,45.593338838000079],[-122.61631497599996,45.593374944000061],[-122.61654394699997,45.593464508000068],[-122.61673697299995,45.593539448000058],[-122.61686634399996,45.59358960600008],[-122.61696591999998,45.593628478000028],[-122.61703264899995,45.59365445800006],[-122.61721781899996,45.593726339000057],[-122.61730623499994,45.593760866000025],[-122.61738571799998,45.593791810000027],[-122.61747584399996,45.593827001000079],[-122.61758340299997,45.593868771000075],[-122.61770751399996,45.593917298000065],[-122.61781769299995,45.593960088000074],[-122.61790127599994,45.593992627000034],[-122.61796464099996,45.594017400000041],[-122.61798211399997,45.59402430800003],[-122.61803558499997,45.594045019000077],[-122.61809754499996,45.594068932000027],[-122.61816160499995,45.594093767000061],[-122.61822098399995,45.594116988000053],[-122.61822104799995,45.594116907000057],[-122.61825099699996,45.594128567000041],[-122.61840094499996,45.594187361000081],[-122.61854056799996,45.594241507000049],[-122.61875111199998,45.594323680000059],[-122.61881398299994,45.594347946000028],[-122.61888196699999,45.594374413000025],[-122.61896698199996,45.594407404000037],[-122.61912013299997,45.594467234000035],[-122.61919961799998,45.594498177000048],[-122.61928143199998,45.594530131000056],[-122.61934981999997,45.594556648000037],[-122.61957893999994,45.594645842000034],[-122.61965517499999,45.594675624000047],[-122.61981226199998,45.594736879000038],[-122.61989306399994,45.594768230000057],[-122.61996970399997,45.594798064000031],[-122.62014956699994,45.594868185000053],[-122.62023292499998,45.594900635000045],[-122.62031839599996,45.59493380300006],[-122.62040761399999,45.594968638000068]],[[-122.59844440499995,45.594118276000074],[-122.59847904999998,45.59411510700005],[-122.59852165699999,45.594112092000046],[-122.59857301299996,45.594111368000029],[-122.59862344999999,45.594113742000047],[-122.59867039799997,45.594118743000081],[-122.59871861899995,45.594126568000036],[-122.59876255799998,45.594134612000062],[-122.59883428399996,45.594148933000042],[-122.59889502399994,45.594162233000077],[-122.59896716999998,45.594179464000035],[-122.59906930699998,45.594206602000042],[-122.59916322599997,45.59423451300006],[-122.59926879899996,45.594269445000066],[-122.59936839399995,45.594304867000062],[-122.59945447499996,45.594336503000079],[-122.59971269899995,45.594437289000041],[-122.59998179099995,45.594552218000047],[-122.60006392699995,45.59459045300008],[-122.60012373599994,45.594619988000034],[-122.60018414899997,45.59465134900006],[-122.60023917999996,45.594681326000057],[-122.60029401799994,45.59471260600003],[-122.60034273399998,45.594741639000063],[-122.60039204199995,45.594772283000054],[-122.60043713699997,45.594801480000058],[-122.60050827899994,45.594849972000077],[-122.60053615999999,45.594871113000067],[-122.60056660599997,45.594900447000043],[-122.60058549299998,45.594923915000038],[-122.60059897899998,45.594944942000041],[-122.60061211399994,45.594971957000041],[-122.60062153499996,45.595001241000034],[-122.60062532999996,45.59502165400005],[-122.60062698999997,45.595048102000078],[-122.60062476899998,45.59507614100005],[-122.60061816299998,45.595110972000043],[-122.60060920399997,45.595144921000042],[-122.60059889999997,45.595175629000039],[-122.60058576499995,45.595207839000068],[-122.60056459799995,45.595250370000031],[-122.60053610699998,45.595297587000061],[-122.60050621799996,45.595343332000027],[-122.60047695399999,45.595385757000031],[-122.60040785199999,45.595478154000034],[-122.60034675599996,45.595553129000052],[-122.60022229799995,45.595699761000049],[-122.60019093399995,45.595735649000062],[-122.60013194299995,45.595796406000034],[-122.60006331799997,45.595853978000036],[-122.59999476499996,45.59590152700008],[-122.59993185799999,45.595938446000048],[-122.59985114799997,45.595977983000068],[-122.59979446999995,45.595999201000041],[-122.59970826599999,45.596021740000026],[-122.59962869799995,45.596033556000066],[-122.59954208199997,45.596037508000052],[-122.59945883699999,45.596032790000038],[-122.59937008899999,45.596018220000076],[-122.59928304399995,45.595993632000045],[-122.59697707999999,45.595095537000077],[-122.59695334699995,45.595076640000059],[-122.59693549899998,45.595054275000052],[-122.59692603899998,45.595023132000051],[-122.59693177999998,45.594991143000072],[-122.59695038599995,45.594964162000053],[-122.59698338699997,45.594940747000066],[-122.59713426699994,45.59487611000003],[-122.59738439899996,45.594751170000052],[-122.59764896999997,45.594579521000071],[-122.59817625899996,45.594211187000042],[-122.59823605199995,45.594179411000027],[-122.59828749099995,45.594158109000034],[-122.59833781699996,45.594141710000031],[-122.59838953099995,45.59412885100005],[-122.59844440499995,45.594118276000074]],[[-122.59577666799998,45.593387238000048],[-122.59570070299998,45.593377839000027],[-122.59562560299997,45.593365177000067],[-122.59555011499998,45.59334960800004],[-122.59548083899995,45.593332753000027],[-122.59541183799996,45.593314501000066],[-122.59523889199994,45.593266676000042],[-122.59511288199997,45.593231028000048],[-122.59502205999996,45.593202833000078],[-122.59499285299995,45.593192998000063],[-122.59496294599995,45.593181598000058],[-122.59393580899996,45.592782422000028],[-122.59382989099998,45.592737188000058],[-122.59360111899997,45.592635545000064],[-122.59339589599995,45.592539429000055],[-122.59337391899999,45.592527952000069],[-122.59335678399998,45.592517438000073],[-122.59332372999995,45.592493777000072],[-122.59330769299999,45.59247806500008],[-122.59329961699996,45.592468053000061],[-122.59328941699999,45.592452354000045],[-122.59328394099998,45.592441508000036],[-122.59327777999999,45.592424804000075],[-122.59327420999995,45.592406659000062],[-122.59327331899999,45.592394460000037],[-122.59327422899997,45.592376154000078],[-122.59327782099996,45.592358012000034],[-122.59328168899998,45.592346102000079],[-122.59328965499998,45.592328660000078],[-122.59330013999994,45.592311886000061],[-122.59330847499996,45.592301165000038],[-122.59332289599996,45.592285900000036],[-122.59333372499998,45.59227633900008],[-122.59334546299999,45.592267324000034],[-122.59336465599995,45.592254917000048],[-122.59338557099994,45.592243966000069],[-122.59340797999999,45.592234586000075],[-122.59342363499997,45.592229256000053],[-122.59344800299999,45.592222710000044],[-122.59353209099999,45.592213412000035],[-122.59361337299998,45.592214320000039],[-122.59373799299999,45.592222347000074],[-122.59384250199997,45.592234725000026],[-122.59396613499996,45.592254038000078],[-122.59401391499995,45.592263590000073],[-122.59412887899998,45.592290858000069],[-122.59417564499995,45.59230347700003],[-122.59433731699994,45.592352800000072],[-122.59451781699994,45.592411232000075],[-122.59464222899999,45.592454322000037],[-122.59472557199996,45.592486175000033],[-122.59533307399994,45.592722836000064],[-122.59541177999995,45.592754056000047],[-122.59557361499998,45.592821683000068],[-122.59566051399997,45.592860070000029],[-122.59572760499998,45.592891584000029],[-122.59588455399995,45.592967134000048],[-122.59604136799999,45.593039619000081],[-122.59604868099996,45.593043558000033],[-122.59605579699996,45.593047670000033],[-122.59606270799998,45.593051952000053],[-122.59606940599997,45.593056398000044],[-122.59607588299997,45.593061003000059],[-122.59608213099995,45.593065761000048],[-122.59608814299997,45.593070666000074],[-122.59609391099997,45.593075714000065],[-122.59609942999998,45.59308089700005],[-122.59610469099999,45.593086210000081],[-122.59610969099998,45.593091646000062],[-122.59611442099998,45.593097200000045],[-122.59611887799997,45.593102865000048],[-122.59612305599995,45.593108634000032],[-122.59612694799995,45.59311449900008],[-122.59613055199998,45.593120455000076],[-122.59613386399997,45.593126495000035],[-122.59613687699999,45.593132610000055],[-122.59613958999995,45.593138795000073],[-122.59614199999999,45.593145041000071],[-122.59614410299997,45.593151341000066],[-122.59614589699999,45.593157690000055],[-122.59614737899994,45.59316407600005],[-122.59614854799997,45.593170495000038],[-122.59614940299997,45.593176938000056],[-122.59614994299994,45.593183399000054],[-122.59615016699996,45.593189868000081],[-122.59615007599996,45.593196339000031],[-122.59614966699996,45.593202804000043],[-122.59614894299995,45.593209255000033],[-122.59614790299997,45.593215685000075],[-122.59614655099995,45.593222086000026],[-122.59614488699998,45.593228451000073],[-122.59614291299999,45.593234772000073],[-122.59614062999998,45.593241041000056],[-122.59613804299994,45.593247252000026],[-122.59613515399997,45.593253398000058],[-122.59613196699996,45.593259470000078],[-122.59612795499999,45.593265669000061],[-122.59612365799995,45.593271773000026],[-122.59611907799996,45.593277775000047],[-122.59611422099999,45.593283668000026],[-122.59610909199995,45.593289448000064],[-122.59610369699999,45.593295105000038],[-122.59609804299998,45.593300637000027],[-122.59609213199997,45.593306035000069],[-122.59608597299996,45.593311295000035],[-122.59607957299994,45.593316411000046],[-122.59603823199996,45.593343170000026],[-122.59602895699999,45.593348282000079],[-122.59600973199997,45.593356190000065],[-122.59595674399998,45.593371575000049],[-122.59594483999996,45.593374322000045],[-122.59593281499997,45.59337679500004],[-122.59592068199998,45.593378990000076],[-122.59590845199995,45.593380908000029],[-122.59589613999998,45.593382545000054],[-122.59588375999999,45.59338389800007],[-122.59585942199999,45.593385529000045],[-122.59580811699999,45.593389344000059],[-122.59577666799998,45.593387238000048]],[[-122.59485359499996,45.594267869000078],[-122.59482298599994,45.59425587100003],[-122.59482447599999,45.59425639300008],[-122.59471513999995,45.594213871000079],[-122.59461773799995,45.594176322000067],[-122.59454878899999,45.594149553000079],[-122.59393282999997,45.593913194000038],[-122.59281111499996,45.593476617000078],[-122.59175967299996,45.593067181000038],[-122.59056991199998,45.592603055000041],[-122.59012569499998,45.592430120000074],[-122.59012092199998,45.59242664900006],[-122.59009962099998,45.592401319000032],[-122.59008898699994,45.592372836000038],[-122.59008987799996,45.592343451000033],[-122.59010627399999,45.592316901000061],[-122.59013397599995,45.592292846000078],[-122.59016649399996,45.59227512700005],[-122.59018878699999,45.592269214000055],[-122.59021220499994,45.592266108000047],[-122.59149246799996,45.59222892300005],[-122.59164265399994,45.592240470000036],[-122.59173822199995,45.592253670000048],[-122.59183522499995,45.592274504000045],[-122.59201897399998,45.59232442900003],[-122.59211091999998,45.592351419000067],[-122.59229184099996,45.592407544000025],[-122.59238083899999,45.592436599000052],[-122.59255347299995,45.592495731000042],[-122.59307555199996,45.592681903000027],[-122.59480566199994,45.593356720000031],[-122.59488855899997,45.593396194000036],[-122.59508537999994,45.593492507000065],[-122.59519845699998,45.593549530000075],[-122.59527459499998,45.593589696000038],[-122.59535406999998,45.593634644000076],[-122.59542396999996,45.59367706900008],[-122.59547493699995,45.593710484000042],[-122.59552421199999,45.593745126000044],[-122.59557173499996,45.593780956000046],[-122.59559425299994,45.593800328000043],[-122.59561898599998,45.593827093000073],[-122.59563888799994,45.593855774000076],[-122.59564797499996,45.593872860000033],[-122.59565636699995,45.593892412000059],[-122.59566835199996,45.593929224000078],[-122.59567572099996,45.593966630000068],[-122.59567808599996,45.594000833000052],[-122.59567604799997,45.594020791000048],[-122.59567208599998,45.594037234000041],[-122.59566465999995,45.59405655200004],[-122.59565439899995,45.594075219000047],[-122.59564376399999,45.594090130000041],[-122.59563394599996,45.594101555000066],[-122.59561118599999,45.594124879000049],[-122.59558333399997,45.594150616000036],[-122.59555360199994,45.59417529500007],[-122.59553277499998,45.594191125000066],[-122.59550967899997,45.594206781000025],[-122.59548799999999,45.594219425000063],[-122.59546511899998,45.594230975000073],[-122.59544114599998,45.59424137700006],[-122.59541619699996,45.594250579000061],[-122.59538382599999,45.594260327000029],[-122.59530206999995,45.594281830000057],[-122.59524497899997,45.59429287200004],[-122.59520342799999,45.59429755900004],[-122.59517703699998,45.594299468000031],[-122.59515468999996,45.594300589000056],[-122.59512981299997,45.594302114000072],[-122.59509063099995,45.594302113000026],[-122.59505905099996,45.594301260000066],[-122.59502692399997,45.594299343000046],[-122.59499781999995,45.594296659000065],[-122.59497377499997,45.594293167000046],[-122.59495228599997,45.594289986000035],[-122.59492871099997,45.594285414000069],[-122.59485359499996,45.594267869000078]],[[-122.60264500699998,45.591511450000041],[-122.60265043299995,45.591511835000063],[-122.60265584799998,45.591512287000057],[-122.60266125199996,45.591512805000036],[-122.60266664299996,45.591513389000056],[-122.60267201699997,45.59151403900006],[-122.60267737499998,45.591514755000048],[-122.60268271399997,45.591515537000078],[-122.60268803199995,45.591516383000055],[-122.60269332999997,45.591517295000074],[-122.60269860399995,45.59151827200003],[-122.60270385199999,45.591519312000059],[-122.60270907499995,45.591520418000073],[-122.60271426799994,45.591521587000045],[-122.60271943199996,45.591522819000033],[-122.60272456299998,45.591524115000027],[-122.60272966199994,45.591525473000047],[-122.60273472799997,45.591526893000037],[-122.60273975599995,45.591528376000042],[-122.60274474799996,45.591529919000038],[-122.60274969999995,45.591531524000061],[-122.60275460999998,45.591533189000074],[-122.60275947999997,45.591534915000068],[-122.60276430599998,45.591536699000073],[-122.60276908599997,45.59153854200008],[-122.60277381999998,45.591540443000042],[-122.60277850599999,45.591542402000073],[-122.60278314299995,45.591544419000058],[-122.60278772899994,45.591546492000077],[-122.60279226099999,45.591548621000072],[-122.60279674099996,45.591550805000054],[-122.60280116699994,45.591553043000033],[-122.60280553499996,45.591555335000066],[-122.60280984499997,45.59155768100004],[-122.60281409699996,45.591560079000033],[-122.60281828899997,45.591562529000043],[-122.60282241899995,45.591565030000027],[-122.60282648699996,45.591567581000049],[-122.60283048999997,45.591570181000066],[-122.60283442799999,45.591572830000075],[-122.60283829999997,45.591575527000032],[-122.60284210399999,45.59157827100006],[-122.60284583799995,45.591581061000056],[-122.60284950399995,45.591583897000078],[-122.60285309799997,45.591586777000032],[-122.60285661999995,45.591589700000043],[-122.60286403799995,45.591596164000066],[-122.60286818699996,45.591599962000032],[-122.60287224099994,45.591603810000038],[-122.60287619999997,45.591607708000026],[-122.60288005999996,45.59161165200004],[-122.60288382099998,45.591615644000058],[-122.60288748399995,45.591619682000044],[-122.60289104599997,45.59162376200004],[-122.60289450399995,45.591627888000062],[-122.60289786099997,45.591632054000058],[-122.60290111199998,45.59163626000003],[-122.60290425899996,45.591640506000033],[-122.60290729999997,45.591644790000032],[-122.60291023499997,45.591649111000038],[-122.60291305999999,45.591653466000025],[-122.60291577699996,45.59165785600004],[-122.60291838599994,45.591662278000058],[-122.60292088299997,45.591666732000078],[-122.60292326999996,45.591671216000066],[-122.60292554399996,45.591675728000041],[-122.60292770599995,45.591680267000072],[-122.60292975399994,45.591684833000045],[-122.60293168999999,45.591689422000059],[-122.60293351099995,45.591694034000056],[-122.60293521599999,45.591698668000049],[-122.60293680699999,45.591703322000058],[-122.60293828199997,45.591707996000025],[-122.60293963999999,45.591712686000051],[-122.60294088099999,45.591717392000078],[-122.60294200499999,45.591722114000049],[-122.60294301099998,45.591726848000064],[-122.60294389999996,45.591731593000077],[-122.60294466999994,45.59173634900003],[-122.60294532299997,45.591741113000069],[-122.60294585699995,45.59174588500008],[-122.60294627199994,45.591750662000038],[-122.60294656799999,45.591755444000057],[-122.60294674599999,45.591760229000045],[-122.60294680399994,45.591765015000078],[-122.60294674299996,45.591769802000044],[-122.60294656399998,45.591774586000042],[-122.60294626399997,45.591779368000061],[-122.60294584799999,45.591784145000076],[-122.60294531199997,45.591788916000041],[-122.60294465699997,45.59179368100007],[-122.60294388399996,45.59179843700008],[-122.60294299299994,45.591803182000035],[-122.60294198399998,45.59180791600005],[-122.60294085799995,45.591812637000032],[-122.60293961499997,45.591817343000059],[-122.60293825399998,45.591822033000028],[-122.60293677699997,45.591826705000074],[-122.60293518399999,45.591831359000025],[-122.60293347699997,45.591835993000075],[-122.60293165399997,45.591840605000073],[-122.60292971599995,45.59184519400003],[-122.60292766499998,45.59184975800008],[-122.60292549999997,45.591854297000054],[-122.60292322399999,45.59185880900003],[-122.60292083499996,45.591863292000028],[-122.60291833599996,45.591867745000059],[-122.60291572499995,45.591872167000076],[-122.60291300599999,45.591876556000045],[-122.60291017799995,45.591880911000032],[-122.60290724199996,45.591885231000049],[-122.60290419899997,45.591889514000059],[-122.60290104999996,45.591893759000072],[-122.60289779599998,45.591897965000044],[-122.60289443699997,45.591902130000051],[-122.60289097599997,45.591906254000037],[-122.60288741299996,45.591910334000033],[-122.60288374899994,45.59191437100003],[-122.60287998499996,45.591918361000069],[-122.60287612299999,45.591922306000072],[-122.60287216299997,45.591926202000082],[-122.60286810699995,45.59193005000003],[-122.60286395599996,45.591933846000074],[-122.60285970999996,45.591937591000033],[-122.60285537299995,45.591941284000029],[-122.60285094499994,45.591944924000074],[-122.60284642599999,45.59194850800003],[-122.60284181999998,45.591952036000066],[-122.60283712699999,45.59195550700008],[-122.60283234699995,45.591958920000081],[-122.60060263499997,45.593523340000047],[-122.60060168399997,45.59352274400004],[-122.60004291899997,45.593918044000077],[-122.60013318499995,45.59385171100007],[-122.60009776899994,45.593874412000048],[-122.60007625899999,45.593886200000043],[-122.60004123599998,45.593903442000055],[-122.60001240099996,45.59391600400005],[-122.59996978599997,45.593932161000055],[-122.59990785899998,45.593951073000028],[-122.59984688599997,45.593964973000027],[-122.59977166899995,45.593967970000051],[-122.59972873199996,45.593979994000051],[-122.59966523699995,45.593981988000053],[-122.59960966799997,45.593980329000033],[-122.59956697899997,45.593976878000035],[-122.59950347399996,45.593968146000066],[-122.59945650199995,45.593958789000055],[-122.59939581699996,45.593942770000069],[-122.59935836899996,45.593930479000051],[-122.59931906699995,45.593915394000078],[-122.59927672399999,45.593894774000034],[-122.59924196999998,45.593872169000065],[-122.59921550299998,45.593849996000074],[-122.59919719899995,45.593830893000074],[-122.59917742299996,45.59380456100007],[-122.59916330099998,45.593778935000046],[-122.59915296299999,45.593751117000068],[-122.59914716599997,45.593721406000043],[-122.59914622699995,45.593698336000045],[-122.59914865199994,45.593673541000044],[-122.59915455199996,45.593649249000066],[-122.59916193899994,45.593629733000057],[-122.59916916899999,45.593615020000072],[-122.59917917599995,45.593598415000031],[-122.59920803699998,45.593565129000069],[-122.59926174599997,45.593508518000078],[-122.59938149399994,45.593386872000053],[-122.59949989399996,45.593272317000071],[-122.59967843699997,45.593109218000052],[-122.59982669799996,45.592981720000068],[-122.59998258399997,45.592854658000078],[-122.60025661199995,45.592652935000046],[-122.60104075099997,45.592102773000079],[-122.60113317599996,45.592039585000066],[-122.60119674999999,45.591997967000054],[-122.60132695399994,45.591917099000057],[-122.60146109699997,45.591839470000025],[-122.60159901699996,45.591765176000081],[-122.60174054599997,45.591694306000079],[-122.60181260899998,45.591660184000034],[-122.60190254299999,45.591619613000034],[-122.60194765699998,45.591602741000031],[-122.60197566999994,45.591593965000072],[-122.60201396699995,45.591583890000038],[-122.60204329499999,45.591577577000066],[-122.60205875199995,45.591574863000062],[-122.60206291999998,45.591575310000053],[-122.60223664199998,45.591548468000042],[-122.60232221799998,45.591537766000044],[-122.60240804599999,45.591528115000074],[-122.60249410199998,45.591519517000052],[-122.60258035699997,45.59151197400007],[-122.60259053599998,45.591511265000065],[-122.60259597399994,45.591510983000035],[-122.60260141999998,45.591510768000035],[-122.60260686999999,45.591510619000076],[-122.60261232199997,45.59151053800008],[-122.60261777699998,45.591510523000068],[-122.60262322999995,45.59151057400004],[-122.60262868199999,45.591510693000032],[-122.60263412899997,45.591510879000055],[-122.60263957199999,45.591511131000061],[-122.60264500699998,45.591511450000041]],[[-122.59736920299997,45.593601963000026],[-122.59740805899997,45.593615186000079],[-122.59743662999995,45.593626255000061],[-122.59746448899995,45.59363852000007],[-122.59749517499995,45.593653915000061],[-122.59751953599999,45.593667725000046],[-122.59754439799997,45.593683491000036],[-122.59756248999997,45.593696184000066],[-122.59758472799996,45.593713432000072],[-122.59759371099994,45.593719542000031],[-122.59761570399996,45.593739605000053],[-122.59764435399995,45.593770267000025],[-122.59766550299997,45.593797564000056],[-122.59768206599995,45.593823171000054],[-122.59769542899994,45.593848125000079],[-122.59770283199998,45.593868417000067],[-122.59770558199995,45.593885845000045],[-122.59770478499996,45.593906102000062],[-122.59770058699996,45.593923638000035],[-122.59768782599997,45.593949641000052],[-122.59766735099998,45.593973884000036],[-122.59764617899998,45.593990814000051],[-122.59761607699994,45.594008020000047],[-122.59758065599999,45.594020159000081],[-122.59754821699994,45.594027117000053],[-122.59750970299996,45.594029699000032],[-122.59747860499999,45.594028093000077],[-122.59744316499996,45.594024408000053],[-122.59739118399995,45.594016129000067],[-122.59734347699998,45.594005348000053],[-122.59730342799998,45.593993754000053],[-122.59727022699997,45.593981835000079],[-122.59723480099996,45.593967387000077],[-122.59716273399999,45.59393039400004],[-122.59710607399995,45.593891263000046],[-122.59705184799998,45.593841096000062],[-122.59700745499998,45.59378298300004],[-122.59698677399996,45.593744337000032],[-122.59697938199997,45.593713149000052],[-122.59698156199994,45.593684879000079],[-122.59700270799999,45.593645481000067],[-122.59701991299994,45.59362597300003],[-122.59703444199999,45.593613770000047],[-122.59705514399997,45.593600381000044],[-122.59708142699998,45.593587994000075],[-122.59711106699996,45.593578537000042],[-122.59713774799997,45.593573307000042],[-122.59716473599997,45.593570802000045],[-122.59718815799999,45.593570774000057],[-122.59722254199994,45.593573405000029],[-122.59727489199997,45.593580313000075],[-122.59729998499995,45.593584874000044],[-122.59731874899995,45.593588838000073],[-122.59734252399994,45.593594563000067],[-122.59736920299997,45.593601963000026]],[[-122.59719777099997,45.594286511000064],[-122.59721109599997,45.594300586000031],[-122.59721900599999,45.594316192000065],[-122.59722058799997,45.594339905000027],[-122.59721070399996,45.594362371000045],[-122.59718476999996,45.594385787000078],[-122.59710587499995,45.594439249000061],[-122.59700063899999,45.594497048000051],[-122.59686936499998,45.594552470000053],[-122.59671786999996,45.594598142000052],[-122.59654723199998,45.594629986000029],[-122.59645207399996,45.594639630000074],[-122.59631305799996,45.594643823000069],[-122.59621861199997,45.594640050000066],[-122.59606744899997,45.594622639000079],[-122.59600171499994,45.594603848000077],[-122.59595087899999,45.594570825000062],[-122.59593251499996,45.59455011600005],[-122.59592258799995,45.594533768000076],[-122.59591434399999,45.594511479000062],[-122.59591162199996,45.594492488000071],[-122.59591563099997,45.594460334000075],[-122.59592176399997,45.594444482000029],[-122.59593185499995,45.594427379000081],[-122.59594972799999,45.594407044000036],[-122.59597803099996,45.594374086000073],[-122.59599816499997,45.594354035000038],[-122.59602422699999,45.594326839000075],[-122.59627638399996,45.59406894500006],[-122.59628891899996,45.59405687900005],[-122.59631048299997,45.594040972000073],[-122.59633563199998,45.59402757600003],[-122.59636174899998,45.594017743000052],[-122.59639027199995,45.594010687000036],[-122.59640167899994,45.594008802000076],[-122.59642158999998,45.59400669200005],[-122.59644804999999,45.594006128000046],[-122.59646644799994,45.594007226000031],[-122.59648644899994,45.594009842000048],[-122.59650740299998,45.59401426900007],[-122.59653033799998,45.594021316000067],[-122.59692315699999,45.594174657000053],[-122.59717110699995,45.594271259000038],[-122.59719777099997,45.594286511000064]],[[-122.60035527899998,45.592042732000039],[-122.60032675799999,45.592041064000057],[-122.60029863999995,45.59203731000008],[-122.60026675899996,45.592030356000066],[-122.60020358899999,45.592011686000035],[-122.60015482999995,45.591995628000063],[-122.60010689999996,45.591978386000051],[-122.60003668399997,45.591950346000033],[-122.59999107699997,45.591930237000042],[-122.59994649699996,45.591909021000049],[-122.59984154699998,45.591854388000058],[-122.59971930299997,45.591786219000028],[-122.59960052099996,45.59171509500004],[-122.59954247499996,45.591678451000064],[-122.59948101399999,45.591638042000056],[-122.59947243199997,45.591630613000063],[-122.59946540799996,45.591622418000043],[-122.59946007599996,45.591613616000075],[-122.59945688199997,45.591605551000043],[-122.59945473399995,45.591591297000036],[-122.59945685499997,45.59157704100005],[-122.59946314999996,45.591563407000081],[-122.59947334599997,45.591550988000051],[-122.59948699599994,45.591540332000079],[-122.59950350499997,45.591531898000028],[-122.59952377399998,45.591525700000034],[-122.59954179299996,45.591522878000035],[-122.60049160699998,45.591489100000047],[-122.60087841899997,45.591489195000065],[-122.60092300699995,45.591496827000071],[-122.60094610899995,45.59150236000005],[-122.60097442799997,45.591511368000056],[-122.60099335799998,45.591518763000067],[-122.60102609199998,45.59153245400006],[-122.60105717299996,45.591547367000032],[-122.60107804099999,45.591561275000061],[-122.60109378099997,45.591574086000037],[-122.60111486999995,45.591593944000067],[-122.60112020299999,45.591601944000047],[-122.60112620599995,45.591612908000059],[-122.60113070999995,45.591624615000057],[-122.60113315499996,45.591635644000064],[-122.60113403399998,45.591645631000063],[-122.60113441699997,45.591655983000066],[-122.60113433199996,45.591667416000064],[-122.60113171799998,45.591679253000052],[-122.60112761799996,45.591692189000071],[-122.60112295599998,45.591703705000043],[-122.60111683499997,45.591717034000055],[-122.60110711499999,45.591729358000066],[-122.60109701199997,45.591740498000036],[-122.60106312399995,45.591767263000065],[-122.60105001499994,45.591774660000056],[-122.60098791399997,45.591807863000042],[-122.60086127899996,45.591871963000074],[-122.60073153699994,45.591932919000044],[-122.60068182599997,45.591954480000027],[-122.60063500799998,45.591973168000038],[-122.60058728999996,45.591990697000028],[-122.60053872899999,45.592007047000038],[-122.60048938399996,45.592022197000063],[-122.60044926199998,45.592033180000044],[-122.60041697499997,45.592039142000033],[-122.60038389299996,45.592042298000081],[-122.60035527899998,45.592042732000039]],[[-122.59800567999997,45.593279346000031],[-122.59799717699997,45.593226883000057],[-122.59799668199997,45.593177768000032],[-122.59800734999999,45.593111909000072],[-122.59802161999994,45.593061913000042],[-122.59803901699996,45.593000366000069],[-122.59806135899998,45.592951552000045],[-122.59808091999997,45.592906564000032],[-122.59810392599996,45.592858749000072],[-122.59813627999995,45.592798493000032],[-122.59819888299995,45.592698217000077],[-122.59825106699998,45.592625097000052],[-122.59829117399994,45.592581761000076],[-122.59850377199996,45.592349388000059],[-122.59860433799997,45.592239784000071],[-122.59863660899998,45.592207789000042],[-122.59869791999995,45.592151362000038],[-122.59876430599996,45.592098503000045],[-122.59877377299995,45.592089646000034],[-122.59878367499999,45.592081028000052],[-122.59879400199998,45.592072657000074],[-122.59880473899995,45.592064546000074],[-122.59881587399997,45.592056703000026],[-122.59882739299997,45.592049140000029],[-122.59883928299996,45.592041864000066],[-122.59885152799995,45.592034885000032],[-122.59886411499997,45.592028212000059],[-122.59887702599997,45.592021851000027],[-122.59889024499995,45.592015812000056],[-122.59890375799995,45.592010101000028],[-122.59891754799997,45.592004727000074],[-122.59893159799998,45.591999694000037],[-122.59894588899999,45.591995010000062],[-122.59896040599995,45.591990680000038],[-122.59897512999999,45.591986710000072],[-122.59900351599998,45.591980184000079],[-122.59902922199996,45.591974784000058],[-122.59905537999998,45.591970592000052],[-122.59908187599996,45.591967623000073],[-122.59910859299998,45.591965895000044],[-122.59913541499998,45.591965409000068],[-122.59916222399994,45.591966171000081],[-122.59918890299997,45.591968179000048],[-122.59925020499998,45.591976861000035],[-122.59931002399998,45.591989664000039],[-122.59936779799995,45.592006468000079],[-122.59938650799995,45.592012931000056],[-122.59942271799997,45.592027773000041],[-122.59947427599997,45.592053040000053],[-122.59952209899996,45.592081703000076],[-122.59955167799995,45.592102564000072],[-122.59959124499994,45.592136194000034],[-122.59962756399995,45.592171581000059],[-122.59964445499998,45.592189889000053],[-122.59970907899998,45.592269165000062],[-122.59972806799999,45.592298841000058],[-122.59974254599996,45.592328234000036],[-122.59975332099998,45.592358403000048],[-122.59975921799997,45.59238294000005],[-122.59976313699997,45.59241391900008],[-122.59976319699996,45.59244502100006],[-122.59975939399999,45.592476010000041],[-122.59975175999995,45.592506646000061],[-122.59974035099998,45.59253669900005],[-122.59972856399997,45.592560168000034],[-122.59971447299995,45.592583001000037],[-122.59968110299997,45.592628813000033],[-122.59964301399998,45.592676921000077],[-122.59960255499999,45.592724068000052],[-122.59955977899995,45.592770194000025],[-122.59947228799996,45.592857776000073],[-122.59942583299994,45.59290181800003],[-122.59937829199998,45.592945286000031],[-122.59931140799995,45.592999655000028],[-122.59926447799995,45.593035555000029],[-122.59920757299994,45.593076368000027],[-122.59916087199997,45.593107838000037],[-122.59911109299998,45.59313977000005],[-122.59905195599998,45.593175962000032],[-122.59899957499999,45.593206531000078],[-122.59888235799997,45.593268741000031],[-122.59881360999998,45.593303376000051],[-122.59874028499996,45.593338199000073],[-122.59866604499996,45.593371349000051],[-122.59860357999997,45.593397585000048],[-122.59854854999998,45.593417909000038],[-122.59849177099994,45.593435739000029],[-122.59844429899999,45.593448389000059],[-122.59838340199997,45.59346180600005],[-122.59835102999995,45.593467711000073],[-122.59831063899998,45.593472821000034],[-122.59828323999994,45.593474421000053],[-122.59824686299999,45.593473323000069],[-122.59821478399999,45.593469249000066],[-122.59818016699995,45.593461331000071],[-122.59815470899997,45.593452868000043],[-122.59813160199997,45.593442897000045],[-122.59810829399999,45.593430122000029],[-122.59808865499997,45.593416610000077],[-122.59807252899998,45.593402934000039],[-122.59805908299995,45.593388969000046],[-122.59803355799994,45.593355789000043],[-122.59800567999997,45.593279346000031]],[[-122.60549906499995,45.590807821000055],[-122.60550585199996,45.590808281000079],[-122.60551262399997,45.590808824000078],[-122.60551938399999,45.590809450000052],[-122.60552612499998,45.590810159000057],[-122.60553284999997,45.590810949000058],[-122.60553955299997,45.590811823000081],[-122.60554623299998,45.590812778000043],[-122.60555288799998,45.590813816000036],[-122.60555951699996,45.590814934000036],[-122.60556611699997,45.590816134000079],[-122.60557268499997,45.590817414000071],[-122.60557922099997,45.590818775000059],[-122.60558572199994,45.590820215000065],[-122.60559022099994,45.590821245000029],[-122.60560227499997,45.590824268000063],[-122.60561418399999,45.590827568000066],[-122.60562592999997,45.590831139000045],[-122.60563750399996,45.590834980000068],[-122.60564889199998,45.590839084000038],[-122.60566008399996,45.590843448000044],[-122.60567106399998,45.590848067000081],[-122.60568182299994,45.590852937000079],[-122.60569234999997,45.590858051000055],[-122.60570263299996,45.59086340500005],[-122.60571265899995,45.590868992000026],[-122.60572241999995,45.590874808000081],[-122.60573190499997,45.590880844000026],[-122.60574110099998,45.590887096000074],[-122.60594876899995,45.591036382000027],[-122.60609366599999,45.591136629000061],[-122.60609833799998,45.591138967000063],[-122.60610289599998,45.59114141200007],[-122.60610733999999,45.591143959000078],[-122.60611166099994,45.591146608000031],[-122.60611585699996,45.591149355000027],[-122.60611992299999,45.591152196000053],[-122.60612385399997,45.591155130000061],[-122.60612764499996,45.591158152000048],[-122.60613129399997,45.591161260000035],[-122.60613479599999,45.591164451000054],[-122.60613814699997,45.591167720000044],[-122.60614134299999,45.591171065000026],[-122.60614438099998,45.591174481000053],[-122.60614741999996,45.591178168000056],[-122.60615027499995,45.591181927000036],[-122.60615294199999,45.591185753000047],[-122.60615541899995,45.591189641000028],[-122.60615770299995,45.591193588000067],[-122.60615979099998,45.591197588000057],[-122.60616167999996,45.591201636000051],[-122.60616336799995,45.591205728000034],[-122.60616485199995,45.59120985800007],[-122.60616613199994,45.591214022000031],[-122.60616720699994,45.591218215000026],[-122.60616807299999,45.591222430000073],[-122.60616770699994,45.591224735000026],[-122.60616723099997,45.591227030000027],[-122.60616664499997,45.591229313000042],[-122.60616594999999,45.591231580000056],[-122.60616514699996,45.591233829000032],[-122.60616423799996,45.591236059000039],[-122.60616322199996,45.591238266000062],[-122.60616210199998,45.591240448000065],[-122.60616087799997,45.591242601000033],[-122.60615955199995,45.591244725000081],[-122.60615812399999,45.591246817000069],[-122.60615659799998,45.59124887300004],[-122.60615497499998,45.591250893000051],[-122.60615325599997,45.591252874000077],[-122.60615144299999,45.591254811000056],[-122.60614953899994,45.59125670700007],[-122.60614754499994,45.591258555000081],[-122.60614546399995,45.591260357000067],[-122.60614329699996,45.591262107000034],[-122.60614104999996,45.591263807000075],[-122.60613872099998,45.591265451000027],[-122.60613627499998,45.591267066000057],[-122.60613375199995,45.59126862200003],[-122.60613115499996,45.591270116000032],[-122.60612848599999,45.591271547000076],[-122.60612574999999,45.591272913000068],[-122.60612294899994,45.591274214000066],[-122.60612008599998,45.591275446000054],[-122.60611716499994,45.591276609000033],[-122.60611418999997,45.59127770200007],[-122.60611116299998,45.591278722000027],[-122.60610808799998,45.591279670000063],[-122.60610496899994,45.591280543000039],[-122.60610180999998,45.591281341000069],[-122.60609861199998,45.591282063000051],[-122.60609538399996,45.591282708000051],[-122.60609212399999,45.59128327500008],[-122.60608883899999,45.591283765000071],[-122.60608553299994,45.591284174000066],[-122.60608220799998,45.591284505000033],[-122.60607886799994,45.59128475600005],[-122.60607551999999,45.591284927000061],[-122.60607216399995,45.591285017000075],[-122.60606957699997,45.59128503200003],[-122.60606699099998,45.591284999000038],[-122.60606440599997,45.591284919000032],[-122.60586735899994,45.591283597000029],[-122.60574569599999,45.591283167000029],[-122.60559657799996,45.591283037000039],[-122.60517853199997,45.591283505000035],[-122.60507049399996,45.591284451000035],[-122.60506402099998,45.591284371000029],[-122.60506078699996,45.591284272000053],[-122.60505755499997,45.591284132000055],[-122.60505432599996,45.591283953000072],[-122.60505110299999,45.591283734000058],[-122.60504788499998,45.591283476000058],[-122.60504467399994,45.591283179000072],[-122.60504147199998,45.591282843000045],[-122.60503827899998,45.591282466000052],[-122.60503509499995,45.591282051000064],[-122.60503192199997,45.59128159800008],[-122.60502875999998,45.591281105000064],[-122.60502561199996,45.591280574000052],[-122.60502247699998,45.591280004000055],[-122.60501935699995,45.591279396000061],[-122.60501625199998,45.591278750000072],[-122.60501316399996,45.59127806500004],[-122.60501009299998,45.591277343000058],[-122.60500704099996,45.591276583000081],[-122.60500400799998,45.591275787000029],[-122.60500099499995,45.591274953000038],[-122.60499800399998,45.591274082000041],[-122.60499503399996,45.591273175000026],[-122.60499208799996,45.591272232000051],[-122.60498916599994,45.59127125200007],[-122.60498626799995,45.59127023800005],[-122.60498339699996,45.591269188000069],[-122.60498055099998,45.591268102000072],[-122.60497773299994,45.591266981000047],[-122.60497494399999,45.591265827000029],[-122.60497218299997,45.59126463900003],[-122.60496945099999,45.591263416000061],[-122.60496675199994,45.591262162000078],[-122.60496408399996,45.591260873000067],[-122.60496144799998,45.591259552000054],[-122.60495884499994,45.591258200000027],[-122.60495627699999,45.591256815000065],[-122.60495374299995,45.591255399000033],[-122.604951245,45.591253953000034],[-122.60494878399999,45.591252476000079],[-122.60494635799995,45.591250968000054],[-122.60494397199994,45.591249432000041],[-122.60494162299995,45.59124786700005],[-122.60493931299999,45.591246272000035],[-122.60493704399994,45.591244651000068],[-122.60493481599997,45.591243001000066],[-122.60493262999995,45.591241324000066],[-122.60493048399996,45.591239621000057],[-122.60492838199997,45.591237892000038],[-122.60492632299997,45.591236137000067],[-122.60492430699998,45.591234358000065],[-122.60492233699995,45.591232554000044],[-122.60492041199996,45.591230726000049],[-122.60491853199994,45.59122887500007],[-122.60491669799995,45.59122700100005],[-122.60491491199997,45.591225104000046],[-122.60491317299994,45.591223187000026],[-122.60491148199998,45.591221247000078],[-122.60490983799997,45.591219288000048],[-122.60490824399994,45.591217309000058],[-122.60490669999996,45.591215311000042],[-122.60490520599996,45.591213294000056],[-122.60490376199999,45.591211259000033],[-122.60490236799996,45.591209207000077],[-122.60490102599999,45.591207138000073],[-122.60489973599999,45.591205052000078],[-122.60489849699997,45.591202951000071],[-122.60489731099995,45.591200836000041],[-122.60489617799999,45.591198707000046],[-122.60489509699994,45.59119656300004],[-122.60489407099999,45.591194407000046],[-122.60489309799999,45.591192238000076],[-122.60489217899999,45.591190059000041],[-122.60489131399999,45.591187867000031],[-122.60489050399997,45.591185666000058],[-122.60488975099997,45.591183455000078],[-122.60488904999994,45.591181235000079],[-122.60488840499994,45.59117900800004],[-122.60488781499998,45.59117677200004],[-122.60488728199999,45.591174529000057],[-122.60488680499998,45.59117228100007],[-122.60488638299995,45.591170026000043],[-122.60488601699996,45.591167767000059],[-122.60488570699999,45.59116550400006],[-122.60488545399994,45.591163238000036],[-122.60488525699998,45.591160968000054],[-122.60488511699998,45.591158697000026],[-122.60488503299996,45.591156424000076],[-122.60488500599996,45.591154151000069],[-122.604885035,45.591151878000062],[-122.604885121,45.591149604000066],[-122.60488526199998,45.591147333000038],[-122.60488546099998,45.591145064000045],[-122.60488571599996,45.591142797000032],[-122.60488602799995,45.591140534000033],[-122.60488639499999,45.591138275000048],[-122.60488681799995,45.591136022000057],[-122.60488729899998,45.59113377400007],[-122.60488783299996,45.59113153100003],[-122.60488842499996,45.591129296000076],[-122.60488906999996,45.591127068000048],[-122.60488977299997,45.591124849000039],[-122.60489052899999,45.591122638000058],[-122.60489134099998,45.59112043600004],[-122.60489220699998,45.591118246000065],[-122.60489312699997,45.591116066000041],[-122.60489410199995,45.59111389800006],[-122.60489513099998,45.591111742000066],[-122.60489621299996,45.591109600000038],[-122.60489734799995,45.591107470000054],[-122.60489853499996,45.591105355000025],[-122.60489977499998,45.591103255000064],[-122.60490106699996,45.591101170000059],[-122.60490241099996,45.591099102000044],[-122.60490380599998,45.591097049000041],[-122.60490525099999,45.591095016000054],[-122.60490674799996,45.591092999000068],[-122.60490829299999,45.591091001000052],[-122.60490988899994,45.591089022000062],[-122.60491153299995,45.591087064000078],[-122.60491322699994,45.591085126000053],[-122.60491496699996,45.591083209000033],[-122.60491675399999,45.591081313000075],[-122.60491858999995,45.591079440000044],[-122.60492047099996,45.591077589000065],[-122.60492239699994,45.591075763000049],[-122.60492436999999,45.591073959000028],[-122.60492638599999,45.591072180000026],[-122.60492844699996,45.591070426000044],[-122.60493054999995,45.591068698000072],[-122.60493269699998,45.591066995000062],[-122.60493488499998,45.591065320000041],[-122.60493711499998,45.591063671000029],[-122.60493938399998,45.591062049000072],[-122.60518879599999,45.590887036000026],[-122.60519784199994,45.590892380000071],[-122.60519365099998,45.590883689000066],[-122.60519859799996,45.590880395000056],[-122.60520362599999,45.590877162000027],[-122.60520873199999,45.59087399100008],[-122.60521391799995,45.590870884000026],[-122.60521917999995,45.590867841000033],[-122.60522451499997,45.590864862000046],[-122.60522992499995,45.590861950000033],[-122.60523540699995,45.590859103000071],[-122.60524095699998,45.590856325000061],[-122.60524657699995,45.590853615000071],[-122.60525226399994,45.59085097500008],[-122.60525801299997,45.590848404000042],[-122.60526382799998,45.590845904000048],[-122.60526970199999,45.590843475000042],[-122.60527563699998,45.59084112000005],[-122.60528162899999,45.590838837000035],[-122.60528767799997,45.59083662900008],[-122.60529377899996,45.590834493000045],[-122.60529993399996,45.590832434000049],[-122.60530613699996,45.590830451000045],[-122.60531238999999,45.590828543000043],[-122.60531868899994,45.59082671200008],[-122.60532503299999,45.590824960000077],[-122.60533141999997,45.590823284000066],[-122.60533784599994,45.590821688000062],[-122.60534431199994,45.590820171000075],[-122.60535081399996,45.590818733000049],[-122.60535735199994,45.590817375000029],[-122.60536392099999,45.590816096000026],[-122.60537052099994,45.590814900000055],[-122.60537715199996,45.590813783000044],[-122.60538380699995,45.590812748000076],[-122.60539048799995,45.590811795000036],[-122.60539719199994,45.590810924000039],[-122.60540391599994,45.590810135000027],[-122.60541065799998,45.590809430000036],[-122.60541741799994,45.590808806000041],[-122.60542419199999,45.590808266000067],[-122.60543097799996,45.590807808000079],[-122.60543777399999,45.590807434000055],[-122.60544457899999,45.590807143000063],[-122.60545138999998,45.590806935000046],[-122.60545820499999,45.59080681100005],[-122.60546502199998,45.590806770000029],[-122.60547183899996,45.590806814000075],[-122.60547865399997,45.59080694000005],[-122.60548546499996,45.590807150000046],[-122.60549226899997,45.590807444000063],[-122.60549906499995,45.590807821000055]],[[-122.59188891999997,45.591894720000028],[-122.59188319599997,45.591894714000034],[-122.59187747599998,45.591894638000042],[-122.59187175599999,45.591894493000041],[-122.59186604199999,45.591894277000051],[-122.59186033299994,45.591893991000063],[-122.59185463299997,45.591893635000076],[-122.59184894299995,45.59189321000008],[-122.59184326399998,45.591892714000039],[-122.59183759799998,45.591892150000035],[-122.59183194699995,45.591891516000032],[-122.59182631299996,45.591890813000077],[-122.59182069699995,45.591890040000067],[-122.59181510099995,45.591889199000036],[-122.59180952599996,45.591888291000032],[-122.59180397599999,45.591887313000029],[-122.59179844999994,45.591886268000053],[-122.59158792199997,45.591821724000056],[-122.59140731199994,45.591761318000067],[-122.59122487499997,45.591698345000054],[-122.59104864399995,45.591637318000039],[-122.59099138199997,45.591616950000059],[-122.59076653499994,45.591538806000074],[-122.59058491699994,45.591468164000048],[-122.59047370899998,45.591424868000047],[-122.59030192299997,45.591358769000067],[-122.59021805999998,45.591325945000051],[-122.59013130799997,45.591292099000043],[-122.59004832499994,45.591259563000051],[-122.589958938,45.591224633000081],[-122.58986979499997,45.591190078000068],[-122.58978643299997,45.591157472000077],[-122.58959936199994,45.591084383000066],[-122.58955824199995,45.591067914000064],[-122.58951767899998,45.591051425000046],[-122.58947033899994,45.591031677000046],[-122.58942392099999,45.59101159800008],[-122.58938250499995,45.590993078000054],[-122.58934186499999,45.590974345000063],[-122.58930391299998,45.590956385000027],[-122.58926660399999,45.59093832700006],[-122.58922598699996,45.590918299000066],[-122.58918596799998,45.59089827300005],[-122.58916466799997,45.590887056000042],[-122.58914378899999,45.590875753000034],[-122.58903137999999,45.590815993000035],[-122.58902238999997,45.590810914000031],[-122.58901607699994,45.590807192000057],[-122.58900985799994,45.590803393000044],[-122.58900373499995,45.590799520000076],[-122.58899770699998,45.590795571000058],[-122.58899177899997,45.590791549000073],[-122.58898595299996,45.590787454000065],[-122.58898022899996,45.590783290000047],[-122.58897460899999,45.590779055000041],[-122.58896909499998,45.590774753000062],[-122.58896368999996,45.590770384000052],[-122.58895839399997,45.590765949000058],[-122.58895320899995,45.590761450000059],[-122.58894813599994,45.590756888000044],[-122.58894317699998,45.590752264000059],[-122.58893833399998,45.590747580000027],[-122.58893410799999,45.590743317000033],[-122.58893086999996,45.590739910000025],[-122.58892771699999,45.590736464000031],[-122.58892464999997,45.590732979000052],[-122.58892167199997,45.590729457000066],[-122.58891877899998,45.590725900000052],[-122.58891597799999,45.590722307000078],[-122.58891326499997,45.590718681000055],[-122.58891064299996,45.59071502200004],[-122.58890811099997,45.59071133100008],[-122.58890567199995,45.590707610000038],[-122.58890332599998,45.59070385900003],[-122.58890107399998,45.59070008100008],[-122.58889891599995,45.590696276000074],[-122.58889685299999,45.590692444000069],[-122.58889488599999,45.590688588000035],[-122.58889527899998,45.590685205000057],[-122.58889036599999,45.590673331000062],[-122.58888398899995,45.590645001000041],[-122.58888440099997,45.590615011000068],[-122.58889253499996,45.590584234000062],[-122.58890107999997,45.590566649000039],[-122.58891231299998,45.590549999000075],[-122.58892396099998,45.590535779000049],[-122.58895178599994,45.59050945000007],[-122.58898568499995,45.590486098000042],[-122.58900449699996,45.590475902000037],[-122.58901830499997,45.590469650000045],[-122.58903067799997,45.590466268000057],[-122.58906985699997,45.59045752600008],[-122.58910767499998,45.590453957000079],[-122.58913339699996,45.590454291000071],[-122.58917961499998,45.590454344000079],[-122.58920903299997,45.590454587000067],[-122.58923915799994,45.590455243000065],[-122.58927991499996,45.590456646000064],[-122.58937097999996,45.590460946000064],[-122.58943090399998,45.590467003000072],[-122.58949439199995,45.590477757000031],[-122.58952443399994,45.590482927000039],[-122.58954370799995,45.590487856000038],[-122.58955483199998,45.590490775000035],[-122.58962519799996,45.590511105000076],[-122.58971445199995,45.590539893000027],[-122.58980468599998,45.590569769000069],[-122.58988157499999,45.590596725000069],[-122.58995574899996,45.590622817000053],[-122.59004628899999,45.590656866000074],[-122.59008842499998,45.590673208000055],[-122.59014762399994,45.590696425000033],[-122.59020847799997,45.590720052000052],[-122.59038229099997,45.590787340000077],[-122.59054446499999,45.590850813000031],[-122.59070698499994,45.590913901000079],[-122.59086983999998,45.590977423000027],[-122.59103206099996,45.59104076400007],[-122.59119464199995,45.591103800000042],[-122.59129469799996,45.591145307000033],[-122.59134235299996,45.591168613000036],[-122.59135830099996,45.591175002000057],[-122.59138284299996,45.591187556000079],[-122.59140735399995,45.591200015000027],[-122.59143606699996,45.59121478600008],[-122.59146579499998,45.59122996800005],[-122.59149502099996,45.591244682000081],[-122.59151368399995,45.591254239000079],[-122.59153448099994,45.591264863000049],[-122.59155360499994,45.591274601000066],[-122.59157518899997,45.591285651000078],[-122.59159772599997,45.591297219000069],[-122.59161938999995,45.591308268000034],[-122.59164595799996,45.59132204000008],[-122.59166985799999,45.591334478000078],[-122.59169153199997,45.591345531000059],[-122.59171438799996,45.591357232000064],[-122.591734213,45.591367206000029],[-122.59175519899998,45.591377990000069],[-122.59177654299998,45.591388709000057],[-122.59178928199998,45.59139530200008],[-122.59180347499995,45.591402508000044],[-122.59182180099998,45.59141192900006],[-122.59200889299996,45.591506290000041],[-122.59201554899994,45.591509814000062],[-122.59202011799999,45.591512342000044],[-122.59202462499996,45.591514927000048],[-122.59202906599995,45.59151756600005],[-122.59203344099996,45.591520259000049],[-122.59203774799994,45.591523006000045],[-122.59204198599997,45.591525804000071],[-122.59204615399995,45.591528654000058],[-122.59205025099999,45.591531555000074],[-122.59205427499995,45.591534506000073],[-122.59205822599995,45.591537505000076],[-122.59206209999996,45.591540552000026],[-122.59206589899998,45.591543647000037],[-122.59206961999996,45.591546788000073],[-122.59207326299997,45.591549973000042],[-122.59207682599998,45.591553203000046],[-122.59208030699995,45.591556476000051],[-122.59208370699997,45.591559791000066],[-122.59208702299998,45.591563148000034],[-122.59209025799998,45.591566543000056],[-122.59209340499996,45.591569979000042],[-122.59209646799997,45.591573452000034],[-122.592099443,45.591576962000033],[-122.59210233099998,45.591580510000028],[-122.59210512999999,45.591584091000072],[-122.59210783999998,45.591587706000041],[-122.59211045899997,45.591591353000069],[-122.59211298699995,45.591595033000033],[-122.59211542399999,45.591598743000077],[-122.59211776799998,45.591602481000052],[-122.59212001899999,45.591606248000062],[-122.59212217599998,45.59161004200007],[-122.59212423699995,45.591613862000031],[-122.59212620499994,45.591617706000079],[-122.59212807599999,45.591621575000033],[-122.59212984999999,45.591625466000039],[-122.59213152799998,45.591629377000061],[-122.592133107,45.591633308000041],[-122.59213458899995,45.591637259000038],[-122.59213597199999,45.591641227000025],[-122.59213725799998,45.591645211000071],[-122.59213844299995,45.591649210000071],[-122.59213952899995,45.591653224000027],[-122.59214051499998,45.591657250000026],[-122.59214140099999,45.591661287000079],[-122.59214218599999,45.591665335000073],[-122.59214287099996,45.591669392000028],[-122.592143454,45.59167345600008],[-122.59214393599996,45.591677527000058],[-122.59214431699996,45.59168160400003],[-122.59214459699996,45.591685683000037],[-122.59214477599994,45.591689766000059],[-122.59214485299998,45.591693851000059],[-122.59214482799996,45.591697937000049],[-122.59214498399996,45.591704934000063],[-122.59214483099998,45.591708461000053],[-122.59214459099996,45.591711986000064],[-122.59214426299997,45.59171550700006],[-122.59214384799998,45.591719024000042],[-122.59214334499995,45.591722536000077],[-122.59214275499994,45.591726040000026],[-122.59214207799999,45.591729537000049],[-122.59214131399995,45.591733025000053],[-122.59214046399995,45.59173650300005],[-122.59213952699997,45.591739970000049],[-122.59213850399999,45.591743425000061],[-122.59213739499995,45.59174686800003],[-122.59213620099996,45.591750295000054],[-122.59213492299995,45.591753709000045],[-122.59213355899999,45.591757105000056],[-122.59213211199994,45.591760484000076],[-122.59213057899996,45.59176384500006],[-122.59212896499997,45.591767187000073],[-122.59212726699997,45.591770509000071],[-122.59212548699998,45.591773809000074],[-122.59212362499994,45.591777087000025],[-122.59212168299996,45.59178034200005],[-122.59211965799994,45.591783573000043],[-122.59211755499996,45.591786778000028],[-122.59211537199997,45.591789956000071],[-122.59211310999996,45.591793108000047],[-122.59211077099997,45.591796232000036],[-122.59210835299996,45.591799325000068],[-122.59210585999995,45.591802389000065],[-122.59210329099994,45.591805423000039],[-122.592100647,45.591808424000078],[-122.59209792799999,45.591811393000057],[-122.59209515499998,45.59181430700005],[-122.59209085399999,45.591818439000065],[-122.59208756999999,45.591821463000031],[-122.59208421199997,45.591824446000032],[-122.59208077899996,45.59182738700008],[-122.59207727399996,45.591830286000061],[-122.59207369799998,45.591833141000052],[-122.59207004999996,45.591835952000054],[-122.59206633399998,45.591838718000076],[-122.59206254999998,45.591841438000074],[-122.59205869799996,45.591844111000057],[-122.59205478099994,45.591846737000026],[-122.59205079899999,45.591849314000058],[-122.59204675399997,45.59185184200004],[-122.59204264599998,45.591854320000039],[-122.59203847699996,45.591856747000065],[-122.59203424899999,45.591859123000063],[-122.59202996199997,45.591861447000042],[-122.59202561799998,45.59186371800007],[-122.59202121799996,45.591865935000044],[-122.59201676399999,45.591868098000077],[-122.59201225799995,45.591870206000067],[-122.59200769899996,45.59187225900007],[-122.59200308899995,45.59187425500005],[-122.59199843099998,45.591876195000054],[-122.59199372399996,45.591878077000047],[-122.59198897199997,45.591879901000027],[-122.59198417699997,45.591881667000052],[-122.59197933799999,45.591883374000076],[-122.59197445599995,45.591885021000053],[-122.59196953499998,45.591886608000038],[-122.59196479799999,45.591888066000081],[-122.59195703699999,45.591889338000044],[-122.59195143799997,45.591890168000077],[-122.59194581799994,45.591890929000044],[-122.59194018199997,45.591891621000059],[-122.59193452799997,45.591892244000064],[-122.59192885999994,45.591892797000071],[-122.59192317899999,45.591893282000058],[-122.59191748599994,45.591893696000056],[-122.59191178499998,45.591894041000046],[-122.59190607599999,45.591894316000037],[-122.59190036099994,45.591894521000029],[-122.59189464199994,45.591894655000033],[-122.59188891999997,45.591894720000028]],[[-122.59100241299996,45.591919789000031],[-122.59099264499997,45.591944143000035],[-122.59096984899998,45.591965219000031],[-122.59093743699998,45.591978784000048],[-122.59090187099997,45.591982871000027],[-122.59069513199995,45.591977352000072],[-122.59050633499999,45.591967622000027],[-122.59031900899998,45.591954888000032],[-122.59005679499995,45.591931603000035],[-122.58992873599999,45.591917798000054],[-122.58964524899994,45.591880734000028],[-122.58944284299997,45.591849889000059],[-122.58922074199995,45.591811513000039],[-122.58905132999996,45.591778497000064],[-122.58881283699998,45.591727701000025],[-122.58854449599994,45.591663986000071],[-122.58823746499996,45.591583435000075],[-122.58793834799997,45.591499599000031],[-122.58764191899996,45.591411289000064],[-122.58734821199999,45.591318519000026],[-122.58714211199998,45.591249880000078],[-122.58673578599996,45.591109939000035],[-122.58653525899996,45.591031888000032],[-122.58603355299999,45.590836546000048],[-122.58551681899996,45.590634879000049],[-122.58549961499995,45.590619669000034],[-122.58549112199995,45.590608487000054],[-122.58548015499997,45.590584327000045],[-122.58547786799994,45.590571737000062],[-122.58547980199995,45.590546458000063],[-122.58548425999999,45.590533642000025],[-122.58549116299997,45.590521683000077],[-122.58551449899994,45.590500846000054],[-122.58553190399999,45.590489465000076],[-122.58556413699995,45.590476340000066],[-122.58560094499995,45.590469769000038],[-122.58615506199999,45.590448891000051],[-122.58654964299996,45.590437783000027],[-122.58694925899999,45.590422524000076],[-122.58703925799995,45.59042321700008],[-122.58711581999995,45.590429938000057],[-122.58723752399999,45.590450460000056],[-122.58733977899999,45.590472486000067],[-122.58749327199996,45.590513531000056],[-122.58757497399995,45.590539548000038],[-122.58767054499998,45.59057395800005],[-122.58927889399996,45.591203205000056],[-122.59092165399994,45.591842237000037],[-122.59097188399994,45.591867461000049],[-122.59098676699995,45.591878344000065],[-122.59099984399995,45.591897302000064],[-122.59100241299996,45.591919789000031]],[[-122.58820352999999,45.589939822000076],[-122.58824226699994,45.589960076000068],[-122.58827589599997,45.589988997000034],[-122.58829924699995,45.590011817000061],[-122.58831859199995,45.590030518000049],[-122.58833653599999,45.590058327000065],[-122.58834411699996,45.590078876000064],[-122.58834056499995,45.590109031000054],[-122.58832367799999,45.590123633000076],[-122.58829356399997,45.590143184000055],[-122.58825886599999,45.590158044000077],[-122.58823407299997,45.590165785000067],[-122.58819553199999,45.590175706000025],[-122.58809932399998,45.590182972000036],[-122.58806291899998,45.590183961000037],[-122.58802648899996,45.59018370800004],[-122.58778698299994,45.590174600000068],[-122.58756180599994,45.590164946000073],[-122.58751535399995,45.590162024000051],[-122.58746751899997,45.590157604000069],[-122.58740248099997,45.590148937000038],[-122.58737024799996,45.590143644000079],[-122.58733096299994,45.590136276000067],[-122.58729206399994,45.590127959000029],[-122.58725359699997,45.590118704000076],[-122.58721560799995,45.590108523000026],[-122.58717814299996,45.590097427000046],[-122.58701869899994,45.590046237000081],[-122.58683189299995,45.589984661000074],[-122.58677658899995,45.589957109000068],[-122.58674641199997,45.589933726000027],[-122.58672078799998,45.58990697400003],[-122.58670174599996,45.589877638000075],[-122.58669110399995,45.589851432000046],[-122.58668511699994,45.589823042000035],[-122.58668452899997,45.58979434500003],[-122.58668949599996,45.589766717000032],[-122.58669905499994,45.589745234000077],[-122.58671358999999,45.589725175000069],[-122.58673269099995,45.589707101000045],[-122.58675460899997,45.589692217000049],[-122.58677962899998,45.589679979000039],[-122.58682595199997,45.589667642000052],[-122.58693249399994,45.589646831000039],[-122.58699504499998,45.589637569000047],[-122.58705897799996,45.589630205000049],[-122.58710159399999,45.589626683000063],[-122.58714435499996,45.589624178000065],[-122.58727937399999,45.589627845000052],[-122.58737815999996,45.589639151000029],[-122.58746873199999,45.589657750000072],[-122.58757493099995,45.589693261000036],[-122.58816504799995,45.589923209000062],[-122.58820352999999,45.589939822000076]],[[-122.60515588199996,45.59005819500004],[-122.60514985599997,45.590055956000072],[-122.60514388699994,45.590053643000033],[-122.60513797699997,45.590051258000074],[-122.60513212699999,45.590048800000034],[-122.60512633799999,45.590046271000062],[-122.60512061399999,45.590043672000036],[-122.60511495599997,45.590041003000067],[-122.60510936299994,45.590038266000079],[-122.60510384099996,45.590035460000081],[-122.60509838799999,45.590032586000063],[-122.60509300899997,45.590029647000051],[-122.60508770199999,45.590026641000065],[-122.60508247199999,45.590023572000064],[-122.60507731799999,45.590020439000057],[-122.605072243,45.590017242000044],[-122.60506724799995,45.590013984000052],[-122.60506233499996,45.590010667000058],[-122.60505750599998,45.590007289000027],[-122.60505275999998,45.590003851000063],[-122.60504810299994,45.590000358000054],[-122.60504353099998,45.589996807000034],[-122.60503904899997,45.589993200000038],[-122.60503465599999,45.589989540000033],[-122.60503035599999,45.589985825000042],[-122.60502614899997,45.589982060000068],[-122.60485467199999,45.58982577300003],[-122.60485568699994,45.589824935000081],[-122.60484404199997,45.589813339000045],[-122.60482954399998,45.589783896000029],[-122.60482520399995,45.589773021000042],[-122.60482189099997,45.589760507000051],[-122.60481762699999,45.589742509000075],[-122.60481412099995,45.589721139000062],[-122.60481327799999,45.589707579000049],[-122.60481290199999,45.589688296000077],[-122.60481378999998,45.589675657000043],[-122.60481542699995,45.58966263800005],[-122.60482107599995,45.589643482000042],[-122.60482841699996,45.589622980000058],[-122.60483956899998,45.589599913000029],[-122.60486215499998,45.589568640000039],[-122.60495234499996,45.589499255000078],[-122.60498746399998,45.589476975000025],[-122.60514009699995,45.589401428000031],[-122.60517225799998,45.589388859000053],[-122.60518525399999,45.589382685000032],[-122.60527566999997,45.589354589000038],[-122.60528790799998,45.589351319000059],[-122.60533678699994,45.589340021000055],[-122.60540314299999,45.589327781000065],[-122.60542687199995,45.589324813000076],[-122.60553345899996,45.58931603800005],[-122.60570476299995,45.589312903000064],[-122.60579579799997,45.58932087800008],[-122.60584762199994,45.58932907600007],[-122.60588994699998,45.589337153000031],[-122.60594007299994,45.58934707700007],[-122.60593730899996,45.589346078000062],[-122.60598144199997,45.589356490000057],[-122.60603815899998,45.589371994000032],[-122.60611169899994,45.589400900000044],[-122.60626365399997,45.589456006000034],[-122.60635517099996,45.589491524000039],[-122.60602841399998,45.589722255000027],[-122.60602143499995,45.589721474000044],[-122.60600331399996,45.589734318000069],[-122.60591767399995,45.589794547000054],[-122.60587494199996,45.58982461800008],[-122.60584431699999,45.589846031000036],[-122.605794592,45.589880758000049],[-122.60574871099999,45.589912878000064],[-122.60574846599997,45.589912704000028],[-122.60561170999995,45.590008669000042],[-122.60560499799999,45.590013267000074],[-122.60560002099999,45.590016538000043],[-122.60559496299999,45.590019748000032],[-122.60558982599997,45.590022894000072],[-122.60558461199997,45.590025978000028],[-122.60557932299997,45.590028998000037],[-122.60557395799998,45.590031952000061],[-122.60556852199994,45.590034839000054],[-122.60556301399998,45.590037660000064],[-122.60555743699996,45.590040413000054],[-122.60555179299996,45.590043097000034],[-122.60554608199999,45.590045712000062],[-122.60554030799995,45.590048256000046],[-122.60553447099994,45.590050728000051],[-122.60552857299996,45.590053130000058],[-122.60552261799995,45.590055458000052],[-122.60551660399994,45.590057713000078],[-122.60551053599994,45.590059895000081],[-122.60550441499998,45.590062000000046],[-122.60549824099996,45.590064032000043],[-122.60549201899994,45.59006598700006],[-122.60548574799998,45.590067865000037],[-122.60547943299997,45.59006966700008],[-122.605473072,45.590071391000038],[-122.60546667099999,45.590073036000035],[-122.60546022899996,45.590074603000062],[-122.60545374999998,45.590076091000071],[-122.60544723399994,45.590077499000074],[-122.60544068499996,45.59007882700007],[-122.60543410299999,45.59008007400007],[-122.60542749099994,45.590081241000064],[-122.60542085199995,45.590082327000061],[-122.60541418599996,45.590083331000073],[-122.60540749699999,45.590084254000033],[-122.60540078399998,45.590085093000027],[-122.60539405399999,45.590085851000026],[-122.60538730399998,45.59008652600005],[-122.60538053899995,45.590087119000032],[-122.60537376099995,45.590087628000049],[-122.60536697199996,45.590088054000034],[-122.60536017199996,45.590088397000045],[-122.60535336499998,45.590088657000081],[-122.60534655099997,45.590088833000038],[-122.60533973499997,45.590088926000078],[-122.60533291899998,45.59008893400005],[-122.60532610199999,45.590088860000037],[-122.60531928799998,45.59008870200006],[-122.60531247899996,45.59008846100005],[-122.60530567799998,45.590088136000077],[-122.60529888599996,45.590087728000071],[-122.60529210499999,45.590087237000034],[-122.60528533599995,45.590086662000033],[-122.60527858399996,45.590086005000046],[-122.60527184799997,45.590085265000027],[-122.60526513199994,45.59008444300008],[-122.60525843799996,45.590083538000044],[-122.60525176699997,45.590082552000069],[-122.60524512099994,45.590081485000042],[-122.60523850299995,45.590080335000039],[-122.60523191499999,45.590079106000076],[-122.60522535899997,45.59007779500007],[-122.60521883499996,45.590076404000058],[-122.60521234699996,45.590074934000029],[-122.60520589799995,45.59007338400005],[-122.60519948699999,45.590071755000054],[-122.60519311799999,45.590070049000076],[-122.60518679199998,45.590068264000081],[-122.60518051199995,45.590066402000048],[-122.60517427799999,45.590064464000079],[-122.60516809499995,45.590062449000072],[-122.60516196199995,45.590060359000063],[-122.60515588199996,45.59005819500004]],[[-122.60408008099995,45.591083423000043],[-122.60406790499997,45.591091818000052],[-122.60405553899994,45.591100053000048],[-122.60404296899998,45.591108133000034],[-122.60403020199999,45.591116060000047],[-122.60401723899997,45.591123829000026],[-122.60400408399994,45.591131437000058],[-122.60399074199995,45.591138883000042],[-122.60397721699997,45.591146164000065],[-122.60396351399999,45.591153279000025],[-122.60394963599998,45.591160225000067],[-122.60393558599998,45.591166999000052],[-122.60392137199995,45.591173601000037],[-122.60390699399994,45.591180027000064],[-122.60389245899995,45.59118627600003],[-122.60387777199998,45.591192346000071],[-122.603862935,45.591198235000036],[-122.60384795399995,45.59120394200005],[-122.60383283399995,45.591209463000041],[-122.60381757799996,45.591214799000056],[-122.60380219399997,45.59121994700007],[-122.60378668199996,45.591224906000036],[-122.60377104999998,45.591229675000079],[-122.60375530199997,45.59123425000007],[-122.60373944199995,45.591238633000046],[-122.60372347599997,45.591242819000058],[-122.60370740799999,45.59124681000003],[-122.60369124399995,45.591250603000049],[-122.60367498799997,45.591254198000058],[-122.60365864499994,45.59125759300008],[-122.60364221999998,45.591260787000067],[-122.60362571799999,45.59126377900003],[-122.60360914399996,45.591266569000027],[-122.60359250299996,45.591269155000077],[-122.60357580099998,45.591271537000068],[-122.60355904199997,45.591273714000067],[-122.60354223099995,45.591275686000074],[-122.60352537399996,45.591277451000053],[-122.60350847499996,45.591279009000061],[-122.60349153999999,45.591280360000042],[-122.60347457499995,45.591281503000062],[-122.60345758399995,45.591282438000064],[-122.60344057199995,45.59128316500005],[-122.60342354499994,45.591283683000029],[-122.60340650599994,45.591283993000047],[-122.60338946299998,45.591284094000059],[-122.60244203599996,45.591283881000038],[-122.60244137399997,45.591283848000046],[-122.60240205699995,45.591277343000058],[-122.60239184599999,45.591273528000045],[-122.60238082799998,45.591267905000052],[-122.60237102999997,45.591261258000031],[-122.60236264499997,45.591253718000075],[-122.60235583699995,45.591245434000029],[-122.60235073699999,45.591236563000052],[-122.60234744599995,45.591227282000034],[-122.60234602499997,45.591217769000025],[-122.60234650499996,45.591208210000048],[-122.60234887499996,45.591198790000078],[-122.60235308899996,45.591189694000036],[-122.60235906399998,45.59118109700006],[-122.60236668699997,45.591173170000047],[-122.60311983699995,45.590643988000068],[-122.60326696399994,45.590544254000065],[-122.60334360099995,45.59049493200007],[-122.60342145199996,45.590446555000028],[-122.60350049299996,45.590399140000045],[-122.60358070299998,45.590352700000039],[-122.60366205199995,45.59030725000008],[-122.60374451899997,45.590262804000076],[-122.60385297699997,45.590206905000059],[-122.60392801499995,45.590172044000042],[-122.60397834899999,45.590150818000041],[-122.60412851399997,45.590096706000054],[-122.60422142399995,45.590077077000046],[-122.60422930399994,45.590076506000059],[-122.60432348499995,45.59008052400003],[-122.60433050199998,45.590081671000064],[-122.60439029299999,45.590097980000053],[-122.60448339099997,45.590132202000063],[-122.60448626599998,45.590129829000034],[-122.60449475199999,45.59013298800005],[-122.60451563399999,45.590141093000057],[-122.60453631199999,45.590149452000048],[-122.60455677799996,45.590158064000036],[-122.60457702899998,45.590166924000073],[-122.60459705499994,45.590176031000055],[-122.60461685199999,45.590185383000062],[-122.60463641299998,45.590194976000078],[-122.60465573299996,45.590204807000077],[-122.60467480499995,45.590214873000036],[-122.60469362599997,45.590225171000043],[-122.60471218499998,45.590235698000072],[-122.60472001299996,45.59024034600003],[-122.60472486299994,45.590243360000045],[-122.60472963599995,45.590246433000061],[-122.60473433299995,45.590249565000079],[-122.60473895199999,45.590252752000026],[-122.60474348999998,45.590255997000042],[-122.60474794599997,45.590259296000056],[-122.60475231999999,45.590262649000067],[-122.60475661099997,45.590266056000075],[-122.60476081499996,45.590269514000056],[-122.60476493299996,45.590273023000066],[-122.60476896399996,45.590276582000058],[-122.60477290399996,45.590280191000033],[-122.60477675499999,45.59028384700008],[-122.60478051499996,45.590287549000038],[-122.60478418199995,45.590291297000078],[-122.60478775499996,45.590295090000041],[-122.60479123299996,45.59029892500007],[-122.60479461499995,45.590302803000043],[-122.60479790199997,45.590306722000037],[-122.60480108799999,45.590310680000073],[-122.60480417799999,45.590314677000038],[-122.60480716599994,45.590318710000076],[-122.60481005399998,45.590322780000065],[-122.60481284099995,45.590326885000081],[-122.60481552499999,45.590331023000033],[-122.60481810599998,45.590335194000033],[-122.60482058299999,45.590339395000058],[-122.60482295499997,45.59034362500006],[-122.60482522199999,45.590347886000075],[-122.60482738199994,45.590352172000053],[-122.60482943399995,45.590356485000029],[-122.60483137999995,45.590360822000036],[-122.60483321899994,45.590365182000028],[-122.60483494699997,45.590369563000081],[-122.60483656799994,45.590373966000072],[-122.60483807699995,45.590378388000033],[-122.60483947699998,45.590382827000042],[-122.60484076699998,45.59038728400003],[-122.60484194499998,45.590391755000041],[-122.60484301199995,45.590396239000029],[-122.60484396799995,45.590400737000039],[-122.60484481199995,45.590405245000056],[-122.60484554299995,45.590409763000025],[-122.60484616199994,45.59041428900008],[-122.60484666899998,45.59041882300005],[-122.60484706099999,45.590423361000035],[-122.60484734299996,45.59042790400008],[-122.60484750999996,45.590432450000037],[-122.60484756499994,45.59043699700004],[-122.60484750699999,45.590441544000043],[-122.60484733599998,45.590446089000068],[-122.60484705199997,45.590450631000067],[-122.60484665399997,45.590455170000041],[-122.60484614499995,45.590459703000079],[-122.60484552199995,45.590464229000077],[-122.60484478699999,45.590468747000045],[-122.60484393999997,45.590473255000063],[-122.60484297999994,45.590477752000027],[-122.60484190899996,45.590482236000071],[-122.60484072799994,45.590486707000025],[-122.60483943599996,45.590491162000035],[-122.60483803099999,45.590495601000043],[-122.60483651799996,45.590500023000061],[-122.60483489499995,45.590504424000073],[-122.60483316199998,45.590508806000059],[-122.60483132199994,45.590513165000061],[-122.60482937199998,45.590517501000079],[-122.60482731599996,45.590521813000066],[-122.60482515199999,45.590526099000044],[-122.60482288099996,45.590530357000034],[-122.60482050599995,45.590534588000025],[-122.60481802599998,45.59053878900005],[-122.60481544299995,45.590542957000025],[-122.60481275499995,45.590547095000034],[-122.60480996499996,45.590551198000071],[-122.60480707399995,45.59055526800006],[-122.60480408099994,45.590559300000052],[-122.60480098999994,45.590563295000038],[-122.60479779999997,45.590567252000028],[-122.60479450999998,45.590571169000043],[-122.60479112499996,45.590575046000026],[-122.60478764399994,45.590578880000066],[-122.60478406799996,45.59058267100005],[-122.60478039799995,45.590586418000044],[-122.60477663499995,45.590590119000069],[-122.60477278099995,45.59059377400007],[-122.60476883799998,45.590597380000077],[-122.60476480499995,45.59060093800008],[-122.60476068399998,45.590604446000043],[-122.60475647599998,45.590607902000045],[-122.60475218299996,45.590611307000074],[-122.60474780699997,45.590614659000039],[-122.60474334799994,45.590617956000074],[-122.60473880699999,45.590621199000054],[-122.60408008099995,45.591083423000043]],[[-122.60238964299998,45.590818550000051],[-122.60182845599996,45.59110576300003],[-122.60180403899994,45.591113300000075],[-122.60178797199995,45.591119118000051],[-122.60176484699997,45.591124875000048],[-122.60173545099997,45.59112979400004],[-122.60171120599995,45.591134620000048],[-122.60168801799995,45.591138663000038],[-122.60166698499995,45.591142286000036],[-122.60164157899999,45.591145037000047],[-122.60161227099996,45.591146667000032],[-122.60158995699999,45.591146099000071],[-122.60156379099999,45.591145791000031],[-122.60154420699996,45.591144576000033],[-122.60152085799996,45.591140573000075],[-122.60150153199999,45.591135354000073],[-122.60148051199997,45.591128307000076],[-122.60146615899998,45.591122490000032],[-122.60144854999999,45.591113222000047],[-122.60143161899998,45.591101296000033],[-122.60141632499995,45.591088315000036],[-122.60140276499999,45.591074439000067],[-122.60139114699996,45.591059690000066],[-122.60138409799998,45.591042463000065],[-122.60137862799996,45.591026094000028],[-122.60137328599995,45.59100241200008],[-122.60136988999994,45.59097484800003],[-122.60137140699999,45.590905946000078],[-122.60137310099998,45.590887577000046],[-122.60137816399998,45.590858025000045],[-122.60138635699997,45.590826618000051],[-122.60140094899998,45.590797522000059],[-122.60158499799996,45.59046642800007],[-122.60199183199995,45.590092429000038],[-122.60200879799999,45.590079877000051],[-122.60204991499995,45.590058397000064],[-122.60206716799996,45.590051652000056],[-122.60207955199996,45.590047187000039],[-122.60209765499997,45.59004137900007],[-122.60211646199997,45.590036272000077],[-122.60213186999999,45.590033310000081],[-122.60214805199996,45.590030634000072],[-122.60217402999996,45.590026824000063],[-122.60219496699995,45.590024299000049],[-122.60221899999999,45.590022907000048],[-122.60224240599996,45.590022956000041],[-122.60226109399997,45.590023805000044],[-122.60227685299998,45.590025720000028],[-122.60229251299995,45.590027220000081],[-122.60230955999998,45.59002958700006],[-122.60233994799995,45.590036622000071],[-122.60262852099999,45.590149190000034],[-122.60264755399999,45.590161226000077],[-122.60266406699998,45.590174030000071],[-122.60268484699998,45.590191401000027],[-122.60270247899996,45.590209456000025],[-122.60271881199998,45.590230585000029],[-122.60273349199997,45.590253378000057],[-122.60274523399994,45.590275225000028],[-122.60275198099998,45.590295363000052],[-122.60275811099996,45.590314705000026],[-122.60276026599996,45.590335561000074],[-122.60276370099996,45.590359024000065],[-122.60276105399998,45.590382226000031],[-122.60275989899998,45.590406407000046],[-122.60274042499998,45.590452537000033],[-122.60272199299999,45.590478140000073],[-122.60272288299996,45.590477660000033],[-122.60238964299998,45.590818550000051]],[[-122.60278103599995,45.58937080000004],[-122.60278510399996,45.589371109000069],[-122.60278916199997,45.589371467000035],[-122.60281100199995,45.589373728000055],[-122.60282612599997,45.589375525000037],[-122.60284120299997,45.589377508000041],[-122.60285622799995,45.589379674000043],[-122.60287119699996,45.589382025000077],[-122.60288610499998,45.589384558000063],[-122.60290094699997,45.589387275000036],[-122.60291572099999,45.589390172000037],[-122.60293041899996,45.589393250000057],[-122.60294503999995,45.58939650800005],[-122.60295957699998,45.589399943000046],[-122.60297402599997,45.589403558000072],[-122.60298838299997,45.589407347000076],[-122.60300264399996,45.589411314000074],[-122.60301680399999,45.589415453000072],[-122.60303085999999,45.589419766000049],[-122.60304480499997,45.589424250000036],[-122.60305863799999,45.589428904000044],[-122.60307235199997,45.589433728000074],[-122.60308594299994,45.589438718000054],[-122.60309940999997,45.58944387400004],[-122.60311274699995,45.589449195000043],[-122.60312594799996,45.589454678000038],[-122.60313901099994,45.589460323000026],[-122.60315193299999,45.589466125000058],[-122.60316470699996,45.589472086000058],[-122.60317733299996,45.589478203000056],[-122.60318980299996,45.589484473000027],[-122.60341759999994,45.589603009000029],[-122.60345015999997,45.589626291000059],[-122.60346774399994,45.589639782000063],[-122.60348511699999,45.589654112000062],[-122.60350440899998,45.589671558000077],[-122.60351919399994,45.589686227000072],[-122.60353730599996,45.589706282000066],[-122.60355136299995,45.58972525300004],[-122.60356124699996,45.589744521000057],[-122.60356721999995,45.58976560800005],[-122.60356785499999,45.589787297000044],[-122.60356149799998,45.589806370000076],[-122.60355024399996,45.589827310000032],[-122.60353753299995,45.58984362800004],[-122.60351590799996,45.589864901000055],[-122.60346699099995,45.589897786000051],[-122.60341065499995,45.589913492000051],[-122.60337569399996,45.589919081000062],[-122.60334390499997,45.589920769000059],[-122.60331209099996,45.589919336000037],[-122.60328087099998,45.58991480800006],[-122.60326193099996,45.589910442000075],[-122.60299850799998,45.589840714000047],[-122.60295194799994,45.589827508000042],[-122.60291778599998,45.589816661000043],[-122.60285118299998,45.589792488000057],[-122.60283413399998,45.589785342000027],[-122.60280353099995,45.589768069000058],[-122.60278587399995,45.589758437000057],[-122.60276442899999,45.589743587000044],[-122.60274062999997,45.589723826000068],[-122.60270990399999,45.589700192000066],[-122.60269150999994,45.589685573000054],[-122.60267628399998,45.589672366000059],[-122.60266204599998,45.589660185000071],[-122.60264623599994,45.589643727000066],[-122.60263337299995,45.589628583000035],[-122.60262056099998,45.589614504000053],[-122.60260811399996,45.589600149000034],[-122.60260016299998,45.589589365000052],[-122.60259193699994,45.589579971000035],[-122.60258352599999,45.589569090000055],[-122.602575737,45.589558514000032],[-122.60256873099996,45.589548453000077],[-122.60256180999994,45.589537005000068],[-122.60255616599994,45.589523715000041],[-122.60255292399995,45.589513031000081],[-122.60255202299999,45.589506874000051],[-122.60255118099997,45.589498797000033],[-122.60255022699999,45.589491576000057],[-122.60255025399999,45.589482627000052],[-122.60255130199999,45.589475997000079],[-122.60255321899996,45.589468495000062],[-122.60255548499998,45.58946194400005],[-122.60255807399994,45.589455810000061],[-122.60256071399999,45.589450741000064],[-122.60256378999998,45.589445235000028],[-122.60256800499997,45.589438211000072],[-122.60256777699999,45.58943832600005],[-122.60256990899995,45.58943627900004],[-122.60257237899998,45.589433990000032],[-122.60257490699996,45.589431733000026],[-122.60257749099998,45.589429506000045],[-122.60258012899999,45.589427311000065],[-122.60258282099994,45.589425149000078],[-122.60258556699995,45.589423021000073],[-122.60258836599996,45.589420927000049],[-122.60259121499996,45.589418866000074],[-122.60259411599998,45.589416842000048],[-122.60259706799997,45.589414853000051],[-122.60260006699997,45.58941290100006],[-122.60260311399998,45.589410985000029],[-122.60260620899999,45.589409107000051],[-122.60260934999997,45.589407268000059],[-122.60261253599998,45.589405467000063],[-122.60261576699997,45.589403705000052],[-122.60261904099997,45.589401984000062],[-122.60262235699997,45.589400303000048],[-122.60262571399994,45.589398663000054],[-122.60262911199999,45.589397063000035],[-122.60263254899996,45.589395506000074],[-122.60263602399999,45.589393992000055],[-122.60263953599997,45.589392520000047],[-122.60264308399996,45.589391091000039],[-122.60264666899997,45.589389706000077],[-122.60265028599997,45.589388366000037],[-122.60265393499998,45.589387069000054],[-122.60265761699998,45.58938581700005],[-122.60266132799995,45.58938461200006],[-122.60266507099999,45.58938345200005],[-122.60266883999998,45.589382337000075],[-122.60267263699996,45.589381269000057],[-122.60267645999994,45.589380248000055],[-122.60268030799995,45.589379274000066],[-122.60268417899999,45.589378346000046],[-122.60268807299997,45.589377467000077],[-122.60269198799995,45.589376635000065],[-122.60269592299994,45.589375851000057],[-122.60269987699996,45.589375117000031],[-122.60270384799998,45.589374430000078],[-122.60270783799996,45.58937379200006],[-122.60271183999998,45.589373203000036],[-122.60271585799995,45.589372663000063],[-122.60271988799997,45.589372173000072],[-122.60272392999997,45.589371732000075],[-122.60272798199998,45.58937134100006],[-122.60273204399999,45.589370999000039],[-122.60273611199995,45.589370707000057],[-122.60274018799998,45.589370465000059],[-122.60274426899997,45.589370274000032],[-122.60274835499996,45.589370132000056],[-122.60275244199994,45.589370040000063],[-122.60275653299999,45.589369998000052],[-122.60276062299999,45.589370006000081],[-122.60276471199995,45.589370065000026],[-122.60276879899999,45.589370174000067],[-122.60277288299994,45.589370332000044],[-122.60277696299994,45.589370541000051],[-122.60278103599995,45.58937080000004]],[[-122.60732833199995,45.58873191400005],[-122.60731553999995,45.588762855000027],[-122.60731042899999,45.588773976000027],[-122.60730466099994,45.588784937000071],[-122.60729824499998,45.588795719000075],[-122.60729086499998,45.588805991000072],[-122.60728310399998,45.588816121000036],[-122.60727496599998,45.588826106000056],[-122.60724226399998,45.588862348000077],[-122.60724236899995,45.588862391000077],[-122.60718348999995,45.588903723000044],[-122.60713310199998,45.588939036000056],[-122.60707655999994,45.588978716000042],[-122.60702701399998,45.589013745000045],[-122.60700938299999,45.589026075000049],[-122.60695845499998,45.589062051000042],[-122.60692998499997,45.589082099000052],[-122.60693523099997,45.589084968000066],[-122.60677774199996,45.589196308000055],[-122.60671635999995,45.589172340000061],[-122.60671692199998,45.589171924000027],[-122.60664750199999,45.589133403000062],[-122.60661332499996,45.589111814000034],[-122.60658063499994,45.589089079000075],[-122.60654956499997,45.589065312000059],[-122.60652005899999,45.58904052400004],[-122.60649232499998,45.589014795000026],[-122.60646628899997,45.588988161000032],[-122.60644210399994,45.588960710000038],[-122.60642820899994,45.588938746000053],[-122.60639824899999,45.588895759000081],[-122.60637437399998,45.588852981000059],[-122.60636141399999,45.588824085000056],[-122.60634558599997,45.588783645000035],[-122.60633759599995,45.588756174000025],[-122.60632886499997,45.588709858000072],[-122.606326336,45.588687603000039],[-122.60632493099996,45.588658232000057],[-122.60632745799995,45.588609296000072],[-122.60633146499998,45.588579701000072],[-122.60633574399998,45.588558570000032],[-122.60634211299998,45.588537697000049],[-122.60634824299996,45.588522277000038],[-122.60635818799994,45.588502105000032],[-122.60637011199998,45.588482469000041],[-122.60638407799996,45.58846408900007],[-122.60640006899996,45.588447126000062],[-122.60642952499995,45.588420908000046],[-122.60644910199994,45.588406123000027],[-122.60658195299999,45.588346002000037],[-122.60675197899997,45.588328993000061],[-122.60691197999995,45.588363607000076],[-122.60701159399997,45.588399324000079],[-122.60702505699999,45.588405070000078],[-122.60704868999994,45.588416986000027],[-122.60714583499998,45.588455083000042],[-122.60730211999999,45.588583482000047],[-122.60732833199995,45.58873191400005]],[[-122.58297252299997,45.588419944000066],[-122.58295487899994,45.588409866000063],[-122.58293035999998,45.588393220000057],[-122.58290840199999,45.588374895000072],[-122.58289530199994,45.588361841000051],[-122.58287811399998,45.588341157000059],[-122.58286403899996,45.58831934300008],[-122.58285646099995,45.588304287000028],[-122.58284788799995,45.588281108000047],[-122.58284274799996,45.58825743400007],[-122.58284109399995,45.58823351500007],[-122.58284294399999,45.588209602000063],[-122.58284611599998,45.588193789000059],[-122.58285082199995,45.588178166000034],[-122.58286039099994,45.588155961000041],[-122.58287300399996,45.588134922000052],[-122.58288865899999,45.588114918000031],[-122.58290501699997,45.588098580000064],[-122.58297049599997,45.588052467000068],[-122.58305137099995,45.588026123000077],[-122.58314049499995,45.58802776400006],[-122.58336452499998,45.588079347000075],[-122.58357806999999,45.588149509000061],[-122.58494099099994,45.588672550000069],[-122.58531009099994,45.588816705000056],[-122.58629726599997,45.589201186000025],[-122.58639665799996,45.589253308000025],[-122.58644795199996,45.589292500000056],[-122.58646384299999,45.589311889000044],[-122.58647280399998,45.589329588000055],[-122.58647628699998,45.589350483000032],[-122.58647423999997,45.589368620000073],[-122.58646675299997,45.589386379000075],[-122.58645384199997,45.589404236000064],[-122.58643342199997,45.589420801000074],[-122.58640811399999,45.589433644000053],[-122.58637822899999,45.589442886000029],[-122.58631775099997,45.589453828000046],[-122.58627602799999,45.589463208000041],[-122.58615375699998,45.589473041000076],[-122.58610673799996,45.589475298000025],[-122.58592217999995,45.58947794900007],[-122.58573687299997,45.58947984100007],[-122.58567547299998,45.589479444000062],[-122.58561424499999,45.58947618600007],[-122.58555345999997,45.589470082000048],[-122.58549338599994,45.589461158000063],[-122.58545735799999,45.589454533000037],[-122.58542161499997,45.589447181000025],[-122.58535111199996,45.58943031900003],[-122.58523710199995,45.589391593000073],[-122.58381355399996,45.588836714000081],[-122.58297252299997,45.588419944000066]],[[-122.58640658899998,45.590121081000063],[-122.58640425299996,45.590152514000067],[-122.58639440399998,45.590168359000074],[-122.58637535299999,45.590180438000061],[-122.58634338799999,45.590190206000045],[-122.58631013299998,45.590193414000055],[-122.58591698399999,45.590176494000048],[-122.58563668799997,45.59015671700007],[-122.58526644599999,45.590117683000074],[-122.58506648699995,45.590091467000036],[-122.58488075099996,45.59006349200007],[-122.58464317699998,45.590024999000036],[-122.58441105999998,45.589979837000044],[-122.58418130099994,45.589929319000078],[-122.58402630999996,45.589892725000027],[-122.58371814399999,45.589815822000048],[-122.58326088399997,45.589691134000077],[-122.58249564799996,45.589455146000034],[-122.58245127599997,45.589440517000071],[-122.58238825399997,45.589415796000026],[-122.58230792399996,45.589373112000033],[-122.58227670599996,45.589351542000031],[-122.58225345499994,45.589333157000056],[-122.58222567799999,45.589307896000037],[-122.58220427499998,45.58928523600008],[-122.58218416599999,45.589260453000065],[-122.58216819599994,45.589237358000048],[-122.58215439499998,45.589213769000025],[-122.58214091499997,45.589185440000051],[-122.58212815999997,45.589148908000027],[-122.58212272699996,45.589126235000037],[-122.58211929399999,45.589104950000035],[-122.58211738899996,45.589082363000045],[-122.58211775099994,45.589049869000064],[-122.58212174999994,45.589017585000079],[-122.58212788399999,45.588990757000033],[-122.58214080199997,45.588953507000042],[-122.58215485699998,45.588924047000035],[-122.58217648899995,45.588888868000026],[-122.58220794999994,45.588849676000052],[-122.58225599899998,45.588806025000054],[-122.58226978999994,45.588795818000051],[-122.58228012999996,45.588788689000069],[-122.58231221999995,45.588769010000078],[-122.58233974799998,45.58875464700003],[-122.58236509499994,45.588743161000025],[-122.58239521899998,45.588731417000076],[-122.58242575599996,45.588721399000065],[-122.58246309399999,45.588711481000075],[-122.58250768999994,45.58870270400007],[-122.58255555899996,45.588696724000044],[-122.58261273299996,45.588694009000051],[-122.58267102699995,45.588696097000081],[-122.58275918299995,45.588707391000071],[-122.58287326599998,45.588732016000051],[-122.58297174199998,45.588758002000077],[-122.58304349399998,45.588780399000029],[-122.58313874599997,45.588813740000035],[-122.583355187,45.588893734000067],[-122.58537921599998,45.589681401000064],[-122.58634955199994,45.590060922000077],[-122.58638257199999,45.590080317000059],[-122.58639931599998,45.590098254000054],[-122.58640658899998,45.590121081000063]],[[-122.60588230199994,45.587673905000031],[-122.60571137599999,45.587619312000072],[-122.60544373399995,45.58752998500006],[-122.60523392599998,45.587454206000075],[-122.60509440899995,45.587399969000046],[-122.60463796499999,45.587221103000047],[-122.60406108399997,45.586996594000027],[-122.60355501799995,45.586797039000032],[-122.60354945799997,45.58679272300003],[-122.60354744499995,45.586791681000079],[-122.60354548699996,45.586790590000078],[-122.60354358299998,45.586789451000072],[-122.60354173699994,45.586788266000042],[-122.60353995099996,45.586787037000079],[-122.60353822899998,45.586785764000069],[-122.60353661999994,45.586784339000076],[-122.60353507799999,45.586782877000076],[-122.60353360899995,45.586781379000058],[-122.60353221199995,45.586779848000049],[-122.60353088999994,45.586778284000047],[-122.60352964399999,45.586776689000033],[-122.60352847399997,45.58677506600003],[-122.60352738399996,45.586773417000074],[-122.60352637399996,45.586771743000043],[-122.60352544299997,45.586770045000037],[-122.60352459599994,45.586768326000026],[-122.60352383099996,45.586766588000046],[-122.60352314999994,45.586764834000064],[-122.60352255499998,45.586763064000081],[-122.60352204399999,45.586761280000076],[-122.60352118899999,45.586758047000046],[-122.60352048999999,45.586754795000047],[-122.60351994899997,45.586751527000047],[-122.60351956399995,45.586748249000038],[-122.60351933799996,45.586744964000047],[-122.60351926999999,45.586741674000052],[-122.60351936099994,45.586738386000036],[-122.60351960999998,45.586735102000034],[-122.60351966799999,45.586733627000058],[-122.60351979999996,45.58673215500005],[-122.60352000399996,45.586730687000056],[-122.60352027999994,45.586729224000067],[-122.60352062899995,45.586727770000039],[-122.60352104899999,45.58672632400004],[-122.60352153999997,45.586724890000028],[-122.60352210099995,45.586723468000059],[-122.60352273199999,45.586722062000035],[-122.60352343299996,45.58672067100008],[-122.60352420099997,45.586719297000059],[-122.60352503699994,45.586717945000032],[-122.60352593899995,45.586716612000032],[-122.60352690599996,45.586715302000073],[-122.60352793699997,45.586714017000077],[-122.60352902999995,45.586712758000033],[-122.60353018599994,45.586711525000055],[-122.60353140099994,45.586710322000044],[-122.60353267599999,45.586709149000058],[-122.60353400599996,45.586708008000073],[-122.60353539299996,45.586706900000081],[-122.60355503799997,45.586693494000031],[-122.60355653099998,45.586692456000037],[-122.60355807399998,45.58669145500005],[-122.60355966499998,45.58669049100007],[-122.60356130299999,45.586689567000064],[-122.60356298499994,45.58668868400008],[-122.60356470999994,45.586687841000071],[-122.60356647499998,45.586687042000051],[-122.60356827899994,45.586686285000042],[-122.60357011899998,45.586685573000068],[-122.60357199299995,45.586684907000063],[-122.60357389899997,45.586684285000047],[-122.60358822299997,45.586679963000051],[-122.60361570699996,45.586677971000029],[-122.60603465399998,45.586701944000026],[-122.60626117899994,45.586709705000032],[-122.60646180399999,45.586723298000038],[-122.60694281499997,45.586763310000038],[-122.60714615899997,45.586781615000064],[-122.60718866099995,45.586784409000074],[-122.60723047099998,45.586791384000037],[-122.60727491099999,45.586800691000064],[-122.60734631799994,45.58682162000008],[-122.60737449099997,45.586833399000056],[-122.60740378799994,45.586845962000041],[-122.60743443399997,45.586860583000032],[-122.60746734299994,45.58687903200007],[-122.60749788599998,45.586902289000079],[-122.60751806099995,45.58692037600008],[-122.60753047799994,45.586935033000032],[-122.60754326999995,45.586959805000049],[-122.60754902299999,45.586986849000027],[-122.60754990799995,45.587010648000046],[-122.60754770599999,45.587033552000037],[-122.60754107499997,45.587060466000025],[-122.60753035999994,45.587091623000049],[-122.60751570399998,45.587121661000026],[-122.60745689899994,45.587210590000041],[-122.60715132799999,45.587476396000056],[-122.60710256199997,45.587505868000051],[-122.60693308799995,45.587600424000073],[-122.60683571799996,45.587667578000037],[-122.60682846899999,45.587671108000052],[-122.60678215499996,45.587692293000032],[-122.60673516599996,45.587712733000046],[-122.60667049199998,45.587740047000068],[-122.60665199299996,45.58774771800006],[-122.60663966499999,45.587752573000046],[-122.60662711999998,45.587757146000058],[-122.60661437399995,45.587761435000061],[-122.60660143599995,45.587765433000072],[-122.60658832199999,45.587769138000056],[-122.60657504499994,45.587772544000075],[-122.60655637499997,45.587776853000037],[-122.60653751199999,45.587780723000037],[-122.60651847499997,45.587784150000061],[-122.60650261099994,45.587786614000038],[-122.60647907499998,45.587789756000063],[-122.60646628899997,45.587791116000062],[-122.60645254799999,45.587792233000073],[-122.60643875799997,45.587793012000077],[-122.60642925699995,45.587793315000056],[-122.60642060199996,45.587793484000031],[-122.60641110399996,45.58779355300004],[-122.60640967899997,45.587793529000066],[-122.60638548199995,45.587792817000036],[-122.60635512399995,45.587790486000074],[-122.60631012799996,45.587784479000049],[-122.60628067099998,45.58777882000004],[-122.60622225399999,45.587765035000075],[-122.60599500699999,45.587705662000076],[-122.60588431999997,45.587673983000059],[-122.60588398899995,45.58767440500003],[-122.60588230199994,45.587673905000031]],[[-122.60405023999999,45.58812856600008],[-122.60395929399999,45.588093165000032],[-122.60388166399997,45.588062879000063],[-122.60381368199995,45.588036380000062],[-122.60375680899995,45.588014023000028],[-122.60370007599994,45.587991872000032],[-122.60364625699998,45.587970904000031],[-122.60359657099997,45.587951469000075],[-122.60354824499996,45.587932502000058],[-122.60350683099995,45.587916388000053],[-122.60346104999996,45.587898467000059],[-122.60340608299998,45.587877107000054],[-122.60336996699999,45.587862961000042],[-122.60333178399998,45.587848062000035],[-122.60330162299999,45.587836254000081],[-122.60327937999995,45.587827587000049],[-122.60325684999998,45.587818838000032],[-122.60323471599997,45.587810195000031],[-122.60318282099996,45.587790034000079],[-122.60315955799996,45.587780966000025],[-122.60313340999994,45.587770735000049],[-122.60307256799996,45.587747136000075],[-122.60304989899998,45.587738302000048],[-122.60302647999998,45.587729208000042],[-122.60297443799999,45.587708847000044],[-122.60295124399994,45.587699796000038],[-122.60292221899999,45.587688560000061],[-122.60288408099996,45.587673649000067],[-122.60283754499994,45.587655404000031],[-122.60281064399999,45.587644818000058],[-122.60277941999999,45.587632647000078],[-122.60270261899996,45.587602759000049],[-122.60265582999995,45.587584586000048],[-122.60263173999999,45.587575332000029],[-122.60260849099996,45.587566342000059],[-122.60258197499996,45.587556028000051],[-122.60255580599994,45.587545817000034],[-122.60247498499996,45.587514353000074],[-122.60244445199999,45.587502361000077],[-122.60244432199994,45.587502339000025],[-122.60241702299999,45.587491703000069],[-122.60238123499994,45.58747771000003],[-122.60233325099995,45.587458992000052],[-122.60229903899994,45.587445703000071],[-122.60222922799994,45.58741851800005],[-122.60219694499995,45.587405886000056],[-122.60213731999994,45.587382393000041],[-122.60210495099994,45.587369688000081],[-122.60203435599999,45.58734221900005],[-122.60199018199995,45.58732496500005],[-122.60199004999998,45.587324810000041],[-122.60197950699995,45.587320754000075],[-122.60193549899998,45.587303511000073],[-122.60190205999999,45.587290447000044],[-122.60186595599998,45.58727637800007],[-122.60182608399998,45.587260869000033],[-122.60179957499997,45.587250598000026],[-122.60174990499996,45.587231294000048],[-122.60170413799995,45.587213563000034],[-122.60166005499997,45.587196384000038],[-122.60162129699995,45.587181111000064],[-122.60157961699997,45.587164851000068],[-122.60153598999995,45.587147984000069],[-122.60142102099996,45.587103161000073],[-122.60131322199999,45.587061348000077],[-122.60125837999999,45.587039938000032],[-122.60120719599996,45.587020057000075],[-122.60114579199995,45.586996039000041],[-122.60113674099995,45.586992523000049],[-122.60109576399998,45.586972643000081],[-122.60105829799994,45.58694898400006],[-122.60102543199997,45.586922165000033],[-122.60100286999995,45.586897082000064],[-122.60098654299998,45.586869719000049],[-122.60097690699996,45.586840833000053],[-122.60097422799998,45.586811226000066],[-122.60097857899996,45.586781717000065],[-122.60098983999995,45.586753123000051],[-122.60100769899998,45.586726236000061],[-122.60103166199997,45.58670180200005],[-122.60106106499995,45.586680496000042],[-122.60109509299997,45.58666290900004],[-122.60118759599999,45.586626375000037],[-122.60128385899998,45.586594989000048],[-122.60138329899996,45.586568941000053],[-122.60148531699997,45.58654838800004],[-122.60158929899995,45.586533455000051],[-122.60159062899999,45.586533302000078],[-122.60170394099998,45.586523901000078],[-122.60181799399999,45.586521573000027],[-122.60193189399996,45.586526337000066],[-122.60204474699998,45.586538154000039],[-122.60215566899996,45.586556934000043],[-122.60226379199997,45.586582527000076],[-122.60240452599999,45.586624293000057],[-122.60253548999998,45.586663262000059],[-122.60264254999998,45.586696552000035],[-122.60264794799997,45.586696478000079],[-122.60283897499994,45.586761550000062],[-122.60298359199999,45.58681221300003],[-122.60344196599999,45.586991211000054],[-122.60388987099998,45.587164553000036],[-122.604429418,45.587375810000026],[-122.60449621399999,45.587402287000032],[-122.60456205199995,45.58742992100008],[-122.60462689199994,45.587458695000066],[-122.60567417499999,45.587938787000041],[-122.60580572999999,45.588052952000055],[-122.60584219099997,45.588163844000064],[-122.60584427299995,45.588164678000055],[-122.60584470899994,45.588169793000077],[-122.60584512599996,45.588193669000077],[-122.60584173199999,45.588214483000058],[-122.60583248799998,45.588244472000042],[-122.60582444099998,45.588263110000071],[-122.60582052099994,45.588270758000078],[-122.60579055499994,45.588316667000072],[-122.60574610099997,45.58836324400005],[-122.60568583799994,45.588405585000032],[-122.60562942899998,45.588437194000051],[-122.60556829999996,45.588464402000056],[-122.60552974199999,45.58847746500004],[-122.60549500599996,45.588487053000051],[-122.60546462499997,45.588493926000069],[-122.60544148599996,45.58849796100003],[-122.60538300499996,45.588505631000032],[-122.60533113099996,45.588508341000079],[-122.60525858599999,45.588508067000078],[-122.60519218999997,45.588504716000045],[-122.60513063699995,45.588498745000038],[-122.60504859599996,45.588486508000074],[-122.60498524399998,45.588473357000055],[-122.60494332899998,45.588463045000026],[-122.60489744499995,45.588450151000075],[-122.60485220199996,45.588436184000045],[-122.60481679899999,45.588423867000074],[-122.60419560899999,45.588184258000069],[-122.60419498399995,45.588184932000047],[-122.60417770199996,45.588178159000051],[-122.60405023999999,45.58812856600008]],[[-122.60419247799996,45.589269873000035],[-122.60410098299997,45.589318863000074],[-122.60397759499995,45.589342935000047],[-122.60388077599998,45.589337562000026],[-122.60379348999999,45.58931995100005],[-122.60379321099998,45.589320225000051],[-122.60377951699996,45.589317462000054],[-122.60378469799997,45.589317367000035],[-122.60342869299996,45.589203518000033],[-122.60339330799997,45.589192033000074],[-122.60337188599999,45.589184655000054],[-122.60335064999998,45.589177017000054],[-122.60332960799997,45.589169119000076],[-122.60330876499995,45.589160965000076],[-122.60328812799997,45.589152557000034],[-122.60326770399996,45.589143897000042],[-122.60324749799997,45.589134988000069],[-122.60322751699999,45.589125833000026],[-122.60320776499998,45.589116434000061],[-122.60318824999996,45.589106795000077],[-122.60316897799999,45.589096919000042],[-122.60314995499999,45.589086807000058],[-122.60313118599998,45.589076463000026],[-122.60311267599997,45.589065892000065],[-122.60309443299997,45.589055095000049],[-122.60307645899996,45.58904407700004],[-122.60305876399997,45.589032840000073],[-122.60304134999996,45.589021387000059],[-122.60302422299998,45.58900972400005],[-122.60300739099995,45.588997852000034],[-122.60299085399998,45.588985775000026],[-122.60297462099999,45.58897349800003],[-122.60295869499998,45.588961024000071],[-122.60292260999995,45.588931564000063],[-122.60289658099998,45.588909410000042],[-122.60287110799999,45.588886941000055],[-122.60277882899999,45.588801093000029],[-122.60273322999996,45.588756319000026],[-122.60268875199995,45.588710992000074],[-122.60264540799994,45.58866512700007],[-122.60260320999998,45.588618737000047],[-122.60256217199998,45.588571837000075],[-122.60252230599997,45.58852444200005],[-122.60248362499999,45.588476566000054],[-122.60244613899999,45.588428223000051],[-122.60240985999997,45.588379427000064],[-122.60237479999995,45.588330195000026],[-122.60232900199998,45.588264423000055],[-122.60232777799996,45.588262605000068],[-122.60232708499996,45.588261513000077],[-122.60232641999994,45.588260410000032],[-122.60232578299997,45.588259301000051],[-122.60232517199995,45.58825818400004],[-122.60232459099996,45.588257059000057],[-122.60232403599997,45.588255927000034],[-122.60232350999996,45.588254789000075],[-122.60232301299999,45.588253644000076],[-122.60232254299996,45.588252495000063],[-122.60232210299995,45.588251339000067],[-122.60232169199998,45.588250177000077],[-122.60232130899999,45.588249011000073],[-122.60232095499998,45.588247840000065],[-122.60232063099994,45.588246666000032],[-122.60232033599999,45.588245487000052],[-122.60232007099995,45.588244305000046],[-122.60231983399996,45.588243121000062],[-122.60231962799998,45.588241933000063],[-122.60231944999998,45.588240742000039],[-122.60231930199996,45.588239551000072],[-122.60231918499994,45.58823835700008],[-122.60231909599997,45.588237162000041],[-122.60231903699997,45.58823596600007],[-122.60231900799999,45.588234769000053],[-122.60231900899998,45.588233573000025],[-122.60231903999994,45.588232376000065],[-122.60231909899994,45.588231181000026],[-122.60231918999995,45.588229985000055],[-122.60231930999998,45.588228792000052],[-122.60231945899994,45.588227600000039],[-122.60231963799998,45.588226410000061],[-122.60231984699999,45.588225223000052],[-122.60232008499997,45.588224037000032],[-122.60232035199999,45.588222856000073],[-122.60232064799999,45.588221678000025],[-122.60232097399995,45.588220503000059],[-122.60232132899995,45.588219332000051],[-122.60232171399997,45.588218167000036],[-122.60232212599999,45.588217006000036],[-122.60232256799998,45.58821585000004],[-122.60232303999999,45.588214700000037],[-122.60232353799995,45.588213556000028],[-122.60232406499995,45.588212418000069],[-122.60232462099998,45.588211287000036],[-122.60232520499994,45.588210163000042],[-122.60232581699995,45.588209046000031],[-122.60232645499997,45.58820793700005],[-122.60232712199996,45.588206835000051],[-122.60232781599996,45.58820574300006],[-122.60232853799999,45.588204658000052],[-122.60232928499994,45.588203582000062],[-122.60233005899994,45.58820251700007],[-122.60233086,45.58820146100004],[-122.60233168799999,45.588200414000028],[-122.60233253999996,45.588199379000059],[-122.60233341899999,45.588198353000053],[-122.60233432199999,45.588197338000043],[-122.60233525099994,45.588196335000077],[-122.60233620499997,45.588195343000052],[-122.60233718299997,45.58819436400006],[-122.60233818499995,45.588193396000065],[-122.60233921099996,45.588192440000057],[-122.60234026199998,45.588191498000072],[-122.60234133499995,45.588190569000062],[-122.60234243099995,45.58818965200004],[-122.60234354999994,45.588188750000029],[-122.60234469099998,45.588187860000062],[-122.60234585399996,45.588186986000039],[-122.60234703799995,45.58818612500005],[-122.60234824399998,45.588185280000062],[-122.60234946999998,45.588184449000039],[-122.60235071699998,45.588183633000028],[-122.60235198399999,45.588182833000076],[-122.60235327099997,45.588182048000078],[-122.60235457799996,45.588181280000072],[-122.60235590199994,45.588180527000077],[-122.60235724499995,45.588179791000073],[-122.60235860699999,45.58817907100007],[-122.60235998599995,45.588178368000058],[-122.60236138199997,45.588177683000026],[-122.60236279599997,45.588177013000063],[-122.60236422599996,45.588176363000059],[-122.60236567099997,45.588175729000056],[-122.60236713299997,45.588175113000034],[-122.60236860899994,45.588174516000038],[-122.60237010099996,45.588173936000032],[-122.60237160599996,45.588173374000064],[-122.60237312399994,45.588172832000055],[-122.60237465699998,45.588172308000026],[-122.60237620099997,45.588171802000033],[-122.60237775799999,45.588171316000057],[-122.60237932699999,45.588170849000051],[-122.60238090799999,45.58817040100007],[-122.60238410099998,45.588169564000054],[-122.60238733399996,45.588168806000056],[-122.60238896299995,45.588168457000052],[-122.60239060199996,45.588168128000063],[-122.60239224899999,45.588167819000034],[-122.60239390299995,45.588167529000032],[-122.60239556399995,45.588167261000081],[-122.60239722999995,45.588167013000032],[-122.60239890399998,45.588166785000055],[-122.60240058199997,45.588166577000038],[-122.60240226599996,45.588166391000073],[-122.60240395299996,45.588166225000066],[-122.60240564499998,45.588166080000065],[-122.60240733999996,45.588165955000079],[-122.60240903799996,45.588165851000042],[-122.60241243999997,45.588165706000041],[-122.60241414299998,45.588165665000076],[-122.60241584799996,45.588165645000061],[-122.60241925599996,45.588165667000055],[-122.60242266099999,45.588165772000025],[-122.60242435999999,45.588165857000035],[-122.60242605799999,45.588165961000072],[-122.60242775299997,45.588166087000047],[-122.60242944499998,45.588166233000038],[-122.60243113299998,45.58816640100008],[-122.60243281499999,45.588166589000025],[-122.60243449299998,45.588166796000053],[-122.60243783299995,45.588167275000046],[-122.60243949399995,45.588167545000033],[-122.60244114699998,45.588167835000036],[-122.60244279299997,45.588168145000054],[-122.60244443099998,45.588168475000032],[-122.60261927699997,45.588206133000028],[-122.60278452799997,45.588244011000029],[-122.60294881499999,45.588283906000072],[-122.60311208299998,45.588325809000025],[-122.60327428599999,45.588369707000027],[-122.60343537199998,45.588415583000028],[-122.60359529599998,45.588463428000068],[-122.60365537499996,45.588486221000039],[-122.60385479699994,45.588551731000052],[-122.60398169299998,45.588618566000036],[-122.60413173999996,45.588750495000056],[-122.60423529699995,45.588886913000067],[-122.60428146399994,45.589013461000036],[-122.60429573899995,45.589118754000026],[-122.60426748999998,45.589195706000055],[-122.60419247799996,45.589269873000035]],[[-122.60178014799999,45.588612242000067],[-122.60177844399999,45.58861223100007],[-122.60177673999999,45.588612199000067],[-122.60177503699998,45.58861214600006],[-122.60177333599995,45.588612073000036],[-122.60177163699996,45.588611979000063],[-122.60176824699994,45.588611728000046],[-122.60176655799995,45.588611571000058],[-122.60176487199999,45.588611394000054],[-122.60176319199996,45.588611196000045],[-122.60176151599995,45.588610978000077],[-122.60175984599999,45.588610739000046],[-122.60175818199997,45.588610480000057],[-122.60175652599997,45.588610199000072],[-122.60175487499998,45.588609900000051],[-122.60175323399994,45.588609580000025],[-122.60175159899995,45.58860923900005],[-122.60174997499996,45.588608879000049],[-122.60174835799995,45.588608499000031],[-122.60174675199994,45.588608099000055],[-122.60174515599999,45.588607680000052],[-122.60174356999994,45.588607241000034],[-122.60174199599999,45.588606782000056],[-122.60174043299997,45.588606305000042],[-122.60173888299994,45.588605809000057],[-122.60173734499995,45.588605293000057],[-122.60173581999999,45.588604758000031],[-122.60173430799995,45.588604205000081],[-122.60173281199997,45.588603634000037],[-122.60065913899996,45.588185430000067],[-122.600657437,45.588184751000028],[-122.60065597099998,45.588184141000056],[-122.60065452099997,45.588183513000047],[-122.60065308499998,45.588182867000057],[-122.60065166699997,45.588182204000077],[-122.60065026699999,45.58818152300006],[-122.60064888199997,45.588180825000052],[-122.60064751399995,45.588180111000042],[-122.60064616599999,45.588179379000053],[-122.60064483499997,45.588178632000051],[-122.60064352299997,45.588177868000059],[-122.60064223099999,45.588177088000066],[-122.60064095699994,45.588176292000071],[-122.60063970399995,45.588175482000054],[-122.60063847199996,45.588174655000046],[-122.60063725999998,45.588173814000072],[-122.60063606799997,45.58817295800003],[-122.60063489899994,45.588172088000078],[-122.60063375199996,45.588171203000059],[-122.60063262599999,45.588170305000062],[-122.60063152299995,45.588169392000054],[-122.60063044299994,45.58816846700006],[-122.60062938499999,45.588167528000042],[-122.60062835199994,45.588166576000049],[-122.60062734199994,45.588165612000068],[-122.60062635599996,45.588164636000045],[-122.60062539499995,45.588163647000044],[-122.60062445999995,45.588162648000036],[-122.60062354799999,45.588161637000042],[-122.60062266099999,45.588160615000049],[-122.60062180099999,45.58815958200006],[-122.60062096699994,45.588158539000062],[-122.60062015699998,45.588157485000067],[-122.60061937399996,45.588156422000054],[-122.60061861899999,45.588155350000079],[-122.60061788899998,45.588154268000039],[-122.60061718699995,45.588153178000027],[-122.60061651199999,45.588152079000054],[-122.60061586499995,45.588150972000051],[-122.60061524499997,45.588149858000065],[-122.60061465199999,45.588148736000051],[-122.60061408899998,45.588147607000053],[-122.60061355299996,45.588146471000073],[-122.60061304499999,45.588145329000042],[-122.600612566,45.588144181000075],[-122.60061211499999,45.588143026000068],[-122.60061169299996,45.588141867000047],[-122.60061129999997,45.588140702000032],[-122.60061093599995,45.58813953300006],[-122.60061060199996,45.588138360000073],[-122.60061029599996,45.588137183000072],[-122.60061001899999,45.588136002000056],[-122.60060977299997,45.588134818000071],[-122.60060955499995,45.588133631000062],[-122.60060936699995,45.588132442000074],[-122.60060920899997,45.58813125100005],[-122.60060907999997,45.588130058000047],[-122.60060898099999,45.588128863000065],[-122.60060891199998,45.588127667000037],[-122.60060887199995,45.588126471000066],[-122.60060886199994,45.588125275000039],[-122.60060888199996,45.588124078000078],[-122.60060893199994,45.58812288200005],[-122.60060901099996,45.588121687000069],[-122.60060912099999,45.58812049200003],[-122.60060925799996,45.588119300000074],[-122.60060942699999,45.58811810900005],[-122.60060962499995,45.588116920000061],[-122.60060985299998,45.588115734000041],[-122.60061010899994,45.588114551000047],[-122.60061039499999,45.588113372000066],[-122.60061071099994,45.588112197000044],[-122.60061105599999,45.588111025000046],[-122.60061142899997,45.588109857000063],[-122.60061183199997,45.588108694000027],[-122.60061226399995,45.588107537000042],[-122.60061272499996,45.58810638500006],[-122.60061321299997,45.588105238000026],[-122.60061373099995,45.588104098000031],[-122.60061427599999,45.588102965000076],[-122.60061484999994,45.588101838000057],[-122.60061545099995,45.588100718000078],[-122.60061607999995,45.588099606000071],[-122.60061673799999,45.588098502000037],[-122.60061742099998,45.588097407000078],[-122.60061813199997,45.588096320000034],[-122.60061887099999,45.588095241000076],[-122.60061963599998,45.588094172000069],[-122.60062042799996,45.588093112000081],[-122.60062124499996,45.588092062000044],[-122.60062208899996,45.588091022000071],[-122.60062295799997,45.58808999300004],[-122.60062385199996,45.588088975000062],[-122.60062477299999,45.588087967000035],[-122.60062571799995,45.588086971000052],[-122.60062668599994,45.588085987000056],[-122.60062767999995,45.588085016000036],[-122.60062869799998,45.588084055000081],[-122.60062973999999,45.588083108000035],[-122.60063080399999,45.588082174000078],[-122.60063189299996,45.588081253000041],[-122.60063300299998,45.588080345000037],[-122.60063413599994,45.588079451000056],[-122.60063529099995,45.58807857100004],[-122.60063646799995,45.588077706000036],[-122.60063766599995,45.588076855000054],[-122.60063888499997,45.588076019000027],[-122.60064012499998,45.58807519800007],[-122.60064138499996,45.588074391000077],[-122.60064266399996,45.588073601000076],[-122.60064396399997,45.588072827000076],[-122.60064528199996,45.588072069000077],[-122.60064661799998,45.588071326000033],[-122.60064797299998,45.588070601000027],[-122.60064934699994,45.588069892000078],[-122.60065073699997,45.588069200000064],[-122.60065214499997,45.58806852500004],[-122.60065356799998,45.588067867000063],[-122.60065500799999,45.588067228000057],[-122.60065646499999,45.588066606000041],[-122.60065793599995,45.588066001000072],[-122.60065941999994,45.588065415000074],[-122.60066092099999,45.588064847000055],[-122.60066243499995,45.588064298000063],[-122.60066396299999,45.588063767000051],[-122.60066550299996,45.588063255000066],[-122.60066705599996,45.58806276200005],[-122.60066862099995,45.58806228800006],[-122.60067019699994,45.58806183400003],[-122.60067338199997,45.588060982000059],[-122.60067660899995,45.588060210000037],[-122.60067823499998,45.588059853000061],[-122.60067987199994,45.588059517000033],[-122.60068316499996,45.588058904000036],[-122.60068482399998,45.588058628000056],[-122.60068648899994,45.588058373000081],[-122.60068815999995,45.588058138000065],[-122.60068983599996,45.588057923000065],[-122.60069151899995,45.58805772900007],[-122.60069320499997,45.588057556000081],[-122.60069489499995,45.58805740300005],[-122.60069658899999,45.588057271000025],[-122.60069828599995,45.588057160000062],[-122.60079914599999,45.588051976000031],[-122.60087743099996,45.588049057000035],[-122.60095577799996,45.588047096000025],[-122.60103415999998,45.588046096000028],[-122.60111255699996,45.588046056000053],[-122.60119094099997,45.588046978000079],[-122.60126929199998,45.588048858000036],[-122.60127692999998,45.588049142000045],[-122.60128373099997,45.588049482000031],[-122.60129051999996,45.588049906000037],[-122.60129729899995,45.588050413000076],[-122.60130406399998,45.588051003000032],[-122.60131081299994,45.588051676000077],[-122.60131754499997,45.58805243200004],[-122.60132425799998,45.588053270000046],[-122.60133094699995,45.588054189000047],[-122.60133761299994,45.58805519200007],[-122.60134425299998,45.588056275000042],[-122.60135086499997,45.588057440000057],[-122.60135744799999,45.588058685000078],[-122.60136399799995,45.588060011000039],[-122.60137051399994,45.588061416000073],[-122.60137699399996,45.588062901000058],[-122.60138343799997,45.588064466000048],[-122.60138983899998,45.588066110000057],[-122.60139619999995,45.588067831000046],[-122.60140251799999,45.588069630000064],[-122.60140878799996,45.588071507000052],[-122.60141501299995,45.588073460000032],[-122.60142118699997,45.588075489000062],[-122.60142730899997,45.588077593000037],[-122.60143337999995,45.588079772000071],[-122.60143939499994,45.588082025000062],[-122.601445351,45.588084352000067],[-122.60145124999997,45.588086751000048],[-122.60145708899995,45.588089221000075],[-122.60146286499997,45.588091764000069],[-122.60146857699999,45.588094376000072],[-122.60147422299997,45.588097058000074],[-122.60147980199997,45.588099809000028],[-122.60148531099998,45.588102628000058],[-122.60149074999998,45.588105513000073],[-122.60149611599996,45.588108466000051],[-122.60150140799999,45.588111483000034],[-122.60150662399997,45.58811456400008],[-122.60151176299996,45.588117710000063],[-122.60151682199995,45.588120918000072],[-122.60152180099999,45.588124187000062],[-122.60152669799999,45.588127517000032],[-122.60153151199995,45.58813090600006],[-122.60153624099996,45.588134353000044],[-122.60154088199999,45.588137858000039],[-122.60154543699997,45.588141421000046],[-122.60154990199999,45.588145037000061],[-122.60155427699999,45.588148708000062],[-122.60155855999994,45.588152431000026],[-122.60156274799999,45.588156207000054],[-122.60156684399999,45.588160035000044],[-122.60157084299999,45.588163911000038],[-122.60157474399995,45.588167836000025],[-122.60163096499997,45.588226858000041],[-122.60167323599995,45.588273214000026],[-122.60171434999995,45.588320081000063],[-122.60175429099996,45.588367445000074],[-122.60179304799999,45.588415291000047],[-122.60183061199996,45.588463604000026],[-122.60186696899996,45.588512371000036],[-122.60186796099998,45.58851364800006],[-122.60186869299997,45.588514728000064],[-122.60186939999994,45.58851581700003],[-122.60187007999997,45.588516914000081],[-122.60187073099996,45.588518019000048],[-122.60187135499996,45.588519133000034],[-122.60187195099996,45.588520255000049],[-122.60187251899998,45.588521382000067],[-122.60187305999995,45.588522517000058],[-122.60187357199999,45.588523659000032],[-122.60187405499994,45.588524806000066],[-122.60187451099995,45.588525960000027],[-122.60187493699999,45.588527117000069],[-122.60187533399994,45.588528281000038],[-122.60187570199997,45.588529450000067],[-122.60187604099997,45.588530622000064],[-122.60187635199998,45.588531799000066],[-122.60187663199997,45.588532979000036],[-122.60187688399998,45.588534163000077],[-122.60187710499997,45.58853534900004],[-122.60187729799998,45.588536538000028],[-122.60187746099996,45.588537730000041],[-122.60187759399997,45.588538922000055],[-122.60187769699996,45.588540117000036],[-122.60187777099998,45.588541312000075],[-122.60187781499997,45.588542508000046],[-122.60187782899999,45.588543705000063],[-122.60187781399998,45.588544902000081],[-122.60187776899994,45.588546098000052],[-122.601877694,45.588547293000033],[-122.60187758899997,45.588548487000025],[-122.60187745499996,45.588549680000028],[-122.60187728999995,45.588550871000052],[-122.60187709699994,45.58855206000004],[-122.60187687499996,45.58855324700005],[-122.60187662199996,45.588554429000055],[-122.60187633999999,45.588555610000071],[-122.60187602899998,45.588556786000026],[-122.60187568899994,45.58855795900007],[-122.60187531999998,45.588559126000064],[-122.60187491999994,45.588560290000032],[-122.60187449299997,45.588561448000064],[-122.60187403699996,45.588562601000035],[-122.60187355199997,45.58856374800007],[-122.60187303999999,45.588564889000054],[-122.60187249799998,45.588566024000045],[-122.60187192899997,45.588567152000053],[-122.60187133199997,45.588568273000078],[-122.60187070599994,45.588569386000074],[-122.60187005399996,45.588570490000052],[-122.60186937399999,45.588571588000036],[-122.60186866699996,45.588572677000059],[-122.60186793299999,45.588573757000063],[-122.60186717099998,45.588574828000048],[-122.60186638299996,45.588575889000026],[-122.60186556999997,45.588576940000053],[-122.60186472999999,45.588577981000071],[-122.60186386499998,45.588579012000025],[-122.60186297399997,45.588580032000038],[-122.60186205799999,45.588581041000054],[-122.60186111699994,45.588582038000027],[-122.60186015099998,45.588583025000048],[-122.60185916099999,45.588583999000036],[-122.60185814699997,45.588584960000048],[-122.60185710899998,45.588585909000074],[-122.60185604799995,45.588586846000055],[-122.60185496299999,45.588587768000025],[-122.60185385499994,45.588588678000065],[-122.60185272599995,45.588589574000025],[-122.60185157399997,45.588590456000077],[-122.60185040099998,45.588591324000049],[-122.60184920599994,45.588592177000066],[-122.60184798899996,45.588593016000061],[-122.60184675299996,45.588593838000065],[-122.60184549599995,45.588594647000036],[-122.60184421899999,45.588595439000073],[-122.60184292199995,45.588596216000042],[-122.60184160699998,45.588596977000066],[-122.60184027299999,45.588597722000031],[-122.60183892099997,45.588598450000063],[-122.60183755099996,45.588599162000037],[-122.60183616299997,45.58859985600003],[-122.60183475799994,45.588600533000033],[-122.60183333699996,45.588601194000034],[-122.60183189899999,45.588601836000066],[-122.60183044499996,45.58860246100005],[-122.60182897699997,45.588603068000054],[-122.60182749399996,45.588603657000078],[-122.60182599599995,45.588604227000076],[-122.60182448299997,45.588604779000036],[-122.60182295799996,45.588605313000073],[-122.60182141899998,45.588605828000027],[-122.60181986799995,45.588606324000068],[-122.60181830499999,45.588606801000026],[-122.60181672999994,45.588607258000081],[-122.60181514399994,45.588607696000054],[-122.60181354799994,45.588608115000056],[-122.60181194099999,45.588608514000043],[-122.60181032399998,45.588608893000071],[-122.60180869899995,45.588609252000026],[-122.60180706399996,45.588609592000068],[-122.60180542199998,45.588609912000038],[-122.60180377199998,45.588610211000059],[-122.60180211399995,45.588610490000065],[-122.60180045099997,45.588610748000065],[-122.60179877999997,45.588610986000049],[-122.60179710499995,45.588611204000074],[-122.60179542399999,45.588611401000037],[-122.60179373799997,45.588611578000041],[-122.60179204799999,45.58861173300005],[-122.60179035399995,45.588611868000044],[-122.60178865899996,45.588611983000078],[-122.60178695999997,45.588612076000061],[-122.60178525899994,45.588612149000028],[-122.60178355499994,45.588612201000046],[-122.60178185199999,45.58861223200006],[-122.60178014799999,45.588612242000067]],[[-122.60153785699998,45.588785407000046],[-122.60157014399999,45.588803038000037],[-122.60160198799997,45.588821062000079],[-122.60163337999995,45.588839472000075],[-122.60166430799995,45.588858266000045],[-122.60169476499999,45.588877435000029],[-122.60172474099994,45.588896975000068],[-122.60175422699996,45.588916879000067],[-122.60178321299998,45.588937141000031],[-122.60181169099997,45.588957755000081],[-122.60183965299996,45.588978715000053],[-122.601867089,45.589000015000067],[-122.60189399099994,45.589021647000038],[-122.60189715599995,45.58902429300008],[-122.60189972599994,45.589026527000044],[-122.60190223999996,45.589028793000068],[-122.60190469699995,45.589031089000059],[-122.60190709799997,45.589033414000028],[-122.60190943899994,45.589035768000031],[-122.60191172199995,45.589038152000057],[-122.60191394399999,45.589040563000026],[-122.60191610799995,45.589043000000061],[-122.60191820899996,45.589045464000037],[-122.60192024999998,45.589047953000033],[-122.60192222799998,45.58905046600006],[-122.60192414399995,45.58905300300006],[-122.60192599499999,45.589055565000081],[-122.60192778299995,45.58905814700006],[-122.60192950799996,45.58906075200008],[-122.60193116599999,45.589063377000059],[-122.60193275899996,45.589066022000054],[-122.60193428599996,45.589068686000076],[-122.60193574699997,45.589071368000077],[-122.60193714099995,45.589074068000059],[-122.60193846699997,45.589076785000032],[-122.60193972599996,45.589079517000073],[-122.60194091599999,45.589082265000059],[-122.60194203899999,45.589085027000067],[-122.60194309199994,45.589087801000062],[-122.601944076,45.589090589000079],[-122.60194499099998,45.589093388000038],[-122.60194583599997,45.58909619800005],[-122.60194661099996,45.58909901700008],[-122.60194731599995,45.589101847000052],[-122.60194795099994,45.589104683000073],[-122.60194851399996,45.589107528000056],[-122.60194900699997,45.589110379000033],[-122.60194942899994,45.58911323500007],[-122.60194977999998,45.589116097000044],[-122.60195006099997,45.589118962000043],[-122.60195026799994,45.589121829000078],[-122.60195040499997,45.58912470000007],[-122.60195047199994,45.589127571000063],[-122.60195046599995,45.589130444000034],[-122.60195038999996,45.589133315000026],[-122.60195024099994,45.589136185000029],[-122.60195002199998,45.589139052000064],[-122.60194973099999,45.589141917000063],[-122.60194936899995,45.589144777000058],[-122.60194893599999,45.589147633000039],[-122.60194843199997,45.589150483000026],[-122.60194785799996,45.58915332600003],[-122.60194721099998,45.589156163000041],[-122.60194649599998,45.589158989000055],[-122.60194570999994,45.589161809000075],[-122.60194485399995,45.589164616000062],[-122.60194392999995,45.58916741400003],[-122.60194293399996,45.589170200000069],[-122.60194187099995,45.589172973000075],[-122.60194073799994,45.589175731000068],[-122.60193953599997,45.589178477000075],[-122.60193826699998,45.589181207000081],[-122.60193692999997,45.589183921000028],[-122.60193552599998,45.589186618000042],[-122.60193405499996,45.589189299000054],[-122.60193251799996,45.589191959000061],[-122.60193091499997,45.589194602000077],[-122.60192924699999,45.589197224000031],[-122.60192751199997,45.589199824000048],[-122.60192571399995,45.589202405000037],[-122.60192385299996,45.589204962000053],[-122.60192192799997,45.589207495000039],[-122.60191993999996,45.589210005000041],[-122.60191788999998,45.589212490000079],[-122.60191577799998,45.589214950000041],[-122.60191360599998,45.589217383000062],[-122.60189256999996,45.589231185000074],[-122.60188486699997,45.589235660000043],[-122.60187392499995,45.58924062400007],[-122.60186445499994,45.58924410700007],[-122.60185102799994,45.589247924000063],[-122.60183459199999,45.589250606000064],[-122.60181562399998,45.589253632000066],[-122.60179478599997,45.589255799000057],[-122.60176175899994,45.589256998000053],[-122.60173464199994,45.589257494000037],[-122.60170839299997,45.589258568000048],[-122.60168125399997,45.589258469000072],[-122.60165409099994,45.589257774000032],[-122.60162269199998,45.589257157000077],[-122.60159637799995,45.589256447000025],[-122.60155715099995,45.58925368000007],[-122.60152485699996,45.589250283000069],[-122.60148500799994,45.589245352000034],[-122.60144766199994,45.58923936900004],[-122.60140068099997,45.589230435000047],[-122.60135828199998,45.58922186500007],[-122.60131403499997,45.589210912000055],[-122.60126164299999,45.589198659000033],[-122.60119434099994,45.589181942000039],[-122.60111852799997,45.589161061000027],[-122.60103606999996,45.589136586000052],[-122.60098231299997,45.589120024000067],[-122.60092736399997,45.589103521000027],[-122.600867145,45.589085078000039],[-122.60079611999998,45.589061702000038],[-122.60067863999996,45.589024989000052],[-122.60062007799996,45.589000489000057],[-122.60056213199999,45.588975274000063],[-122.60048791399998,45.588941366000029],[-122.60044005399999,45.588918429000046],[-122.60039277299995,45.588894909000032],[-122.60034608399997,45.588870814000074],[-122.60029999999995,45.588846149000062],[-122.60025453599997,45.58882092500005],[-122.60020970699998,45.588795147000042],[-122.60016552499997,45.588768823000066],[-122.60012200499995,45.588741962000029],[-122.60007915899996,45.588714572000072],[-122.60003699999999,45.588686661000054],[-122.59999554099994,45.588658237000061],[-122.59995479399998,45.588629310000044],[-122.59993486099995,45.588614601000074],[-122.59991874999997,45.588602244000072],[-122.59990294999994,45.588589691000038],[-122.59988746299996,45.588576946000046],[-122.59987229599994,45.588564015000031],[-122.59985745199998,45.58855089900004],[-122.59984293699995,45.588537603000077],[-122.59983872399999,45.588533564000045],[-122.599835988,45.588530818000038],[-122.59983332099995,45.588528040000028],[-122.59983072299997,45.588525229000027],[-122.59982819599998,45.588522387000069],[-122.59982573999997,45.588519514000041],[-122.59982335699999,45.588516612000035],[-122.59982104499994,45.588513681000052],[-122.59981880599997,45.58851072200008],[-122.59981664099996,45.588507736000054],[-122.59981455199994,45.588504724000074],[-122.59981253699999,45.588501687000075],[-122.59981059799998,45.588498625000057],[-122.59980873499995,45.588495541000043],[-122.59980694999996,45.588492434000045],[-122.59980523999997,45.588489305000053],[-122.59980361099997,45.588486157000034],[-122.59980205899996,45.588482988000067],[-122.59980058599996,45.588479801000062],[-122.59979919299997,45.588476596000078],[-122.59979787899999,45.588473375000035],[-122.59979664599996,45.588470139000037],[-122.59979549399998,45.588466888000028],[-122.59979442299999,45.588463623000052],[-122.59979343199996,45.588460345000044],[-122.59979252299996,45.588457056000038],[-122.59979169699994,45.588453756000035],[-122.59979095199998,45.588450447000071],[-122.59979029099998,45.588447129000031],[-122.59978971099997,45.588443803000075],[-122.59978921299995,45.588440471000069],[-122.59978879999994,45.58843713300007],[-122.59978846899998,45.588433791000057],[-122.59978822199997,45.588430444000039],[-122.59978805699996,45.588427096000032],[-122.59978797599996,45.588423747000036],[-122.59978797799999,45.588420395000071],[-122.59978806299995,45.588417045000028],[-122.59978823099999,45.588413697000078],[-122.59978848299994,45.588410352000039],[-122.59978881799998,45.588407010000026],[-122.59978923699998,45.588403672000027],[-122.59978973599999,45.588400340000078],[-122.59979032099994,45.588397014000066],[-122.59979098699995,45.588393697000072],[-122.59979173399995,45.58839038800005],[-122.59979256599996,45.588387088000047],[-122.59979347799998,45.588383800000031],[-122.59979447299997,45.588380523000069],[-122.59979554799997,45.588377259000026],[-122.59979670499996,45.588374008000073],[-122.59979794099996,45.588370772000076],[-122.59979925799996,45.588367552000079],[-122.59980065599996,45.588364348000027],[-122.59980213099999,45.588361162000069],[-122.59980368699996,45.588357994000035],[-122.59980532199995,45.588354847000062],[-122.59980703399998,45.588351719000059],[-122.59980882299999,45.588348613000051],[-122.59981068899998,45.588345530000026],[-122.59981263199995,45.588342470000043],[-122.59981465099997,45.588339434000034],[-122.59981674399995,45.588336422000054],[-122.59981891299998,45.588333438000063],[-122.59982115499997,45.588330480000081],[-122.59982346899994,45.588327551000077],[-122.59982585799997,45.588324650000061],[-122.59982831699995,45.588321779000069],[-122.59983084799995,45.588318938000043],[-122.59983344899996,45.588316129000077],[-122.59983611899997,45.588313352000057],[-122.59983885699995,45.588310609000075],[-122.59984166399994,45.588307898000039],[-122.59984453699997,45.588305224000067],[-122.59984747599998,45.588302584000076],[-122.59985048099998,45.588299981000034],[-122.59985354999998,45.588297416000046],[-122.599856682,45.588294888000064],[-122.59985987599998,45.588292399000068],[-122.59986313299999,45.588289950000046],[-122.59986644899999,45.588287540000067],[-122.59986982499998,45.588285172000042],[-122.59987325799995,45.588282846000027],[-122.59987674999996,45.588280562000079],[-122.59988029799996,45.588278321000075],[-122.59988389999995,45.58827612400006],[-122.59988755699999,45.588273972000081],[-122.59989126699998,45.588271864000035],[-122.59989502799999,45.58826980300006],[-122.59989883999998,45.588267787000063],[-122.59990270199995,45.588265819000071],[-122.59990661299997,45.588263898000037],[-122.59991056999996,45.588262026000052],[-122.59991457299998,45.588260203000061],[-122.59991862099997,45.588258428000074],[-122.59992271199997,45.588256704000059],[-122.59992684599996,45.588255030000028],[-122.59993102099997,45.588253406000035],[-122.59993523499998,45.588251834000062],[-122.59993948799996,45.588250315000039],[-122.59994377699996,45.588248848000035],[-122.59994810199998,45.588247433000049],[-122.59995246299997,45.588246072000061],[-122.599956857,45.588244764000081],[-122.59996128199998,45.588243510000041],[-122.59996573799998,45.588242311000045],[-122.59997022199997,45.588241166000046],[-122.59997473499999,45.588240076000034],[-122.59997927399996,45.588239042000055],[-122.59998383899995,45.588238064000052],[-122.59998842599998,45.588237142000025],[-122.59999303599994,45.588236276000032],[-122.59999766599998,45.588235467000061],[-122.60000231599997,45.588234715000056],[-122.60000698399995,45.588234019000026],[-122.60001166899997,45.588233381000066],[-122.60001636899995,45.588232801000061],[-122.60002108199996,45.588232279000067],[-122.60002580799994,45.58823181300005],[-122.60003054499998,45.588231406000034],[-122.60003529099998,45.588231058000076],[-122.60004004399997,45.588230767000027],[-122.60004480499998,45.588230535000037],[-122.60004957099994,45.588230361000058],[-122.60005433999999,45.588230245000034],[-122.60005910999996,45.588230188000068],[-122.60006388299996,45.588230189000058],[-122.60006865399998,45.588230249000048],[-122.60007342299997,45.58823036800004],[-122.60007818799994,45.588230545000044],[-122.60008294799997,45.588230779000071],[-122.60008770199994,45.588231073000031],[-122.60009244699995,45.58823142500006],[-122.60009718399999,45.588231834000055],[-122.60010190899999,45.588232302000051],[-122.60010662099995,45.588232828000059],[-122.60011132099999,45.588233411000033],[-122.60011600499996,45.588234052000075],[-122.60012067099996,45.588234750000026],[-122.60012532099995,45.588235505000057],[-122.60012995099999,45.588236317000053],[-122.60013455999996,45.588237185000025],[-122.60013914599995,45.588238110000077],[-122.60014370899995,45.588239091000048],[-122.60014824599995,45.588240128000052],[-122.60015275799998,45.588241219000054],[-122.60015724199997,45.588242367000078],[-122.60016169599999,45.588243569000042],[-122.60016611999998,45.588244825000061],[-122.60017051099999,45.588246135000077],[-122.60017486899994,45.58824750000008],[-122.60036676099998,45.588311072000067],[-122.60049363599995,45.588355525000054],[-122.60061938599995,45.58840152700003],[-122.60074397399995,45.588449061000063],[-122.60108553099997,45.588582100000053],[-122.60116873199996,45.588615325000035],[-122.60123611299997,45.588643461000061],[-122.60130278499997,45.588672417000055],[-122.60136872699997,45.588702187000081],[-122.60143391799994,45.588732760000028],[-122.60147199299996,45.588751345000048],[-122.60150513799999,45.588768174000052],[-122.60153785699998,45.588785407000046]],[[-122.60026113199996,45.587669497000036],[-122.60018273899999,45.587669921000042],[-122.60010434799995,45.587669384000037],[-122.60002598099999,45.587667888000055],[-122.59994766499995,45.587665430000072],[-122.59986942099999,45.587662013000056],[-122.59979127299999,45.587657639000042],[-122.59975621199999,45.587655729000062],[-122.59971355499999,45.587652587000036],[-122.59967474699999,45.587649275000047],[-122.59962837399996,45.587644952000062],[-122.59959390699998,45.587641559000076],[-122.59956570999998,45.587638352000056],[-122.59952943399998,45.587633656000037],[-122.59948977199997,45.587628041000073],[-122.59944217499998,45.58762073500003],[-122.59940473599994,45.587614508000058],[-122.59936653899996,45.587608009000064],[-122.59933071799998,45.587601087000053],[-122.59930095199996,45.587595126000053],[-122.59927138799998,45.587588674000074],[-122.59923912899995,45.587581315000079],[-122.59920256299995,45.587572536000039],[-122.59917803599996,45.587566581000033],[-122.59915144199999,45.587559755000029],[-122.59912064199995,45.587551325000049],[-122.59909392699996,45.587543863000064],[-122.59906880999995,45.587536787000033],[-122.59904249499999,45.587528810000038],[-122.59901210599998,45.587519693000047],[-122.59896011399996,45.587503542000036],[-122.59893427699996,45.58749531400008],[-122.59890719399999,45.587486505000072],[-122.59887955999994,45.58747733000007],[-122.59883178799998,45.587461147000056],[-122.59880407099996,45.587451542000053],[-122.59877454299999,45.587441011000067],[-122.59874878499994,45.587431962000039],[-122.59872728499994,45.587424334000048],[-122.59870591699996,45.587416627000039],[-122.59865554799995,45.587397803000044],[-122.59860581599997,45.587378934000071],[-122.59855821699995,45.587360944000068],[-122.59850817699999,45.587341984000034],[-122.59845999499998,45.587323669000057],[-122.59842729199994,45.587311205000049],[-122.59836901299997,45.58728840200007],[-122.59830882199998,45.587265173000048],[-122.59822772499996,45.587234046000049],[-122.59817615299994,45.587214169000049],[-122.59813532699997,45.587198212000033],[-122.59810442699995,45.587186225000039],[-122.59806167299996,45.587169581000069],[-122.59801193299995,45.587150355000063],[-122.59795509499997,45.587128179000047],[-122.59790765399998,45.587109810000072],[-122.59786832199995,45.587094021000041],[-122.59784233399995,45.587083242000062],[-122.59782596899998,45.587076136000064],[-122.59781211799998,45.587069867000025],[-122.59779644599996,45.587062245000027],[-122.59778360099995,45.587055617000033],[-122.59776951499998,45.587047840000025],[-122.59775577099998,45.587039829000048],[-122.59774765599997,45.587034869000036],[-122.59773749399994,45.587028518000068],[-122.59772951899998,45.587022948000026],[-122.59772096599994,45.587016623000068],[-122.59771046999998,45.587008412000046],[-122.59770033899997,45.586999984000045],[-122.59769132999998,45.586991685000044],[-122.59768263099994,45.586982858000056],[-122.59767543599997,45.586974957000052],[-122.59766876699996,45.586967239000046],[-122.59766150899998,45.586958449000065],[-122.59765495399995,45.586950068000078],[-122.59764671799996,45.586938415000077],[-122.59764093799998,45.586929425000051],[-122.59763429899999,45.58691805400008],[-122.59762997499996,45.586909991000027],[-122.59762691799995,45.586903333000066],[-122.59762369799995,45.586894460000053],[-122.59762097799995,45.586884913000063],[-122.59761848399995,45.586874704000081],[-122.597616561,45.586864108000043],[-122.59761487399999,45.586852185000055],[-122.59761385099995,45.586843163000026],[-122.59761340199998,45.586835000000065],[-122.59761340199998,45.586827976000052],[-122.59761404699998,45.586818513000026],[-122.59761472899999,45.58681131600008],[-122.59761581299995,45.586803004000046],[-122.59761825299995,45.586790692000079],[-122.59761996999998,45.586783381000032],[-122.59762242899995,45.586775354000054],[-122.59762509999996,45.586767400000042],[-122.59762866699998,45.586757566000074],[-122.59763286299994,45.586748495000052],[-122.59763731599998,45.586740366000072],[-122.59764125399994,45.58673364200007],[-122.59764568799994,45.586725682000065],[-122.59764665099999,45.586723869000025],[-122.59765111399997,45.586717101000033],[-122.59765521299994,45.586711366000031],[-122.59765880999998,45.586706598000035],[-122.59766309899999,45.586701245000029],[-122.59766983699996,45.586693124000078],[-122.59767645899996,45.586685721000038],[-122.59768257299999,45.586679018000041],[-122.59769054399999,45.586670764000075],[-122.59769766799997,45.586663595000061],[-122.59770334199999,45.586658249000038],[-122.59770987999997,45.586652536000031],[-122.59771934999998,45.586644567000064],[-122.59772707499997,45.586638453000035],[-122.59773461199995,45.586632989000066],[-122.59774187499994,45.586627812000074],[-122.59775032099998,45.586622146000025],[-122.59775824299999,45.586617101000058],[-122.59776545699998,45.586612672000058],[-122.59777546499998,45.586607056000048],[-122.59778489499996,45.586601926000071],[-122.59779323999999,45.586597694000034],[-122.59780252099995,45.586593239000081],[-122.59781137699997,45.586589093000043],[-122.59782268599997,45.586584290000076],[-122.59783423499999,45.586579671000038],[-122.59784774099995,45.586574643000063],[-122.59785937599997,45.586570454000025],[-122.59787038099995,45.586566794000078],[-122.59788229799994,45.586563154000032],[-122.59789519199995,45.586559543000078],[-122.59791131499998,45.586555136000072],[-122.59792698999996,45.586551006000036],[-122.59794361799999,45.586547026000062],[-122.59796072699999,45.586543143000029],[-122.59797679899998,45.586539696000045],[-122.59799573699996,45.586535796000078],[-122.59801455799999,45.586532273000046],[-122.59803703999995,45.586528197000064],[-122.59805703399996,45.586524891000067],[-122.59807571899995,45.586521904000051],[-122.59809143699999,45.586519672000065],[-122.59810937099996,45.586517272000037],[-122.59812982399995,45.586514731000079],[-122.59814929499998,45.586512705000075],[-122.59816864599998,45.586510761000056],[-122.59818852699999,45.586509083000067],[-122.59820886099999,45.586507489000041],[-122.59822746099996,45.586506252000049],[-122.59824685399997,45.586505054000042],[-122.59826580199996,45.586504251000065],[-122.59828681999994,45.586503652000033],[-122.59830846599999,45.586503279000055],[-122.59833030799996,45.586503085000061],[-122.59834976099995,45.586503164000078],[-122.59836826599997,45.586503573000073],[-122.59838877999999,45.586504182000056],[-122.59839909499999,45.586504589000072],[-122.59841964499998,45.586505749000025],[-122.59844478599996,45.586507468000036],[-122.59847622699999,45.58651001800007],[-122.59850406599998,45.58651261600005],[-122.59853401099997,45.586515874000042],[-122.598558922,45.586518546000036],[-122.59857567099999,45.58652057900008],[-122.59859302399997,45.586522880000075],[-122.59861682299999,45.586526382000045],[-122.59863911499997,45.586530093000079],[-122.59865896599996,45.586533720000034],[-122.59867874299999,45.586537543000077],[-122.59869844199994,45.586541561000047],[-122.59871805599994,45.586545773000068],[-122.59874040299997,45.586550715000044],[-122.59876260499999,45.586555967000038],[-122.59878465499997,45.586561526000025],[-122.59880654399996,45.586567392000063],[-122.59882180899996,45.58657157600004],[-122.59883699599999,45.586575899000081],[-122.59885244499998,45.586580463000075],[-122.59891235499998,45.586598414000036],[-122.59897799499998,45.586624149000045],[-122.59904021499995,45.586648522000075],[-122.59909103299998,45.58666850000003],[-122.59915681399997,45.586694393000073],[-122.59920818299997,45.58671466800007],[-122.59926779599999,45.586737873000061],[-122.59932110099999,45.586758535000058],[-122.59938771199995,45.586784543000078],[-122.59956295099994,45.586865078000073],[-122.59961241699995,45.586885933000076],[-122.59966053099998,45.586908129000051],[-122.59979466799996,45.58697049500006],[-122.59992723099998,45.587034495000069],[-122.60005818599996,45.587100111000041],[-122.60018748999994,45.587167321000038],[-122.60031510299996,45.587236104000056],[-122.60044098699996,45.587306442000056],[-122.60056510499999,45.587378311000066],[-122.60068741699996,45.58745169000008],[-122.60080788699997,45.587526555000068],[-122.60080924499999,45.58752743000008],[-122.60081047999995,45.587528255000052],[-122.60081169299997,45.587529096000026],[-122.60081288599997,45.587529950000032],[-122.60081405699998,45.587530819000051],[-122.60081520599999,45.587531703000082],[-122.60081633299995,45.587532601000078],[-122.60081743799998,45.587533511000061],[-122.60081851999996,45.587534436000055],[-122.60081957899996,45.587535374000026],[-122.60082061399999,45.587536324000041],[-122.60082162499998,45.587537287000032],[-122.60082261299999,45.587538263000056],[-122.60082357599998,45.587539250000077],[-122.60082451399995,45.587540249000028],[-122.60082542699996,45.587541259000034],[-122.60082631499995,45.587542280000036],[-122.60082717799997,45.587543312000037],[-122.60082801499999,45.587544354000045],[-122.60082882599994,45.58754540700005],[-122.60082960999995,45.587546469000074],[-122.60083036699996,45.587547541000049],[-122.60083109999999,45.587548622000043],[-122.60083180299995,45.587549712000055],[-122.60083248099994,45.587550810000039],[-122.60083313099994,45.587551916000052],[-122.60083375299996,45.587553030000038],[-122.60083434699999,45.587554152000052],[-122.60083491299997,45.587555280000061],[-122.60083545099997,45.587556416000041],[-122.60083595999998,45.587557558000071],[-122.60083644199995,45.587558706000038],[-122.60083689499999,45.587559859000066],[-122.60083731899999,45.587561017000041],[-122.60083771499995,45.587562182000056],[-122.60083807999996,45.587563350000039],[-122.60083841699998,45.587564523000026],[-122.60083872599995,45.587565700000027],[-122.60083900399997,45.587566881000043],[-122.60083925299995,45.587568064000038],[-122.60083947199996,45.587569251000048],[-122.60083966299999,45.587570440000036],[-122.60083982299994,45.587571632000049],[-122.60083995499997,45.587572825000052],[-122.60084005499999,45.587574019000044],[-122.60084012699997,45.587575215000072],[-122.60084016799999,45.587576411000043],[-122.60084018099997,45.587577607000071],[-122.60084016399998,45.587578804000032],[-122.60084011599997,45.587580000000059],[-122.60084003899999,45.587581195000041],[-122.60083993199999,45.58758239000008],[-122.60083979599995,45.587583582000036],[-122.60083962999994,45.58758477300006],[-122.60083943399997,45.587585962000048],[-122.60083920899996,45.587587148000068],[-122.60083895399998,45.587588331000063],[-122.60083866999997,45.587589511000033],[-122.60083835599994,45.587590688000034],[-122.60083801399998,45.587591860000032],[-122.60083764299998,45.587593028000072],[-122.60083724299994,45.587594191000051],[-122.60083681299994,45.587595349000026],[-122.60083635499996,45.587596501000064],[-122.60083586799999,45.587597648000042],[-122.60083535299998,45.587598789000026],[-122.60083480899999,45.587599923000028],[-122.60083423799995,45.587601050000046],[-122.60083363799998,45.587602170000025],[-122.60083301199995,45.587603283000078],[-122.60083235699994,45.587604387000056],[-122.60083167399995,45.587605484000051],[-122.60083096599999,45.587606572000027],[-122.60083022899994,45.587607651000042],[-122.60082946599999,45.587608721000038],[-122.60082867699998,45.587609781000026],[-122.60082786099997,45.587610832000053],[-122.60082701999994,45.587611873000071],[-122.60082615199997,45.587612903000036],[-122.60082525899998,45.58761392200006],[-122.60082434099996,45.587614930000029],[-122.60082339899998,45.587615927000058],[-122.60082243099998,45.587616912000044],[-122.60082143899996,45.587617885000043],[-122.60082042399995,45.587618846000055],[-122.60081938299999,45.587619794000034],[-122.60081831999997,45.587620730000026],[-122.60081723399998,45.587621651000063],[-122.60081612599998,45.587622560000057],[-122.60081499299997,45.587623455000028],[-122.60081383999994,45.587624336000033],[-122.60081266599997,45.587625203000073],[-122.60081146899995,45.587626055000044],[-122.60081025199997,45.58762689200006],[-122.60080901299995,45.587627714000064],[-122.60080775399996,45.587628521000056],[-122.60080647599995,45.587629312000047],[-122.60080517899996,45.587630089000072],[-122.60080386299995,45.58763084800006],[-122.60080252599994,45.587631592000037],[-122.60080117199999,45.587632318000033],[-122.60079980099999,45.587633028000027],[-122.60079841199996,45.587633722000078],[-122.60079700599999,45.587634398000034],[-122.60079558299998,45.587635057000057],[-122.60079414399996,45.587635698000042],[-122.60079268999999,45.587636321000048],[-122.60079122099995,45.587636927000062],[-122.60078973599997,45.58763751500004],[-122.60078823699996,45.587638084000048],[-122.60078672399999,45.587638635000076],[-122.60078519699999,45.587639167000077],[-122.60078365799995,45.587639680000052],[-122.60078210599994,45.587640175000047],[-122.60078054199994,45.587640650000026],[-122.60077896599995,45.587641106000035],[-122.60077737999995,45.587641543000075],[-122.60077578199997,45.587641961000031],[-122.60077417499997,45.587642358000039],[-122.60077255899995,45.587642736000078],[-122.60076929699994,45.58764343200005],[-122.60076765399998,45.587643750000041],[-122.60076600399998,45.587644047000026],[-122.60076268099999,45.587644582000053],[-122.60076101099997,45.587644818000058],[-122.60075933399997,45.587645034000047],[-122.60075765299996,45.587645231000067],[-122.60075596699994,45.587645405000046],[-122.60075427699996,45.587645560000055],[-122.60075258299997,45.58764569300007],[-122.60064869799999,45.587653240000066],[-122.60049608099996,45.587662462000026],[-122.60041782699994,45.587665766000043],[-122.60033950399998,45.587668112000074],[-122.60026113199996,45.587669497000036]],[[-122.59888897999997,45.587769714000046],[-122.59890023099996,45.58777630000003],[-122.59890991699996,45.587782341000036],[-122.59892080499998,45.587789496000028],[-122.59892959099994,45.587795737000079],[-122.59893790799998,45.587802281000052],[-122.59894528299998,45.587808625000036],[-122.59895071299997,45.587813918000052],[-122.59895620499998,45.587819567000054],[-122.59896270399997,45.587827189000052],[-122.59896713999996,45.587832990000038],[-122.59897043199999,45.587838016000035],[-122.59897406199997,45.587843993000035],[-122.59897699899994,45.587850157000048],[-122.59898081199998,45.587858932000074],[-122.59898294399994,45.587865944000043],[-122.59898431499994,45.587871547000077],[-122.59898565199995,45.587878253000042],[-122.59898681899995,45.587886195000067],[-122.59898711999995,45.587893473000065],[-122.59898717499999,45.587900958000034],[-122.59898659099997,45.587907745000052],[-122.59898541499996,45.587915702000032],[-122.59898420299999,45.587921401000074],[-122.59898248099995,45.587926829000025],[-122.59897982999996,45.587933876000079],[-122.59897605799995,45.587941687000068],[-122.59897198899995,45.587948409000035],[-122.59896791599999,45.587953912000046],[-122.59896262899997,45.587960417000033],[-122.59895722599998,45.587966047000066],[-122.59895127799996,45.587971334000031],[-122.59894518599998,45.587976488000038],[-122.59893728399999,45.587982385000032],[-122.59892795299999,45.587988951000057],[-122.59891887499998,45.58799435800006],[-122.59891043399995,45.58799897800003],[-122.59890083199997,45.588003774000072],[-122.59889173599998,45.58800794900003],[-122.59888369299995,45.588011321000067],[-122.59887378399998,45.588015167000037],[-122.59886536199997,45.588018042000044],[-122.59885747099997,45.588020382000025],[-122.59884987399994,45.588022539000065],[-122.59884494899995,45.588023728000053],[-122.59880048999997,45.588031965000027],[-122.59878034899998,45.588034460000074],[-122.59876015199995,45.588036708000061],[-122.59873989999994,45.588038708000056],[-122.59871960099997,45.588040460000059],[-122.59869926199997,45.588041962000034],[-122.59867888999997,45.588043216000074],[-122.59865848799996,45.588044219000039],[-122.59863806599998,45.588044973000081],[-122.59861762599996,45.588045475000058],[-122.59859717899997,45.588045727000065],[-122.59857672699997,45.588045730000033],[-122.59855627899998,45.588045481000051],[-122.59853584099994,45.588044981000053],[-122.59851541699999,45.588044231000026],[-122.59842607999997,45.588040403000036],[-122.59838926199996,45.588038415000028],[-122.59836891599997,45.588036965000072],[-122.59834860899997,45.58803526500003],[-122.59832834699995,45.588033316000065],[-122.59830813599996,45.588031120000039],[-122.59828798299998,45.588028676000079],[-122.59826789499999,45.588025985000058],[-122.59824787599996,45.588023050000061],[-122.59822793199999,45.58801986900005],[-122.59820807199998,45.588016443000072],[-122.59818829799997,45.588012776000028],[-122.59816861999997,45.588008866000052],[-122.59814904199999,45.588004717000047],[-122.59812956999997,45.588000327000032],[-122.59811020999996,45.587995700000079],[-122.59809096799995,45.587990836000074],[-122.59807184999994,45.587985737000054],[-122.59805286099999,45.587980405000053],[-122.59803400799996,45.587974841000062],[-122.59801529499998,45.587969046000069],[-122.59799673099997,45.587963023000043],[-122.59797831699996,45.587956774000077],[-122.59796006299996,45.587950300000045],[-122.59794197299999,45.587943604000031],[-122.59792405099995,45.587936686000035],[-122.59790630499998,45.587929550000069],[-122.59788873799999,45.587922198000058],[-122.59787135599998,45.587914632000036],[-122.59785416499994,45.58790685300005],[-122.59783717099998,45.587898865000057],[-122.59782037699995,45.587890670000036],[-122.59756376999997,45.587763229000075],[-122.59751273999996,45.587737534000041],[-122.59747064699997,45.58771669500004],[-122.59743410399994,45.58769866800003],[-122.59739237699995,45.587678031000053],[-122.59731283099995,45.587638405000064],[-122.59727885399997,45.587621396000031],[-122.59723248899996,45.587598107000076],[-122.59718798199998,45.587575040000047],[-122.59716579099995,45.587562633000061],[-122.59715284499998,45.58755474600008],[-122.59713827799999,45.587544770000079],[-122.59712909699999,45.587537546000078],[-122.59711926999995,45.58752796400006],[-122.59711232399997,45.58751983600007],[-122.59710574999997,45.587510777000034],[-122.59709915999997,45.587500446000035],[-122.59709373099997,45.587490089000028],[-122.59709000599997,45.587481339000078],[-122.59708690299999,45.587472696000077],[-122.59708235699998,45.587455022000029],[-122.59708056199997,45.587445833000061],[-122.59707904199996,45.587436742000079],[-122.59707837699995,45.587427509000065],[-122.59707823499997,45.587419185000044],[-122.59707862599998,45.58741066500005],[-122.59708000099999,45.587401323000051],[-122.59708127999994,45.587394474000064],[-122.59708390599997,45.587386128000048],[-122.59708704199994,45.587378374000025],[-122.59709119699994,45.587369369000044],[-122.59709614699995,45.587360668000031],[-122.59710254699996,45.587351158000047],[-122.59710787799997,45.587343849000035],[-122.59711363899999,45.587336614000037],[-122.59712134899996,45.587328194000065],[-122.59712804599997,45.587321074000045],[-122.59713497699994,45.587314366000044],[-122.59714328899997,45.587306734000038],[-122.59714997199995,45.587301317000026],[-122.59715799099996,45.587294873000076],[-122.59716461999994,45.587290279000058],[-122.59717331399997,45.587285167000061],[-122.59717921699996,45.58728216600008],[-122.59718896599998,45.587277956000037],[-122.59719785799996,45.58727447900003],[-122.59720655599995,45.587271485000031],[-122.59721497299995,45.587268875000063],[-122.59722359899996,45.587266703000068],[-122.59723410199996,45.587264684000047],[-122.59724708399995,45.587262705000057],[-122.59726151599995,45.58726120700004],[-122.59727603999994,45.587260220000076],[-122.59728852699999,45.587259847000041],[-122.59730157699994,45.587259617000029],[-122.59731680799996,45.587259886000027],[-122.59733634999998,45.587260687000025],[-122.59735251999996,45.587261921000049],[-122.59736782099998,45.587263862000043],[-122.59738245699998,45.587266363000026],[-122.59740000999994,45.587269615000025],[-122.59741707999996,45.587272805000055],[-122.59742949599996,45.58727536300006],[-122.59744671099998,45.587279438000053],[-122.59746288199995,45.587283627000033],[-122.59751861499996,45.587298873000066],[-122.59758913199994,45.587318396000057],[-122.59769602699998,45.587347795000028],[-122.59780463999999,45.587377966000076],[-122.59792709899995,45.587411323000026],[-122.59801873099997,45.587436494000031],[-122.59806739599998,45.587450068000066],[-122.59811470399995,45.587463410000055],[-122.59813768499998,45.58747029400007],[-122.59817346099999,45.587481224000044],[-122.59820697899994,45.58749186700004],[-122.59824103299997,45.587502620000066],[-122.59828180099998,45.58751589600007],[-122.59832531999996,45.587530036000032],[-122.59835739499999,45.587541036000061],[-122.59838374699996,45.587550279000027],[-122.59840531199995,45.587558075000061],[-122.59843787199998,45.587570081000081],[-122.59847319799997,45.587583296000048],[-122.59849754799995,45.587592632000053],[-122.59852211999998,45.58760224100007],[-122.59854935499999,45.587613409000028],[-122.59857460999996,45.587623931000053],[-122.59860218299997,45.58763569100006],[-122.59863615799998,45.587650331000077],[-122.59866971499997,45.58766531200007],[-122.59871127199995,45.587684019000051],[-122.59874903699995,45.587701280000033],[-122.59877891199994,45.587715206000041],[-122.59880597399996,45.587728134000031],[-122.59883085199999,45.587740328000052],[-122.59885532699997,45.587752383000065],[-122.59887748299997,45.587763461000065],[-122.59888897999997,45.587769714000046]],[[-122.58189165599998,45.588767635000067],[-122.58185559099996,45.588805144000048],[-122.58183114399998,45.588826421000078],[-122.58180437099998,45.588846772000068],[-122.58177042799997,45.588869050000028],[-122.58174270399996,45.588884842000027],[-122.58170032899994,45.58890550700005],[-122.58166926599995,45.588918352000064],[-122.58162403899996,45.588934022000046],[-122.58160315399999,45.588940154000056],[-122.58157915799995,45.588946398000076],[-122.58154580299998,45.588953725000067],[-122.58150727799995,45.588960331000067],[-122.58146394399995,45.588965496000071],[-122.58142135799994,45.58896831900006],[-122.58137835999997,45.588968951000027],[-122.58133564699995,45.588967381000032],[-122.58129311099998,45.588963616000058],[-122.58124907699994,45.588957337000068],[-122.58120499799998,45.588950038000064],[-122.58118645399998,45.588946041000042],[-122.58036321099996,45.588625715000035],[-122.57943344999995,45.588262455000063],[-122.57862007699998,45.587945520000062],[-122.57756042799997,45.587533146000055],[-122.57682351299997,45.587247201000025],[-122.57678337999999,45.587227086000041],[-122.57673648699995,45.587201812000046],[-122.57669078099997,45.587175432000038],[-122.57664645499995,45.587147929000025],[-122.57660350299994,45.587119423000047],[-122.57656197999995,45.587089843000058],[-122.57652189699996,45.587059288000034],[-122.57648337799998,45.587027774000035],[-122.57645508099995,45.58700175000007],[-122.57642907699994,45.58697458100005],[-122.57640555099999,45.586946308000051],[-122.57638451399998,45.586917091000032],[-122.57635102499995,45.58686072100005],[-122.57634075499999,45.586836904000052],[-122.57633128599997,45.586806521000028],[-122.57632562499998,45.586775673000034],[-122.57632386599994,45.586750820000077],[-122.57632514699998,45.586719730000027],[-122.57633028099997,45.586688839000033],[-122.57634147399995,45.586652358000038],[-122.57635490999996,45.586622721000026],[-122.57637580899996,45.586588410000047],[-122.57639705199995,45.586561118000077],[-122.57642305399997,45.586534230000041],[-122.57645086899998,45.586511272000052],[-122.57648742399999,45.586487244000068],[-122.57652776799995,45.586466475000066],[-122.57656509699996,45.586450876000072],[-122.57659945499995,45.586440022000033],[-122.57663483299996,45.586431860000062],[-122.57667123299996,45.58642633900007],[-122.57672721199998,45.586422288000051],[-122.57677442199997,45.586420958000076],[-122.57683369699998,45.586421775000076],[-122.57687510999995,45.586424504000036],[-122.57692632999999,45.586430755000038],[-122.57697657999995,45.586440116000063],[-122.57704989399997,45.58645752700005],[-122.57710434399996,45.586472214000025],[-122.57718860399996,45.58649771100005],[-122.57729310399998,45.586532143000056],[-122.57745359999996,45.586592949000078],[-122.57865878999996,45.587061823000056],[-122.58197427799996,45.588355911000065],[-122.58201358299999,45.58837152600006],[-122.58202977499997,45.588379395000061],[-122.58204819299999,45.588390640000057],[-122.58206666899997,45.588405309000052],[-122.58208164699994,45.588421132000065],[-122.58209243399995,45.588436505000061],[-122.58210138699997,45.58845505000005],[-122.58210621399996,45.588472568000043],[-122.58210704099997,45.588488561000077],[-122.58210429299999,45.588504447000048],[-122.58209906699994,45.588526394000041],[-122.58209073499995,45.588542751000034],[-122.58207680799995,45.588561311000035],[-122.58201381899994,45.58863539400005],[-122.58189165599998,45.588767635000067]],[[-122.59295337399999,45.583283288000075],[-122.59297028499998,45.583266919000039],[-122.59298796399997,45.583250987000042],[-122.59306809399999,45.583205580000026],[-122.59319017799999,45.583171714000059],[-122.59334678199997,45.583173506000037],[-122.59356550799998,45.583207986000048],[-122.59378135099996,45.58326240100007],[-122.59397703899998,45.583320317000073],[-122.59418972399999,45.583391401000029],[-122.59434494199996,45.583448003000058],[-122.59471820599998,45.583592778000025],[-122.59537193199998,45.583845976000077],[-122.59604318599997,45.584106813000062],[-122.59670532499996,45.584364580000056],[-122.59768636999996,45.584747331000074],[-122.59774761699998,45.584771960000069],[-122.59881049399996,45.585186544000067],[-122.59983833899997,45.585587052000051],[-122.60010430399996,45.585690886000066],[-122.60052975799999,45.585856625000076],[-122.60052789999997,45.58585637200008],[-122.60059227399995,45.585884114000066],[-122.60065293099996,45.585915718000081],[-122.60070939999997,45.585950939000043],[-122.60076124499994,45.585989507000079],[-122.60080806699995,45.586031123000055],[-122.60082474699999,45.586050586000056],[-122.60083662399995,45.58607171500006],[-122.60084336799997,45.58609393100005],[-122.60084479699998,45.586116624000056],[-122.60084086999996,45.58613917100007],[-122.60083169599994,45.586160953000046],[-122.60081752599996,45.586181374000034],[-122.60079874999997,45.586199872000066],[-122.60077588199999,45.586215939000056],[-122.60076022399994,45.586224338000079],[-122.60074343999997,45.586231585000064],[-122.60067700099995,45.586253448000036],[-122.60060719099999,45.586269309000045],[-122.60053510499995,45.586278918000062],[-122.60046187399996,45.586282125000025],[-122.59975996099996,45.586281942000028],[-122.59963362999997,45.586278717000027],[-122.59950795499998,45.586269123000079],[-122.59938358699998,45.586253212000031],[-122.59926116899999,45.58623106500005],[-122.59914133599995,45.586202796000066],[-122.59902470799994,45.586168554000039],[-122.59894799199998,45.586141327000064],[-122.59889992799998,45.586122845000034],[-122.59884327599997,45.586100858000066],[-122.59879372999995,45.586081491000073],[-122.59871477099995,45.586050675000081],[-122.59871355099995,45.586050120000039],[-122.59867329199994,45.586034508000068],[-122.59864889799996,45.586024992000034],[-122.59861537699999,45.586011867000025],[-122.59858877899995,45.586001594000038],[-122.59855490399997,45.585988368000073],[-122.59849289699997,45.585964342000068],[-122.59845871299996,45.585950964000062],[-122.59843274999997,45.585940876000052],[-122.59840450199999,45.585929863000047],[-122.59834541799995,45.585907052000039],[-122.59831170999996,45.585893935000058],[-122.59828202099999,45.585882455000046],[-122.59825148299996,45.585870621000026],[-122.59824674599997,45.585872676000065],[-122.59796757699996,45.58576392100008],[-122.59736831599997,45.585529867000048],[-122.59663193599999,45.58524295400008],[-122.59591631399996,45.58496408700006],[-122.59467501799998,45.584481284000049],[-122.59367634899996,45.584092773000066],[-122.59353347599995,45.584037057000046],[-122.59354065799999,45.584039759000063],[-122.59353913999996,45.584035186000051],[-122.59346000699998,45.583998694000059],[-122.59342050699996,45.583979948000035],[-122.59338135999997,45.583960868000077],[-122.59333518399995,45.583938642000078],[-122.59329038499999,45.583915072000025],[-122.59324704599999,45.583890218000079],[-122.59320521999996,45.583864073000029],[-122.59316493199998,45.583836771000051],[-122.59312637799997,45.583808293000061],[-122.59309910199994,45.583786061000069],[-122.59307331299999,45.583762965000062],[-122.59304902299999,45.583739105000063],[-122.59302628199998,45.583714468000039],[-122.59300513799997,45.583689168000035],[-122.59298567799999,45.58366320600004],[-122.59296784499998,45.583636656000067],[-122.59295177599995,45.583609569000032],[-122.59293729599995,45.583583635000025],[-122.59292468399997,45.583557205000034],[-122.59291391399995,45.583530364000069],[-122.59290507199995,45.583503176000079],[-122.59289813299995,45.583475726000074],[-122.59289318199995,45.583448080000039],[-122.59289159899998,45.58342594800007],[-122.59289281699995,45.583403777000058],[-122.59289683799994,45.583381790000033],[-122.59290360199998,45.58336011800003],[-122.59291305799997,45.583338995000076],[-122.59292522099997,45.583318517000066],[-122.59293831499997,45.583300535000035],[-122.59295337399999,45.583283288000075]],[[-122.59631144999997,45.586445432000062],[-122.59629843399995,45.586445361000074],[-122.59628541699999,45.586444978000031],[-122.59627239399998,45.586444259000075],[-122.59625937599998,45.586443192000047],[-122.59624645499997,45.586441798000067],[-122.59623362399998,45.586440096000047],[-122.59622087599996,45.58643810600006],[-122.59620820499998,45.586435846000029],[-122.59619560399994,45.586433337000074],[-122.59618307499994,45.586430598000049],[-122.59616939699998,45.586427307000065],[-122.59615591699998,45.586423710000076],[-122.59614262999997,45.586419805000048],[-122.59612953399994,45.586415593000027],[-122.59611662899999,45.586411074000068],[-122.59610388399994,45.586406233000048],[-122.59602505699996,45.586375790000034],[-122.59586082399994,45.586311675000047],[-122.59578569099995,45.586282719000053],[-122.59569613899998,45.586247704000073],[-122.59559219499999,45.586207410000043],[-122.59550907999994,45.586174895000056],[-122.59408785399995,45.585621530000026],[-122.59349332099998,45.58538948100005],[-122.59346912099994,45.585379939000063],[-122.59344493599997,45.585370374000036],[-122.59342076899998,45.585360785000034],[-122.59339662199994,45.585351175000028],[-122.59337249199996,45.585341542000037],[-122.59333633199998,45.585327049000057],[-122.59330021299996,45.585312505000047],[-122.59327615799998,45.585302781000053],[-122.59325211899994,45.585293034000074],[-122.59321533499997,45.585278064000079],[-122.59317820699999,45.585262896000074],[-122.59315347799998,45.585252756000045],[-122.59312876999996,45.585242592000043],[-122.59310408599998,45.585232400000052],[-122.59307942499998,45.585222181000063],[-122.59305479299996,45.585211930000071],[-122.59303018899999,45.585201645000041],[-122.59300561399999,45.585191325000039],[-122.59298116299999,45.585181005000038],[-122.59295683299996,45.585170685000037],[-122.59293253399994,45.585160329000075],[-122.59290826399996,45.585149940000065],[-122.59288402199996,45.585139520000041],[-122.59285980299995,45.585129072000029],[-122.59283560599999,45.585118598000065],[-122.59279934899996,45.585102843000072],[-122.59276312799994,45.585087044000034],[-122.59273915499995,45.585076557000036],[-122.59271535599999,45.585066116000064],[-122.59269157599999,45.58505565300004],[-122.59265594499999,45.585039916000028],[-122.59263221599997,45.585029397000028],[-122.59260850699997,45.585018855000044],[-122.59257298199998,45.585002999000039],[-122.59254932399995,45.584992401000079],[-122.59251387599994,45.584976461000053],[-122.59251218399999,45.584975887000041],[-122.59250049699995,45.584970824000038],[-122.59248888799999,45.584965702000034],[-122.59247734399997,45.584960514000045],[-122.59246586499995,45.584955262000051],[-122.59245445199997,45.584949945000062],[-122.59244310499997,45.584944562000032],[-122.59243182299997,45.584939116000044],[-122.59242060799994,45.58493360500006],[-122.59240945699997,45.584928028000036],[-122.59239837299998,45.584922387000063],[-122.59238735499997,45.584916681000038],[-122.59237640199996,45.584910911000065],[-122.59236551499998,45.584905075000052],[-122.59235469299995,45.584899175000032],[-122.59234393699995,45.584893210000075],[-122.59233324699994,45.584887180000067],[-122.59232262199998,45.584881085000063],[-122.59231163399994,45.584874690000049],[-122.59230070899997,45.584868250000056],[-122.59228985199996,45.584861759000034],[-122.59227906999996,45.584855215000061],[-122.59226836899995,45.584848614000066],[-122.59225775299996,45.584841951000044],[-122.59224722699997,45.584835223000027],[-122.59223679899998,45.584828424000079],[-122.59222647199999,45.58482155300004],[-122.59221625399999,45.584814602000051],[-122.59220614699996,45.584807571000056],[-122.59219615999996,45.584800453000071],[-122.59218629699996,45.584793246000061],[-122.59217656299995,45.584785944000032],[-122.59216696299995,45.584778544000073],[-122.59215750199996,45.584771041000067],[-122.59214846299994,45.584763667000061],[-122.59213957499998,45.584756217000063],[-122.59213083799995,45.584748691000073],[-122.59212225199997,45.584741089000033],[-122.59211381599999,45.584733410000069],[-122.59210553199995,45.584725655000057],[-122.59209739899995,45.584717824000052],[-122.59208941699995,45.584709916000065],[-122.59208158599995,45.584701933000076],[-122.59207390499995,45.584693873000049],[-122.59206637699998,45.584685737000029],[-122.59205899899996,45.584677524000028],[-122.59205177199999,45.584669235000035],[-122.59204468599995,45.584660859000053],[-122.59203258599996,45.584639593000077],[-122.59202957999997,45.584632313000043],[-122.59202691099995,45.58462496900006],[-122.59202457899994,45.584617568000056],[-122.59202258899995,45.584610118000057],[-122.59202095799998,45.584602708000034],[-122.59201966299997,45.584595264000029],[-122.59201870799996,45.584587795000061],[-122.59201809299998,45.584580308000056],[-122.59201823799998,45.584551153000064],[-122.59201880299997,45.584545329000036],[-122.59201965699998,45.584539523000046],[-122.59202079999994,45.58453374100003],[-122.59202222899995,45.584527990000026],[-122.59202394199997,45.584522279000055],[-122.59202593899994,45.584516612000073],[-122.59202804699999,45.584511393000071],[-122.59203039299996,45.584506224000052],[-122.59203297699997,45.584501111000066],[-122.59203579699999,45.584496061000038],[-122.59203884699997,45.584491076000063],[-122.59204212599997,45.584486164000054],[-122.59204562999997,45.584481330000074],[-122.59207680599997,45.584437612000045],[-122.59207924899999,45.584434917000067],[-122.59208440599997,45.584429412000077],[-122.59208879799996,45.584425021000072],[-122.59209335299994,45.584420750000049],[-122.59209963099994,45.584415338000042],[-122.59210893799997,45.584407530000078],[-122.59211654699999,45.584401640000067],[-122.59212207999997,45.584397582000065],[-122.59212992099998,45.58439205500008],[-122.59213613999998,45.584387918000061],[-122.59214282999994,45.584383715000058],[-122.59214858199999,45.584380321000026],[-122.59215479299996,45.584376902000031],[-122.59216147499995,45.584373295000034],[-122.59217373399997,45.584367389000079],[-122.59218643599996,45.584361426000044],[-122.59219627999994,45.584357200000056],[-122.59220774199997,45.584352385000045],[-122.59221881999997,45.584348197000054],[-122.59222997999996,45.584344058000056],[-122.59224250699998,45.584339713000077],[-122.59225728799998,45.584334731000069],[-122.59226937099999,45.584330949000048],[-122.59228209099996,45.58432704300003],[-122.59229508199996,45.584323316000052],[-122.59230841299996,45.584319619000041],[-122.59232212299997,45.584316108000053],[-122.59233314199997,45.584313420000058],[-122.59234794099996,45.584309948000055],[-122.59236461799998,45.584306243000071],[-122.59237737199999,45.584303541000054],[-122.59239200999997,45.584300719000055],[-122.59240683799999,45.584298052000065],[-122.59242122899997,45.584295328000053],[-122.59243414199995,45.584293094000031],[-122.59244808599999,45.584290839000062],[-122.59246137599996,45.584288787000048],[-122.59247457199996,45.58428703900006],[-122.59248857699998,45.584285366000074],[-122.59250767199995,45.584283268000036],[-122.59252748599999,45.584281311000041],[-122.59254792899998,45.584279630000026],[-122.59256879199995,45.584278081000036],[-122.59259434499995,45.584276657000032],[-122.59261882899995,45.584275709000053],[-122.59264355399995,45.58427518700006],[-122.59267250099998,45.584275198000057],[-122.59269311099996,45.58427550600004],[-122.59270546499999,45.584275825000077],[-122.59272290799998,45.584276598000031],[-122.59274442499998,45.584277625000027],[-122.59277671199999,45.584279896000055],[-122.59280396899999,45.58428212900003],[-122.59283082399998,45.584284837000041],[-122.59284513099999,45.584286585000029],[-122.59285995599998,45.584288709000077],[-122.59287399499999,45.584290857000042],[-122.59288951999997,45.584293437000042],[-122.59290573499999,45.584296369000072],[-122.59292251799997,45.584299924000049],[-122.59293824799994,45.584303470000066],[-122.59295647899995,45.584307731000081],[-122.59297856299997,45.584313161000068],[-122.59299728499997,45.584318169000028],[-122.59301950899999,45.584324391000052],[-122.59304944699994,45.584333025000035],[-122.59307641199996,45.584341019000078],[-122.59311110499999,45.584351542000036],[-122.59315038299997,45.58436348400005],[-122.59319032699995,45.584375833000081],[-122.59322467299995,45.584386666000057],[-122.59325914099998,45.584397621000051],[-122.59331720699998,45.584413363000067],[-122.593976871,45.584670814000049],[-122.59478882899998,45.584986823000065],[-122.59564322699998,45.58532086200006],[-122.59636278299996,45.585600253000052],[-122.59635859099996,45.585605576000034],[-122.59636836899995,45.585608922000063],[-122.59637602399999,45.585612031000039],[-122.59639209799997,45.585618966000027],[-122.59640912399999,45.585626920000038],[-122.59643426299999,45.58563900200005],[-122.59645863599997,45.585650972000053],[-122.59647737999995,45.585660433000044],[-122.59649083499994,45.58566763500005],[-122.59650838599998,45.585677347000058],[-122.59652316899997,45.58568598800008],[-122.59653371099995,45.585692408000057],[-122.59654309199999,45.585698826000055],[-122.59655386099996,45.585706986000048],[-122.59656402799999,45.585715411000081],[-122.59657376299998,45.585724260000063],[-122.59658791399994,45.585738011000046],[-122.59659580199997,45.585745843000041],[-122.59660928999995,45.585759664000079],[-122.59661965499998,45.585771262000037],[-122.59662994699994,45.585782991000031],[-122.596637784,45.585792740000045],[-122.59664597199998,45.585803459000033],[-122.59665389099996,45.585814012000071],[-122.59666639999995,45.585831799000061],[-122.59667849599998,45.58585068800005],[-122.59668815099997,45.585867773000075],[-122.59669585499995,45.58588231300007],[-122.59670277299995,45.585896569000056],[-122.59670894399994,45.585909831000038],[-122.59671418499994,45.585922673000027],[-122.59671945899998,45.585936781000044],[-122.59672403899998,45.585950581000077],[-122.59672865199997,45.585965335000026],[-122.59673307099996,45.585980729000028],[-122.59673656399997,45.585994640000081],[-122.59673919999994,45.586006631000032],[-122.59674256399995,45.586023741000076],[-122.59674477499999,45.586039582000069],[-122.59674642199997,45.586054343000058],[-122.59674783699995,45.586071278000077],[-122.59674838199999,45.586083139000038],[-122.59674859299997,45.586095966000073],[-122.59674870299995,45.58611152900005],[-122.59674801399996,45.586127357000066],[-122.59674681399997,45.586142945000063],[-122.59674511999998,45.586157998000033],[-122.59674419499999,45.586168487000066],[-122.59674274999998,45.586178947000064],[-122.59674078399996,45.586189365000052],[-122.59673830199995,45.586199728000054],[-122.59673530499998,45.586210024000081],[-122.59673179799995,45.586220241000035],[-122.59672778599997,45.586230365000063],[-122.59672327199996,45.586240384000064],[-122.59671826199997,45.586250287000041],[-122.59671276199998,45.586260060000029],[-122.59670677999998,45.586269694000066],[-122.59670032099996,45.586279174000026],[-122.59669339499999,45.586288490000072],[-122.59668601099997,45.586297631000036],[-122.59667817599995,45.586306584000056],[-122.59666989899995,45.586315341000045],[-122.59666119199994,45.586323889000028],[-122.59665206599999,45.586332217000063],[-122.59664253099999,45.586340317000065],[-122.59663259799999,45.586348179000026],[-122.59662228099995,45.586355792000063],[-122.59661159099994,45.586363147000043],[-122.59660198899996,45.586369584000067],[-122.59659214599998,45.586375744000065],[-122.59658202499998,45.586381653000046],[-122.59657162899998,45.586387312000056],[-122.59656095499997,45.586392720000049],[-122.59655000299995,45.586397877000081],[-122.59653877599999,45.586402781000061],[-122.59652744599998,45.58640734100004],[-122.59651591499994,45.586411590000068],[-122.59650419499997,45.586415549000037],[-122.59649229299998,45.586419235000051],[-122.59648022199997,45.586422666000033],[-122.59646799499995,45.586425861000066],[-122.59645562499998,45.586428836000039],[-122.59644271699995,45.586431666000067],[-122.59642972599994,45.586434220000058],[-122.59641664899999,45.586436500000048],[-122.59640348699998,45.586438514000065],[-122.59639024299997,45.586440266000068],[-122.59637691399996,45.586441759000081],[-122.59636350299996,45.586443000000031],[-122.59635049299999,45.58644397300003],[-122.59633747899994,45.586444716000074],[-122.59632446499995,45.586445209000033],[-122.59631144999997,45.586445432000062]],[[-122.59648573799996,45.586907405000034],[-122.59649624399998,45.586914261000061],[-122.59650462699994,45.586920080000027],[-122.59651271299998,45.586926194000057],[-122.59652237299997,45.586933653000074],[-122.59652883599995,45.586938934000045],[-122.59653655099999,45.586945533000062],[-122.59654297599997,45.586951920000047],[-122.59655057099997,45.586959832000048],[-122.59655838399999,45.586969315000033],[-122.59656593999995,45.586979246000055],[-122.59657179799996,45.58698789400006],[-122.59657725299996,45.58699649700003],[-122.59658161299996,45.587004314000069],[-122.59658652599995,45.587013786000057],[-122.59659056299995,45.587022784000055],[-122.59659381299997,45.58703114900004],[-122.59659681599999,45.587039465000032],[-122.59659902599998,45.587046795000049],[-122.59660107699995,45.587055130000067],[-122.59660239199997,45.587062133000074],[-122.59660358399998,45.587069285000041],[-122.59660411999999,45.587071943000069],[-122.59660353799995,45.58707462700005],[-122.59660103299996,45.587082003000035],[-122.59659708699996,45.587091185000077],[-122.59659194899996,45.587100703000033],[-122.59658777099997,45.587107839000055],[-122.59658306999995,45.587115017000031],[-122.59657970599994,45.587119910000069],[-122.59656580299998,45.587137389000077],[-122.59655689299996,45.587148145000072],[-122.59654743799996,45.587158561000081],[-122.59653872299998,45.587167005000026],[-122.59653186499997,45.587173114000052],[-122.59652330399996,45.587179886000058],[-122.59651484199998,45.58718562200005],[-122.59650691799999,45.587190254000063],[-122.59649672499995,45.587194963000059],[-122.59648460099999,45.587199441000053],[-122.59647149799997,45.587204076000035],[-122.59645409799998,45.587209232000077],[-122.59643700599997,45.587213501000065],[-122.59642187699995,45.587216326000032],[-122.59640429699999,45.587218995000057],[-122.59638770599997,45.587220846000037],[-122.59637195399995,45.587221873000033],[-122.59635514999997,45.587222189000045],[-122.59634067699994,45.587221852000027],[-122.59632433499996,45.587220925000054],[-122.59630898099999,45.587219313000048],[-122.59629298199997,45.587217144000078],[-122.59628056299999,45.58721508900004],[-122.59626735999996,45.58721259500004],[-122.59625433499997,45.587209698000038],[-122.59624159299995,45.587206723000065],[-122.59623105299994,45.587203940000052],[-122.59621597799998,45.587199631000033],[-122.59616415899995,45.587184274000037],[-122.59607694799996,45.587158283000065],[-122.59603137299996,45.587144618000025],[-122.59597131299995,45.587126918000081],[-122.59569887799995,45.587047025000061],[-122.59556827199998,45.58700852100003],[-122.59527746099997,45.586919249000061],[-122.59517944599997,45.586880944000029],[-122.59496775499997,45.586793729000078],[-122.59477170899999,45.586709960000064],[-122.59466684999995,45.586662614000033],[-122.59453619499999,45.586601027000029],[-122.59443407999998,45.586550811000052],[-122.59415594199999,45.586410672000056],[-122.59410755899995,45.586382232000062],[-122.59377756799995,45.586195742000029],[-122.59340986299998,45.585986454000079],[-122.59304622599996,45.585780080000063],[-122.59299834099994,45.585754982000026],[-122.59285902699997,45.585675303000073],[-122.59280605299995,45.585645408000062],[-122.59274059199998,45.585608081000032],[-122.59267812399997,45.585572611000032],[-122.59260717899997,45.585532643000079],[-122.59238363699995,45.58540352600005],[-122.59219820999999,45.585297806000028],[-122.59209215799996,45.585238003000029],[-122.59208000199999,45.58523165500003],[-122.59206974699998,45.585224640000035],[-122.59206118499998,45.585216856000045],[-122.59205429899998,45.585208291000072],[-122.59204907999998,45.585198931000036],[-122.59204553499995,45.585188775000063],[-122.59204396099994,45.58517779500005],[-122.59204492799995,45.58516727600005],[-122.59204836199996,45.58515716800008],[-122.59205421099995,45.585147432000042],[-122.59206243999995,45.585138039000071],[-122.59207149199995,45.585130198000058],[-122.59208151899998,45.58512347900006],[-122.59209251699997,45.585117882000077],[-122.59210450299997,45.585113398000033],[-122.59211750199995,45.585110023000027],[-122.59213148299995,45.585107769000047],[-122.59214752199995,45.585106938000081],[-122.59216274399995,45.585108274000049],[-122.59217725099995,45.58511177400004],[-122.59219135799998,45.58511756300004],[-122.59236148899998,45.585183803000064],[-122.59241400499997,45.585204428000054],[-122.59254048799994,45.585253543000078],[-122.59255793799997,45.585260490000053],[-122.59395040099997,45.585802586000057],[-122.59446495899999,45.586003198000071],[-122.59537392799996,45.586357452000072],[-122.59544955699999,45.586387074000072],[-122.59546397899999,45.586393421000025],[-122.59547817499998,45.586400014000048],[-122.59549213799994,45.58640684900007],[-122.59566495899998,45.586493913000027],[-122.59581795899999,45.586571414000048],[-122.59597054299996,45.586649027000078],[-122.59612446999995,45.586726587000044],[-122.59628155799999,45.586805677000029],[-122.59642517699996,45.586877881000078],[-122.59647636099999,45.586901731000069],[-122.59648573799996,45.586907405000034]],[[-122.59202212399998,45.583422278000057],[-122.59199749399994,45.583420208000064],[-122.59197322499995,45.583416554000053],[-122.59194948599998,45.583411381000076],[-122.59189351699996,45.583398610000074],[-122.59176998399994,45.583350438000025],[-122.59089784299999,45.583009781000044],[-122.58995088199998,45.582641273000036],[-122.58920926599995,45.582352273000026],[-122.58887200699996,45.582220625000048],[-122.58798360999998,45.581874223000057],[-122.58713011899999,45.58154147700003],[-122.58627459599995,45.581208932000038],[-122.58542133699996,45.580876131000025],[-122.58489470699999,45.580669544000045],[-122.58486202699999,45.580651925000041],[-122.58485411099997,45.580646647000037],[-122.58484223399995,45.580638650000026],[-122.58482629099996,45.580628094000076],[-122.58480649999996,45.580614896000043],[-122.58478680899998,45.580604407000067],[-122.58476701599994,45.580591132000052],[-122.58475108399995,45.580577864000077],[-122.58473910899994,45.580567236000036],[-122.58471484999995,45.580540484000039],[-122.58470277299995,45.580527069000027],[-122.58467842599998,45.580494974000032],[-122.58467010899994,45.580478779000032],[-122.58466179499999,45.58046266100007],[-122.58465347699996,45.580446467000058],[-122.58464516299995,45.580430350000029],[-122.58464070299999,45.580414085000029],[-122.58463158899997,45.580376214000069],[-122.58462979399997,45.580327365000073],[-122.58463265299997,45.58030012200004],[-122.58463947499996,45.580275596000035],[-122.58464619299997,45.580248284000049],[-122.58465686999995,45.580223611000065],[-122.58466764799999,45.580201724000062],[-122.58468228199996,45.580179691000069],[-122.58468594299995,45.58017420200008],[-122.58471201599997,45.58014139800008],[-122.58474855999998,45.580106852000029],[-122.58479286899995,45.580073367000068],[-122.58481700299996,45.580057848000081],[-122.58484184399998,45.580043689000036],[-122.58486703099999,45.580031208000037],[-122.58487704799995,45.580026716000077],[-122.58488728099996,45.580022472000053],[-122.58489771799998,45.580018479000046],[-122.58490834699995,45.580014744000039],[-122.58491915399998,45.580011271000046],[-122.58493012699995,45.580008064000026],[-122.58494125099998,45.580005127000049],[-122.58495251499994,45.580002464000074],[-122.58496390299996,45.580000076000033],[-122.58497540399998,45.579997970000079],[-122.58498700199999,45.579996145000052],[-122.58499868199999,45.579994603000046],[-122.58501043299998,45.579993349000063],[-122.58502223699998,45.579992382000057],[-122.58503408299998,45.579991704000065],[-122.58504595499994,45.579991316000076],[-122.58505783999999,45.579991219000078],[-122.58506972199996,45.579991411000037],[-122.58508158699999,45.579991893000056],[-122.58509342099995,45.579992665000077],[-122.58520802699996,45.580000485000028],[-122.58532069999995,45.580011482000032],[-122.58534513699999,45.580015099000036],[-122.58536940199997,45.580019250000078],[-122.58539346999999,45.580023930000038],[-122.58541731899999,45.580029134000029],[-122.58544092599999,45.580034857000044],[-122.58551984199994,45.580056412000033],[-122.58555904599996,45.580067757000052],[-122.58559812699997,45.580078983000078],[-122.58563710299995,45.580089924000049],[-122.58571204699996,45.580110921000028],[-122.58574796999994,45.58012145500004],[-122.58578372299996,45.580132316000061],[-122.58581931399999,45.58014348100005],[-122.58585476399998,45.580154900000025],[-122.58589009399998,45.580166516000077],[-122.58592532899996,45.58017826300005],[-122.58596048699997,45.580190096000081],[-122.58599557699995,45.580201991000081],[-122.58606624099997,45.580226340000081],[-122.58610172799996,45.580238948000044],[-122.58613703699996,45.58025180900006],[-122.58617218999996,45.580264893000049],[-122.58620723299998,45.580278134000025],[-122.58627722499995,45.580304753000064],[-122.58631227799998,45.580317981000064],[-122.58634740499997,45.580331102000059],[-122.58638259199995,45.580344138000044],[-122.58686953199998,45.580534937000039],[-122.58742555999999,45.580751127000042],[-122.58799598599995,45.580973437000068],[-122.58849070799999,45.581166368000027],[-122.58897305299996,45.581353731000036],[-122.58906989299999,45.581391536000069],[-122.58941873199996,45.581527526000059],[-122.58975117699998,45.581657355000061],[-122.59008869599995,45.581788294000035],[-122.59057908199998,45.581979370000056],[-122.59100412699996,45.582144587000073],[-122.59152262399999,45.582348124000077],[-122.59173692999997,45.58243953200008],[-122.59192269799996,45.582528142000058],[-122.59205241499996,45.582595197000046],[-122.59212245499998,45.582630481000081],[-122.59220368399997,45.582676623000054],[-122.59228336699999,45.582724044000031],[-122.59231480199998,45.58274457300007],[-122.59234506899998,45.582765901000073],[-122.59237422199999,45.582788019000077],[-122.59240217599995,45.582810861000041],[-122.59242891299999,45.582834452000043],[-122.59245434999997,45.582858728000076],[-122.59246718299994,45.582875270000045],[-122.59247753699998,45.582892634000075],[-122.59248522599995,45.582910654000045],[-122.59249021299996,45.582929157000081],[-122.59249240399998,45.582947919000048],[-122.59249186299996,45.582966747000057],[-122.59248698399995,45.582997903000035],[-122.59247953599998,45.583028747000071],[-122.59246946699994,45.583059293000076],[-122.59245687799995,45.583089296000026],[-122.59244145099996,45.583123117000071],[-122.59242347799994,45.583156259000077],[-122.59240304599996,45.58318872600006],[-122.59238018199994,45.583220370000049],[-122.59236142999998,45.583244552000053],[-122.59234221699995,45.583268524000061],[-122.59232243899999,45.583292307000079],[-122.59230216899999,45.583315866000078],[-122.59228931899997,45.583330148000073],[-122.59227495899995,45.583343685000045],[-122.59225922899998,45.583356468000034],[-122.59224220499999,45.583368402000076],[-122.59222396199999,45.583379390000061],[-122.59220458799996,45.583389436000061],[-122.59217893999994,45.583399170000064],[-122.59215216299998,45.58340733600005],[-122.59212455599999,45.583413953000047],[-122.59209626099999,45.58341895500007],[-122.59207175999995,45.58342164000004],[-122.59204693699996,45.583422756000061],[-122.59202212399998,45.583422278000057]],[[-122.59154452299998,45.584300782000071],[-122.591533648,45.584307855000077],[-122.59152261599996,45.584314816000074],[-122.59151142199994,45.58432166700004],[-122.59150095799998,45.584327957000028],[-122.59149044199995,45.584334192000028],[-122.59147982899998,45.584340319000034],[-122.59146906899997,45.584346290000042],[-122.59145810999996,45.584352059000025],[-122.59144689899995,45.584357578000038],[-122.59143537399996,45.584362807000048],[-122.59142383799997,45.584367667000038],[-122.59141214399995,45.584372306000034],[-122.59140028799999,45.584376697000039],[-122.59138825699995,45.584380819000046],[-122.59137603399995,45.584384655000065],[-122.59136360799999,45.584388181000065],[-122.59135095899995,45.584391380000056],[-122.59133788999998,45.584394299000053],[-122.59132471999999,45.584396880000043],[-122.59131145199996,45.584399130000065],[-122.59129808599999,45.584401049000064],[-122.59128462399997,45.584402642000043],[-122.59127106499994,45.584403913000074],[-122.59125741699995,45.584404865000067],[-122.59124371999997,45.584405462000063],[-122.59123003999997,45.584405687000071],[-122.59121637099997,45.584405572000037],[-122.59120270699998,45.584405146000051],[-122.59118904899998,45.584404441000061],[-122.59117539499999,45.584403489000067],[-122.59116176099997,45.584402322000074],[-122.59114772499998,45.58440080400004],[-122.59113380399998,45.584398922000048],[-122.59111995499995,45.584396751000043],[-122.59110615099996,45.584394367000073],[-122.59109236599994,45.584391850000031],[-122.59107857399999,45.584389276000081],[-122.59105114799996,45.584384209000063],[-122.59103757399998,45.584381606000079],[-122.59102403099996,45.584378924000077],[-122.59101051399995,45.584376171000031],[-122.59099702199995,45.584373352000057],[-122.59098355099997,45.58437047700005],[-122.59097010099998,45.584367549000035],[-122.59095668499998,45.584364570000048],[-122.59094329899995,45.584361534000038],[-122.59092993999997,45.584358437000049],[-122.59091661099995,45.584355282000047],[-122.59090330999999,45.584352067000054],[-122.59089003699995,45.584348793000061],[-122.59087679299995,45.584345460000065],[-122.59086327199998,45.584341984000048],[-122.59084978799996,45.584338442000046],[-122.59083633499995,45.584334839000064],[-122.59082291299995,45.58433117800007],[-122.59080951699997,45.584327465000058],[-122.59079614799998,45.584323704000042],[-122.59078279999994,45.584319900000025],[-122.59076966099997,45.584316113000057],[-122.59075654499998,45.58431229200005],[-122.59074345899995,45.584308427000053],[-122.59073040799996,45.584304509000049],[-122.59071739899997,45.584300528000028],[-122.59070443599995,45.584296477000066],[-122.59069152699999,45.584292346000041],[-122.59067877199999,45.584288144000027],[-122.59066608399996,45.584283841000058],[-122.59065344099997,45.58427946200004],[-122.59064082799995,45.584275030000072],[-122.59061561799996,45.584266101000026],[-122.59059122299999,45.584257517000026],[-122.59057946799999,45.584253363000073],[-122.59056772799994,45.584249192000073],[-122.59055604399998,45.584245018000047],[-122.59048950699997,45.584219046000044],[-122.59028091099998,45.584138001000042],[-122.59011061299998,45.584071444000074],[-122.58992099099999,45.583997962000069],[-122.58907628699995,45.583668534000026],[-122.58863447899995,45.583496874000048],[-122.58801748299999,45.58325575300006],[-122.58740751399995,45.583018306000042],[-122.58722242699997,45.582945982000069],[-122.58570248599995,45.582354118000069],[-122.58553242299996,45.582287546000032],[-122.58551071699998,45.582278969000072],[-122.58550839299994,45.582278247000033],[-122.58534477999996,45.582213082000067],[-122.58522718699999,45.582165461000045],[-122.58521455199997,45.582160313000031],[-122.58518929399997,45.582149991000051],[-122.58515145399997,45.582134454000027],[-122.58512625699996,45.582124060000069],[-122.58510108499996,45.582113635000042],[-122.58507593699994,45.582103183000072],[-122.58505168599999,45.582093066000027],[-122.58501665899996,45.582078390000049],[-122.58499333399999,45.582068575000051],[-122.58495838699997,45.582053804000054],[-122.58493511799998,45.58204392600004],[-122.58490025399999,45.582029060000025],[-122.58487658999996,45.582018918000074],[-122.58485295199995,45.582008742000028],[-122.58481753999996,45.581993428000033],[-122.58478216399999,45.581978069000058],[-122.58474681299998,45.581962680000061],[-122.58468803299996,45.581937062000065],[-122.58465281199994,45.581921673000068],[-122.58461763699995,45.581906235000076],[-122.58459422199996,45.581895903000031],[-122.58457084599996,45.581885531000069],[-122.58455918999999,45.581880334000061],[-122.58453591699998,45.581869896000057],[-122.58451268199997,45.581859415000054],[-122.58444305199998,45.581827858000054],[-122.58440819199996,45.581812113000069],[-122.58439633599994,45.581806813000071],[-122.58438444499996,45.581801555000027],[-122.58436063999994,45.581791091000071],[-122.58434875899997,45.581785847000049],[-122.58433691599998,45.581780571000081],[-122.58432512699994,45.581775242000049],[-122.58431340999999,45.581769844000064],[-122.58430177699995,45.581764356000065],[-122.58429036899997,45.581758868000065],[-122.58427901199997,45.581753329000037],[-122.58426772299998,45.581747730000075],[-122.58425651199997,45.581742059000078],[-122.58424539199996,45.581736306000039],[-122.58423437399995,45.581730459000028],[-122.58422346999998,45.581724508000036],[-122.58421235199995,45.581718242000079],[-122.58420136799998,45.581711861000031],[-122.58419049399998,45.581705382000052],[-122.58417970999994,45.581698822000078],[-122.58416899099996,45.581692202000056],[-122.58415831599996,45.581685537000055],[-122.58414766599998,45.58167885000006],[-122.58413686199998,45.581672026000035],[-122.58412611099999,45.581665165000061],[-122.58411542099998,45.581658262000076],[-122.58410479699995,45.581651312000076],[-122.58409424599995,45.581644308000079],[-122.58408377799998,45.581637245000081],[-122.58407339299998,45.581630114000063],[-122.58406346199996,45.581623218000061],[-122.58405356799994,45.581616299000075],[-122.58404374999998,45.581609337000032],[-122.58403403699998,45.581602314000065],[-122.58402446099996,45.581595208000067],[-122.58401505299997,45.581587996000053],[-122.58400583299999,45.581580655000039],[-122.58399658699994,45.581573087000038],[-122.58398744299996,45.581565463000061],[-122.58397845899998,45.581557763000035],[-122.58396968299996,45.581549961000064],[-122.58396116599999,45.581542030000037],[-122.58395295399998,45.581533944000057],[-122.58394508899994,45.58152566900003],[-122.58393752899997,45.581517224000038],[-122.58393024399999,45.58150867300003],[-122.58392327199999,45.581500013000039],[-122.58391663599997,45.581491235000044],[-122.58391036899997,45.581482326000071],[-122.58390449399997,45.581473276000054],[-122.58389903999995,45.581464074000053],[-122.58389411999997,45.581454937000046],[-122.58388961799994,45.581445715000029],[-122.58388552599996,45.581436412000073],[-122.58388183399995,45.581427031000032],[-122.58387853699998,45.581417570000042],[-122.58387562299998,45.581408034000049],[-122.58387308799996,45.581398425000032],[-122.58387090299999,45.581388424000068],[-122.58386918599996,45.581378399000073],[-122.58386789799999,45.58136834700008],[-122.58386700099999,45.581358272000045],[-122.58386645299998,45.581348174000027],[-122.58386621699998,45.58133805600005],[-122.58386625299994,45.581327931000033],[-122.58386672199998,45.58131720800003],[-122.58386778999994,45.581306535000067],[-122.58386945899997,45.581295900000043],[-122.58387173699998,45.581285262000051],[-122.58387504399997,45.581275279000067],[-122.58387846999995,45.581263596000042],[-122.58388247299996,45.581252005000067],[-122.58388704899994,45.581240519000062],[-122.58389218999997,45.58122915000007],[-122.58389789199998,45.581217915000025],[-122.58390414799999,45.581206825000038],[-122.58391094699999,45.581195895000064],[-122.58391828499998,45.58118513800008],[-122.58392615199995,45.581174566000072],[-122.58393453699995,45.581164194000053],[-122.58394343199996,45.58115403100004],[-122.58395282399999,45.581144093000034],[-122.58396270299994,45.581134390000045],[-122.58397305699998,45.581124935000048],[-122.58398387199998,45.581115738000051],[-122.58399513699999,45.581106811000041],[-122.58400683799999,45.581098164000025],[-122.58401895999998,45.581089808000058],[-122.58403148799999,45.581081754000081],[-122.58404440799995,45.581074011000055],[-122.58405770299998,45.581066587000066],[-122.58407135799996,45.581059494000044],[-122.58408535599995,45.581052738000039],[-122.58409981299997,45.581046272000037],[-122.58411458399996,45.581040166000037],[-122.58412964999997,45.581034429000056],[-122.58414499499997,45.581029066000042],[-122.58416059799998,45.581024085000081],[-122.58417643899998,45.581019491000063],[-122.58419250099996,45.581015290000039],[-122.58420876299999,45.581011488000058],[-122.58422520499994,45.581008088000033],[-122.58424180599997,45.581005097000059],[-122.58425256499999,45.581003010000074],[-122.58426341899997,45.581001187000027],[-122.58427435699997,45.580999631000054],[-122.58428536699995,45.580998343000033],[-122.58429643299996,45.580997324000066],[-122.58430754299997,45.580996576000075],[-122.58431868199995,45.580996101000039],[-122.58432983999995,45.580995897000037],[-122.58434099999999,45.580995967000035],[-122.58435214899998,45.580996309000056],[-122.58436327699997,45.580996924000033],[-122.58437436599996,45.580997809000053],[-122.58438540399999,45.580998966000038],[-122.58440779299997,45.58099885200005],[-122.58442995699994,45.580998918000034],[-122.58444756199998,45.580999069000029],[-122.58445949099996,45.580999345000066],[-122.58446885199999,45.580999722000058],[-122.58448546799997,45.581000803000052],[-122.58449252699995,45.581001401000037],[-122.58450077899994,45.581002320000039],[-122.58450798999996,45.581003222000049],[-122.58451507899997,45.581004203000077],[-122.58452223299997,45.581005313000048],[-122.58453005699999,45.581006561000038],[-122.58453718599998,45.581007881000062],[-122.58454487399996,45.581009344000051],[-122.58455399899998,45.58101122100004],[-122.58456376299995,45.581013496000025],[-122.58457144799996,45.581015459000071],[-122.58458135299998,45.581018120000067],[-122.58459498699995,45.581021924000027],[-122.58461551099998,45.581027912000081],[-122.58463407599999,45.581031212000028],[-122.58514246299995,45.581229295000071],[-122.58599664699994,45.581561893000071],[-122.58693474299997,45.581927749000045],[-122.58775262999995,45.582245929000067],[-122.58851556599996,45.582543500000043],[-122.58889898599995,45.582692417000032],[-122.58941176599996,45.582892024000046],[-122.59026519699995,45.583224872000073],[-122.59060191799995,45.583356303000073],[-122.59061917799994,45.583363061000057],[-122.59091184899995,45.583476662000066],[-122.59164216399995,45.583761072000073],[-122.59169043499998,45.583785369000054],[-122.59170220899995,45.583791943000051],[-122.59171110699998,45.583798688000059],[-122.59171758899998,45.583803874000068],[-122.59172601099999,45.583808929000043],[-122.59173417399995,45.583814181000037],[-122.59174065499997,45.583818606000079],[-122.59174697499998,45.583823274000054],[-122.59175340999997,45.583828588000074],[-122.59175986099996,45.58383445100003],[-122.59176561499999,45.58383991900007],[-122.59177157799996,45.58384600200003],[-122.59177879199996,45.58385415500004],[-122.59178497599999,45.58386170700004],[-122.59179101799998,45.583870026000056],[-122.59179596699994,45.58387771200006],[-122.59180047699999,45.583885311000074],[-122.59180465399999,45.583892824000031],[-122.59180787699995,45.583899408000036],[-122.59181084799997,45.583906415000058],[-122.59181346499997,45.583913640000048],[-122.59181566399997,45.583920563000049],[-122.59181735499999,45.583927929000026],[-122.59181859299997,45.583935446000055],[-122.59181925299998,45.583943482000052],[-122.59181926799999,45.583951745000036],[-122.59181903299998,45.583959014000072],[-122.59181830599999,45.583966074000045],[-122.59181629699998,45.58397773300004],[-122.59181403799994,45.58398820900004],[-122.59181119799996,45.583998557000029],[-122.59180921599994,45.584004984000046],[-122.59180602699996,45.584013004000042],[-122.59180254799998,45.584020845000055],[-122.59179745899996,45.584030829000028],[-122.59179395099994,45.584037476000049],[-122.59178999999995,45.584044345000052],[-122.59178569299996,45.584051126000077],[-122.59177563999998,45.584066293000035],[-122.59177000799997,45.584074236000049],[-122.59176580199994,45.584079864000046],[-122.59174359099995,45.584103838000033],[-122.59169957499995,45.584158865000063],[-122.59166976699998,45.584193406000054],[-122.59166734799999,45.58419645400005],[-122.59166099999999,45.584203408000064],[-122.59165433599998,45.584210274000043],[-122.59164752299995,45.584217099000057],[-122.59163855599996,45.584225995000054],[-122.59162944199994,45.584234792000075],[-122.59162004499996,45.584243430000072],[-122.59161222299997,45.584250275000045],[-122.59160422599996,45.584257025000056],[-122.59159606199995,45.584263675000045],[-122.59158765999996,45.584270285000059],[-122.59158639799995,45.584271399000045],[-122.59157621999998,45.584278874000063],[-122.59156580999996,45.58428629000008],[-122.59155524399995,45.584293593000041],[-122.59154452299998,45.584300782000071]]]},"properties":{"OBJECTID1":4,"OBJECTID":24,"FID":24,"NAME":"Portland International Airport","FAA_LID":"PDX","USE":"Public","AREA":12309019.032039048,"SHAPE_Length":0.57977884193732276,"SHAPE_Area":0.000131870594618539}}]}