{"type":"FeatureCollection","features":[{"type":"Feature","id":1,"geometry":{"type":"Polygon","coordinates":[[[-122.54464638122732,45.1261347784788],[-122.54612343164165,45.126134596576776],[-122.54612321155442,45.12527918614061],[-122.54612307680711,45.12527918614061],[-122.54547096548787,45.125278474367008],[-122.54547093674178,45.125168757815921],[-122.54612318191002,45.125169468957061],[-122.54612267885344,45.123224278431806],[-122.54416221084874,45.123224515486932],[-122.54331999086256,45.123224606759528],[-122.54335198615803,45.123288571676575],[-122.54338610956242,45.123351983183255],[-122.54342234221107,45.123414805786624],[-122.54356746414689,45.123658149785612],[-122.5436302815381,45.123768835200771],[-122.54368760573131,45.123881005464789],[-122.54373936486137,45.123994523028081],[-122.5440138019773,45.12463441386771],[-122.54416700156416,45.124991611773389],[-122.54419159564,45.125054831875843],[-122.54421150859491,45.125118872700227],[-122.54422668563164,45.125183559944496],[-122.54484101650499,45.125182879860446],[-122.54486110552968,45.125321420348513],[-122.54486509404954,45.125460660862778],[-122.54485295691174,45.125599663991927],[-122.54482477406633,45.125737496770341],[-122.54478073595617,45.125873231945761],[-122.54472113902526,45.126005956851934],[-122.54464638122732,45.1261347784788]]]},"properties":{"OBJECTID":1,"DISSOLVEID":15,"SITENAME":"Adams Cemetery","ACREAGE":9.1473484000000003,"TYPE":"Cemetery","Shape_Length":1628.5654305187602,"Shape_Area":100180.54560855748}},{"type":"Feature","id":2,"geometry":{"type":"Polygon","coordinates":[[[-122.67977553958769,45.457319190569144],[-122.67997072283768,45.457303411866761],[-122.6799655171006,45.457575569762049],[-122.68014671358164,45.457577285556361],[-122.68015223642398,45.457288729560013],[-122.68024396878754,45.457281307435423],[-122.68049770422773,45.457260778913728],[-122.68055614323023,45.457256058720041],[-122.68051060762846,45.456977276738222],[-122.6804657520514,45.456702550100538],[-122.68042986076254,45.456482770851309],[-122.68039620987201,45.456276730650437],[-122.68036255987977,45.456070690956963],[-122.68034851472031,45.455984622260061],[-122.68013202971999,45.456002129146079],[-122.67987831134778,45.456022647413789],[-122.67962458039914,45.456043165674039],[-122.67937084945051,45.456063692118484],[-122.67915614850435,45.456081055310726],[-122.67913663979131,45.456082631892073],[-122.67890243013211,45.456101571659296],[-122.67866820789652,45.456120520241974],[-122.67865648937367,45.456121462913465],[-122.6785419182423,45.456130640727082],[-122.67855843646373,45.456231902819816],[-122.67858759937114,45.456410474161977],[-122.67861452188019,45.456575306370027],[-122.67864143271117,45.456740139356533],[-122.67866835611854,45.456904971231069],[-122.67869526605119,45.457069803884067],[-122.67872218945858,45.457234636685293],[-122.67874911376428,45.457399477826343],[-122.67874954944718,45.457402169672079],[-122.67895577568697,45.457385490560206],[-122.67938517398602,45.457350764343587],[-122.67977553958769,45.457319190569144]]]},"properties":{"OBJECTID":2,"DISSOLVEID":20,"SITENAME":"Ahavai Shalom Cemetery","ACREAGE":5.10756063,"TYPE":"Cemetery","Shape_Length":899.91464619793635,"Shape_Area":42012.760291299339}},{"type":"Feature","id":3,"geometry":{"type":"MultiPolygon","coordinates":[[[[-123.0155942541147,45.653243169860055],[-123.01630402469881,45.653239610172527],[-123.01627981689852,45.650869066109763],[-123.01623283411087,45.650894732858369],[-123.01621566461081,45.650903168081953],[-123.01622829582202,45.652141567947986],[-123.01558306200461,45.652144802435522],[-123.0155942541147,45.653243169860055]]],[[[-123.01621342600913,45.650694795143863],[-123.01627758548337,45.650656176824398],[-123.01627549690031,45.650433649534811],[-123.0162109619303,45.650433193640879],[-123.01621342600913,45.650694795143863]]]]},"properties":{"OBJECTID":3,"DISSOLVEID":108,"SITENAME":"Arcade Cemetery","ACREAGE":1.87543941,"TYPE":"Cemetery","Shape_Length":1003.1926330583001,"Shape_Area":15533.089120158715}},{"type":"Feature","id":4,"geometry":{"type":"Polygon","coordinates":[[[-122.70067322231534,45.266751658761457],[-122.70067309475453,45.266514102696853],[-122.70067301749943,45.266383572760084],[-122.70067251803614,45.266067308520775],[-122.70039569140158,45.266067187761337],[-122.70011885129223,45.266067075853385],[-122.6998634153412,45.266066956990727],[-122.69986328059392,45.266111700550319],[-122.69986311440559,45.266171189975744],[-122.6998617229152,45.266645118527464],[-122.70067322231534,45.266751658761457]]]},"properties":{"OBJECTID":4,"DISSOLVEID":178,"SITENAME":"Baker Prairie Cemetery","ACREAGE":1.10238814,"TYPE":"Cemetery","Shape_Length":381.65031624725123,"Shape_Area":9007.5997826208895}},{"type":"Feature","id":5,"geometry":{"type":"Polygon","coordinates":[[[-122.65518159399477,45.165039917612049],[-122.65578059691443,45.165049150282158],[-122.6557791497285,45.164387388195358],[-122.65488102398893,45.165035284492063],[-122.65518159399477,45.165039917612049]]]},"properties":{"OBJECTID":5,"DISSOLVEID":230,"SITENAME":"Bear Creek Cemetery","ACREAGE":0.64249062999999995,"TYPE":"Cemetery","Shape_Length":347.68258524908327,"Shape_Area":5231.2240342578825}},{"type":"Feature","id":6,"geometry":{"type":"MultiPolygon","coordinates":[[[[-122.53567961006364,45.280289179563056],[-122.53574100093016,45.280362402698984],[-122.53579277443325,45.280439239388528],[-122.53583450566977,45.280519064482796],[-122.53586585507655,45.280601223759703],[-122.53591519773849,45.280290321117306],[-122.53567961006364,45.280289179563056]]],[[[-122.53568086141682,45.281045492137061],[-122.5356855371479,45.281045555977286],[-122.53570883315817,45.280701614155255],[-122.53570170322976,45.280643627257447],[-122.53568786737772,45.28058624710345],[-122.5356674172303,45.280529861164545],[-122.53564049022965,45.280474847432139],[-122.53560726693721,45.280421577578252],[-122.53556797193173,45.280370408737966],[-122.53552286931792,45.280321685405781],[-122.53548907559525,45.280288256711898],[-122.53545071663432,45.280288070877489],[-122.53518137296602,45.28028676497982],[-122.53518186703944,45.280331592143263],[-122.53454084182913,45.280328124500933],[-122.53454892217509,45.281061802995566],[-122.53461573976423,45.281062127253215],[-122.53461621317639,45.281031162849594],[-122.53568086141682,45.281045492137061]]]]},"properties":{"OBJECTID":6,"DISSOLVEID":243,"SITENAME":"Beavercreek Memorial Cemetery","ACREAGE":1.82113719,"TYPE":"Cemetery","Shape_Length":615.11230867169081,"Shape_Area":14889.315447353589}},{"type":"Feature","id":7,"geometry":{"type":"Polygon","coordinates":[[[-122.51814369711535,45.268033022201422],[-122.51861935146503,45.268034486437664],[-122.51863160089223,45.267326686294048],[-122.51865160906856,45.266170656359158],[-122.51817595741382,45.266169202190817],[-122.51817596460035,45.266169408935639],[-122.51814369711535,45.268033022201422]]]},"properties":{"OBJECTID":7,"DISSOLVEID":244,"SITENAME":"Beavercreek United Cemetery","ACREAGE":1.9103775000000001,"TYPE":"Cemetery","Shape_Length":695.54087026866796,"Shape_Area":15610.064306527403}},{"type":"Feature","id":8,"geometry":{"type":"Polygon","coordinates":[[[-122.68112871501928,45.463236195738311],[-122.68120241460184,45.46321630573383],[-122.68130556545097,45.463193497965655],[-122.68141075817073,45.463175934717739],[-122.6815174609585,45.463163698531488],[-122.68162513841834,45.463156863126166],[-122.68173322820491,45.463155456855965],[-122.68198448698988,45.463157351414431],[-122.68256107873982,45.463161700645131],[-122.68316323654278,45.463186552935383],[-122.68320504413607,45.463177989308036],[-122.68359580050489,45.463144901637406],[-122.68437631521421,45.463083124618493],[-122.68437308846572,45.46295621661293],[-122.68436878373889,45.462786292063811],[-122.68436531624189,45.46264913617555],[-122.68436183616848,45.462511971132813],[-122.68435835519675,45.462374806386435],[-122.68435488769975,45.462237641306345],[-122.68435140762632,45.46210048534347],[-122.68434793923105,45.461963310775083],[-122.68434376296327,45.461798722400665],[-122.68434017778699,45.461657148606498],[-122.68433688725808,45.461527262211924],[-122.68480670255842,45.461529275277847],[-122.68480624531595,45.461229166364291],[-122.68449166518492,45.461227646633205],[-122.68417986174641,45.461226145174109],[-122.68386807088434,45.461224633633854],[-122.68355626654754,45.461223121463526],[-122.68324446310906,45.461221617484036],[-122.6829428816002,45.461220152568913],[-122.68291813750569,45.461298622819967],[-122.68288362602911,45.461375253789569],[-122.68283961935998,45.461449427388104],[-122.68278647682438,45.461520579714644],[-122.68278498023112,45.461520572153802],[-122.68272725898257,45.461584735688362],[-122.68266191193553,45.461645173568122],[-122.68258941968872,45.461701435308193],[-122.68251032841785,45.461753096887186],[-122.68242522741772,45.461799795400594],[-122.68210004177647,45.461964597363142],[-122.68200805069809,45.46201477553474],[-122.68192151868172,45.462069539249676],[-122.68184086883383,45.462128593626147],[-122.68176656199016,45.462191622360457],[-122.68169897095156,45.462258304739002],[-122.68163846402727,45.462328263973795],[-122.68158537359396,45.462401142809775],[-122.68153995297661,45.462476549340302],[-122.68150246807642,45.462554082209344],[-122.68149827923224,45.462563937546278],[-122.68143770223938,45.462706064771425],[-122.68141915202875,45.462756682690738],[-122.68137342239091,45.462856057217252],[-122.68132140364774,45.4629538955027],[-122.68126320359711,45.463049996568927],[-122.68119893003684,45.463144160699166],[-122.68112871501928,45.463236195738311]]]},"properties":{"OBJECTID":8,"DISSOLVEID":273,"SITENAME":"Beth Israel Cemetery","ACREAGE":10.196709630000001,"TYPE":"Cemetery","Shape_Length":1307.9206383136197,"Shape_Area":83890.506070991862}},{"type":"Feature","id":9,"geometry":{"type":"Polygon","coordinates":[[[-122.86496992156958,45.581972726699284],[-122.86577870087103,45.581971188849657],[-122.86598193033102,45.581128950212026],[-122.86576682244802,45.581124113394779],[-122.86514947413364,45.581124632096738],[-122.86472369604515,45.581127724817968],[-122.86472247074312,45.581186326791268],[-122.86471716708967,45.581439795166844],[-122.86455289666523,45.581435968739335],[-122.86454013340168,45.581973500653802],[-122.86496992156958,45.581972726699284]]]},"properties":{"OBJECTID":9,"DISSOLVEID":281,"SITENAME":"Bethany Pioneer Cemetery","ACREAGE":2.3051507500000001,"TYPE":"Cemetery","Shape_Length":567.25960969787275,"Shape_Area":19044.50663452247}},{"type":"Feature","id":10,"geometry":{"type":"Polygon","coordinates":[[[-122.83672888689004,45.574954858646159],[-122.83672906295985,45.574959288533314],[-122.83677053188832,45.574902841872976],[-122.83681564797683,45.57484779234948],[-122.8368643178006,45.574794256923752],[-122.83708907448806,45.574559118346997],[-122.8371608696422,45.57447645141626],[-122.83722216708392,45.574389715366259],[-122.83727250238425,45.574299567909264],[-122.83731149645409,45.574206690655807],[-122.83741370946207,45.573909133925831],[-122.83741479911851,45.573858318470784],[-122.83629724459942,45.573859182457113],[-122.83522400307497,45.573859981047143],[-122.83521277593056,45.574381042256945],[-122.83585195330636,45.574409318361624],[-122.83605832597151,45.574418444834812],[-122.8362647004333,45.574427571935374],[-122.8364710748951,45.574436699034401],[-122.83667744935688,45.574445823616742],[-122.83670867120291,45.574447204471326],[-122.83671988127935,45.574728680532289],[-122.83672888689004,45.574954858646159]]]},"properties":{"OBJECTID":10,"DISSOLVEID":282,"SITENAME":"Bethany Presbyterian Cemetery","ACREAGE":2.80319428,"TYPE":"Cemetery","Shape_Length":768.66229654212555,"Shape_Area":23154.401125700362}},{"type":"Feature","id":11,"geometry":{"type":"Polygon","coordinates":[[[-123.05207682307959,45.476668486671961],[-123.05207682667285,45.477393922719131],[-123.05221892577777,45.477394164596951],[-123.05222109341254,45.477392659159229],[-123.05286267737496,45.477393200864881],[-123.05286138829254,45.476669149325041],[-123.05221809663276,45.476668606982571],[-123.05207731535637,45.476668487301872],[-123.05207682307959,45.476668486671961]]]},"properties":{"OBJECTID":11,"DISSOLVEID":315,"SITENAME":"Blooming Cemetery","ACREAGE":1.2210625399999999,"TYPE":"Cemetery","Shape_Length":405.03247861548954,"Shape_Area":10051.133044357452}},{"type":"Feature","id":12,"geometry":{"type":"Polygon","coordinates":[[[-122.57131504525771,45.52626447493612],[-122.57217314027162,45.526269734361414],[-122.57218009592688,45.525707716327361],[-122.57132200989609,45.525702456849523],[-122.57131504525771,45.52626447493612]]]},"properties":{"OBJECTID":12,"DISSOLVEID":349,"SITENAME":"Brainard Cemetery","ACREAGE":1.0346040700000001,"TYPE":"Cemetery","Shape_Length":369.662033398522,"Shape_Area":8530.9519009350606}},{"type":"Feature","id":13,"geometry":{"type":"Polygon","coordinates":[[[-123.19657675552961,45.680144123221865],[-123.19693119570644,45.680386463055179],[-123.19696752267822,45.680409165218919],[-123.1970066011897,45.680429498748182],[-123.19704811593223,45.68044730172037],[-123.19709173722411,45.680462429786182],[-123.19713711382408,45.680474763700801],[-123.19718388101606,45.680484204302601],[-123.19726042915639,45.680461414930605],[-123.19759704675795,45.678956944380992],[-123.19662870779746,45.678960788634228],[-123.19657675552961,45.680144123221865]]]},"properties":{"OBJECTID":13,"DISSOLVEID":448,"SITENAME":"Buxton Cemetery","ACREAGE":2.5167138599999999,"TYPE":"Cemetery","Shape_Length":636.04783945151473,"Shape_Area":20863.882405661298}},{"type":"Feature","id":14,"geometry":{"type":"Polygon","coordinates":[[[-122.6317239354896,45.342151827972515],[-122.63281470763681,45.342166225160085],[-122.6328363175093,45.341351760492032],[-122.63174485096435,45.341326989671899],[-122.631720232634,45.34194104027651],[-122.6317239354896,45.342151827972515]]]},"properties":{"OBJECTID":14,"DISSOLVEID":479,"SITENAME":"Canemah Cemetery","ACREAGE":1.9335489299999999,"TYPE":"Cemetery","Shape_Length":502.70190610931832,"Shape_Area":15840.701843529514}},{"type":"Feature","id":15,"geometry":{"type":"Polygon","coordinates":[[[-122.41307015413875,45.185660018378385],[-122.41307439418689,45.185674324880182],[-122.41307896212011,45.185688580727003],[-122.41308385704009,45.18570278211994],[-122.41308727782469,45.185712157696507],[-122.41309084233973,45.185721505413305],[-122.4130945478903,45.185730826536563],[-122.4133622251837,45.185610300154245],[-122.41437235017798,45.185611179590936],[-122.41437420609736,45.185158604116189],[-122.41336301749776,45.185157724039392],[-122.41336246233894,45.185474528014161],[-122.41307015413875,45.185660018378385]]]},"properties":{"OBJECTID":15,"DISSOLVEID":483,"SITENAME":"Canyon Creek Cemetery","ACREAGE":1.0535014899999999,"TYPE":"Cemetery","Shape_Length":437.18474358527499,"Shape_Area":8583.825086412493}},{"type":"Feature","id":16,"geometry":{"type":"Polygon","coordinates":[[[-122.54914973635792,45.276218349693487],[-122.54914781575985,45.27749373826952],[-122.55035214124719,45.276568379567301],[-122.55035892891748,45.276220287187819],[-122.55035999162446,45.276165429839445],[-122.55043769230325,45.276165558795107],[-122.55044630804515,45.275723644860371],[-122.54916433487962,45.275721589770889],[-122.54914973635792,45.276218349693487]]]},"properties":{"OBJECTID":16,"DISSOLVEID":508,"SITENAME":"Carus Cemetery","ACREAGE":3.4716517900000001,"TYPE":"Cemetery","Shape_Length":763.88719547669893,"Shape_Area":28376.732056308658}},{"type":"Feature","id":17,"geometry":{"type":"MultiPolygon","coordinates":[[[[-122.24118566595391,45.407399894720584],[-122.24116778408984,45.407475940493228],[-122.24143112162213,45.407506669946663],[-122.24148470163725,45.407512921788076],[-122.24149955797542,45.407449745552398],[-122.24152935419508,45.407323052305536],[-122.24155190280702,45.407227179827842],[-122.24152022282023,45.407223484077285],[-122.24123498256468,45.40719019960725],[-122.24118566595391,45.407399894720584]]],[[[-122.50941122184913,45.119972608306078],[-122.50944214455615,45.12003759233319],[-122.50953393171693,45.120015702804785],[-122.50950300990822,45.119950717484983],[-122.50941122184913,45.119972608306078]]]]},"properties":{"OBJECTID":17,"DISSOLVEID":557,"SITENAME":"Cemetery","ACREAGE":0.21434755999999999,"TYPE":"Cemetery","Shape_Length":206.56812341431032,"Shape_Area":1758.9141916096937}},{"type":"Feature","id":18,"geometry":{"type":"Polygon","coordinates":[[[-123.23479491543749,45.450121047218325],[-123.23569428534373,45.450118351243837],[-123.2358540489204,45.450117871665384],[-123.23623592274768,45.450116724080132],[-123.23687018184731,45.450114814588936],[-123.2368646572083,45.449762797840378],[-123.23686374901155,45.44970343242818],[-123.23623045110929,45.449705335001084],[-123.23568881640031,45.449706959025697],[-123.23479566912403,45.449709631072281],[-123.23479491543749,45.450121047218325]]]},"properties":{"OBJECTID":18,"DISSOLVEID":590,"SITENAME":"Cherry Grove Cemetery","ACREAGE":1.8307214999999999,"TYPE":"Cemetery","Shape_Length":591.8054000810065,"Shape_Area":15055.19228963706}},{"type":"Feature","id":19,"geometry":{"type":"Polygon","coordinates":[[[-122.50948080804599,45.446718376568185],[-122.51200266201782,45.446745930351156],[-122.5120137211773,45.44616904762659],[-122.51202217162916,45.445887566339628],[-122.50955247743599,45.445863479102165],[-122.50949602730351,45.445863303894711],[-122.50948080804599,45.446718376568185]]]},"properties":{"OBJECTID":19,"DISSOLVEID":606,"SITENAME":"Christillia Cemetery","ACREAGE":4.6450619700000004,"TYPE":"Cemetery","Shape_Length":833.90152895331357,"Shape_Area":38194.480478913436}},{"type":"Feature","id":20,"geometry":{"type":"Polygon","coordinates":[[[-122.57630336128435,45.424137303738448],[-122.57678248852092,45.423993742051877],[-122.57681337709195,45.423984424715542],[-122.57671600779999,45.423871634889693],[-122.57666325513325,45.423813909245382],[-122.57660909390812,45.423756838620733],[-122.57655351424319,45.423700451389784],[-122.57649655296932,45.423644746293505],[-122.57643822445962,45.423589749814639],[-122.57637852871405,45.423535480239558],[-122.5763175061568,45.42348195522402],[-122.57625516846598,45.4234291823362],[-122.57619153001461,45.423377189950379],[-122.57611278818837,45.423400992347098],[-122.57516339290058,45.423688019382915],[-122.57531970514991,45.423943533835015],[-122.57557181374115,45.424355641638499],[-122.57630336128435,45.424137303738448]]]},"properties":{"OBJECTID":20,"DISSOLVEID":616,"SITENAME":"Clackamas Cemetery","ACREAGE":1.95945108,"TYPE":"Cemetery","Shape_Length":508.86970368379224,"Shape_Area":16099.125027859722}},{"type":"Feature","id":21,"geometry":{"type":"Polygon","coordinates":[[[-122.470275790408,45.200534668469288],[-122.4702923041379,45.200647128878884],[-122.47030075458976,45.200704690465017],[-122.47031880803203,45.200819351391097],[-122.4703392671626,45.20093380953471],[-122.47036212479502,45.201048041477009],[-122.47038381371924,45.201146581842934],[-122.47040728849427,45.201244916955929],[-122.47043254462845,45.201343030992916],[-122.47043967815013,45.201341614408832],[-122.47066701210413,45.20129648181981],[-122.47113137822396,45.201204287873956],[-122.47178648452636,45.201074221826751],[-122.47178379047884,45.201059395095029],[-122.47169097205212,45.200548561695832],[-122.47168536656474,45.200517710360337],[-122.4713855619235,45.200545564546935],[-122.47109561539416,45.20054271867955],[-122.470275790408,45.200534668469288]]]},"properties":{"OBJECTID":21,"DISSOLVEID":635,"SITENAME":"Clarkes Cemetery","ACREAGE":2.0528669399999999,"TYPE":"Cemetery","Shape_Length":531.38241362941005,"Shape_Area":16733.614220600204}},{"type":"Feature","id":22,"geometry":{"type":"Polygon","coordinates":[[[-122.23124137055592,45.410314787700727],[-122.23129838572871,45.410443974717886],[-122.23138006145263,45.41062903393825],[-122.23336186983525,45.410613541728424],[-122.23340748628534,45.4104298213026],[-122.23340707036539,45.410399000735531],[-122.23316553584337,45.410086273065936],[-122.23278436719357,45.409606611500621],[-122.23124137055592,45.410314787700727]]]},"properties":{"OBJECTID":22,"DISSOLVEID":647,"SITENAME":"Cliffside Cemetery","ACREAGE":2.96821928,"TYPE":"Cemetery","Shape_Length":655.97245684175061,"Shape_Area":24375.63617193453}},{"type":"Feature","id":23,"geometry":{"type":"Polygon","coordinates":[[[-122.43739807982995,45.170309287440759],[-122.43743666157306,45.17030941537017],[-122.4374375149726,45.170254507661475],[-122.43623439232942,45.170249734369804],[-122.43496002609771,45.170244663419822],[-122.43421807067361,45.170241704573797],[-122.4342031523517,45.170241645675524],[-122.43420677885049,45.169726968793519],[-122.4342069791748,45.169698557400807],[-122.43422240324823,45.169698619466246],[-122.43429680710996,45.169698912060404],[-122.43429683765267,45.169688459734743],[-122.43338731408876,45.169687061995674],[-122.43338684337155,45.169726588167947],[-122.43346664161653,45.16972671039877],[-122.43346658502269,45.169731746562277],[-122.43346000396491,45.170296782022987],[-122.43381436239503,45.170297423570112],[-122.43466719777297,45.170300257017082],[-122.43472536189097,45.170300450177812],[-122.43481038473769,45.170300732002559],[-122.43495890050865,45.170301224720887],[-122.43625723918204,45.170305523022805],[-122.43739807982995,45.170309287440759]]]},"properties":{"OBJECTID":23,"DISSOLVEID":667,"SITENAME":"Colton Lutheran Cemetery","ACREAGE":1.3755290499999999,"TYPE":"Cemetery","Shape_Length":1115.20095667843,"Shape_Area":11201.718556764785}},{"type":"Feature","id":24,"geometry":{"type":"Polygon","coordinates":[[[-122.56104404965888,45.559056584858659],[-122.56104521836708,45.559285947683406],[-122.56113141171858,45.559267201733583],[-122.56121531167118,45.559243879358021],[-122.56129643582955,45.559216114522748],[-122.56141633217388,45.559173874434833],[-122.56155643252727,45.559124511791346],[-122.56163403528971,45.559097179003871],[-122.56246786501117,45.558803424917883],[-122.56246255057798,45.558512702880492],[-122.56245888724823,45.558481714774175],[-122.56245841922596,45.55828974751828],[-122.56184756842605,45.558305554546678],[-122.56161986436611,45.558311446879351],[-122.56154181603928,45.558313467179438],[-122.56104036117634,45.558326399740082],[-122.56104342353315,45.558933163759129],[-122.56104383945312,45.559014454092839],[-122.56104404965888,45.559056584858659]]]},"properties":{"OBJECTID":24,"DISSOLVEID":678,"SITENAME":"Columbia Pioneer Cemetery","ACREAGE":2.2716338600000001,"TYPE":"Cemetery","Shape_Length":568.33817153668508,"Shape_Area":18752.542939449417}},{"type":"Feature","id":25,"geometry":{"type":"MultiPolygon","coordinates":[[[[-122.87162552333994,45.453108052322776],[-122.87162296763296,45.453749023929007],[-122.87258730909046,45.453748157466528],[-122.87263618462846,45.453748112725549],[-122.87263883106526,45.453081157646224],[-122.87162563293442,45.453080624529179],[-122.87162552333994,45.453108052322776]]],[[[-122.87782206533888,45.457728171280309],[-122.87782212193275,45.45791728148123],[-122.8778222476969,45.458333790739637],[-122.87782225039182,45.458342179303969],[-122.87783423840929,45.458342002875099],[-122.87845781384523,45.458332846844897],[-122.87845761621587,45.457699849716853],[-122.87782205725405,45.457700465334675],[-122.87782206533888,45.457728171280309]]]]},"properties":{"OBJECTID":25,"DISSOLVEID":706,"SITENAME":"Cooper Mountain Cemetery","ACREAGE":2.3229920900000001,"TYPE":"Cemetery","Shape_Length":781.30532257430355,"Shape_Area":19106.958722181222}},{"type":"Feature","id":26,"geometry":{"type":"Polygon","coordinates":[[[-123.04800139480761,45.525111905048746],[-123.04785587042655,45.525459186109011],[-123.04892214821091,45.525687786698697],[-123.04892090045097,45.525111825749782],[-123.04800139480761,45.525111905048746]]]},"properties":{"OBJECTID":26,"DISSOLVEID":718,"SITENAME":"Cornelius Lutheran Cemetery","ACREAGE":1.00090206,"TYPE":"Cemetery","Shape_Length":375.51545504252772,"Shape_Area":8252.8609459765285}},{"type":"Feature","id":27,"geometry":{"type":"Polygon","coordinates":[[[-123.05745531606166,45.530189164037679],[-123.05756283901127,45.530799378289018],[-123.05849728004455,45.53074238319379],[-123.05942597455496,45.530352278943816],[-123.05939468533528,45.530296894400017],[-123.05934987916554,45.530212312826819],[-123.05931038114082,45.530126412112544],[-123.05928309481406,45.530051558653547],[-123.05925774884834,45.529976491132174],[-123.05924073745177,45.529923875779971],[-123.05922469264252,45.529871067182377],[-123.05920745846377,45.529791873701534],[-123.05919557105763,45.529712218199158],[-123.0591914432989,45.529674751874914],[-123.059113961809,45.529569794305189],[-123.05887855559384,45.529250906050514],[-123.05895000848986,45.529125490028186],[-123.05876832871523,45.529176528444232],[-123.05870231421996,45.529076126795168],[-123.05835174937526,45.529213076306675],[-123.05844281249394,45.529317036457059],[-123.05790313970554,45.529524396097941],[-123.05788532880837,45.529898154910533],[-123.05812945676664,45.530171582027279],[-123.05745531606166,45.530189164037679]]]},"properties":{"OBJECTID":27,"DISSOLVEID":719,"SITENAME":"Cornelius Methodist Cemetery","ACREAGE":4.3328614200000004,"TYPE":"Cemetery","Shape_Length":888.90973557844791,"Shape_Area":35732.198721534282}},{"type":"Feature","id":28,"geometry":{"type":"Polygon","coordinates":[[[-122.77495914242752,45.450109173081955],[-122.77497111337701,45.450122629007886],[-122.77498456475008,45.450135372180199],[-122.7749994139017,45.450147323194798],[-122.77501556291558,45.450158406428876],[-122.77501694362618,45.450159114767651],[-122.77505143354318,45.450176811260121],[-122.77505153505282,45.450176859785074],[-122.77509135377609,45.450190630161813],[-122.77509139779355,45.450190643395885],[-122.77509144360764,45.45019065789036],[-122.77509148762509,45.45019067175464],[-122.77513411538025,45.4501994100277],[-122.7751342240764,45.450199428303364],[-122.77517846610414,45.450202867903059],[-122.7778472332525,45.450246654404786],[-122.77796933406255,45.450245279952405],[-122.77796944455531,45.450245276801425],[-122.77796955235314,45.450245274280661],[-122.77796966284595,45.450245271129674],[-122.77809145194057,45.450237143521477],[-122.77809156153505,45.450237130917579],[-122.77809167023119,45.450237120204292],[-122.77809177982564,45.450237107600387],[-122.77809199452301,45.450237078611501],[-122.77821201393655,45.450222306868014],[-122.77821209388661,45.450222293633907],[-122.77821217473496,45.450222280399849],[-122.77821225468504,45.450222267165785],[-122.77833055112986,45.450200860104516],[-122.77833059155407,45.450200851281785],[-122.77844633049526,45.450172931152906],[-122.77844641224195,45.4501729078357],[-122.77844649309033,45.450172883888321],[-122.77844657573534,45.450172860571108],[-122.77855864146532,45.450138695827917],[-122.7785587384834,45.450138661797425],[-122.77855883550146,45.450138626506487],[-122.77855893251949,45.450138592475987],[-122.77866678874406,45.450098362712744],[-122.77866683904975,45.450098341286115],[-122.77866688755876,45.450098320489694],[-122.77866693786441,45.450098299063015],[-122.77877010578155,45.450052182612225],[-122.77877020549451,45.450052132826762],[-122.77886795567217,45.450000438470191],[-122.77886802933402,45.450000393726235],[-122.77886810389418,45.450000349612495],[-122.77886817755603,45.450000304868539],[-122.77895973654476,45.449943449151007],[-122.77895980751167,45.449943399365438],[-122.7789598802752,45.449943348949681],[-122.7789599512421,45.449943299164104],[-122.77904488335896,45.449881567549525],[-122.77904491210505,45.4498815448624],[-122.7790449390545,45.449881520914907],[-122.7790449678006,45.449881497597573],[-122.7791228679054,45.449815174919699],[-122.77912289934642,45.449815143409758],[-122.77912293348243,45.449815111899859],[-122.77912296492346,45.449815081020127],[-122.77919321048373,45.449744678984494],[-122.77919326078938,45.449744622266593],[-122.77919331019673,45.44974456428821],[-122.77919336050238,45.449744507570308],[-122.77925547720766,45.449670516457239],[-122.77925552212342,45.449670454697618],[-122.77925556883579,45.449670392938039],[-122.77925561375156,45.449670331178417],[-122.7793092889881,45.449593143588949],[-122.77930931863253,45.449593093803074],[-122.7793543044653,45.449513036798962],[-122.77935432512656,45.449512994575436],[-122.77935434488951,45.449512951721687],[-122.77935436465243,45.449512908867987],[-122.77939015353337,45.449430932782704],[-122.77939021192384,45.449430781534012],[-122.77939027031435,45.449430629024945],[-122.77939032870484,45.449430477776311],[-122.77941691254905,45.449346614741359],[-122.77941692782039,45.449346549830359],[-122.77941694219345,45.449346484919403],[-122.77941695746479,45.449346419378188],[-122.7794341206766,45.449261325428594],[-122.77944154525247,45.449201128877995],[-122.77944424918145,45.449140735638899],[-122.77943711386312,45.448429045182067],[-122.77943073672296,45.447792860144155],[-122.77942959855748,45.447786297651859],[-122.7794239679173,45.447769403311376],[-122.77942395264593,45.447769374321169],[-122.77941462633663,45.447753346530149],[-122.77941459220065,45.447753304305358],[-122.77940180468259,45.447738527499801],[-122.77940175437693,45.447738482754055],[-122.77938582275536,45.447725316161403],[-122.7793857715514,45.447725281499189],[-122.77936706952549,45.447714036450179],[-122.77934605254111,45.447704988983254],[-122.77934308630407,45.447703954788828],[-122.77932115124143,45.447697919151892],[-122.77932108476611,45.447697905917238],[-122.77929817503141,45.447694277098122],[-122.77929809597967,45.447694271426123],[-122.77927468049349,45.447693111187142],[-122.77592649503785,45.447705731384801],[-122.77586344947458,45.447705967718072],[-122.77585950317557,45.447716959419466],[-122.77510077261185,45.449830073439692],[-122.77506004748845,45.449829401648302],[-122.77495914242752,45.450109173081955]]]},"properties":{"OBJECTID":28,"DISSOLVEID":748,"SITENAME":"Crescent Grove Cemetery","ACREAGE":21.128126139999999,"TYPE":"Cemetery","Shape_Length":1622.8050550835023,"Shape_Area":173744.78296626266}},{"type":"Feature","id":29,"geometry":{"type":"Polygon","coordinates":[[[-122.46073368154252,45.41481897203758],[-122.46306194946897,45.414802021792873],[-122.4633873866385,45.414799648253769],[-122.4634071289135,45.414794089606296],[-122.46342690352785,45.414788582666667],[-122.46344670598997,45.414783129957236],[-122.46344170327217,45.414585847712509],[-122.46305654071263,45.414590618140544],[-122.46304627476557,45.414189391258155],[-122.46269747600876,45.414191076842265],[-122.46269805901537,45.41413674463228],[-122.46270419091549,45.413566295521761],[-122.46189481153944,45.413566330835536],[-122.46189456719767,45.41370369247452],[-122.46188984834747,45.414142504504852],[-122.46073199540474,45.414151057290198],[-122.46073368154252,45.41481897203758]]]},"properties":{"OBJECTID":29,"DISSOLVEID":778,"SITENAME":"Damascus Pioneer Cemetery","ACREAGE":4.4615268700000001,"TYPE":"Cemetery","Shape_Length":994.53645147665907,"Shape_Area":36644.16831300289}},{"type":"Feature","id":30,"geometry":{"type":"Polygon","coordinates":[[[-122.39139376501045,45.532660123465689],[-122.39168644331654,45.532660013972311],[-122.39204028521537,45.532659878049515],[-122.39204126527734,45.532348049538903],[-122.39204202884534,45.532071633860419],[-122.39204297207638,45.531745261261513],[-122.39234149572002,45.531745063037583],[-122.39265244575898,45.531744640789057],[-122.39265315093648,45.531470377447768],[-122.39265368273914,45.531264683783732],[-122.39323902138501,45.531263980869284],[-122.39323977776648,45.530966773122366],[-122.39324012990608,45.530829848647471],[-122.39321892427547,45.530829513863736],[-122.39280009465573,45.530830192870511],[-122.39246575608,45.530830730286432],[-122.39213404238156,45.530831259521548],[-122.39180234125955,45.530831787498094],[-122.39147062756111,45.530832315474591],[-122.39113891386266,45.530832841563218],[-122.39074392912379,45.530833472114402],[-122.39074407465088,45.531033573593653],[-122.39074427228024,45.531302916779474],[-122.39059112030407,45.531302493269088],[-122.390149097082,45.531301266788006],[-122.38985672779636,45.531300449343703],[-122.38956437198546,45.5312996400801],[-122.38927216978649,45.5312988270408],[-122.38890777178474,45.53129781451733],[-122.38890558528533,45.531483832199108],[-122.38878086498794,45.531484207882428],[-122.38864554097688,45.531484604332199],[-122.38818640215374,45.531485947227054],[-122.38768510898751,45.531487413461832],[-122.38768521229376,45.531627615533516],[-122.38778512830957,45.531627279495986],[-122.38841789620579,45.531625146853393],[-122.38890155005309,45.531623508198443],[-122.38890156262951,45.531686612110384],[-122.38890163808799,45.532060698882383],[-122.38934126999474,45.532059520872295],[-122.38953644785487,45.532058994165901],[-122.39000482585075,45.532057683377921],[-122.39062824947139,45.532055935241068],[-122.39069802521277,45.532056489006521],[-122.39112035197394,45.532059837399586],[-122.39139092184257,45.532061991421223],[-122.39139307600261,45.532514502774312],[-122.39139376501045,45.532660123465689]]]},"properties":{"OBJECTID":30,"DISSOLVEID":824,"SITENAME":"Douglass Cemetery","ACREAGE":9.3547906899999997,"TYPE":"Cemetery","Shape_Length":1817.2420083476306,"Shape_Area":77151.100314002018}},{"type":"Feature","id":31,"geometry":{"type":"Polygon","coordinates":[[[-122.43344070725431,45.49584306031857],[-122.43353990102459,45.495843595549964],[-122.43450415983709,45.495848789812911],[-122.43450404036118,45.495756226829513],[-122.43364406966496,45.495724100923383],[-122.43360811279906,45.495722402032371],[-122.43357215323825,45.49572065843364],[-122.43353619457575,45.49571889657399],[-122.43350479755824,45.495717328027652],[-122.43347341311717,45.495715740590754],[-122.43344201520134,45.495714136152309],[-122.43344090039209,45.495823903439295],[-122.43344070725431,45.49584306031857]]]},"properties":{"OBJECTID":31,"DISSOLVEID":905,"SITENAME":"Escobar Cemetery","ACREAGE":0.25036845000000002,"TYPE":"Cemetery","Shape_Length":271.97691364041663,"Shape_Area":2062.2458129010042}},{"type":"Feature","id":32,"geometry":{"type":"Polygon","coordinates":[[[-122.41406601029303,45.2580718505994],[-122.41496208607715,45.258066920265264],[-122.41493506026185,45.257443618116092],[-122.41421627957546,45.257098656179586],[-122.41416135478235,45.25707212727184],[-122.41410665366975,45.257045370073754],[-122.41405217803431,45.25701838395274],[-122.41406601029303,45.2580718505994]]]},"properties":{"OBJECTID":32,"DISSOLVEID":943,"SITENAME":"Fellows Cemetery","ACREAGE":1.59663069,"TYPE":"Cemetery","Shape_Length":484.06178844310722,"Shape_Area":13042.162083289335}},{"type":"Feature","id":33,"geometry":{"type":"Polygon","coordinates":[[[-122.45177218708282,45.122938870313817],[-122.45258081636563,45.122940351598849],[-122.4525841832513,45.122367881191096],[-122.45177556295168,45.122366400525053],[-122.45177218708282,45.122938870313817]]]},"properties":{"OBJECTID":33,"DISSOLVEID":944,"SITENAME":"Fern Hill Cemetery","ACREAGE":0.99999201000000004,"TYPE":"Cemetery","Shape_Length":360.66806597193215,"Shape_Area":8130.058169560738}},{"type":"Feature","id":34,"geometry":{"type":"Polygon","coordinates":[[[-123.00450056251408,45.524313263445173],[-123.00571193258988,45.524326294457573],[-123.0061908630954,45.52383792806345],[-123.00617787704967,45.523481497213616],[-123.00719846741698,45.523492443929555],[-123.00755580555891,45.523345026549336],[-123.00753164267439,45.52306604281403],[-123.00733227147855,45.522885902150982],[-123.00735299022226,45.522818866684538],[-123.00761196194225,45.522695306849528],[-123.00798077785858,45.522467393347561],[-123.00854838915062,45.521915398164197],[-123.0087804051239,45.521896460373583],[-123.00883955110054,45.521915167177212],[-123.00885146455781,45.521321551356792],[-123.00865544048472,45.521291258373417],[-123.00849393687139,45.521266903130261],[-123.00833185474298,45.521244532374418],[-123.00816923991361,45.521224154290501],[-123.00800614448556,45.521205774545287],[-123.00784261876451,45.521189396917087],[-123.00767871125946,45.521175028960471],[-123.00751447227606,45.52116267319461],[-123.00734995032336,45.521152334026667],[-123.00718519660529,45.521144014604673],[-123.0070202641225,45.521137718076581],[-123.00669229550046,45.521131214474771],[-123.00633983431221,45.521282517274308],[-123.00373685079214,45.522399844432115],[-123.00251428770788,45.522385583780455],[-123.00251326273015,45.522714785641021],[-123.0025114607097,45.522805285242747],[-123.00250965779092,45.522895785328231],[-123.00250964701114,45.522926584728836],[-123.00344684317739,45.522524323818963],[-123.00342645411538,45.523451938615359],[-123.00354346686767,45.523453197365711],[-123.00451982868198,45.523463692195904],[-123.00450056251408,45.524313263445173]]]},"properties":{"OBJECTID":34,"DISSOLVEID":961,"SITENAME":"Fir Lawn Cemetery","ACREAGE":21.98891068,"TYPE":"Cemetery","Shape_Length":2239.3924603641726,"Shape_Area":181290.8045001085}},{"type":"Feature","id":35,"geometry":{"type":"Polygon","coordinates":[[[-122.42864504572015,45.493862138508412],[-122.4288278438973,45.493996854530216],[-122.42901748184704,45.494126802117471],[-122.42921373678715,45.494251813802528],[-122.42923548679681,45.494281007399294],[-122.4292423858582,45.494290846483686],[-122.42924611117169,45.494296535205379],[-122.42925139416386,45.494305123700506],[-122.42925641125473,45.494313788388119],[-122.42926592531191,45.494331288408382],[-122.42928448540397,45.494366421929094],[-122.42937394772481,45.494418141726257],[-122.42942825088375,45.49444794037813],[-122.42957613783402,45.494529092224475],[-122.42978372502145,45.494635001775862],[-122.42999646225041,45.494735747618073],[-122.43021406206,45.494831200061583],[-122.43043627831183,45.494921245788341],[-122.43064895535367,45.495000596659231],[-122.43066282623995,45.49500577273885],[-122.43089344443464,45.495084677668373],[-122.43112784992657,45.495157865517143],[-122.43136573189865,45.495225242483507],[-122.43160684331419,45.495286732395741],[-122.43185083742344,45.495342259710469],[-122.43209745551162,45.49539175706856],[-122.43234638766003,45.495435157109256],[-122.4325973122717,45.495472402544991],[-122.43289417403207,45.495508244382187],[-122.43319286835562,45.495535494112239],[-122.43384807616766,45.495568433681676],[-122.43450435207656,45.495587984831772],[-122.43450457845202,45.495289816618303],[-122.43448881481541,45.49370388431732],[-122.43295125568017,45.493737413734685],[-122.43201161789298,45.493757796734172],[-122.43200926430694,45.493617854186809],[-122.43200973951571,45.493291247177361],[-122.43201009974014,45.493036173356124],[-122.43201054889778,45.492722356973289],[-122.43201089564748,45.492474393911657],[-122.43201126844833,45.492219301277359],[-122.43201157118058,45.492019349536989],[-122.43201165831717,45.491956413981292],[-122.4320118370819,45.491837868294148],[-122.43201206166073,45.491685299289429],[-122.43201244703799,45.491422285443306],[-122.43201250093691,45.491381708555728],[-122.43201324653857,45.490871514122581],[-122.43201357801695,45.490652101720507],[-122.4320138771559,45.490446389812831],[-122.4320141700067,45.490244250965759],[-122.4320144754339,45.490042138472468],[-122.4307200399404,45.490070217077523],[-122.42944413219963,45.490097880034753],[-122.42940327502389,45.490098764831018],[-122.4294022051304,45.490936597670412],[-122.42940147390175,45.491506683512497],[-122.42939573187046,45.492194134961473],[-122.4293952521701,45.492250858023112],[-122.42939124209067,45.492730431228203],[-122.42938606060812,45.493350366447117],[-122.4293831383885,45.49370032646754],[-122.42869114276893,45.493717367621493],[-122.42846934782698,45.493722829076589],[-122.42864504572015,45.493862138508412]]]},"properties":{"OBJECTID":35,"DISSOLVEID":995,"SITENAME":"Forest Lawn Cemetery","ACREAGE":37.820362090000003,"TYPE":"Cemetery","Shape_Length":2893.7945936942933,"Shape_Area":311492.50027595443}},{"type":"Feature","id":36,"geometry":{"type":"Polygon","coordinates":[[[-123.1270932513842,45.52329098386079],[-123.12721264736693,45.523290389728928],[-123.12740772820898,45.523289418600179],[-123.12760280905101,45.523288447471451],[-123.12779788899476,45.523287476342674],[-123.1279929698368,45.523286503955141],[-123.12818805067884,45.523285532196986],[-123.12838313152089,45.523284559809426],[-123.12857821236291,45.523283586792459],[-123.12877329320496,45.523282613775521],[-123.12896837314872,45.52328163949975],[-123.12916345399074,45.523280666482776],[-123.12935852584965,45.523279692836354],[-123.12955361297992,45.5232787173018],[-123.12956069350095,45.523278405130753],[-123.12957740935177,45.521821159163522],[-123.12981140970349,45.521819050066057],[-123.12981359710122,45.520979079197801],[-123.13084660128746,45.520963127609463],[-123.13087710448123,45.520962655557156],[-123.13145244847128,45.520953767756133],[-123.1314914542192,45.520953164787883],[-123.13147931977635,45.520044197964481],[-123.13072171390341,45.51891180214659],[-123.13070903238652,45.518909716858232],[-123.13045280052816,45.518858175656547],[-123.13032990920064,45.518825974812664],[-123.1302701451831,45.51880657020606],[-123.13021177175764,45.518784307362942],[-123.13018269149526,45.51876916648451],[-123.13015493894287,45.518753172097981],[-123.13012057478998,45.518736890687777],[-123.1301061640162,45.518774442975655],[-123.13009313035975,45.51881224323278],[-123.1300814837021,45.518850266910967],[-123.12992881142631,45.519377379068281],[-123.12991376913688,45.519430344801705],[-123.12989196073669,45.519482410415257],[-123.12986367189011,45.519532911874315],[-123.1298291235826,45.519581450131859],[-123.12976482486948,45.519658442437596],[-123.12969157803788,45.519731378046728],[-123.12960989782235,45.519799744000991],[-123.12952036094134,45.519863061331968],[-123.1294235926223,45.519920884431016],[-123.12932027558485,45.51997280608424],[-123.12921113476939,45.520018462506847],[-123.12909694003216,45.520057532713423],[-123.12897848997544,45.520089741034852],[-123.12885661733748,45.520114862782656],[-123.12873218090768,45.520132719842621],[-123.12870711252135,45.52013540491555],[-123.12868198394793,45.520137794793975],[-123.12865680237387,45.520139888219134],[-123.12860455545864,45.520143608045373],[-123.12860261419932,45.52014429976942],[-123.12859522825104,45.520144792599162],[-123.12858783870954,45.520145261511253],[-123.12858044647304,45.520145704617434],[-123.12857305154164,45.520146123176531],[-123.12856565301693,45.520146517188515],[-123.12855825269563,45.520146886024051],[-123.12855813501632,45.520146892318195],[-123.12855801823534,45.520146897353484],[-123.12855790145436,45.520146903647614],[-123.12855044004762,45.520147249194885],[-123.1285429759459,45.520147569565651],[-123.12853551004757,45.520147863501137],[-123.12852804145432,45.520148130371915],[-123.1285205710644,45.520148372066188],[-123.12851309887787,45.520148586695711],[-123.12851299557163,45.520148589213349],[-123.12851289226538,45.520148591731044],[-123.12851278806079,45.520148594248681],[-123.12850536887484,45.520148781813496],[-123.1284979487906,45.520148944201807],[-123.12849052690976,45.520149081413685],[-123.12848310143561,45.520149194707869],[-123.12847567506314,45.520149282825557],[-123.12846824689406,45.520149345766754],[-123.12827286331978,45.520150619696906],[-123.12781972164942,45.520232766731297],[-123.12594557725194,45.52023193339086],[-123.12593619794205,45.521127060426998],[-123.12593084218634,45.521638148247476],[-123.12710649794138,45.521629964217361],[-123.1270932513842,45.52329098386079]]]},"properties":{"OBJECTID":36,"DISSOLVEID":999,"SITENAME":"Forest View Cemetery","ACREAGE":27.582214359999998,"TYPE":"Cemetery","Shape_Length":2493.1626905229623,"Shape_Area":227410.87445335032}},{"type":"Feature","id":37,"geometry":{"type":"Polygon","coordinates":[[[-122.33615686663639,45.363426735506565],[-122.33618474854616,45.363445868577863],[-122.33520366788166,45.36415576002512],[-122.33523216873068,45.364200527189375],[-122.33523241307245,45.364200912193553],[-122.33653040948772,45.364204735726389],[-122.3365765460624,45.363187680761285],[-122.33649351208574,45.363182983626373],[-122.33615686663639,45.363426735506565]]]},"properties":{"OBJECTID":37,"DISSOLVEID":1000,"SITENAME":"Forrester Cemetery","ACREAGE":1.5827046600000001,"TYPE":"Cemetery","Shape_Length":537.75161397748991,"Shape_Area":12976.415179362124}},{"type":"Feature","id":38,"geometry":{"type":"Polygon","coordinates":[[[-122.35083409331389,45.357339327106565],[-122.35123097080307,45.357803591101984],[-122.35170505220266,45.35763516846994],[-122.35153379917355,45.357089427927043],[-122.35083409331389,45.357339327106565]]]},"properties":{"OBJECTID":38,"DISSOLVEID":1002,"SITENAME":"Foster Cemetery","ACREAGE":0.76547240999999999,"TYPE":"Cemetery","Shape_Length":320.84241057997929,"Shape_Area":6274.6179310365596}},{"type":"Feature","id":39,"geometry":{"type":"Polygon","coordinates":[[[-123.21966625658358,45.577403623690344],[-123.21967118384292,45.577609496255839],[-123.21975715710721,45.577611175069137],[-123.21971426434901,45.575818981216656],[-123.21962829377969,45.575817302349733],[-123.21961849675318,45.575407875518479],[-123.21951061268085,45.575409343751708],[-123.21917025449441,45.575413962241107],[-123.21913852150702,45.575415377026715],[-123.21910708765859,45.575418741701242],[-123.21907619549427,45.575424031741292],[-123.21904608216934,45.57543120501721],[-123.21901698304232,45.575440207452047],[-123.21898912179378,45.575450967991294],[-123.21896271312106,45.575463405519628],[-123.21893796004342,45.575477421944257],[-123.21891505390198,45.575492910997966],[-123.2188941725632,45.575509750693868],[-123.21887547592721,45.575527814014606],[-123.21885910952103,45.575546958852009],[-123.21884520000718,45.575567039954059],[-123.21883385338683,45.575587899493051],[-123.21882515589823,45.575609379012654],[-123.21881917850833,45.575631311882475],[-123.21881596343793,45.575653527699679],[-123.21881553943314,45.575675856690395],[-123.21884443015099,45.576337208558463],[-123.21886432693618,45.57679295323711],[-123.21886290130986,45.576857492879135],[-123.21885302163837,45.576921666498961],[-123.21883477056673,45.576984927691441],[-123.2188083017069,45.57704674011422],[-123.21877384143427,45.577106579374124],[-123.21876791884159,45.57711547653502],[-123.21876182107745,45.577124315218526],[-123.2187555454469,45.57713309228069],[-123.21874894911775,45.577141991323749],[-123.21874217312556,45.577150823715279],[-123.21873521567368,45.577159586311538],[-123.21872808394866,45.577168279741294],[-123.21872077435715,45.577176901489423],[-123.21871329049254,45.577185448412209],[-123.21870563864294,45.577193913593085],[-123.21869781431681,45.577202299547231],[-123.21868982020909,45.577210606274626],[-123.21868165452318,45.577218833146624],[-123.2186733217506,45.577226976390513],[-123.21866482458634,45.577235035377626],[-123.21866478775539,45.577235072475261],[-123.21865611991123,45.577243048463167],[-123.21864729216693,45.577250937050451],[-123.2186383036242,45.577258736350906],[-123.2186291587746,45.577266446364511],[-123.21861985851646,45.577274063318704],[-123.2186104037481,45.577281585327157],[-123.21860079446951,45.577289009246073],[-123.21859103517227,45.577296334446764],[-123.218581127653,45.577303561557933],[-123.21857107460667,45.577310689950927],[-123.21856087693155,45.577317717739469],[-123.21855053732261,45.577324641779697],[-123.21854005937317,45.577331459556554],[-123.21852944218482,45.5773381723277],[-123.21851869024918,45.577344777577984],[-123.21850780895613,45.577351268391034],[-123.21849679650906,45.577357649168221],[-123.21848565650123,45.577363918652118],[-123.21848561607706,45.577363941287913],[-123.21847434042358,45.577370101993537],[-123.21846293810771,45.577376150148424],[-123.21845141451922,45.577382081979898],[-123.21843977414976,45.57738789937433],[-123.2184280152027,45.577393597930303],[-123.21841614216959,45.577399178905523],[-123.21806785724911,45.577560235952461],[-123.21803255345844,45.577577479327154],[-123.21876651746976,45.577591825956702],[-123.21947579128549,45.577605680256411],[-123.21947086402614,45.577399807048131],[-123.21966625658358,45.577403623690344]]]},"properties":{"OBJECTID":39,"DISSOLVEID":1039,"SITENAME":"Gales Creek Cemetery","ACREAGE":4.3750796300000001,"TYPE":"Cemetery","Shape_Length":1073.4114663977682,"Shape_Area":36143.307028017785}},{"type":"Feature","id":40,"geometry":{"type":"MultiPolygon","coordinates":[[[[-122.76246971231882,45.613078028572033],[-122.76244933044336,45.61350796579255],[-122.76276446932647,45.613486971420777],[-122.76270702116574,45.613062219364814],[-122.76246971231882,45.613078028572033]]],[[[-122.76228221864767,45.612407316885346],[-122.76240098221642,45.612549196576616],[-122.76243067872311,45.612584664086931],[-122.76260760281662,45.612511711321787],[-122.76257917473114,45.612455011480193],[-122.76254489771482,45.612399929658132],[-122.76249016246626,45.61237247073035],[-122.76243707203297,45.612343458433827],[-122.76228221864767,45.612407316885346]]]]},"properties":{"OBJECTID":40,"DISSOLVEID":1050,"SITENAME":"Gatton Cemetery","ACREAGE":0.34771952,"TYPE":"Cemetery","Shape_Length":307.83156638359588,"Shape_Area":2875.9411108882136}},{"type":"Feature","id":41,"geometry":{"type":"Polygon","coordinates":[[[-122.23509465533959,45.29572529326704],[-122.2361203750872,45.295740569878959],[-122.23613866748133,45.294917821626626],[-122.23511297108992,45.294902215559063],[-122.23509465533959,45.29572529326704]]]},"properties":{"OBJECTID":41,"DISSOLVEID":1052,"SITENAME":"George Cemetery","ACREAGE":1.8185145899999999,"TYPE":"Cemetery","Shape_Length":488.89427365142194,"Shape_Area":14874.096043572243}},{"type":"Feature","id":42,"geometry":{"type":"Polygon","coordinates":[[[-122.56376398394752,45.439763269861558],[-122.56379335975564,45.439763206830492],[-122.5637950351136,45.439763203678929],[-122.5637950351136,45.439762962900225],[-122.56379502253721,45.439756524905661],[-122.56379468387236,45.439575894547055],[-122.56379454822677,45.439503390242336],[-122.5637944628868,45.439458170891065],[-122.5637941394933,45.439286188145196],[-122.56379402001737,45.439221414304519],[-122.56379353313048,45.438962187722048],[-122.56379349090965,45.438939440109152],[-122.56379295012385,45.438651552073509],[-122.56379285130916,45.438598403197268],[-122.56379253330554,45.438428596866729],[-122.56379232848965,45.438319762208856],[-122.56379197635007,45.43813209340999],[-122.56379193862085,45.438111593216512],[-122.56378201762683,45.438100029195454],[-122.56378194935488,45.438097380551476],[-122.5637805452881,45.438083327356225],[-122.56377736615029,45.438069417872676],[-122.56377243529769,45.438055764299584],[-122.56376579495112,45.438042475053976],[-122.5637574954162,45.43802965603146],[-122.56374760496493,45.438017409345932],[-122.56373620175073,45.438005832698991],[-122.56372924699377,45.437999724797095],[-122.563721870927,45.437993867135724],[-122.56371409061832,45.437988274842958],[-122.56368739897627,45.437969830736343],[-122.56367248694256,45.437959501504515],[-122.56365627145338,45.437950197819376],[-122.56363889354418,45.437941997842529],[-122.56362050592864,45.437934975323145],[-122.56360126760853,45.437929190143194],[-122.56358134656881,45.437924693990134],[-122.55912607196714,45.437935472654459],[-122.55911633333113,45.437935495346395],[-122.55911616354953,45.437935495976731],[-122.55887129268456,45.437936062644432],[-122.5589336609181,45.439773184018797],[-122.55893366900295,45.439773405257817],[-122.55902791215775,45.439773209231227],[-122.55930783887835,45.439772628084768],[-122.55939386244826,45.439772448446242],[-122.55947988691651,45.439772268807715],[-122.55959213051297,45.439772035592767],[-122.5597043336852,45.43977180174749],[-122.55979035725514,45.439771622108957],[-122.55987637992672,45.439771443731026],[-122.56001718276266,45.439771149375936],[-122.56015798200536,45.439770855651162],[-122.56024400647361,45.439770676012628],[-122.56033003004353,45.439770496374052],[-122.5604432465154,45.439770259377262],[-122.56055669744759,45.439770023010738],[-122.56064272191581,45.439769842741882],[-122.56072874548575,45.439769662473019],[-122.56087024721099,45.439769365596682],[-122.56101108777617,45.439769071871901],[-122.56109711044779,45.439768891603038],[-122.56118313401768,45.439768711334175],[-122.56130437693665,45.439768456688661],[-122.56143781448559,45.439768176830711],[-122.56152422882266,45.439767995301203],[-122.56161064136312,45.439767814402018],[-122.56188581509757,45.439767236407121],[-122.56376398394752,45.439763269861558]]]},"properties":{"OBJECTID":42,"DISSOLVEID":1062,"SITENAME":"Gethsemani Cemetery","ACREAGE":19.289772030000002,"TYPE":"Cemetery","Shape_Length":1659.1701644555451,"Shape_Area":158571.2044042694}},{"type":"Feature","id":43,"geometry":{"type":"Polygon","coordinates":[[[-122.74306701217523,45.186206644995274],[-122.74306956428894,45.186478166465292],[-122.74311220731546,45.186478288660162],[-122.74375219317503,45.186480119050792],[-122.74380250691578,45.186480263405393],[-122.74382896679246,45.186431554481096],[-122.74386041591225,45.186384352376749],[-122.74389668449354,45.186338910983551],[-122.74408761511897,45.186119026348941],[-122.74374878676346,45.186118067144712],[-122.74311615810612,45.186116279162718],[-122.74310880449718,45.18611625763598],[-122.74306616147064,45.186116137339781],[-122.74306697085272,45.186202330798814],[-122.74306701217523,45.186206644995274]]]},"properties":{"OBJECTID":43,"DISSOLVEID":1071,"SITENAME":"Gleason Cemetery","ACREAGE":0.67712033000000005,"TYPE":"Cemetery","Shape_Length":317.907785369973,"Shape_Area":5518.538523375968}},{"type":"Feature","id":44,"geometry":{"type":"Polygon","coordinates":[[[-122.68057594299739,45.461013519137289],[-122.68058350232053,45.461516883737545],[-122.68070412180869,45.461516833332126],[-122.68174918857257,45.461516392914803],[-122.68175025307615,45.461102221421626],[-122.6817504785533,45.461014451015743],[-122.68175116037459,45.460750606563742],[-122.68175151700578,45.460614610736997],[-122.68175222577653,45.460339145093748],[-122.68175260845885,45.460187810176777],[-122.68057503749561,45.460185667265954],[-122.68057594299739,45.461013519137289]]]},"properties":{"OBJECTID":44,"DISSOLVEID":1107,"SITENAME":"Grand Army of the Republic Cemetery","ACREAGE":3.3524699199999999,"TYPE":"Cemetery","Shape_Length":682.99547865713737,"Shape_Area":27580.088738193102}},{"type":"Feature","id":45,"geometry":{"type":"Polygon","coordinates":[[[-122.67921541665183,45.461517421185292],[-122.68005613285827,45.461517092289974],[-122.68058350232053,45.461516883737545],[-122.68057594299739,45.461013519137289],[-122.68057503749561,45.460185667265954],[-122.68175260845885,45.460187810176777],[-122.68175287615679,45.460085491606755],[-122.68225579527366,45.460085129938733],[-122.68224282988916,45.460011634406577],[-122.68223757294814,45.459937668734959],[-122.6822400514,45.459863627355972],[-122.68225026883803,45.45978992486657],[-122.68226815070207,45.459716941211049],[-122.68229360895722,45.459645082799348],[-122.68232650616127,45.459574729579735],[-122.68238888337795,45.459455297265087],[-122.68240460030215,45.459415237971385],[-122.68241112386777,45.459373921616361],[-122.68240827620833,45.459332406121916],[-122.68239613637556,45.459291733030724],[-122.68237499901693,45.459252914273975],[-122.68234540042663,45.45921694855349],[-122.68230809249457,45.459184720526466],[-122.68226401306187,45.459157058772995],[-122.68221426525976,45.459134645692004],[-122.68216010942453,45.459118058456284],[-122.68210290650387,45.459107705372325],[-122.68204409829382,45.459103845412479],[-122.67909340657162,45.459075891885391],[-122.67908920874432,45.459482885151644],[-122.67908623262576,45.459771293190677],[-122.67843894076803,45.459765955091527],[-122.67843754388775,45.460574577470041],[-122.67921700128002,45.460587119176033],[-122.67921541665183,45.461517421185292]]]},"properties":{"OBJECTID":45,"DISSOLVEID":1125,"SITENAME":"Greenwood Hills Cemetery","ACREAGE":12.57495022,"TYPE":"Cemetery","Shape_Length":1622.1031430150174,"Shape_Area":103448.98150766721}},{"type":"Feature","id":46,"geometry":{"type":"Polygon","coordinates":[[[-122.43446450820046,45.496700405065027],[-122.4345035094568,45.49670050455358],[-122.43450415983709,45.495848789812911],[-122.43353990102459,45.495843595549964],[-122.43344070725431,45.49584306031857],[-122.43344049345525,45.495864225252866],[-122.43343929869592,45.495981779530545],[-122.43343860339989,45.496050863837482],[-122.43343206007138,45.496697555158647],[-122.43363367076724,45.496698113050158],[-122.43397647596447,45.496699055672771],[-122.43446450820046,45.496700405065027]]]},"properties":{"OBJECTID":46,"DISSOLVEID":1132,"SITENAME":"Gresham Pioneer Cemetery","ACREAGE":1.9545330999999999,"TYPE":"Cemetery","Shape_Length":508.62895005947246,"Shape_Area":16099.549260993788}},{"type":"Feature","id":47,"geometry":{"type":"Polygon","coordinates":[[[-122.69782866295071,45.20659736377506],[-122.69783651153135,45.207864562623442],[-122.69847570148355,45.207838654379493],[-122.69846886710089,45.206599829593465],[-122.69782866295071,45.20659736377506]]]},"properties":{"OBJECTID":47,"DISSOLVEID":1138,"SITENAME":"Gribble Cemetery","ACREAGE":1.7291489799999999,"TYPE":"Cemetery","Shape_Length":538.50040754487304,"Shape_Area":14099.703894682169}},{"type":"Feature","id":48,"geometry":{"type":"Polygon","coordinates":[[[-123.03917973300337,45.602651873219038],[-123.04035038693891,45.602834398571382],[-123.04044129285241,45.602338209411236],[-123.03923268060453,45.602222545380613],[-123.03917973300337,45.602651873219038]]]},"properties":{"OBJECTID":48,"DISSOLVEID":1186,"SITENAME":"Harrison Cemetery","ACREAGE":1.2023431099999999,"TYPE":"Cemetery","Shape_Length":417.4685466303996,"Shape_Area":9940.7436266823006}},{"type":"Feature","id":49,"geometry":{"type":"Polygon","coordinates":[[[-123.21700522842144,45.643319349076918],[-123.21829636260625,45.643329678960015],[-123.21829925068988,45.64311350968142],[-123.21830161056413,45.642938489202898],[-123.21701138547438,45.642928165528062],[-123.21700900044731,45.643105191355339],[-123.21700522842144,45.643319349076918]]]},"properties":{"OBJECTID":49,"DISSOLVEID":1202,"SITENAME":"Hayward Cemetery","ACREAGE":1.08083737,"TYPE":"Cemetery","Shape_Length":411.95579252024834,"Shape_Area":8948.9279317465171}},{"type":"Feature","id":50,"geometry":{"type":"Polygon","coordinates":[[[-122.38818001333543,45.403645484276282],[-122.38821116151958,45.403645367594173],[-122.38822587233065,45.40010721926167],[-122.38823761331142,45.397317498056893],[-122.38924979275276,45.397322219480635],[-122.38925829081535,45.396417124480074],[-122.38809323967223,45.396411689551648],[-122.38782073842575,45.396410415976788],[-122.38772368983233,45.396409961804487],[-122.38770836996348,45.397315024749787],[-122.38820646063569,45.39731735423797],[-122.38818001333543,45.403645484276282]]]},"properties":{"OBJECTID":50,"DISSOLVEID":1211,"SITENAME":"Hazelwood Cemetery","ACREAGE":3.4161975400000002,"TYPE":"Cemetery","Shape_Length":2635.9191334762791,"Shape_Area":28041.896172149784}},{"type":"Feature","id":51,"geometry":{"type":"Polygon","coordinates":[[[-122.92922024241666,45.606379699679998],[-122.92926712908461,45.606379710991988],[-122.92927891228616,45.605620672834796],[-122.9292320229233,45.6056206615226],[-122.92838799822168,45.605620469843714],[-122.92754401484257,45.60562027250878],[-122.92670897778538,45.605620069517698],[-122.92667103564273,45.605629408991362],[-122.92667098982866,45.605629408991362],[-122.92667088113252,45.605515559187005],[-122.92661931873351,45.605063246547573],[-122.92661626985142,45.60504431853937],[-122.92660883898741,45.605016402889319],[-122.92659800800003,45.604989040900755],[-122.92658385683936,45.604962435567892],[-122.92656648970997,45.604936786114621],[-122.9265460377659,45.604912282338098],[-122.92652265372072,45.604889108379687],[-122.92652141943555,45.604886714562177],[-122.92646002048419,45.604920642784023],[-122.92647895786867,45.604939227064769],[-122.92649562610877,45.604958851445126],[-122.92650991381338,45.604979380804615],[-122.92652171857452,45.605000674366714],[-122.92653096134046,45.605022581928111],[-122.92653757563593,45.60504495328577],[-122.92654151654507,45.605067633209032],[-122.92659278968654,45.605517766954549],[-122.9265928175343,45.605547594747151],[-122.92659282741577,45.605574621496324],[-122.92508089541896,45.605575985245444],[-122.92508033936183,45.606261078334974],[-122.92527242432237,45.606265812434572],[-122.92527236952513,45.606378663371167],[-122.9284035211098,45.606379495434744],[-122.92841363075001,45.60580075390024],[-122.92922922556951,45.605800956262172],[-122.92922024241666,45.606379699679998]]]},"properties":{"OBJECTID":51,"DISSOLVEID":1226,"SITENAME":"Helvetia Community Cemetery","ACREAGE":6.0234036399999997,"TYPE":"Cemetery","Shape_Length":1592.6830771034452,"Shape_Area":49806.049669911117}},{"type":"Feature","id":52,"geometry":{"type":"Polygon","coordinates":[[[-123.1058054150573,45.427264161971991],[-123.10742280298027,45.427393783682852],[-123.10914382863928,45.427454699517469],[-123.10909805318734,45.427362466753742],[-123.10741723342551,45.427302941592153],[-123.10735970711136,45.426399275770649],[-123.1057551318593,45.426450834138919],[-123.1058054150573,45.427264161971991]]]},"properties":{"OBJECTID":52,"DISSOLVEID":1252,"SITENAME":"Hill Cemetery","ACREAGE":3.4558272400000001,"TYPE":"Cemetery","Shape_Length":1027.295903405166,"Shape_Area":28396.582965503778}},{"type":"Feature","id":53,"geometry":{"type":"Polygon","coordinates":[[[-123.00643594147121,45.520966567926351],[-123.00660520293536,45.520966078880242],[-123.00677445092477,45.52096766749338],[-123.00694363243888,45.520971331248077],[-123.00711269807029,45.520977070143822],[-123.00728159571673,45.520984881662429],[-123.00745027327595,45.520994765173675],[-123.00761868044229,45.521006714382324],[-123.00779683702439,45.521021439882482],[-123.00791556645714,45.520689636848687],[-123.00811858930464,45.520122259008765],[-123.00814019019394,45.520071253289387],[-123.00627069188312,45.520071873890615],[-123.00510277421594,45.520066893345273],[-123.00392305987243,45.520061849858187],[-123.00364995405975,45.520061299121721],[-123.00361484161023,45.520061228627426],[-123.00361357229076,45.520392377004882],[-123.00392179234957,45.520393212231156],[-123.0039202661119,45.520792269601472],[-123.00391910548855,45.52109588240031],[-123.00558489823227,45.52099940261246],[-123.00575979123494,45.520989271746785],[-123.00592859186338,45.520980485913149],[-123.00609758473124,45.520973771443238],[-123.00626671953295,45.520969132114097],[-123.00643594147121,45.520966567926351]]]},"properties":{"OBJECTID":53,"DISSOLVEID":1257,"SITENAME":"Hillsboro Pioneer Cemetery","ACREAGE":8.3913869900000009,"TYPE":"Cemetery","Shape_Length":1290.9045483623922,"Shape_Area":69178.951224695382}},{"type":"Feature","id":54,"geometry":{"type":"Polygon","coordinates":[[[-123.19217723486608,45.592144416542709],[-123.19278846206012,45.592135242033542],[-123.19339969015248,45.592126063751209],[-123.19339930747017,45.591451506495133],[-123.19276363891387,45.591461093486807],[-123.19216016328241,45.591470166899377],[-123.19217723486608,45.592144416542709]]]},"properties":{"OBJECTID":54,"DISSOLVEID":1260,"SITENAME":"Hillside Cemetery","ACREAGE":1.7788955,"TYPE":"Cemetery","Shape_Length":488.67379571990926,"Shape_Area":14702.034462605279}},{"type":"Feature","id":55,"geometry":{"type":"Polygon","coordinates":[[[-122.74100627511682,45.2316639848571],[-122.74116116623136,45.231691375888786],[-122.74117637021754,45.230556599124348],[-122.74195440467837,45.230553404906523],[-122.74196249221087,45.229948791082393],[-122.74110682713983,45.229952310516524],[-122.74109873062419,45.230556915446193],[-122.74102109192911,45.230557239992358],[-122.74100627511682,45.2316639848571]]]},"properties":{"OBJECTID":55,"DISSOLVEID":1318,"SITENAME":"Irvin Cemetery","ACREAGE":1.4906245499999999,"TYPE":"Cemetery","Shape_Length":753.76070019264375,"Shape_Area":12164.611421157253}},{"type":"Feature","id":56,"geometry":{"type":"Polygon","coordinates":[[[-123.00674713854688,45.608176552397083],[-123.00671691832241,45.608175178656325],[-123.00663357263035,45.609078346850268],[-123.00714830189825,45.609101744051124],[-123.00722682273891,45.60825074251575],[-123.00723163591223,45.608198571834954],[-123.00674713854688,45.608176552397083]]]},"properties":{"OBJECTID":56,"DISSOLVEID":1329,"SITENAME":"Jackson Cemetery","ACREAGE":0.99999355999999995,"TYPE":"Cemetery","Shape_Length":402.87827156653327,"Shape_Area":8269.5429171810647}},{"type":"Feature","id":57,"geometry":{"type":"Polygon","coordinates":[[[-122.73348815951968,45.50741758746387],[-122.73347629546971,45.5077236798315],[-122.7334680839697,45.507935164544371],[-122.73359168855953,45.507936074242338],[-122.73457022968674,45.507943283204618],[-122.73475693284043,45.507940506265349],[-122.73475581084465,45.507795500866919],[-122.73462449691306,45.5077974524729],[-122.73462153247259,45.507613442173373],[-122.7346200807951,45.507523182549569],[-122.73455571740331,45.507523696894701],[-122.73455343568249,45.50738174754143],[-122.73454830001403,45.507063473247214],[-122.7345481113678,45.507052503189087],[-122.7345456778317,45.506900511161156],[-122.73426032618507,45.506897816013328],[-122.7339565653633,45.507058184955497],[-122.73359017849153,45.507054903696122],[-122.73350226037469,45.507054119895656],[-122.73348815951968,45.50741758746387]]]},"properties":{"OBJECTID":57,"DISSOLVEID":1366,"SITENAME":"Jones Cemetery","ACREAGE":2.2740700199999999,"TYPE":"Cemetery","Shape_Length":595.54845705190019,"Shape_Area":18738.92293392072}},{"type":"Feature","id":58,"geometry":{"type":"Polygon","coordinates":[[[-122.5963903279428,45.466213569420219],[-122.59642115542839,45.466213502008578],[-122.59642244540913,45.466068132109037],[-122.5964226080042,45.466048946832792],[-122.59642346679364,45.465922766874797],[-122.59642461663718,45.465777408195855],[-122.59642576648075,45.46563204095186],[-122.59642692890071,45.465486673333004],[-122.59642811557521,45.465336786800009],[-122.59642928248677,45.465188763487411],[-122.59643147707101,45.465051622264426],[-122.59603782633033,45.465052375148154],[-122.5956557261276,45.465053104720802],[-122.59564524817816,45.466215337242879],[-122.59580558667658,45.466214957343716],[-122.59600050043197,45.466214495542587],[-122.5963903279428,45.466213569420219]]]},"properties":{"OBJECTID":58,"DISSOLVEID":1400,"SITENAME":"Kesher Israel Cemetery","ACREAGE":1.93479669,"TYPE":"Cemetery","Shape_Length":541.63219776492315,"Shape_Area":15919.836131466334}},{"type":"Feature","id":59,"geometry":{"type":"Polygon","coordinates":[[[-122.75826270690885,45.502535365933646],[-122.75874922099203,45.502532051670975],[-122.75844472085679,45.500864447224288],[-122.7583129550726,45.500863678448724],[-122.75823548256588,45.500908715710544],[-122.75815235696105,45.500963337115309],[-122.75823715612724,45.501008712406708],[-122.75824231784686,45.501317134597713],[-122.75825231879092,45.501914725920862],[-122.75826158131981,45.502468107266218],[-122.75826270690885,45.502535365933646]]]},"properties":{"OBJECTID":59,"DISSOLVEID":1479,"SITENAME":"Lenath Azedek Cemetery","ACREAGE":1.25359273,"TYPE":"Cemetery","Shape_Length":614.10415506990103,"Shape_Area":10327.897689667378}},{"type":"Feature","id":60,"geometry":{"type":"Polygon","coordinates":[[[-122.97459431719913,45.460067784991686],[-122.97549121853498,45.460069541035509],[-122.97547447932796,45.459360573753109],[-122.9751717506705,45.459292155822865],[-122.97421604831109,45.459282919295077],[-122.97429502549591,45.4600672046844],[-122.97459431719913,45.460067784991686]]]},"properties":{"OBJECTID":60,"DISSOLVEID":1495,"SITENAME":"Lewis Cemetery","ACREAGE":2.03104949,"TYPE":"Cemetery","Shape_Length":512.2809047011034,"Shape_Area":16708.347773518839}},{"type":"Feature","id":61,"geometry":{"type":"Polygon","coordinates":[[[-122.55720926028862,45.464633263712258],[-122.55831144373488,45.464626466917117],[-122.55828859957721,45.46284100714535],[-122.55828176878781,45.462307046745039],[-122.5582781898997,45.462027353463924],[-122.55827454992615,45.461742759408608],[-122.55826970800678,45.461364269160455],[-122.55826585513252,45.461063134240199],[-122.55673862752137,45.461061354284581],[-122.55419535591652,45.461058346316918],[-122.55390494944979,45.461057997886655],[-122.55315156565867,45.461057094362204],[-122.55318342620684,45.464579703331424],[-122.55672901734445,45.464555222745183],[-122.55672920958395,45.464555120049681],[-122.55676478376749,45.464555288898715],[-122.55680052324109,45.464556322154095],[-122.55683619264606,45.464558214775401],[-122.55687174976164,45.464560957942169],[-122.55690715416361,45.46456455480439],[-122.55694236542782,45.464568999691608],[-122.55697733953677,45.464574290713536],[-122.55701203786292,45.464580414639236],[-122.55704641818546,45.464587369578318],[-122.55708044008024,45.464595141669733],[-122.55711406851289,45.464603728393008],[-122.55714726395759,45.464613117777176],[-122.55717997970193,45.464623296591171],[-122.55720926028862,45.464633263712258]]]},"properties":{"OBJECTID":61,"DISSOLVEID":1513,"SITENAME":"Lincoln Memorial Park","ACREAGE":38.730537409999997,"TYPE":"Cemetery","Shape_Length":2266.8307085404763,"Shape_Area":318649.88607876195}},{"type":"Feature","id":62,"geometry":{"type":"MultiPolygon","coordinates":[[[[-122.54815400327283,45.461050559876313],[-122.55315156206541,45.461056720729019],[-122.55390376097867,45.461057629924134],[-122.55419535501819,45.461057980874685],[-122.55419516277874,45.460804183183932],[-122.55238240385789,45.460788707263077],[-122.55220498928422,45.460123975216142],[-122.55107836986558,45.460124372798653],[-122.55114110281514,45.459730984606722],[-122.55123125414379,45.459047720331448],[-122.55193081088308,45.459017679269685],[-122.55278892386329,45.459324514217556],[-122.55364722548973,45.459334963665796],[-122.55373670577686,45.459333299592544],[-122.55382564348155,45.459326183961899],[-122.55391337025726,45.459313670329585],[-122.55399922494391,45.459295853205965],[-122.55408256344946,45.459272866795672],[-122.55416275605486,45.459244883737966],[-122.55423920268554,45.459212114476621],[-122.55431132392813,45.4591748060001],[-122.55437858079345,45.459133239321432],[-122.55444046393673,45.459087725698076],[-122.55449650892901,45.459038610412783],[-122.55454629535869,45.458986260802121],[-122.55458944593335,45.458931071297478],[-122.55462563815782,45.458873458384851],[-122.55465459984261,45.458813854303969],[-122.55467611090039,45.458752707678734],[-122.55469000963447,45.458690479736809],[-122.5546961945352,45.458627638008849],[-122.55469461619523,45.458564655068265],[-122.55468528629271,45.458502006011081],[-122.55466827759112,45.458440161524628],[-122.5546437149563,45.458379586627473],[-122.55461178613615,45.458320738778752],[-122.55457272918422,45.458264059686833],[-122.5545268405446,45.458209975309039],[-122.55447446337362,45.458158893330875],[-122.55441599382841,45.458111198755113],[-122.55435186849016,45.458067249490767],[-122.55428257334746,45.458027376982692],[-122.55420862852486,45.457991881170521],[-122.55413059097781,45.457961029858168],[-122.55404904730618,45.457935053042632],[-122.55396461195771,45.457914147954341],[-122.55387791914286,45.457898472126118],[-122.55296579136295,45.457763129774911],[-122.55271622141073,45.457342158242326],[-122.55270249605148,45.457336342286467],[-122.55270217625126,45.457336206811831],[-122.55236282417796,45.457312589488012],[-122.55176000431668,45.457270632655479],[-122.55175867031845,45.457270539398451],[-122.55006613293209,45.457159836877409],[-122.55006211746274,45.456919534545243],[-122.54502824337649,45.456460422240212],[-122.54502822900344,45.456460507937102],[-122.54499525813758,45.456642353300388],[-122.54495598199672,45.456858973137415],[-122.5449012952572,45.457160586085813],[-122.54488303340575,45.457261305060022],[-122.54459693615746,45.457346626383057],[-122.54422378497159,45.457457908241466],[-122.54389107324484,45.457557128908491],[-122.54321760627634,45.457757962875526],[-122.54282044312293,45.45787639880335],[-122.54250269014233,45.457971152533382],[-122.54207599217899,45.45809839185393],[-122.54194792026726,45.458136582560257],[-122.54194063493031,45.458138754533834],[-122.54194103647723,45.458139217031224],[-122.54251582620671,45.458800758347358],[-122.54315301650912,45.459504678085473],[-122.54323469043641,45.459586662841865],[-122.54332630152743,45.459663270304645],[-122.54342713831636,45.459733906953282],[-122.54353641747238,45.459798022744266],[-122.54380014487347,45.459939324599262],[-122.5439354212738,45.460006082101408],[-122.54407769375355,45.460065201017549],[-122.54422609364187,45.460116319073705],[-122.54437971184366,45.460159125660873],[-122.54580528879221,45.460511575281551],[-122.54798963223706,45.461051898781243],[-122.54803727348985,45.461050413069323],[-122.54815400327283,45.461050559876313]]],[[[-122.54815534625415,45.461269026527091],[-122.5498636679384,45.461274718583539],[-122.54891382259463,45.461895989793341],[-122.54816215907726,45.462387663981083],[-122.54816256421746,45.462462973500784],[-122.54817092753277,45.464089249114934],[-122.54817149975959,45.464107524652157],[-122.54817298197983,45.464125776872002],[-122.54817537149847,45.464143981203016],[-122.5481786692139,45.46416211622396],[-122.54818286524458,45.464180159253566],[-122.54818795869225,45.464198087610463],[-122.54819394057373,45.464215880503637],[-122.54820080639745,45.464233513361684],[-122.54820854718024,45.464250969173818],[-122.54821715034572,45.464268225258792],[-122.54822660601239,45.46428525893549],[-122.54823690699375,45.464302045002704],[-122.54824804071339,45.464318573380027],[-122.54825998471341,45.464334813195869],[-122.54827273360394,45.464350752479874],[-122.54828626582537,45.464366366030866],[-122.54830056520805,45.464381639358223],[-122.54831561917558,45.464396550411024],[-122.54833140886333,45.464411080918524],[-122.54834790822018,45.46442521576018],[-122.54836510107639,45.464438934145107],[-122.54838296946571,45.464452220952758],[-122.54840148733697,45.464465059802585],[-122.54842063223228,45.464477436204099],[-122.54844037810055,45.464489335036731],[-122.54846070787374,45.464500738659879],[-122.54848159011084,45.464511634473105],[-122.54850300415059,45.46452200798592],[-122.54852491945027,45.464531850378187],[-122.54854731355196,45.464541144639199],[-122.54857015321807,45.464549885098975],[-122.54859341419403,45.464558056006929],[-122.54861706863211,45.46456564665268],[-122.54864108598956,45.46457265451641],[-122.54866543662196,45.464579062587362],[-122.54869008818999,45.464584870235768],[-122.54871502093069,45.4645900667512],[-122.54874019172495,45.464594644573431],[-122.54876557452161,45.46459859866237],[-122.54879113698136,45.464601926497998],[-122.54881684406983,45.464604621780104],[-122.54884267512581,45.464606683878763],[-122.54886859062347,45.464608107753705],[-122.54889456091831,45.464608892775026],[-122.54892055187445,45.464609033902448],[-122.55261179495389,45.464583696483473],[-122.55318342620684,45.464579703331424],[-122.55315156565867,45.461057094362204],[-122.55058848979506,45.461053981802237],[-122.55049505242908,45.461053867759041],[-122.54924920052115,45.461052333531576],[-122.54915770800777,45.461052220748499],[-122.54815400506946,45.461050973204152],[-122.54815534625415,45.461269026527091]]]]},"properties":{"OBJECTID":62,"DISSOLVEID":1514,"SITENAME":"Lincoln Memorial Park Cemetery","ACREAGE":117.42700958,"TYPE":"Cemetery","Shape_Length":6847.3518369607536,"Shape_Area":965980.12000930775}},{"type":"Feature","id":63,"geometry":{"type":"Polygon","coordinates":[[[-122.47645758745988,45.376215081070214],[-122.47726941564339,45.376329681810816],[-122.47727089067708,45.376329889416056],[-122.47721319547965,45.376709284535607],[-122.47721106108253,45.37672332208853],[-122.47720683181416,45.376750194470617],[-122.47834338120994,45.376811603488669],[-122.47834992364018,45.376770034188318],[-122.47840725232498,45.37640581420311],[-122.47846350662469,45.37607311142331],[-122.47764329266801,45.375935530187959],[-122.47734905308997,45.375886173408482],[-122.47728903305256,45.376220468721179],[-122.47446056700625,45.375822340881832],[-122.47445294210613,45.375849235777984],[-122.47444493182874,45.375876077024238],[-122.47532974453583,45.376000142530934],[-122.47537883207619,45.375995875555347],[-122.47547886397467,45.376009976387628],[-122.47553189511915,45.376017451480607],[-122.47557460012946,45.376034658830363],[-122.47570947677946,45.37605367216014],[-122.47638760600429,45.376149265615787],[-122.47647084120358,45.376160998188425],[-122.47645758745988,45.376215081070214]]]},"properties":{"OBJECTID":63,"DISSOLVEID":1531,"SITENAME":"Logan Pleasant View Cemetery","ACREAGE":2.41012096,"TYPE":"Cemetery","Shape_Length":1154.0422581006019,"Shape_Area":19769.216028026774}},{"type":"Feature","id":64,"geometry":{"type":"Polygon","coordinates":[[[-122.63924039638998,45.519229833832838],[-122.64104707371638,45.51923001825363],[-122.64517351821164,45.519237700353806],[-122.64517171708948,45.518894480970232],[-122.64517135417012,45.518825915017125],[-122.64517100472548,45.518757339539029],[-122.64517043249863,45.518647631440636],[-122.6451697776268,45.518524206584402],[-122.64516906526278,45.518387073692217],[-122.64516835289875,45.518249931653749],[-122.64516697218816,45.517986628350798],[-122.64516691559432,45.517975656645021],[-122.64516648440295,45.517893382316132],[-122.64516605141499,45.51781109905486],[-122.6451642997002,45.517476637209299],[-122.64516418202089,45.517454531829983],[-122.64546464512723,45.517455564744751],[-122.64546506014891,45.517400468376593],[-122.64546606356706,45.517263339040184],[-122.64546660614951,45.517189931295107],[-122.64516243659429,45.517119575008778],[-122.64510002254669,45.517105141179904],[-122.64502149182452,45.517085399855453],[-122.64494010984966,45.517072534598711],[-122.64485710012752,45.517066748096212],[-122.64387925160142,45.517063340901501],[-122.6438505800725,45.517063245855084],[-122.6438507498541,45.517038569652144],[-122.64238992031885,45.517033467354992],[-122.64239000655712,45.517022502387256],[-122.63940640954608,45.517012045381314],[-122.63931464304655,45.51701171932762],[-122.63925603516077,45.517025223487089],[-122.63925532369505,45.517124946071512],[-122.63924039638998,45.519229833832838]]]},"properties":{"OBJECTID":64,"DISSOLVEID":1533,"SITENAME":"Lone Fir Cemetery","ACREAGE":28.123210910000001,"TYPE":"Cemetery","Shape_Length":2070.0644946466296,"Shape_Area":231828.68493163938}},{"type":"Feature","id":65,"geometry":{"type":"Polygon","coordinates":[[[-122.85171587693208,45.371317064273832],[-122.8518092648907,45.371316320867557],[-122.85245129441749,45.371311164984959],[-122.85245107792352,45.371270025190128],[-122.8524501894897,45.371101921581392],[-122.85244918876649,45.37091267000438],[-122.85244790417562,45.370669359321219],[-122.85235766750702,45.370670085065719],[-122.85190261152682,45.370673739031297],[-122.85180588093701,45.37067451526233],[-122.85180646394362,45.370784428202789],[-122.8518072490712,45.3709325376443],[-122.85180797580826,45.371069758084303],[-122.85179108927755,45.371083974369938],[-122.85171498490499,45.371147807827526],[-122.85171571882859,45.371287274373273],[-122.85171575026962,45.371293099828861],[-122.85171587693208,45.371317064273832]]]},"properties":{"OBJECTID":65,"DISSOLVEID":1573,"SITENAME":"Maple Lane Cemetery","ACREAGE":0.92809153,"TYPE":"Cemetery","Shape_Length":360.62519340934671,"Shape_Area":7611.2172242423721}},{"type":"Feature","id":66,"geometry":{"type":"Polygon","coordinates":[[[-122.65732651487342,45.048864487366082],[-122.65731580785354,45.049623519443053],[-122.65966999397254,45.049624673244814],[-122.65967437056457,45.049076092459472],[-122.65967524821862,45.048966355108021],[-122.65967600460012,45.048872283564194],[-122.65949393495663,45.048871683173203],[-122.65732651487342,45.048864487366082]]]},"properties":{"OBJECTID":66,"DISSOLVEID":1576,"SITENAME":"Maple Wood Cemetery","ACREAGE":3.8442859600000001,"TYPE":"Cemetery","Shape_Length":761.76877506215135,"Shape_Area":31174.647445389081}},{"type":"Feature","id":67,"geometry":{"type":"Polygon","coordinates":[[[-122.74397395847258,45.34414505603425],[-122.74498910325266,45.34414273382572],[-122.74498802886758,45.343909596987963],[-122.74498576511307,45.343418638289847],[-122.74397063290941,45.343420961159474],[-122.74395896559049,45.343420988309113],[-122.74396229025537,45.344145083183498],[-122.74397395847258,45.34414505603425]]]},"properties":{"OBJECTID":67,"DISSOLVEID":1636,"SITENAME":"Meridian United Church of Christ Cemetery","ACREAGE":1.59999216,"TYPE":"Cemetery","Shape_Length":457.97781085339011,"Shape_Area":13108.945986177127}},{"type":"Feature","id":68,"geometry":{"type":"Polygon","coordinates":[[[-122.86796572758365,45.346671329533422],[-122.86918526244706,45.34684993308273],[-122.86918516992057,45.346947785607746],[-122.86944099124888,45.346947927029426],[-122.86944111611471,45.346840552515005],[-122.86965059066254,45.346840664263567],[-122.86965148089301,45.346041845577538],[-122.86965204413667,45.345747679847868],[-122.86805341483348,45.345746085663393],[-122.86803721820888,45.345793524155042],[-122.86802292780935,45.345841266922029],[-122.8680105580079,45.345889276082112],[-122.86799782438874,45.345943432103283],[-122.86798743986407,45.345997837458825],[-122.86797941521364,45.346052441008098],[-122.86797413042483,45.346096720567594],[-122.86796927772562,45.346148887619862],[-122.86796661332251,45.34620113417477],[-122.86796613631708,45.346253412880586],[-122.86796572758365,45.346671329533422]]]},"properties":{"OBJECTID":68,"DISSOLVEID":1646,"SITENAME":"Middleton Cemetery","ACREAGE":3.7842352400000001,"TYPE":"Cemetery","Shape_Length":721.39190831970154,"Shape_Area":31007.493637210267}},{"type":"Feature","id":69,"geometry":{"type":"Polygon","coordinates":[[[-122.64633928890531,45.453453885249651],[-122.64637743855877,45.453631896988135],[-122.64640921466533,45.453810528866306],[-122.64643459566537,45.453989666190601],[-122.64646766265099,45.45426138952282],[-122.64748429953274,45.45418268829544],[-122.6473557982263,45.453364856483965],[-122.64633928890531,45.453453885249651]]]},"properties":{"OBJECTID":69,"DISSOLVEID":1659,"SITENAME":"Milwaukie Pioneer Cemetery","ACREAGE":1.7831587799999999,"TYPE":"Cemetery","Shape_Length":487.44143965954697,"Shape_Area":14671.177626071976}},{"type":"Feature","id":70,"geometry":{"type":"Polygon","coordinates":[[[-122.49752644596153,45.264670718164339],[-122.49667662802464,45.264672917810074],[-122.49666923758481,45.265279682318322],[-122.4975233404856,45.265278721919891],[-122.49752644596153,45.264670718164339]]]},"properties":{"OBJECTID":70,"DISSOLVEID":1670,"SITENAME":"Moehnke Cemetery","ACREAGE":1.1150586600000001,"TYPE":"Cemetery","Shape_Length":381.81550873784232,"Shape_Area":9110.6868152988991}},{"type":"Feature","id":71,"geometry":{"type":"Polygon","coordinates":[[[-122.58919585647789,45.121628071372882],[-122.59068733293736,45.121631686881571],[-122.59086718913197,45.12003059437874],[-122.58920531214457,45.120026566117375],[-122.58919585647789,45.121628071372882]]]},"properties":{"OBJECTID":71,"DISSOLVEID":1676,"SITENAME":"Molalla Memorial Cemetery","ACREAGE":5.4548597299999999,"TYPE":"Cemetery","Shape_Length":857.07631390129927,"Shape_Area":44345.801070560934}},{"type":"Feature","id":72,"geometry":{"type":"Polygon","coordinates":[[[-122.2968646504321,45.518872418948938],[-122.29816085201345,45.518876425247953],[-122.29824305774341,45.518860567477532],[-122.29825101142693,45.51842360275802],[-122.29789754592218,45.518422428238935],[-122.29784684051597,45.518422258921866],[-122.29686753492248,45.518418982101593],[-122.29686517684486,45.518789129406109],[-122.2968646504321,45.518872418948938]]]},"properties":{"OBJECTID":72,"DISSOLVEID":1705,"SITENAME":"Mountain View Corbett Cemetery","ACREAGE":1.34135509,"TYPE":"Cemetery","Shape_Length":449.26329056914483,"Shape_Area":11057.428882984743}},{"type":"Feature","id":73,"geometry":{"type":"Polygon","coordinates":[[[-123.14154695476117,45.535848381510803],[-123.14156218749343,45.535850358571842],[-123.14159347311984,45.535768596153879],[-123.1416796161657,45.535543467149388],[-123.14176575921154,45.535318338502066],[-123.1418604353543,45.535070909137325],[-123.1419745869724,45.534772573129615],[-123.14206008502788,45.534549122125718],[-123.14105461869666,45.534361110411204],[-123.14102871936869,45.534356138052651],[-123.14062274553898,45.534278196180779],[-123.13881514025292,45.533930166005362],[-123.13831361801633,45.535241511724408],[-123.13842028397313,45.535261533613074],[-123.13866452961068,45.535307380244099],[-123.13882073765545,45.535336700422405],[-123.13897694570019,45.535366021214664],[-123.13913315284665,45.535395341362431],[-123.1393906351599,45.535443670240291],[-123.13959035490207,45.535481156632763],[-123.14015373243419,45.535586898529708],[-123.14076763660779,45.535702120330406],[-123.14154695476117,45.535848381510803]]]},"properties":{"OBJECTID":73,"DISSOLVEID":1706,"SITENAME":"Mountain View Memorial Gardens","ACREAGE":9.7441167800000006,"TYPE":"Cemetery","Shape_Length":1178.5752276864,"Shape_Area":80371.475793636171}},{"type":"Feature","id":74,"geometry":{"type":"Polygon","coordinates":[[[-122.94499069993034,45.393165682330491],[-122.94519777777302,45.393353347335022],[-122.94692932270397,45.393345183776127],[-122.94692700594882,45.393112310839221],[-122.94794178780957,45.393111119828951],[-122.94797434994197,45.391475262451934],[-122.945571601797,45.39296424624311],[-122.94555984823984,45.392971459822107],[-122.94554796712191,45.392978568051049],[-122.94553595934148,45.392985569668269],[-122.94552383118683,45.392992467197196],[-122.94551157906469,45.392999256222005],[-122.94549920566996,45.39300593548105],[-122.94549915177103,45.393005965130236],[-122.94548665710374,45.3930125295769],[-122.94547404565549,45.393018982996288],[-122.94546131922283,45.393025322865057],[-122.94544848229742,45.393031551075744],[-122.94543553398093,45.393037664474193],[-122.94542247786659,45.393043661798821],[-122.94542241767947,45.393043690186296],[-122.94540924478413,45.393049572698779],[-122.94539596948087,45.393055337245016],[-122.94538258997304,45.393060983194168],[-122.94536910805725,45.393066510546355],[-122.94535552642847,45.393071917408989],[-122.94534185047659,45.393077201889731],[-122.94534177501811,45.393077228384705],[-122.94534170045792,45.393077256141318],[-122.94534162499946,45.39307728326709],[-122.94532793197958,45.3930824176093],[-122.94531415002649,45.393087430200431],[-122.94530027824187,45.393092320409771],[-122.94528624835375,45.3930971065314],[-122.94527213402401,45.393101766486282],[-122.94525793704925,45.393106300905252],[-122.94525789213351,45.393106315414407],[-122.94524361700532,45.393110723035804],[-122.9452292637237,45.393115003859698],[-122.94521483498363,45.3931191566245],[-122.9452003873789,45.39312316429767],[-122.94518586701066,45.393127043280948],[-122.94517128106538,45.393130793574372],[-122.94517122626814,45.393130808083463],[-122.94517117326754,45.393130821961755],[-122.94517111936864,45.393130836470888],[-122.94517104930004,45.393130855395832],[-122.94515634028558,45.393134486461854],[-122.94514156659241,45.39313798694549],[-122.9451267309155,45.393141354954345],[-122.94511185840766,45.393144588595895],[-122.94509692840764,45.393147688501067],[-122.945081945407,45.393150655300616],[-122.94508188162661,45.393150667917276],[-122.94508181245634,45.393150682426345],[-122.94506674231914,45.39315351801288],[-122.94505162277457,45.39315621923221],[-122.94503645651766,45.393158785453551],[-122.94502124534492,45.393161219831036],[-122.94500599195142,45.393163519841409],[-122.94499069993034,45.393165682330491]]]},"properties":{"OBJECTID":74,"DISSOLVEID":1710,"SITENAME":"Mountainside Cemetery","ACREAGE":5.5302987100000003,"TYPE":"Cemetery","Shape_Length":1069.3179685433822,"Shape_Area":45388.463274226306}},{"type":"Feature","id":75,"geometry":{"type":"Polygon","coordinates":[[[-122.58735506832353,45.343733272292383],[-122.58828853288807,45.343732397196014],[-122.59116620056082,45.343729656995208],[-122.59116690304337,45.342983843906026],[-122.59116783639294,45.34199574560612],[-122.591638462872,45.341995703302175],[-122.59163700131303,45.342961559587373],[-122.59211097042322,45.342952921522951],[-122.5925888166622,45.342944210215734],[-122.593070554403,45.342935425665786],[-122.59307153356663,45.342642150476891],[-122.59307232857566,45.342406704753138],[-122.59307369940481,45.341995562499541],[-122.59307603143127,45.341294421561187],[-122.59277771440013,45.341294741685985],[-122.59224067547214,45.341295335211221],[-122.59187580765149,45.341295725422519],[-122.59170685341117,45.341295930630707],[-122.59116895928706,45.341296498899531],[-122.5911691326619,45.340872164017746],[-122.59116922339174,45.340644455264467],[-122.5911693213081,45.340430518750239],[-122.59116937520703,45.34037566163024],[-122.59116941652954,45.340326376113161],[-122.59116981178826,45.339913631349319],[-122.59117018189417,45.339520043049419],[-122.59117021153857,45.339491650808618],[-122.59117033820102,45.339491603451357],[-122.59082659695923,45.339494872995559],[-122.59148267523879,45.33925216218023],[-122.59129927249542,45.33901126759536],[-122.5911158706504,45.338770363776867],[-122.59047955620539,45.339007184734484],[-122.59008406571505,45.338487028629302],[-122.58989944755113,45.338240959895309],[-122.58989307310586,45.338232470762868],[-122.58976276169413,45.338281244107648],[-122.58948106798732,45.338386672334181],[-122.58649207659303,45.339505288431141],[-122.58644228746839,45.33950540524566],[-122.58637027761691,45.341351476357922],[-122.58641604228907,45.342561114050739],[-122.58644955933063,45.34344702540448],[-122.5864605376417,45.34373727399548],[-122.58653829132113,45.343735623561329],[-122.58735506832353,45.343733272292383]]]},"properties":{"OBJECTID":75,"DISSOLVEID":1711,"SITENAME":"Mountainview Cemetery","ACREAGE":55.914527890000002,"TYPE":"Cemetery","Shape_Length":3452.9035275271408,"Shape_Area":458076.44336217706}},{"type":"Feature","id":76,"geometry":{"type":"MultiPolygon","coordinates":[[[[-122.73360936381104,45.521147634919188],[-122.73360908892657,45.521312191563084],[-122.73360626372501,45.523069111668434],[-122.73618137881006,45.52307805892638],[-122.73873406655568,45.523086799746515],[-122.74128570417078,45.523095784134988],[-122.74128702199928,45.522905983823769],[-122.74128950584107,45.522549439444653],[-122.74129046973336,45.522412305663224],[-122.7416206194649,45.521723533233114],[-122.74186953005372,45.521204227479245],[-122.74188159981786,45.521177805876164],[-122.74178434371365,45.521152544875982],[-122.74169043832541,45.521121637505935],[-122.74160055649133,45.521085304676852],[-122.74151533691359,45.521043786180307],[-122.74143536709038,45.520997403000216],[-122.74136121026535,45.520946450314696],[-122.74075112572835,45.520490591853651],[-122.74068641828181,45.520446404224906],[-122.74061631016376,45.520406498432884],[-122.74054137629602,45.520371187303283],[-122.74046221765153,45.520340774849728],[-122.74037949718689,45.520315490814959],[-122.74029386258748,45.520295547317211],[-122.740206025319,45.520281110526575],[-122.74011669415222,45.520272293111859],[-122.74002660121404,45.520269161793195],[-122.73938783975822,45.520267237684365],[-122.73920387736446,45.520263585213222],[-122.7390203623317,45.520253739967643],[-122.73883773034287,45.520237729009004],[-122.73865640630108,45.520215589467377],[-122.73847678995664,45.520187375464907],[-122.73829930441607,45.520153134198324],[-122.7374361752433,45.519970601875983],[-122.7362567312927,45.519721161981458],[-122.7361865252583,45.519706316551783],[-122.73523055520094,45.519504123499054],[-122.73430852798658,45.519309130302624],[-122.73361141286824,45.519161671119249],[-122.73361146317387,45.519190295390338],[-122.73361200934956,45.519502023756033],[-122.73361156827676,45.519776296359929],[-122.73361112720394,45.520050560703339],[-122.73388339578678,45.520366422042549],[-122.73409415762043,45.520517450588613],[-122.73409356563069,45.520887721298614],[-122.73360978062935,45.520887081194864],[-122.73360936381104,45.521147634919188]]],[[[-122.73323745050364,45.518058136049547],[-122.73329432913249,45.51810600900761],[-122.73334392062775,45.518157740987505],[-122.73338567791544,45.518212776188513],[-122.73361032680505,45.518549448622906],[-122.73376256249961,45.518777598925162],[-122.73380588824575,45.518835385374125],[-122.73385664755088,45.518890091981312],[-122.73391441281692,45.518941259904409],[-122.73397866751256,45.518988439743438],[-122.7340488825301,45.519031219235387],[-122.73412442904888,45.519069240877329],[-122.73420466746839,45.519102174860777],[-122.73428890698415,45.519129729771585],[-122.73437642085914,45.519151666436741],[-122.73576059715117,45.519444382128903],[-122.73589012882526,45.519469307785847],[-122.7360212577039,45.51948962922819],[-122.73615367746163,45.519505308066257],[-122.7368643409711,45.519506210024197],[-122.73686433378457,45.519481978003981],[-122.73701702312836,45.519465133473929],[-122.73716804430067,45.519442038168663],[-122.73731687627864,45.519412765093179],[-122.73746302229389,45.519377413686399],[-122.73760596312022,45.519336102897434],[-122.73872455429515,45.518985640689856],[-122.74056016006864,45.518410492958324],[-122.74076065326025,45.51834419174245],[-122.7409571444573,45.518272207296953],[-122.74114927882519,45.518194645344892],[-122.74133676710647,45.518111637415075],[-122.74151928231433,45.518023325106547],[-122.74169651003841,45.517929850017659],[-122.74186817449595,45.517831378923717],[-122.74203398732773,45.517728070417213],[-122.74219366107286,45.517620084349353],[-122.74305595301574,45.517012701265323],[-122.74321022159781,45.516908014652138],[-122.74336994025872,45.516807442555859],[-122.74353489789431,45.516711134807821],[-122.74370484297641,45.516619229279875],[-122.74387145800372,45.516535724905758],[-122.74387080403021,45.51590741443777],[-122.74387073845318,45.515841918499618],[-122.74385193312101,45.51584236730482],[-122.74366216401727,45.51584922401566],[-122.74347284586774,45.515860698445287],[-122.74328419696316,45.515876795626511],[-122.74309647152664,45.515897482823462],[-122.74290987437415,45.515922739258933],[-122.74279486127169,45.515939774316642],[-122.74277196321509,45.515943236971758],[-122.74262854717999,45.515968325321182],[-122.74248732213584,45.515998942194273],[-122.7423487057993,45.516034999457879],[-122.74221314193809,45.516076370580556],[-122.74208102221768,45.516122940359928],[-122.74195276435468,45.516174565896442],[-122.7412678133236,45.516468190899673],[-122.74110517513802,45.516534133020215],[-122.74093815227556,45.516594407478806],[-122.74076713460505,45.516648873296575],[-122.74059254163966,45.516697413412487],[-122.74041477672303,45.516739893139579],[-122.73906967534921,45.517035762948169],[-122.73898278221009,45.517054874843261],[-122.7388514628886,45.517087121391391],[-122.7387234278078,45.517125353323053],[-122.73859924560124,45.517169415153042],[-122.73847944627494,45.517219116145831],[-122.73836453468212,45.517274231574888],[-122.73784507129264,45.517541386615676],[-122.73770150523889,45.51761284830166],[-122.73755488311652,45.517681173398643],[-122.7374053297914,45.517746278832178],[-122.73701495610491,45.517910438807583],[-122.73694806844715,45.517934595972207],[-122.7368773234236,45.517952491490298],[-122.73680388794575,45.517963841492012],[-122.73672896934937,45.517968441414439],[-122.73665384683542,45.517966231462729],[-122.73657975019754,45.517957231778013],[-122.73650792809393,45.51794159845744],[-122.73643955552102,45.517919605930018],[-122.73637579939034,45.517891600378888],[-122.73511550347094,45.517255055550905],[-122.73492950010481,45.517165127999725],[-122.73473838532476,45.517080673342129],[-122.73454247354107,45.517001838893464],[-122.73434210162199,45.516928744272434],[-122.73413762080882,45.516861525462474],[-122.73392936796978,45.516800294526597],[-122.73381758341246,45.516769314896877],[-122.73371354682445,45.516743576053074],[-122.73360707670034,45.516723366920047],[-122.73348780019356,45.516707636950741],[-122.73336708009408,45.516698830935603],[-122.73324575003856,45.516697003640047],[-122.73312460683262,45.51670218464902],[-122.73300447962123,45.516714313533278],[-122.73288617239663,45.516733338043984],[-122.73277048645602,45.516759098923274],[-122.73265818357078,45.516791455165126],[-122.73255003539373,45.516830157496258],[-122.73244676327204,45.516874967342545],[-122.73183173261108,45.517166950873936],[-122.73170433353748,45.517224111420497],[-122.73157286868893,45.517276543523749],[-122.73143771715442,45.517324114384323],[-122.73129923197189,45.517366681130959],[-122.73115134951321,45.517408962707762],[-122.73116292879722,45.517470660656805],[-122.73118443087185,45.517531031675681],[-122.73121559432737,45.517589288967642],[-122.73125599246401,45.517644665881264],[-122.73130512222522,45.517696444234367],[-122.73136231795935,45.517743951796071],[-122.73142683765802,45.517786564174109],[-122.73149785217618,45.517823729991775],[-122.73157443535078,45.517854954521709],[-122.73165557028892,45.517879853187559],[-122.7317402338095,45.517898075401021],[-122.73182727696728,45.517909400865662],[-122.73191560471589,45.517913671596915],[-122.73200403756742,45.517910846053439],[-122.73209143645802,45.517900938711364],[-122.73241109207041,45.517851429669868],[-122.73249853497849,45.517841026320177],[-122.7325870253222,45.517836714040541],[-122.73267567915924,45.517838538151842],[-122.73276366464975,45.517846477882138],[-122.73285010773292,45.517860460843359],[-122.7329341711789,45.517880341631034],[-122.73301505369045,45.517905945884777],[-122.73309196295349,45.517937009862699],[-122.73316414707816,45.51797324338559],[-122.7332309242431,45.518014289553157],[-122.73317386684951,45.518014624413119],[-122.73323745050364,45.518058136049547]]],[[[-122.73800705460636,45.519507658947489],[-122.73776309642972,45.519584110054303],[-122.73763861777911,45.519620803879981],[-122.73751193466279,45.519653543679937],[-122.73738330040568,45.519682288548957],[-122.73725298270573,45.519706961704294],[-122.73724647620814,45.519714739410716],[-122.7372419945132,45.519723189333362],[-122.73723962924902,45.519732057187483],[-122.73723948551859,45.519741071064864],[-122.73724156422016,45.519749969128206],[-122.73724578001378,45.519758483875428],[-122.73820128384553,45.519960560831279],[-122.73836663134998,45.519995525411581],[-122.73853330297116,45.520027672715401],[-122.73870196705565,45.520054173535264],[-122.7388722508026,45.520074971231942],[-122.73904375356338,45.520090001611756],[-122.73921609175737,45.520099245796864],[-122.73938885395617,45.520102683648929],[-122.74002761361535,45.520104608392813],[-122.74013877384357,45.520108463545135],[-122.74024900701039,45.520119348605519],[-122.74035738874943,45.520137165381691],[-122.74046304230494,45.520161767843398],[-122.74056512685382,45.520192967158287],[-122.74066278809826,45.52023049896264],[-122.74075525797866,45.520274064273693],[-122.74084176663882,45.520323300537157],[-122.74092160800298,45.520377823798327],[-122.74119279231925,45.520580456814116],[-122.74153169253998,45.520833690096495],[-122.74160316070734,45.520882039669502],[-122.74168106889699,45.520925186552169],[-122.74176468318534,45.520962694580156],[-122.74185316993574,45.520994202487664],[-122.74194564610437,45.521019394324682],[-122.74204121876575,45.521038026521076],[-122.74213895816362,45.521049910262732],[-122.7428957654343,45.521115024386511],[-122.74367415742462,45.520329146498753],[-122.74367948084098,45.519514992940891],[-122.74367948353593,45.519514680748962],[-122.74368039442763,45.519377572300442],[-122.74387250633768,45.51937780392727],[-122.74387393016738,45.518920693417321],[-122.74387173827807,45.516805353412842],[-122.74371610874836,45.516890181117255],[-122.74356495462541,45.516978918822439],[-122.74341847533519,45.517071449432848],[-122.74327686311717,45.517167650817314],[-122.74315237817835,45.51725742478002],[-122.7430304597263,45.517348921386308],[-122.74288840194392,45.517460628607623],[-122.74275016379811,45.5175746796453],[-122.74256823878339,45.517716986620748],[-122.74237955753944,45.517854878359714],[-122.74218433745851,45.51798819753558],[-122.74198280132283,45.518116789339814],[-122.74181064818178,45.518209929259363],[-122.7416336674944,45.518298486124372],[-122.74145210629739,45.518382338476165],[-122.74126621881393,45.518461366114387],[-122.7410762637589,45.518535462056249],[-122.74089832636574,45.51859911881359],[-122.74071737961641,45.518658449434774],[-122.73872474653461,45.519282802852267],[-122.73851422005957,45.519348755521747],[-122.73800705460636,45.519507658947489]]]]},"properties":{"OBJECTID":76,"DISSOLVEID":1712,"SITENAME":"Mt Calvary Cemetery","ACREAGE":120.36528015,"TYPE":"Cemetery","Shape_Length":8601.2244637649037,"Shape_Area":992267.50030310708}},{"type":"Feature","id":77,"geometry":{"type":"MultiPolygon","coordinates":[[[[-122.9914599836392,45.410360548157172],[-122.99237106847509,45.410389922059821],[-122.99237613946487,45.409074939044686],[-122.99333000117629,45.409105707359394],[-122.99333190919793,45.408608798413688],[-122.99247935589104,45.40858129664209],[-122.99248113545359,45.408553888194653],[-122.99220490709699,45.408544985806984],[-122.99146706865184,45.408521204265931],[-122.99146696175237,45.408548657506039],[-122.9914599836392,45.410360548157172]]],[[[-123.13939499019239,45.473725404357594],[-123.14024875442831,45.473726296970185],[-123.14025718960885,45.473704670796266],[-123.14036159540441,45.473436742027658],[-123.14039580774202,45.473352322553964],[-123.14043243115782,45.473268410052626],[-123.14047027628244,45.473187479549509],[-123.13939612296795,45.47318636708026],[-123.13939499019239,45.473725404357594]]]]},"properties":{"OBJECTID":77,"DISSOLVEID":1719,"SITENAME":"Mt Olive Cemetery","ACREAGE":5.7387227999999997,"TYPE":"Cemetery","Shape_Length":1388.3715640964792,"Shape_Area":47146.668774784514}},{"type":"Feature","id":78,"geometry":{"type":"Polygon","coordinates":[[[-122.95864275932415,45.693250224701131],[-122.95863848603837,45.694058611596603],[-122.95979986127533,45.69407153044709],[-122.95979788857497,45.693262151076489],[-122.95864275932415,45.693250224701131]]]},"properties":{"OBJECTID":78,"DISSOLVEID":1729,"SITENAME":"Mt View Cemetery","ACREAGE":2.00397325,"TYPE":"Cemetery","Shape_Length":515.72800517755149,"Shape_Area":16621.683378291829}},{"type":"Feature","id":79,"geometry":{"type":"Polygon","coordinates":[[[-122.39420660576069,45.519497566207797],[-122.39462746467466,45.519498818752453],[-122.39463135078657,45.519469456958326],[-122.39466185487868,45.519239011440533],[-122.39467431720662,45.519145144352095],[-122.39468714155559,45.519047148082763],[-122.39381940851703,45.519046395291049],[-122.39364021168585,45.519060635388676],[-122.39358472275075,45.519495710679287],[-122.39395322246008,45.519496819716323],[-122.39420660576069,45.519497566207797]]]},"properties":{"OBJECTID":79,"DISSOLVEID":1730,"SITENAME":"Mountain View Stark Cemetery","ACREAGE":1.0066766700000001,"TYPE":"Cemetery","Shape_Length":374.21510755573024,"Shape_Area":8298.7222835073553}},{"type":"Feature","id":80,"geometry":{"type":"Polygon","coordinates":[[[-122.5789624257293,45.490160709350675],[-122.57899642786113,45.490160669676619],[-122.5789961035693,45.490178057003135],[-122.58140573999586,45.490174861665089],[-122.58140998992546,45.48993771594013],[-122.58141393352956,45.489718389325198],[-122.58141565021006,45.489622395444421],[-122.58141589185688,45.489608726642111],[-122.58141738395855,45.489526490195452],[-122.58141786365893,45.489499063745463],[-122.58141983546098,45.489389400635346],[-122.5814218063647,45.489279737311733],[-122.58142377816675,45.489170064957968],[-122.5814257499688,45.489060401837037],[-122.58142648209575,45.489019270318359],[-122.58142772087254,45.48895073913237],[-122.58142969267459,45.48884107558446],[-122.581432144177,45.488703994432349],[-122.58143460825582,45.488566913576356],[-122.58143559370768,45.488512059728528],[-122.58143707053803,45.488429833016561],[-122.58143758527265,45.488401035659152],[-122.58110976487268,45.488401185543751],[-122.58089163415876,45.488401285676737],[-122.58089111133926,45.488430085553041],[-122.5808716178976,45.48843008807215],[-122.58071563353334,45.488430160495298],[-122.5806961589563,45.488430171201379],[-122.5806966835724,45.488401375103649],[-122.58034608459177,45.488401535064547],[-122.58015326211432,45.488259744691504],[-122.57901788232506,45.488260818447287],[-122.57899837630698,45.488260739726165],[-122.57899524927147,45.488430930700225],[-122.5789624257293,45.490160709350675]]]},"properties":{"OBJECTID":80,"DISSOLVEID":1737,"SITENAME":"Multnomah Park Cemetery","ACREAGE":9.6736440699999999,"TYPE":"Cemetery","Shape_Length":1148.5221248696134,"Shape_Area":79662.248534630155}},{"type":"Feature","id":81,"geometry":{"type":"Polygon","coordinates":[[[-122.75905594984746,45.503403227610164],[-122.75973375657711,45.503414273301772],[-122.75971347531294,45.503301023380018],[-122.75966924945486,45.503054046267096],[-122.75962523380259,45.502807337542123],[-122.75962910374481,45.502806994406797],[-122.7595896703988,45.502586574541127],[-122.75956825007086,45.502466839861491],[-122.75955023705276,45.502366153812531],[-122.75951080550338,45.502145733480155],[-122.75950739639686,45.50212668514984],[-122.75947137215735,45.50192531417369],[-122.75944654451951,45.5017865302719],[-122.7594319442012,45.501704910374293],[-122.75942807066572,45.501705235887052],[-122.75938669156878,45.501473929968796],[-122.75929346800186,45.500952812903513],[-122.75926678893623,45.500869237432703],[-122.7589547842751,45.500867419697265],[-122.75844472085679,45.500864447224288],[-122.75874922099203,45.502532051670975],[-122.75826270690885,45.502535365933646],[-122.75827223893236,45.503104925750158],[-122.75885728382912,45.503114464861071],[-122.75885906518833,45.503251950399914],[-122.75901503787449,45.503254492729269],[-122.75901695757425,45.503402591714696],[-122.75905594984746,45.503403227610164]]]},"properties":{"OBJECTID":81,"DISSOLVEID":1750,"SITENAME":"Neveh Zedek Cemetery","ACREAGE":5.1490163799999999,"TYPE":"Cemetery","Shape_Length":1119.3301888720728,"Shape_Area":42421.392759084098}},{"type":"Feature","id":82,"geometry":{"type":"Polygon","coordinates":[[[-122.72287707522902,45.231190787312102],[-122.72359324990275,45.231189929456882],[-122.72359019832572,45.230683878659256],[-122.72287402904189,45.230684727665114],[-122.72287707522902,45.231190787312102]]]},"properties":{"OBJECTID":82,"DISSOLVEID":1795,"SITENAME":"Norwegian Cemetery","ACREAGE":0.78144084999999996,"TYPE":"Cemetery","Shape_Length":319.43166833169914,"Shape_Area":6377.2482424866193}},{"type":"Feature","id":83,"geometry":{"type":"Polygon","coordinates":[[[-122.9335844458148,45.49822885344674],[-122.93358473327569,45.498287350469489],[-122.93367886593769,45.498258286770017],[-122.93367639107906,45.498151446472036],[-122.93396715866858,45.498160623739174],[-122.93426080086697,45.498169891045947],[-122.93425837182242,45.498065025820985],[-122.93370447151655,45.497996686354107],[-122.93370323184143,45.49799828631992],[-122.9337019607253,45.497999874951766],[-122.93370066086311,45.498001450990436],[-122.93369933135648,45.498003015065457],[-122.93369797040883,45.498004567176935],[-122.93369658251174,45.498006105435856],[-122.93369641273011,45.498006303149047],[-122.93369497901894,45.498007842037588],[-122.93369351566334,45.498009367073522],[-122.93369202356165,45.498010877627287],[-122.93369050271386,45.498012374958158],[-122.93368895491665,45.498013857806804],[-122.93368737837332,45.49801532554357],[-122.93368727057549,45.498015428178107],[-122.93368567157428,45.49801687324711],[-122.93368404382697,45.498018301944882],[-122.93368239092685,45.498019716160492],[-122.93368071107727,45.49802111463454],[-122.93367900337994,45.498022496737448],[-122.93367727142805,45.498023863098801],[-122.93367710434143,45.498024000994249],[-122.93367534544008,45.498025347206443],[-122.93367356138594,45.498026676417851],[-122.93367175307726,45.498027988628358],[-122.93366991871746,45.498029284467741],[-122.93366806100144,45.498030562676554],[-122.9336661781326,45.498031823254905],[-122.93366597960494,45.498031963669021],[-122.93366403834563,45.498033226765976],[-122.93366207103513,45.498034472232469],[-122.9336600821651,45.49803569943878],[-122.93365806904052,45.498036906495948],[-122.93365603345812,45.498038095292991],[-122.9336539754178,45.498039263940932],[-122.93365193444546,45.498040389142325],[-122.93364987191359,45.498041494194588],[-122.93364778872044,45.498042580986713],[-122.93364568486604,45.498043647629714],[-122.9336435612487,45.498044694123571],[-122.93364141786843,45.49804572109803],[-122.93364115915364,45.498045850807848],[-122.93363897804412,45.498046863929723],[-122.93363677627336,45.498047856902517],[-122.9336345574346,45.498048828466835],[-122.93363231973123,45.498049779252412],[-122.93363006316324,45.498050709259239],[-122.93362778952728,45.498051618487267],[-122.93362762872881,45.498051686490449],[-122.93362534610971,45.498052567383787],[-122.93362304642257,45.49805342749837],[-122.93362073056575,45.49805426494521],[-122.9336184003359,45.498055081613252],[-122.93361605303808,45.498055876872883],[-122.93361369226551,45.498056648835139],[-122.93361346768667,45.498056727542519],[-122.93361109613434,45.498057473688718],[-122.93360871020896,45.498058197167161],[-122.93360631080881,45.498058897977863],[-122.93360389883229,45.498059577380161],[-122.93360147248269,45.498060234114703],[-122.93359903535334,45.498060867551828],[-122.93359877124863,45.498060941221979],[-122.93359627572877,45.498061561436266],[-122.93359376942912,45.498062158353193],[-122.9335912514514,45.498062730083682],[-122.93358872269388,45.498063278516817],[-122.93358618495319,45.498063802393233],[-122.93358363553439,45.498064302972296],[-122.9335844458148,45.49822885344674]]]},"properties":{"OBJECTID":83,"DISSOLVEID":1796,"SITENAME":"NW Stewart Cemetery","ACREAGE":0.20826437,"TYPE":"Cemetery","Shape_Length":225.92782372799894,"Shape_Area":1715.5983341824899}},{"type":"Feature","id":84,"geometry":{"type":"Polygon","coordinates":[[[-122.73708567148407,45.230061768415453],[-122.73777079050014,45.230059017024203],[-122.73777077522877,45.229940366076249],[-122.73777072402478,45.229579039244186],[-122.73708562477167,45.229581790658628],[-122.73708567148407,45.230061768415453]]]},"properties":{"OBJECTID":84,"DISSOLVEID":1813,"SITENAME":"International Organization of Odd Fellows Cemetery - Aurora","ACREAGE":0.70903516,"TYPE":"Cemetery","Shape_Length":304.26968049445651,"Shape_Area":5786.1260258827124}},{"type":"Feature","id":85,"geometry":{"type":"Polygon","coordinates":[[[-122.32824036707534,45.297868939896233],[-122.32857067760531,45.297873050998206],[-122.32857492124673,45.297585065246899],[-122.32824462508978,45.297580954124051],[-122.32824036707534,45.297868939896233]]]},"properties":{"OBJECTID":85,"DISSOLVEID":1814,"SITENAME":"Philip E Linn Pioneer Cemetery","ACREAGE":0.20489857,"TYPE":"Cemetery","Shape_Length":164.7046239959142,"Shape_Area":1676.0604770900115}},{"type":"Feature","id":86,"geometry":{"type":"Polygon","coordinates":[[[-122.68506904026579,45.401101712807375],[-122.68552325362627,45.401103833363678],[-122.68554027759922,45.399116082171645],[-122.68316961368295,45.401092492612456],[-122.68424984769358,45.40109788230793],[-122.68506904026579,45.401101712807375]]]},"properties":{"OBJECTID":86,"DISSOLVEID":1861,"SITENAME":"Oswego Pioneer Cemetery","ACREAGE":5.0295219400000004,"TYPE":"Cemetery","Shape_Length":986.82322287695081,"Shape_Area":41289.731539598943}},{"type":"Feature","id":87,"geometry":{"type":"Polygon","coordinates":[[[-122.76370092707754,45.476729327262184],[-122.76370112470693,45.477010553199527],[-122.76370118579236,45.477098209885298],[-122.76370196463169,45.478201295774767],[-122.76427531436181,45.477533170495775],[-122.76427468733773,45.476656587260727],[-122.76371653171236,45.476652077187339],[-122.76370092707754,45.476729327262184]]]},"properties":{"OBJECTID":87,"DISSOLVEID":1894,"SITENAME":"Patton Cemetery","ACREAGE":1.49303162,"TYPE":"Cemetery","Shape_Length":571.16750726538464,"Shape_Area":12289.937719348827}},{"type":"Feature","id":88,"geometry":{"type":"Polygon","coordinates":[[[-122.87257746624991,45.586228635719529],[-122.87345353475602,45.586222741914341],[-122.87345779546543,45.58567080742035],[-122.87270340915441,45.585666131307484],[-122.87263462155984,45.585925124379862],[-122.87257746624991,45.586228635719529]]]},"properties":{"OBJECTID":88,"DISSOLVEID":1926,"SITENAME":"Phillips Cemetery","ACREAGE":0.97987102999999998,"TYPE":"Cemetery","Shape_Length":359.90124618714583,"Shape_Area":8096.6676626939125}},{"type":"Feature","id":89,"geometry":{"type":"Polygon","coordinates":[[[-122.33700818655642,45.463566786254873],[-122.33751860750422,45.463572801922325],[-122.33751884555777,45.463339192821969],[-122.33752029543865,45.461930758575214],[-122.33695490029039,45.46193493841357],[-122.33700818655642,45.463566786254873]]]},"properties":{"OBJECTID":89,"DISSOLVEID":1940,"SITENAME":"Pleasant Home Cemetery","ACREAGE":1.8908783199999999,"TYPE":"Cemetery","Shape_Length":639.4596033969849,"Shape_Area":15556.907096046982}},{"type":"Feature","id":90,"geometry":{"type":"Polygon","coordinates":[[[-122.54815554298523,45.461301384417354],[-122.54816215907726,45.462387663981083],[-122.54891382259463,45.461895989793341],[-122.5498636679384,45.461274718583539],[-122.54815534625415,45.461269026527091],[-122.54815554298523,45.461301384417354]]]},"properties":{"OBJECTID":90,"DISSOLVEID":1950,"SITENAME":"Portland Chinese Cemetery","ACREAGE":2.05189705,"TYPE":"Cemetery","Shape_Length":626.71136519301945,"Shape_Area":16881.046589949372}},{"type":"Feature","id":91,"geometry":{"type":"Polygon","coordinates":[[[-122.61126716925961,45.549492466253064],[-122.61125395055019,45.55054217714823],[-122.61137104864241,45.550542547042625],[-122.61176921251906,45.550543802670411],[-122.61177032822664,45.550456037615987],[-122.61177205389029,45.550318907707421],[-122.61177377955397,45.550181786271288],[-122.61177550521762,45.55004465632264],[-122.61177723088129,45.549907526039476],[-122.61177895654497,45.549770404857924],[-122.61178068220862,45.549633274534692],[-122.61178242134702,45.549496143876894],[-122.61138427004676,45.549493304192715],[-122.61126716925961,45.549492466253064]]]},"properties":{"OBJECTID":91,"DISSOLVEID":1960,"SITENAME":"Portland Japanese Cemetery","ACREAGE":1.1587064300000001,"TYPE":"Cemetery","Shape_Length":448.13664040807373,"Shape_Area":9562.3119484567578}},{"type":"Feature","id":92,"geometry":{"type":"Polygon","coordinates":[[[-122.27733254348024,45.526131333336401],[-122.27902431729864,45.526122419290004],[-122.2790117327998,45.524896077479383],[-122.27802192769725,45.524901090953264],[-122.27795912288251,45.524957127161137],[-122.27757771707749,45.525839374296659],[-122.27733254348024,45.526131333336401]]]},"properties":{"OBJECTID":92,"DISSOLVEID":1970,"SITENAME":"Pounder Cemetery","ACREAGE":3.4566576499999999,"TYPE":"Cemetery","Shape_Length":704.99909189447044,"Shape_Area":28501.802777639557}},{"type":"Feature","id":93,"geometry":{"type":"Polygon","coordinates":[[[-122.53747510785632,45.556500260763492],[-122.5366589192504,45.556490490422213],[-122.5366464461427,45.557000792074383],[-122.53746107796822,45.557074056661634],[-122.53747510785632,45.556500260763492]]]},"properties":{"OBJECTID":93,"DISSOLVEID":1972,"SITENAME":"Powell Grove Cemetery","ACREAGE":0.94881386000000001,"TYPE":"Cemetery","Shape_Length":354.67750686156285,"Shape_Area":7832.0182671161565}},{"type":"Feature","id":94,"geometry":{"type":"MultiPolygon","coordinates":[[[[-122.49994244156197,45.172435149552712],[-122.49997632242125,45.172435357905243],[-122.50022473264843,45.172436886034596],[-122.50050702463322,45.172438619983268],[-122.50051202824936,45.172031039266422],[-122.4999474496697,45.172027568811025],[-122.49994244156197,45.172435149552712]]],[[[-122.47603801493338,45.302354986491295],[-122.4763567075518,45.302354390030565],[-122.47635643356561,45.302080110952886],[-122.47603774184554,45.302080707416494],[-122.47603801493338,45.302354986491295]]]]},"properties":{"OBJECTID":94,"DISSOLVEID":1980,"SITENAME":"Private Cemetery","ACREAGE":0.68493532999999995,"TYPE":"Cemetery","Shape_Length":412.19727548292076,"Shape_Area":5585.2165249449072}},{"type":"Feature","id":95,"geometry":{"type":"Polygon","coordinates":[[[-122.59428019432356,45.147469258911975],[-122.59464627756475,45.147507988899726],[-122.59530570027211,45.147577748428183],[-122.59532769642016,45.147500773200271],[-122.59549742141498,45.146906806937181],[-122.5951383333549,45.146855422156001],[-122.59448190922396,45.146761486401132],[-122.59428019432356,45.147469258911975]]]},"properties":{"OBJECTID":95,"DISSOLVEID":1986,"SITENAME":"Public Cemetery","ACREAGE":1.57294512,"TYPE":"Cemetery","Shape_Length":452.75926097524007,"Shape_Area":12799.163795501609}},{"type":"Feature","id":96,"geometry":{"type":"Polygon","coordinates":[[[-123.13313905607843,45.548781170529828],[-123.13337996806797,45.548838765109991],[-123.13340766043324,45.548795544016691],[-123.13343297316132,45.548751608241581],[-123.13345587211623,45.548707023208543],[-123.13349439906213,45.548611467736052],[-123.13326507354313,45.548551035707519],[-123.13313905607843,45.548781170529828]]]},"properties":{"OBJECTID":96,"DISSOLVEID":1988,"SITENAME":"Purdin Family Cemetery","ACREAGE":0.13338430000000001,"TYPE":"Cemetery","Shape_Length":133.16959042909266,"Shape_Area":1100.7152819411597}},{"type":"Feature","id":97,"geometry":{"type":"Polygon","coordinates":[[[-123.04487237492513,45.634127202679288],[-123.0465044556929,45.634116109798725],[-123.04648858964833,45.632971138090838],[-123.04508121256742,45.632980720500406],[-123.04485654211827,45.63298222994176],[-123.04485733083908,45.633040740078606],[-123.04487237492513,45.634127202679288]]]},"properties":{"OBJECTID":97,"DISSOLVEID":1996,"SITENAME":"Rafferty Cemetery","ACREAGE":4.0014872600000002,"TYPE":"Cemetery","Shape_Length":727.95354171416159,"Shape_Area":33119.636519472086}},{"type":"Feature","id":98,"geometry":{"type":"Polygon","coordinates":[[[-122.45781788038599,45.307867513482236],[-122.45781783457191,45.307867529276784],[-122.45767878075581,45.307916373626576],[-122.45724891084124,45.308067367424187],[-122.45691355986418,45.308185144417322],[-122.45620283437097,45.308434751532779],[-122.45603903735869,45.308492275358908],[-122.45588770716591,45.308538858679277],[-122.45573049660132,45.308574450347052],[-122.45556900556437,45.308598687744507],[-122.45549535269421,45.308605821108593],[-122.45542131624347,45.308610587845436],[-122.45534704982396,45.308612978479168],[-122.45533666440097,45.308613122523681],[-122.45532627897798,45.308613220448692],[-122.45531589175833,45.308613272254163],[-122.45518493805118,45.308613625415951],[-122.45517464515464,45.308613677853202],[-122.45516435225811,45.308613780200616],[-122.45515406115824,45.308613930562878],[-122.45503697833735,45.308619135118605],[-122.45492081628964,45.308630712378715],[-122.45480627031115,45.30864859347605],[-122.45471214214071,45.308668328823245],[-122.45462002080667,45.308692323579592],[-122.45453029527945,45.30872047539242],[-122.45363314421195,45.309026893324322],[-122.45452135524575,45.309781900357642],[-122.45848584158011,45.308434228422072],[-122.45781788038599,45.307867513482236]]]},"properties":{"OBJECTID":98,"DISSOLVEID":2010,"SITENAME":"Redland Pioneer Cemetery","ACREAGE":7.5707030299999998,"TYPE":"Cemetery","Shape_Length":1267.6164221033323,"Shape_Area":61955.095835121792}},{"type":"Feature","id":99,"geometry":{"type":"Polygon","coordinates":[[[-122.84797573765337,45.626982402119253],[-122.84758489863955,45.626978265945297],[-122.84757190181402,45.627581561134534],[-122.84796274442111,45.627585706058909],[-122.84797573765337,45.626982402119253]]]},"properties":{"OBJECTID":99,"DISSOLVEID":2030,"SITENAME":"Rhoda Pearson Cemetery","ACREAGE":0.50504302999999995,"TYPE":"Cemetery","Shape_Length":279.11677349855557,"Shape_Area":4179.2329855519274}},{"type":"Feature","id":100,"geometry":{"type":"Polygon","coordinates":[[[-122.67859459904382,45.468381420817337],[-122.67999786723064,45.468385782244809],[-122.67999842328777,45.468296547107116],[-122.68050514317663,45.468300362338169],[-122.68050717965734,45.467974642356332],[-122.68010186069949,45.4679248021273],[-122.67965560820906,45.46792042176429],[-122.67957600040688,45.467860146220993],[-122.67916160846463,45.467809196465375],[-122.67917585664337,45.467557202617328],[-122.67919680086423,45.467187240713834],[-122.67920996208143,45.466954288568395],[-122.67922314934982,45.466721344280401],[-122.67952827561078,45.466592642003533],[-122.67952580614207,45.46658831382792],[-122.67951336986529,45.46656756756078],[-122.67939717817318,45.466381565878457],[-122.67937078836509,45.466335915723178],[-122.6793480214625,45.466289313579225],[-122.67881832356701,45.466285317397904],[-122.67882136885584,45.466085107280399],[-122.67882148833175,45.466076877372231],[-122.67882441414464,45.465884897081807],[-122.67882753040035,45.465679203098006],[-122.6788308757265,45.465459795270696],[-122.67883172014285,45.465404401044538],[-122.67740739814077,45.465393845617058],[-122.67711697550433,45.465391694083756],[-122.67711780105608,45.465337101182506],[-122.67750756298987,45.465340050959547],[-122.67789731144893,45.46534299065604],[-122.67790190812825,45.465042310446762],[-122.67790588676662,45.464781905914052],[-122.67781587018527,45.464840756469606],[-122.67772004240233,45.464894856538088],[-122.6776188786266,45.464943926400011],[-122.67751293311862,45.464987703976561],[-122.67742640110227,45.465018340384567],[-122.67733752088975,45.465045446727601],[-122.6772306959311,45.465072614800363],[-122.67712151289484,45.465094687195993],[-122.67702617199879,45.465116767773324],[-122.67692899853957,45.465134435631157],[-122.67683038687757,45.465147611390158],[-122.67673078257718,45.465156251581597],[-122.67663338004755,45.465160259183449],[-122.67653581132959,45.465159922118985],[-122.67647354011412,45.465195075094286],[-122.67633923030101,45.465270886144459],[-122.67633745612832,45.465385907309255],[-122.67604767309241,45.465383758925789],[-122.67522286604967,45.465631608756965],[-122.67517081856042,45.465545845724442],[-122.67475672396053,45.465670272546909],[-122.67462803760115,45.465712587911121],[-122.67450366046016,45.465760879616262],[-122.67438418542571,45.465814938480428],[-122.67427011465598,45.465874511849449],[-122.6741619889368,45.46593933761816],[-122.67406028347696,45.466009119030254],[-122.67396545731557,45.466083540428954],[-122.67387794793217,45.466162278597785],[-122.67379813621243,45.466244958659786],[-122.67372638058416,45.466331230309926],[-122.67366301072909,45.4664206827633],[-122.67360831859965,45.46651293232749],[-122.6735625323679,45.466607560661657],[-122.67334781255713,45.467105575082371],[-122.67322771768511,45.46738407388559],[-122.67315295809054,45.4675574483174],[-122.67309601208804,45.467696521950096],[-122.67304463294538,45.467836669384717],[-122.67299886917152,45.467977781624015],[-122.67347651418787,45.468089540825382],[-122.67364303668872,45.468128506586531],[-122.67436582296295,45.468297624393301],[-122.67436588854,45.468286316667047],[-122.67451296431156,45.46828676270141],[-122.67532089919665,45.46828922408033],[-122.67532101058771,45.46827274915654],[-122.67532269133562,45.467998481382445],[-122.67571249369361,45.467999672703478],[-122.67610228257685,45.468000853314564],[-122.6763359505519,45.468001563319206],[-122.67649207146012,45.468002042115614],[-122.67659098675267,45.46800234514329],[-122.67688186034333,45.468003220836636],[-122.67727164922657,45.468004407117654],[-122.67766145068627,45.468005582058687],[-122.6780590324546,45.468006789129483],[-122.67805736428311,45.468281056863148],[-122.67805726546844,45.468297514144723],[-122.67859511647343,45.468299135743919],[-122.67859459904382,45.468381420817337]]]},"properties":{"OBJECTID":100,"DISSOLVEID":2066,"SITENAME":"Riverview Abbey Mausoleum","ACREAGE":34.040214540000001,"TYPE":"Cemetery","Shape_Length":2854.938658933821,"Shape_Area":280101.08981671528}},{"type":"Feature","id":101,"geometry":{"type":"Polygon","coordinates":[[[-122.66957873944145,45.464257368460821],[-122.66930126601984,45.464341613806418],[-122.66932198117031,45.464428016266595],[-122.66933592122689,45.46451230293944],[-122.66934379855361,45.464596977586766],[-122.66934559428589,45.464681823475686],[-122.66934130303375,45.464766625134736],[-122.66933668389657,45.464820000738925],[-122.66932114483879,45.464999545998928],[-122.66931627686824,45.465109262255503],[-122.66932064268055,45.465218989008974],[-122.66937802616256,45.465370359563245],[-122.66944457425716,45.465519861062951],[-122.66952016479335,45.465667218203585],[-122.6696046558374,45.465812161983635],[-122.67036194819832,45.467326947782723],[-122.6704255174794,45.467442246363007],[-122.67049821633871,45.46755484137649],[-122.67057981840081,45.467664376260011],[-122.670670059561,45.467770502012563],[-122.67076865595163,45.46787288097525],[-122.67087529406071,45.467971188720661],[-122.67087551324964,45.467971338029649],[-122.67097995138454,45.468046478181726],[-122.67107751201769,45.468126062840433],[-122.67116781605993,45.468209780770394],[-122.6712505113717,45.468297306247386],[-122.67132527276291,45.468388295278629],[-122.67139180738276,45.468482393163015],[-122.67144985741476,45.468579231971596],[-122.67260418447,45.468640388099303],[-122.67269303144487,45.468237883487106],[-122.67273839277343,45.468053753990446],[-122.67279291691791,45.46787085868587],[-122.67285653560634,45.467689423124895],[-122.67292916799033,45.467509670971928],[-122.67333873867443,45.46655978188106],[-122.6733856145626,45.466462126887023],[-122.67344104331058,45.466366717722053],[-122.67350481111934,45.466273922325954],[-122.67357666915555,45.466184102340605],[-122.67365633983978,45.46609760743948],[-122.67374351235493,45.466014771546988],[-122.6738378489345,45.465935917878788],[-122.6739389821675,45.465861352010805],[-122.67404652038849,45.465791364399308],[-122.67416004498251,45.465726225970158],[-122.6742791148768,45.465666189378794],[-122.67440326923558,45.465611489639613],[-122.67453202386694,45.465562337825823],[-122.6746648793076,45.465518924848773],[-122.67513956347675,45.465376294395085],[-122.677909517757,45.464543922458638],[-122.67945764107999,45.464078670129744],[-122.67961415634859,45.46402793620998],[-122.67976638395831,45.46397110912536],[-122.67991384690376,45.463908368419077],[-122.6800560816543,45.463839910644396],[-122.68019263905221,45.463765951255148],[-122.68032309149945,45.463686723345667],[-122.68044702936425,45.463602473871241],[-122.6805640636761,45.463513470578526],[-122.68067382432908,45.463419991295567],[-122.68077596726847,45.46332233023233],[-122.680870172694,45.463220794200694],[-122.68095614326332,45.463115703245137],[-122.68103360768521,45.463007386862394],[-122.68110232610951,45.462896185262181],[-122.68115173973834,45.462803601521586],[-122.68119508614575,45.462709525660244],[-122.68121367947549,45.462658800589232],[-122.68070453144044,45.46266852485649],[-122.68070447215165,45.462503959962724],[-122.68070412180869,45.461516833332126],[-122.68058350232053,45.461516883737545],[-122.68005613285827,45.461517092289974],[-122.67921541665183,45.461517421185292],[-122.67921700128002,45.460587119176033],[-122.67843754388775,45.460574577470041],[-122.67843894076803,45.459765955091527],[-122.67843966660676,45.45934398658386],[-122.67844014271387,45.459069695530928],[-122.67805040772956,45.459065993092253],[-122.67658233148491,45.459052039004447],[-122.67638747701828,45.459050189044746],[-122.67460577645008,45.459033236328828],[-122.67461420983396,45.458827720867113],[-122.6746226513027,45.458622079266384],[-122.67463391976962,45.458347889928874],[-122.67463954681655,45.458210795705298],[-122.67465081528348,45.457936606258173],[-122.6746676973226,45.457525322738114],[-122.67468083698027,45.457205450354977],[-122.67458032268651,45.457203988486086],[-122.67461769170401,45.456300778784176],[-122.67350631130587,45.456276706705609],[-122.67312190243285,45.457056871352947],[-122.67182103500193,45.457657684605785],[-122.67056203535144,45.457869042917494],[-122.67002877563587,45.458256819160624],[-122.6703676938229,45.458324719772079],[-122.67092055567629,45.458300230168696],[-122.67142672310121,45.45798658701041],[-122.67166391516717,45.458057514978329],[-122.67164688580432,45.458182276531275],[-122.6705764802612,45.458956803176825],[-122.66943748924452,45.459838700510936],[-122.66959819066228,45.460261415113486],[-122.66941613718851,45.460787097419285],[-122.6695851776671,45.461514677240402],[-122.66962472330252,45.461684875920405],[-122.66970609898918,45.462035126538339],[-122.66927218845244,45.462290144782969],[-122.66891791895551,45.462498351827982],[-122.66881230762081,45.462560423093741],[-122.66886929494582,45.462713110039495],[-122.66892016743867,45.462866863880869],[-122.66896488737015,45.463021562379268],[-122.66908580869223,45.463828495546878],[-122.66921390216353,45.464111865619003],[-122.66945068369938,45.464039287633177],[-122.66957873944145,45.464257368460821]]]},"properties":{"OBJECTID":101,"DISSOLVEID":2067,"SITENAME":"Riverview Cemetery","ACREAGE":170.41583252000001,"TYPE":"Cemetery","Shape_Length":6145.2115384858198,"Shape_Area":1402050.1815339706}},{"type":"Feature","id":102,"geometry":{"type":"Polygon","coordinates":[[[-122.72276646836303,45.350758111821627],[-122.7237503517712,45.350762855441907],[-122.72393037684911,45.350634941062069],[-122.72392705218422,45.350031362902754],[-122.72276490888768,45.350033249264243],[-122.72276646836303,45.350758111821627]]]},"properties":{"OBJECTID":102,"DISSOLVEID":2070,"SITENAME":"Robert Bird Cemetery","ACREAGE":1.79883492,"TYPE":"Cemetery","Shape_Length":477.8232597992918,"Shape_Area":14741.509254532388}},{"type":"Feature","id":103,"geometry":{"type":"Polygon","coordinates":[[[-122.71439211546799,45.158897782306546],[-122.71535920936348,45.158900949510368],[-122.71535846196518,45.158164161943105],[-122.71248120751748,45.158146221399491],[-122.71248437228225,45.158891513776219],[-122.71439211546799,45.158897782306546]]]},"properties":{"OBJECTID":103,"DISSOLVEID":2076,"SITENAME":"Rock Creek Cemetery","ACREAGE":4.6010208099999996,"TYPE":"Cemetery","Shape_Length":874.30784555939294,"Shape_Area":37453.841463551536}},{"type":"Feature","id":104,"geometry":{"type":"Polygon","coordinates":[[[-122.6148419475591,45.551798625714561],[-122.61486734203389,45.550032664214577],[-122.61493416411462,45.549745887061462],[-122.6149430044353,45.548921890004344],[-122.61468828264492,45.548920914285418],[-122.61468644918344,45.548866211090903],[-122.61460588198055,45.548807807527183],[-122.61463430108286,45.548794511677364],[-122.61463229065326,45.548755690420087],[-122.6145892469781,45.548725454360529],[-122.61453987826505,45.548723896098615],[-122.6145407172915,45.548646352856444],[-122.61415040828371,45.548645133044545],[-122.61395523401688,45.548644519049496],[-122.61376003549553,45.548643913232652],[-122.6135648612287,45.548643307415759],[-122.61336968786019,45.548642692162531],[-122.61278063018902,45.548640845773626],[-122.61258546939695,45.548640237440324],[-122.61218342389996,45.548638974849958],[-122.61198826220954,45.548638347643902],[-122.611793088841,45.548637738681521],[-122.61179140000824,45.548783086743271],[-122.61178967075135,45.548919785068499],[-122.61178793610453,45.549057338621878],[-122.61178621044088,45.549194468462943],[-122.6117844847772,45.549331598598556],[-122.61178242134702,45.549496143876894],[-122.61178068220862,45.549633274534692],[-122.61177895654497,45.549770404857924],[-122.61177723088129,45.549907526039476],[-122.61177550521762,45.55004465632264],[-122.61177377955397,45.550181786271288],[-122.61177205389029,45.550318907707421],[-122.61177032822664,45.550456037615987],[-122.61176921251906,45.550543802670411],[-122.61137104864241,45.550542547042625],[-122.61125395055019,45.55054217714823],[-122.61126716925961,45.549492466253064],[-122.61035380449952,45.549485931959161],[-122.61023670371233,45.549485093390352],[-122.61011960382349,45.549484262999613],[-122.61012064407259,45.549401981281541],[-122.60972219902325,45.549399132156317],[-122.60972670587105,45.549050312959054],[-122.6097268037874,45.549042605992142],[-122.60972857257019,45.548905475151471],[-122.6097303422513,45.548768343976249],[-122.60973211103409,45.548631221902845],[-122.60973564949802,45.548356969203397],[-122.6050880321193,45.548332487907075],[-122.60503282166194,45.548370592915887],[-122.60502845495134,45.548673889520693],[-122.60465763040204,45.548671929896017],[-122.60461985444772,45.551292330508531],[-122.60449840671288,45.551291466175044],[-122.60449446400712,45.551540990017912],[-122.60449283176824,45.551643814328216],[-122.60449163072072,45.551719212747805],[-122.60449152741444,45.551726092135382],[-122.60449054735247,45.551787768172467],[-122.60448946398425,45.551856314706697],[-122.60448930228749,45.55186647146575],[-122.60490032914069,45.551868541693111],[-122.60529058424956,45.551870514416471],[-122.60550126253987,45.551871580039347],[-122.60568082678203,45.551872485881681],[-122.60587599925225,45.551873465323681],[-122.60607106931448,45.55187444665286],[-122.60626619058074,45.551875426723889],[-122.60646131184696,45.551876415601704],[-122.60665636933281,45.551877396301762],[-122.60685155437943,45.551878373856475],[-122.60704662534,45.551879362734233],[-122.60724179691188,45.55188034028896],[-122.60763204034266,45.551882304834223],[-122.60782711040495,45.551883283017908],[-122.60802229545155,45.55188425931447],[-122.60821746792176,45.551885243788696],[-122.60841253798401,45.551886221343317],[-122.60860759546988,45.551887198268851],[-122.60880278051648,45.55188817267814],[-122.60899795388499,45.551889156523288],[-122.60919302394728,45.551890132190678],[-122.60946686278523,45.551891507938251],[-122.6096893422434,45.551892619481862],[-122.60969153233609,45.551776472174701],[-122.6148419475591,45.551798625714561]]]},"properties":{"OBJECTID":104,"DISSOLVEID":2102,"SITENAME":"Rose City Cemetery","ACREAGE":68.257843019999996,"TYPE":"Cemetery","Shape_Length":4034.14194126859,"Shape_Area":563306.87805332383}},{"type":"Feature","id":105,"geometry":{"type":"Polygon","coordinates":[[[-122.53400744287465,45.071165794175656],[-122.53541258315052,45.071163774831511],[-122.53541779068419,45.070856593881601],[-122.53401265669655,45.070858611967786],[-122.53400744287465,45.071165794175656]]]},"properties":{"OBJECTID":105,"DISSOLVEID":2127,"SITENAME":"Russellville Cemetery","ACREAGE":0.93322050999999995,"TYPE":"Cemetery","Shape_Length":409.6848958667639,"Shape_Area":7573.5524610730617}},{"type":"Feature","id":106,"geometry":{"type":"Polygon","coordinates":[[[-122.68268694259258,45.401700463417235],[-122.68268965370812,45.40175919876922],[-122.68424478389034,45.401649545351717],[-122.68424984769358,45.40109788230793],[-122.68316961368295,45.401092492612456],[-122.68267780852277,45.401502485813992],[-122.68268064091089,45.401563892544601],[-122.68268694259258,45.401700463417235]]]},"properties":{"OBJECTID":106,"DISSOLVEID":2136,"SITENAME":"Sacred Heart Cemetery","ACREAGE":1.8394107799999999,"TYPE":"Cemetery","Shape_Length":507.41325409698749,"Shape_Area":15100.953790580497}},{"type":"Feature","id":107,"geometry":{"type":"Polygon","coordinates":[[[-122.31046892304607,45.374312584736678],[-122.31047091550936,45.375023579794295],[-122.31047281275127,45.375023588628771],[-122.31135332342643,45.375027388712901],[-122.31135423252151,45.375027312357865],[-122.31135632559612,45.375027140085713],[-122.31135818600706,45.375026985482457],[-122.31136016589397,45.375026821413734],[-122.31136215925558,45.375026656714013],[-122.31136409512499,45.3750264970625],[-122.31136609028326,45.37502633299377],[-122.31136800818638,45.375026175866438],[-122.3113699898699,45.375026011797708],[-122.31137217816593,45.375025833215197],[-122.31137399006785,45.375025686184379],[-122.31137597534465,45.375025525270821],[-122.31137782946739,45.375025373191747],[-122.31137985606668,45.375025209123017],[-122.31138183415692,45.375025048840506],[-122.31138387872249,45.375024884140728],[-122.31138571398064,45.375024735847823],[-122.31138774956307,45.375024571779086],[-122.31138968722914,45.375024415282795],[-122.31139160243731,45.375024260679531],[-122.31139351225562,45.375024108600456],[-122.31139560892349,45.375023941376547],[-122.31139761486152,45.375023780462989],[-122.3113995354596,45.37502362775286],[-122.31140145965092,45.375023474411691],[-122.31140354553904,45.375023309711956],[-122.31140553261244,45.375023153215608],[-122.31140725558114,45.375023016281304],[-122.31140945825022,45.375022842747086],[-122.31141118211727,45.375022706443836],[-122.31141332190428,45.375022537957882],[-122.31141539880919,45.37502237641327],[-122.31141705889584,45.375022244527223],[-122.31141925707335,45.375022074148184],[-122.31142120102761,45.375021922069052],[-122.31142318360945,45.375021768096886],[-122.31142495688383,45.375021630531528],[-122.31142720446864,45.375021456366269],[-122.31142901996385,45.375021315014742],[-122.31143092169732,45.375021167983917],[-122.31143294111006,45.375021012749656],[-122.31143500813354,45.375020854991249],[-122.31143675625509,45.375020719318989],[-122.31143887987243,45.37502055714338],[-122.31144089209866,45.375020403802203],[-122.31144292139288,45.375020247936888],[-122.31144472880322,45.375020111002577],[-122.31144672036822,45.375019959554528],[-122.31144865533935,45.375019811892656],[-122.31145065858243,45.3750196604446],[-122.31145268518169,45.375019507734471],[-122.31145457972863,45.375019364489802],[-122.3114565470391,45.375019216196932],[-122.31145858172322,45.375019064748834],[-122.31146047447352,45.375018922135219],[-122.31146242920759,45.375018776366474],[-122.31146444592538,45.375018625549409],[-122.31146638269314,45.375018480411669],[-122.31146845061494,45.375018327070528],[-122.3114703640265,45.375018185087946],[-122.31147230798076,45.375018041212293],[-122.31147420432433,45.375017900491763],[-122.31147615187187,45.375017756616089],[-122.31147823147175,45.375017603905953],[-122.31148010445914,45.375017465078557],[-122.31148213554995,45.375017316785623],[-122.31148419898017,45.375017165337574],[-122.31148611329006,45.375017026510164],[-122.31148792968354,45.375016892099971],[-122.31149002724973,45.375016740651915],[-122.31149186340619,45.375016606241729],[-122.31149399510834,45.375016452900546],[-122.31149609357287,45.375016301452483],[-122.31149772940499,45.375016182187125],[-122.31149986739537,45.375016028845934],[-122.3115017682305,45.375015891280611],[-122.31150380471126,45.37501574488077],[-122.31150561391824,45.375015614887843],[-122.31150790372391,45.375015451450132],[-122.31150962130272,45.375015329029587],[-122.31151162813906,45.375015186415965],[-122.31151361072089,45.37501504569547],[-122.31151554209876,45.3750149074991],[-122.31151748695133,45.375014769933735],[-122.31151952792368,45.375014626058061],[-122.31152141528409,45.375014492909962],[-122.31152350656205,45.375014346510163],[-122.31152537685448,45.375014215255135],[-122.31152753640444,45.375014063807079],[-122.31152927194955,45.375013942017532],[-122.31153135604103,45.37501379751086],[-122.31153325148625,45.375013664993752],[-122.31153511998205,45.375013534369778],[-122.31153735499048,45.375013380397583],[-122.31153912736656,45.375013257977045],[-122.31154109916858,45.375013120411666],[-122.31154296946099,45.375012991049779],[-122.3115453023858,45.37501283139823],[-122.31154685377629,45.375012724122527],[-122.31154913819206,45.375012568257183],[-122.31155105879016,45.37501243763321],[-122.31155283296285,45.375012315843705],[-122.3115548892065,45.375012175754208],[-122.31155682507595,45.375012043868189],[-122.3115589316253,45.375011901254553],[-122.31156066357717,45.375011783251267],[-122.31156293721315,45.375011630541103],[-122.31156473833531,45.375011508120565],[-122.3115666301873,45.375011381282754],[-122.31156879782206,45.375011236145035],[-122.31157057558801,45.375011116248622],[-122.31157262734011,45.375010979314283],[-122.31157448595444,45.375010854369606],[-122.3115766823353,45.375010709231837],[-122.31157849962713,45.37501058807338],[-122.3115804606494,45.375010457449392],[-122.31158240280705,45.375010328718496],[-122.31158442760967,45.37501019620143],[-122.3115863500044,45.375010068732621],[-122.31158847811329,45.375009929274157],[-122.31159024959102,45.375009812532909],[-122.31159224025771,45.37500968127793],[-122.31159420397492,45.375009552547034],[-122.31159619823487,45.375009422554086],[-122.31159833173366,45.3750092849887],[-122.31160009153329,45.375009170140594],[-122.31160208130167,45.375009040147603],[-122.31160393722102,45.375008918989138],[-122.31160619917891,45.37500877448241],[-122.31160796526676,45.375008660265294],[-122.31160999545932,45.37500853027236],[-122.31161203643164,45.375008399648372],[-122.31161382138411,45.375008284800209],[-122.31161586954296,45.375008153545217],[-122.31161785571804,45.375008026076358],[-122.31161976373971,45.375007904917901],[-122.31162185142443,45.375007771769781],[-122.3116236426651,45.375007658183705],[-122.31162568004416,45.375007529452802],[-122.31162773538955,45.375007398828814],[-122.31162968383539,45.375007276408255],[-122.31163153885646,45.375007160929094],[-122.31163364001591,45.375007028412021],[-122.3116355040201,45.375006911670773],[-122.31163757463685,45.375006782939856],[-122.31163947277705,45.375006663674476],[-122.31164139517176,45.375006544409104],[-122.31164346489015,45.375006415678193],[-122.31164550316753,45.375006290102505],[-122.31164727823854,45.375006180302613],[-122.3116493802963,45.375006050940705],[-122.31165117602855,45.375005939247714],[-122.31165310830472,45.375005819982334],[-122.31165530827886,45.37500568620316],[-122.31165708334989,45.375005575772263],[-122.31165933362965,45.375005439468957],[-122.31166113205686,45.375005330300098],[-122.31166297360319,45.37500521734507],[-122.31166509183062,45.375005089245199],[-122.31166706902256,45.375004969979813],[-122.31166882163569,45.375004863335086],[-122.31167097310079,45.375004733342131],[-122.31167304102259,45.375004610290532],[-122.31167467775302,45.375004510587196],[-122.31167697294858,45.375004373021852],[-122.31167874712126,45.375004267639206],[-122.3116807234149,45.375004149004816],[-122.3116829449486,45.375004017749824],[-122.31168453945823,45.375003922463712],[-122.31168678794138,45.375003788684531],[-122.3116885881652,45.375003682670844],[-122.31169069022297,45.375003558988233],[-122.31169249763332,45.375003451712466],[-122.31169450716462,45.375003333709166],[-122.31169661461226,45.375003210657567],[-122.3116983618355,45.375003107168048],[-122.31170041179097,45.375002987271614],[-122.31170249767906,45.375002866113093],[-122.31170425029219,45.375002763885625],[-122.31170645835115,45.375002636416795],[-122.3117083304402,45.375002527247936],[-122.31171025552985,45.375002416185986],[-122.31171214738184,45.375002307017162],[-122.3117142368632,45.375002186489681],[-122.31171612422359,45.375002077320822],[-122.31171818406055,45.37500196057956],[-122.3117200848957,45.375001850779697],[-122.3117220369348,45.375001739086699],[-122.31172412102626,45.375001621714389],[-122.31172595538608,45.37500151696279],[-122.31172795503591,45.375001403376707],[-122.31172995288908,45.375001291052669],[-122.31173189055515,45.375001181252799],[-122.31173383720439,45.375001070821888],[-122.31173598687285,45.375000950925447],[-122.31173769277356,45.375000854377284],[-122.31173971398297,45.375000741422191],[-122.31174177831151,45.375000625943017],[-122.31174357673868,45.375000525608634],[-122.31177828943788,45.374998628720881],[-122.31177619277001,45.374318093097799],[-122.31177181168638,45.372894519485463],[-122.31046493272959,45.372889083557247],[-122.31046892304607,45.374312584736678]]]},"properties":{"OBJECTID":107,"DISSOLVEID":2155,"SITENAME":"Sandy Ridge Cemetery","ACREAGE":5.98636532,"TYPE":"Cemetery","Shape_Length":962.92543502900605,"Shape_Area":49098.920013220755}},{"type":"Feature","id":108,"geometry":{"type":"Polygon","coordinates":[[[-122.27560086559862,45.400416054944486],[-122.27571764838218,45.400415002853187],[-122.27572128296583,45.399612269772376],[-122.27523273509688,45.399427641852881],[-122.27522799109384,45.400419416842816],[-122.27560086559862,45.400416054944486]]]},"properties":{"OBJECTID":108,"DISSOLVEID":2175,"SITENAME":"Scandinavian Cemetery","ACREAGE":0.94426745000000001,"TYPE":"Cemetery","Shape_Length":400.77748951782371,"Shape_Area":7751.7360478006804}},{"type":"Feature","id":109,"geometry":{"type":"MultiPolygon","coordinates":[[[[-122.99183669574685,45.572504786388549],[-122.99187156654956,45.572625779335951],[-122.99193966693294,45.573317453479241],[-122.99188683611274,45.573470489117078],[-122.99206149016356,45.573479837714686],[-122.99227150190394,45.573491079044331],[-122.9936190502886,45.573563197179418],[-122.99481875663876,45.573607884482058],[-122.99596874662782,45.573650707946427],[-122.99599750080175,45.573252440670494],[-122.9959975807518,45.573251324518822],[-122.99604985910808,45.572527226675788],[-122.99493761453063,45.572485557508898],[-122.99417917861435,45.572457132032461],[-122.9936957565324,45.572439015531401],[-122.99186130778901,45.572370250748612],[-122.99183669574685,45.572504786388549]]],[[[-122.99419420383579,45.572224416610858],[-122.99418875914685,45.57229290362995],[-122.99496867378159,45.572322136604967],[-122.99497432777797,45.572250993447732],[-122.99419452183938,45.572220419142603],[-122.99419420383579,45.572224416610858]]]]},"properties":{"OBJECTID":109,"DISSOLVEID":2183,"SITENAME":"Scotch Church Cemetery","ACREAGE":10.009109499999999,"TYPE":"Cemetery","Shape_Length":1474.4129263409188,"Shape_Area":82667.64805024791}},{"type":"Feature","id":110,"geometry":{"type":"Polygon","coordinates":[[[-122.59459098805566,45.466217827692915],[-122.59502594423137,45.466216803288262],[-122.59502558939684,45.46623910645139],[-122.59541523814293,45.466248935313509],[-122.59564489603855,45.466254725149454],[-122.59564524817816,45.466215337242879],[-122.5956557261276,45.465053104720802],[-122.59603782633033,45.465052375148154],[-122.59604051588632,45.464914414554684],[-122.59604317489955,45.464777336927419],[-122.59604584559088,45.464640250146424],[-122.59604851628224,45.464503154211577],[-122.59605118697358,45.464366067393883],[-122.5955396916407,45.464366917942286],[-122.59554235155224,45.464229831423296],[-122.59544497148049,45.464229988932644],[-122.59503093347448,45.464230678193566],[-122.59461212451596,45.464231363674237],[-122.59460400284748,45.46505509875994],[-122.59459098805566,45.466217827692915]]]},"properties":{"OBJECTID":110,"DISSOLVEID":2211,"SITENAME":"Shaarie Torah Cemetery","ACREAGE":5.0616974800000003,"TYPE":"Cemetery","Shape_Length":960.71374666276824,"Shape_Area":41647.887535467482}},{"type":"Feature","id":111,"geometry":{"type":"Polygon","coordinates":[[[-122.97639633855738,45.635919692885892],[-122.97768645315435,45.635926892348508],[-122.97769464848469,45.635202882573111],[-122.97640458868496,45.63519565475189],[-122.97639633855738,45.635919692885892]]]},"properties":{"OBJECTID":111,"DISSOLVEID":2215,"SITENAME":"Shady Brook Cemetery","ACREAGE":2.0000140700000002,"TYPE":"Cemetery","Shape_Length":517.77705271431762,"Shape_Area":16554.966584645048}},{"type":"Feature","id":112,"geometry":{"type":"Polygon","coordinates":[[[-122.507044416197,45.258879586202262],[-122.50703571781011,45.259467895089195],[-122.50786839229812,45.259471257143879],[-122.50786875701411,45.259471259040829],[-122.50787592557009,45.258985970914161],[-122.50787543958151,45.258985723041967],[-122.50781543481546,45.258953436409683],[-122.50775795880698,45.258918930920622],[-122.50770317864263,45.258882304581633],[-122.507044416197,45.258879586202262]]]},"properties":{"OBJECTID":112,"DISSOLVEID":2232,"SITENAME":"Shubel Cemetery","ACREAGE":1.03578579,"TYPE":"Cemetery","Shape_Length":361.15856199097897,"Shape_Area":8462.2101233431968}},{"type":"Feature","id":113,"geometry":{"type":"Polygon","coordinates":[[[-122.77598977416311,45.553094753948002],[-122.77600082972931,45.553162426405905],[-122.77600192118238,45.553230539111702],[-122.77599576772268,45.553337781858652],[-122.7759973200115,45.55339820685348],[-122.77600889660056,45.553458100874039],[-122.77603032231841,45.553516637994164],[-122.77606131060243,45.55357301493639],[-122.77610143205797,45.553626474346082],[-122.77615015847563,45.553676288435661],[-122.77620679725428,45.553721777855557],[-122.77626760152091,45.553760605118349],[-122.77633416398851,45.553794439069506],[-122.77640568515649,45.553822854490129],[-122.77648125503146,45.553845501015864],[-122.77858052442566,45.554379549896012],[-122.77866347216406,45.554404029187474],[-122.77874251312927,45.554434257160018],[-122.77881683793923,45.554469897903346],[-122.7788856776361,45.554510607958079],[-122.77894834950023,45.55455597655844],[-122.77900420584626,45.554605531294214],[-122.77905270229519,45.554658787804343],[-122.77909333129887,45.554715197568171],[-122.77912569580192,45.5547741837606],[-122.77914945264793,45.554835158865039],[-122.7791109894824,45.554839990398257],[-122.77912447049988,45.554894246833328],[-122.77913082697881,45.554949148593366],[-122.77912998885067,45.555004220135686],[-122.77912199025138,45.555059010451458],[-122.77910687609671,45.555113050920909],[-122.7790203647416,45.555361675284303],[-122.77900010593531,45.555432470599627],[-122.77898825176682,45.555504206834506],[-122.77898488488114,45.555576377627645],[-122.77899002414287,45.555648497377938],[-122.77900363631439,45.555720079228536],[-122.77902562527591,45.555790613680848],[-122.77905584370373,45.555859643446659],[-122.77909408049381,45.55592666846708],[-122.77957192673277,45.556673199863106],[-122.77959797248613,45.556711372810653],[-122.77959981762574,45.556713920272777],[-122.77960014820574,45.556747670046498],[-122.77966708257587,45.556805943962317],[-122.77974049469753,45.556860226804353],[-122.77981990846358,45.556910169488688],[-122.77990481183437,45.55695543928578],[-122.77984842907553,45.556984732450005],[-122.77991698849804,45.557025069573207],[-122.77998938103185,45.557061936479599],[-122.78006526621544,45.557095169007411],[-122.78086693984301,45.557419282931939],[-122.78097883399479,45.557466897210659],[-122.78108757595824,45.557517994188764],[-122.78119293037476,45.557572471330865],[-122.78137995782028,45.557475844028424],[-122.78227133990704,45.556912681088768],[-122.78251349336828,45.556708214586422],[-122.78290395419138,45.556502261000517],[-122.78363969507031,45.555361760201777],[-122.78373627653977,45.553555216299507],[-122.78375456084906,45.55321137219957],[-122.78381162722582,45.552138457543613],[-122.78349616045759,45.55195328255563],[-122.78373459309694,45.551715859234811],[-122.78373972876543,45.551528618905266],[-122.78352829858521,45.5513821645023],[-122.78316940276456,45.551316072624317],[-122.78258826553929,45.551396224050954],[-122.78223779232277,45.551313974697869],[-122.78167535712339,45.551253511605481],[-122.78098427329384,45.551288028971008],[-122.78056122069393,45.551380462887806],[-122.78020838041662,45.551323081019213],[-122.7793129801656,45.55117746399516],[-122.77896991355863,45.55117196911258],[-122.77873459088678,45.55129582684426],[-122.77854526465245,45.551441375622922],[-122.77803537281234,45.551958523852186],[-122.77773618172043,45.552114466669664],[-122.77643710463188,45.552135903583562],[-122.77597886592061,45.55222315711076],[-122.77537843018807,45.552371122191317],[-122.77505525946798,45.552417180071714],[-122.7755952790061,45.552693072388792],[-122.77566221517286,45.552731157457167],[-122.77572367431134,45.55277355398858],[-122.775779102161,45.552819878254894],[-122.77582798219053,45.552869707527542],[-122.77586987332718,45.552922583223015],[-122.77590438480377,45.552978026000623],[-122.77593121478638,45.553035528843182],[-122.77596884790856,45.553028239479083],[-122.77598977416311,45.553094753948002]]]},"properties":{"OBJECTID":113,"DISSOLVEID":2243,"SITENAME":"Skyline Memorial Gardens","ACREAGE":70.112564090000006,"TYPE":"Cemetery","Shape_Length":3356.0451738925076,"Shape_Area":578686.84919242177}},{"type":"Feature","id":114,"geometry":{"type":"Polygon","coordinates":[[[-122.68152314370096,45.156078970151398],[-122.68152532301384,45.156759208722725],[-122.68152911210773,45.157941489637196],[-122.68353073193559,45.157945326452285],[-122.68352513902464,45.156218455473322],[-122.68313747106377,45.156218005709206],[-122.6819147292148,45.156216574699151],[-122.68191428993862,45.156079430052159],[-122.68152314370096,45.156078970151398]]]},"properties":{"OBJECTID":114,"DISSOLVEID":2251,"SITENAME":"Smyrna United Church of Christ Cemetery","ACREAGE":7.5747623400000004,"TYPE":"Cemetery","Shape_Length":1033.9151464901013,"Shape_Area":61657.530801438414}},{"type":"Feature","id":115,"geometry":{"type":"Polygon","coordinates":[[[-122.79552817381352,45.418737736461871],[-122.79549839376354,45.418747576755727],[-122.79549272898736,45.418749657555821],[-122.79548733370576,45.41875206623947],[-122.79548224385138,45.4187547851514],[-122.79547749625507,45.418757796005671],[-122.79547312505291,45.418761077363762],[-122.79546915899093,45.418764604634312],[-122.79546563040849,45.418768355117635],[-122.79546255996686,45.418772300439244],[-122.7954599710222,45.418776414116074],[-122.79545788154086,45.418780665251518],[-122.79545630769248,45.418785025470854],[-122.79544367378632,45.418827461138683],[-122.79543984696321,45.419228129197045],[-122.7954292189951,45.419821502173619],[-122.79599274564754,45.419820227865436],[-122.79626536636997,45.419819146500409],[-122.79688849803814,45.419816671656264],[-122.79695544678134,45.419816404940562],[-122.79712217319977,45.419815742249796],[-122.79735584746304,45.41981481284332],[-122.79760007693092,45.419813840560515],[-122.79761509676246,45.418748603283781],[-122.79697098853406,45.418751177800964],[-122.79697134875848,45.418726493202044],[-122.79628882767024,45.41872968124116],[-122.79555973073113,45.418732932334692],[-122.79552817381352,45.418737736461871]]]},"properties":{"OBJECTID":115,"DISSOLVEID":2312,"SITENAME":"St Anthony Cemetery","ACREAGE":5.0405778899999998,"TYPE":"Cemetery","Shape_Length":823.00346284837678,"Shape_Area":41407.440820661068}},{"type":"Feature","id":116,"geometry":{"type":"Polygon","coordinates":[[[-123.08128649765526,45.607010050278184],[-123.08280485080972,45.607016922266361],[-123.08304918807544,45.606424494721821],[-123.08307117074875,45.60637066387109],[-123.08128042414562,45.606204883731699],[-123.08128649765526,45.607010050278184]]]},"properties":{"OBJECTID":116,"DISSOLVEID":2316,"SITENAME":"St Francis of Assisi Parish Cemetery","ACREAGE":2.59634542,"TYPE":"Cemetery","Shape_Length":605.25403342333345,"Shape_Area":21469.227889448699}},{"type":"Feature","id":117,"geometry":{"type":"Polygon","coordinates":[[[-122.59674174978026,45.339311849580561],[-122.59674174259371,45.339315073672061],[-122.59674153687953,45.339488081334949],[-122.59674147848902,45.339529832733668],[-122.59834497396612,45.339499197027514],[-122.59834491018574,45.33945831192861],[-122.59834457601247,45.339259352934533],[-122.59868872958096,45.33925623365765],[-122.59879178970023,45.33925529913742],[-122.59889483724312,45.339254374088675],[-122.59923904021895,45.33925125418012],[-122.59923207827551,45.33768890600652],[-122.59833767335782,45.337697003090064],[-122.59833795542882,45.337463483569891],[-122.59799465705647,45.337467027281612],[-122.59748599501,45.337472284755194],[-122.59697731948876,45.337477530862088],[-122.59674398748363,45.33747994048445],[-122.59651069230939,45.337482347580917],[-122.5963551472213,45.337483952732775],[-122.59635360930554,45.338737778409595],[-122.59635353205043,45.338800222577675],[-122.5965474145399,45.339055740198361],[-122.59674174978026,45.339311849580561]]]},"properties":{"OBJECTID":117,"DISSOLVEID":2321,"SITENAME":"St John the Apostle Cemetery","ACREAGE":11.352272989999999,"TYPE":"Cemetery","Shape_Length":1255.6667423749493,"Shape_Area":92993.340405754396}},{"type":"Feature","id":118,"geometry":{"type":"Polygon","coordinates":[[[-122.46103891560134,45.494961888762383],[-122.46235196508583,45.495466569743535],[-122.46237325156481,45.495467763002637],[-122.46216257147785,45.495387608047359],[-122.46237328300585,45.495225257596061],[-122.46237346626215,45.494150183621393],[-122.46237346266888,45.494109706303227],[-122.46102934315367,45.494940404863748],[-122.46101158615545,45.494951383579021],[-122.46103891560134,45.494961888762383]]]},"properties":{"OBJECTID":118,"DISSOLVEID":2326,"SITENAME":"St Joseph Cemetery","ACREAGE":1.93984354,"TYPE":"Cemetery","Shape_Length":613.35632852152071,"Shape_Area":15977.74127642884}},{"type":"Feature","id":119,"geometry":{"type":"Polygon","coordinates":[[[-122.83114481715016,45.486705086103754],[-122.83123651178447,45.486704043177895],[-122.83123795447881,45.486019053341437],[-122.831143813732,45.486020064790317],[-122.82987191966392,45.486033714310132],[-122.82987318718679,45.486170846675968],[-122.82979501848571,45.486171727755149],[-122.82979489990809,45.486377167460944],[-122.82940607761208,45.486381492227537],[-122.82890060817816,45.48638711247122],[-122.82890136815287,45.486469391918476],[-122.82979425671434,45.486459461407833],[-122.82979410489907,45.486720457292506],[-122.83114481715016,45.486705086103754]]]},"properties":{"OBJECTID":119,"DISSOLVEID":2328,"SITENAME":"St Mary of the Valley Cemetery","ACREAGE":2.2576370200000002,"TYPE":"Cemetery","Shape_Length":738.01577791237446,"Shape_Area":18589.733262844733}},{"type":"Feature","id":120,"geometry":{"type":"Polygon","coordinates":[[[-122.95313325604104,45.494508196929274],[-122.95341973237841,45.495510882773715],[-122.95347888554156,45.495468396468972],[-122.95375609575679,45.495269294382069],[-122.9539278491475,45.495145932859067],[-122.95409155453164,45.495028352278517],[-122.95422781907877,45.494930480254439],[-122.95393377263849,45.494817038842143],[-122.95361001621684,45.494692133571171],[-122.95327890977951,45.494564391232423],[-122.95313325604104,45.494508196929274]]]},"properties":{"OBJECTID":120,"DISSOLVEID":2329,"SITENAME":"St Matthew Catholic Cemetery","ACREAGE":1.0479648100000001,"TYPE":"Cemetery","Shape_Length":430.27150760907034,"Shape_Area":8631.7076689524092}},{"type":"Feature","id":121,"geometry":{"type":"Polygon","coordinates":[[[-122.65334921586813,45.292803351817334],[-122.65535690471405,45.29279385865749],[-122.65527259692634,45.292115392526583],[-122.6533418496828,45.292124521160233],[-122.65334921586813,45.292803351817334]]]},"properties":{"OBJECTID":121,"DISSOLVEID":2330,"SITENAME":"St Patrick's Cemetery","ACREAGE":2.8793377900000001,"TYPE":"Cemetery","Shape_Length":653.62486064492157,"Shape_Area":23548.480014251862}},{"type":"Feature","id":122,"geometry":{"type":"Polygon","coordinates":[[[-122.8543573766183,45.371254675539426],[-122.85435752573861,45.371295813452207],[-122.85550601554117,45.371286722182418],[-122.85550337629086,45.370559448681462],[-122.85435490175968,45.370568981826459],[-122.85435544703707,45.370719834512848],[-122.85435599141613,45.370870687427981],[-122.854356843019,45.371106565679369],[-122.8543573766183,45.371254675539426]]]},"properties":{"OBJECTID":122,"DISSOLVEID":2331,"SITENAME":"St Paul Cemetery","ACREAGE":1.7960873799999999,"TYPE":"Cemetery","Shape_Length":486.13028499577689,"Shape_Area":14729.566901181575}},{"type":"Feature","id":123,"geometry":{"type":"MultiPolygon","coordinates":[[[[-122.72277989637989,45.35168612974163],[-122.72277785091599,45.352231128234017],[-122.72277754189551,45.352313379933406],[-122.72342110304992,45.35232016500516],[-122.72342128001803,45.352237901321161],[-122.7234234485511,45.351228815400923],[-122.72277989637989,45.35168612974163]]],[[[-122.72276798202427,45.351460940429085],[-122.72334086103714,45.351053855017909],[-122.7237503517712,45.350762855441907],[-122.72276646836303,45.350758111821627],[-122.72276798202427,45.351460940429085]]]]},"properties":{"OBJECTID":123,"DISSOLVEID":2339,"SITENAME":"Stafford Baptist Church Cemetery","ACREAGE":1.9326732200000001,"TYPE":"Cemetery","Shape_Length":822.1455065860489,"Shape_Area":15838.950614910693}},{"type":"Feature","id":124,"geometry":{"type":"Polygon","coordinates":[[[-122.52789621657321,45.432242672759791],[-122.52829549256417,45.432245263682304],[-122.52829460952023,45.431834800191723],[-122.52829451879039,45.43179390869377],[-122.52789526076572,45.431790660243571],[-122.52789621657321,45.432242672759791]]]},"properties":{"OBJECTID":124,"DISSOLVEID":2384,"SITENAME":"Sunnyside Cemetery","ACREAGE":0.38748670000000002,"TYPE":"Cemetery","Shape_Length":232.19874832343862,"Shape_Area":3184.5593765031294}},{"type":"Feature","id":125,"geometry":{"type":"Polygon","coordinates":[[[-122.74818939187654,45.5105227878162],[-122.74819829328268,45.510617866002967],[-122.74842808951888,45.510757413141448],[-122.74846288576143,45.510755768842486],[-122.74887155543531,45.510736457769106],[-122.74919796368367,45.510721032071856],[-122.7491144356336,45.509967875949179],[-122.75028271981343,45.509903817232775],[-122.75033735804395,45.510365495144477],[-122.75084413991654,45.510341326546808],[-122.7511165737894,45.510328333214296],[-122.75131116864287,45.510319052800256],[-122.75171978262122,45.510298688386193],[-122.75190664837,45.510290223198815],[-122.75208436657421,45.51028217286553],[-122.75219959706898,45.508836389118976],[-122.75222175760874,45.508833792271837],[-122.75224284286506,45.50883003266653],[-122.75226341877665,45.50882507190093],[-122.75228334790123,45.508818942710747],[-122.75230249459318,45.508811685386085],[-122.75231839746868,45.508804497939337],[-122.75233353138627,45.508796533640385],[-122.75234781998917,45.508787830261255],[-122.75236285958368,45.508777169013484],[-122.75237663075697,45.508765690621466],[-122.7523890454742,45.508753470629415],[-122.75240001929372,45.508740587729349],[-122.75240948484185,45.508727126279169],[-122.75242410312647,45.508705871748923],[-122.75244060427993,45.508685310334599],[-122.7524589227252,45.508665523247672],[-122.75352860871776,45.508661779999187],[-122.75372704746232,45.508502680376338],[-122.75388506561239,45.508375987341012],[-122.75402504738815,45.508224425718524],[-122.75415346335465,45.508064536666303],[-122.75425715049801,45.507934264919193],[-122.754256403998,45.50789170111063],[-122.75444695643273,45.50789303197773],[-122.75443867037252,45.506796956575322],[-122.75443742800249,45.506796961611805],[-122.75443598800311,45.506602599904681],[-122.75443552267576,45.506539928066054],[-122.75443539601331,45.506522695627581],[-122.75443335504102,45.506522717032759],[-122.75275003616606,45.506539900994738],[-122.75265251505883,45.506549346977707],[-122.75208526578781,45.506604289024004],[-122.75084027356759,45.506745390429003],[-122.75072341263056,45.5067605861666],[-122.75007852196958,45.50684444060122],[-122.74987186453848,45.506875253824461],[-122.74863049342713,45.507060334897972],[-122.74858801299565,45.50706666825657],[-122.74857018053893,45.507069326252399],[-122.74856353300586,45.507061385001606],[-122.74812441673203,45.507152527375979],[-122.74799971979081,45.507181228895782],[-122.74774723031391,45.507242796407915],[-122.74749630570221,45.507307451823877],[-122.74724702321087,45.507375176876003],[-122.74712009485448,45.507411556330922],[-122.74697577870747,45.507456273577695],[-122.74698697261422,45.507474046517189],[-122.7464341502867,45.507646177627478],[-122.74642467395876,45.507631130703288],[-122.74638900814702,45.507642235372764],[-122.74639848447497,45.507657281664464],[-122.7461866985619,45.507723224036461],[-122.74615321206305,45.507893958674174],[-122.74619721334231,45.508027472685477],[-122.74578224917322,45.508093096073011],[-122.74512539744421,45.508196968713257],[-122.74512668652663,45.508348252780657],[-122.74512681498572,45.508363337285815],[-122.74512756328235,45.50845110194269],[-122.7451279594394,45.508497727136415],[-122.74512835739304,45.508544351032469],[-122.74512898801038,45.508618402744091],[-122.74513035704288,45.508779066445022],[-122.74513102089787,45.508857012172875],[-122.74513305378538,45.50909562184922],[-122.74513508667286,45.509334231143633],[-122.74513711866202,45.50957284005603],[-122.74514514780402,45.510610055563212],[-122.74654579470682,45.510544330609861],[-122.74719014188709,45.510514089110629],[-122.74818420769901,45.510467426556879],[-122.74818939187654,45.5105227878162]],[[-122.74732867378201,45.508205975624769],[-122.74736273699925,45.508419455437149],[-122.74738534579834,45.508561147209136],[-122.74699551379597,45.508591899686181],[-122.74667313359329,45.508617329376456],[-122.74650885328741,45.508423613570777],[-122.74631354337497,45.508193304756382],[-122.74621010236999,45.508049367092134],[-122.74620747389947,45.508045260553743],[-122.74620537992655,45.50804100355321],[-122.74620383841751,45.508036633233743],[-122.7462028619488,45.508032182961387],[-122.74620245950355,45.508027687990783],[-122.74620248824964,45.508025114399622],[-122.74620270384531,45.508022545844725],[-122.74620310898551,45.508019988621569],[-122.74620369917866,45.508017449025608],[-122.74620447442474,45.508014934611495],[-122.74620543202884,45.508012451045083],[-122.74620545089346,45.508012408865362],[-122.74620654504146,45.508010058133493],[-122.74620780268286,45.508007747063019],[-122.74620922112271,45.508005483208542],[-122.74621079676773,45.508003271606448],[-122.74621252692296,45.508001117293126],[-122.74621440619852,45.507999025934566],[-122.74621442685977,45.50799900075264],[-122.74621446099574,45.507998965497968],[-122.74621577163775,45.507997633374281],[-122.74621714246689,45.507996332727956],[-122.74621857258481,45.507995063559015],[-122.74622006019491,45.507993827126533],[-122.74622160350057,45.507992625948766],[-122.7462232025018,45.507991460655155],[-122.74622398673104,45.507990916725596],[-122.74622478353669,45.507990380980111],[-122.74622559112213,45.507989854677867],[-122.74622641038566,45.507989336559739],[-122.74622724132729,45.507988826625727],[-122.74622808304872,45.507988326134949],[-122.74622812437123,45.507988301582529],[-122.74623103760767,45.507986685532401],[-122.74623406582852,45.507985179023542],[-122.74623720184717,45.507983785203798],[-122.74624043847713,45.507982507850457],[-122.74624376493861,45.507981350740806],[-122.74624717135019,45.507980316393009],[-122.74708388646035,45.507744617438959],[-122.74708824688273,45.507762180017494],[-122.74710111974075,45.507801880099997],[-122.74710112782559,45.507801907800207],[-122.74710114758851,45.507801956905119],[-122.74712063923356,45.507842129121897],[-122.74732867378201,45.508205975624769]]]},"properties":{"OBJECTID":125,"DISSOLVEID":2396,"SITENAME":"Sunset Hills Memorial Park Cemetery","ACREAGE":56.587379460000001,"TYPE":"Cemetery","Shape_Length":3722.8335063766476,"Shape_Area":466312.84553970734}},{"type":"Feature","id":126,"geometry":{"type":"Polygon","coordinates":[[[-122.65263914345012,45.475928771382627],[-122.65276507826978,45.475928191868519],[-122.6528820344282,45.475927594087132],[-122.65322086008877,45.475925869402715],[-122.65327187631206,45.475925610511098],[-122.6532783846063,45.475925579015744],[-122.65327964584095,45.475925573346593],[-122.65346841242487,45.475924607699646],[-122.65346089352592,45.475598257773896],[-122.65315611581129,45.475189768895511],[-122.65303704951027,45.475191126991994],[-122.65302887933275,45.474821575509125],[-122.65272349795022,45.474532715958965],[-122.65269551093756,45.474231302402067],[-122.65293652264008,45.473559412186511],[-122.65274767341116,45.473561676166064],[-122.65262796211978,45.473563112413501],[-122.65238061909112,45.473566076248531],[-122.65232147940272,45.47360871388026],[-122.65225681327867,45.473647173769983],[-122.65218721360706,45.473681104424294],[-122.65211332178508,45.473710195295162],[-122.65203581065077,45.473734178669432],[-122.65195539436486,45.473752834707639],[-122.65187281044416,45.473765992073972],[-122.65178881527015,45.473773531085364],[-122.65179304094526,45.473957322522978],[-122.65181387826658,45.474863571563816],[-122.65182165498202,45.475201148936826],[-122.6518218427299,45.475209324599966],[-122.6518269155163,45.475429615409361],[-122.65183835825637,45.475926561040247],[-122.65183851366494,45.47593330293077],[-122.65186844373356,45.475932316497065],[-122.65263914345012,45.475928771382627]]]},"properties":{"OBJECTID":126,"DISSOLVEID":2439,"SITENAME":"The Portland Memorial Mausoleum","ACREAGE":5.9557299600000002,"TYPE":"Cemetery","Shape_Length":1073.6648172109865,"Shape_Area":49020.72788058257}},{"type":"Feature","id":127,"geometry":{"type":"Polygon","coordinates":[[[-122.78961365879637,45.415060169432614],[-122.78961556052981,45.415060171954956],[-122.79050127424713,45.415061323406199],[-122.79086827736319,45.414675019021878],[-122.79083589848709,45.414675106674046],[-122.79050990975196,45.414675986348442],[-122.79035413828842,45.414676406952594],[-122.79019836862155,45.414676826295583],[-122.79004259805632,45.414677245007965],[-122.78988682569447,45.414677664981554],[-122.78983814958247,45.414677796144474],[-122.78979331287003,45.41475416380888],[-122.78974402859861,45.414838111682769],[-122.78968929694327,45.414931334122556],[-122.78961365879637,45.415060169432614]]]},"properties":{"OBJECTID":127,"DISSOLVEID":2454,"SITENAME":"Tigard Evangelical Cemetery","ACREAGE":0.79156386999999995,"TYPE":"Cemetery","Shape_Length":352.70260564913679,"Shape_Area":6501.5372488716885}},{"type":"Feature","id":128,"geometry":{"type":"Polygon","coordinates":[[[-123.103097758942,45.62148651279999],[-123.10440331288376,45.62148688222716],[-123.10439915907388,45.620217035389182],[-123.10451046572747,45.620218337837983],[-123.10451005340077,45.619944094729817],[-123.1045100273496,45.619927650367039],[-123.10450966802352,45.619688741938248],[-123.10456396219929,45.619689362696327],[-123.104608685724,45.618913458703879],[-123.10460865607961,45.618902598427184],[-123.10460861206215,45.618886139936158],[-123.10445384222017,45.618884388217133],[-123.10315536790115,45.618869683325237],[-123.10315442197519,45.618886129883258],[-123.10309457710925,45.619927909852869],[-123.10309513226809,45.620201993454017],[-123.10309522209964,45.620217213824013],[-123.103097758942,45.62148651279999]]]},"properties":{"OBJECTID":128,"DISSOLVEID":2506,"SITENAME":"Union Point Cemetery","ACREAGE":7.6737170199999998,"TYPE":"Cemetery","Shape_Length":1156.5467103661222,"Shape_Area":63484.20321073493}},{"type":"Feature","id":129,"geometry":{"type":"Polygon","coordinates":[[[-122.82624854071091,45.53391562951532],[-122.82463348391612,45.53413659495957],[-122.82457090547679,45.534145749370069],[-122.82456358330892,45.534241072695529],[-122.82458440086732,45.534833653622627],[-122.82465144752685,45.534831143552914],[-122.82498391581014,45.534824263356157],[-122.82529598245499,45.534817803496225],[-122.82560804999817,45.534811343635603],[-122.82592011664305,45.534804882515672],[-122.82623218328791,45.534798420136582],[-122.82652963344478,45.534792260425149],[-122.82654425172939,45.534791940137765],[-122.8268562851366,45.534784874307931],[-122.82718103419666,45.534777519022889],[-122.82720050338381,45.534777018770356],[-122.82719980000292,45.534235045695752],[-122.82719979910463,45.534234869504502],[-122.82719931850595,45.533865002530071],[-122.82656371373002,45.533877868981094],[-122.82624854071091,45.53391562951532]]]},"properties":{"OBJECTID":129,"DISSOLVEID":2507,"SITENAME":"Union School House Cemetery","ACREAGE":4.6744489700000003,"TYPE":"Cemetery","Shape_Length":842.35221452310248,"Shape_Area":38555.143981294284}},{"type":"Feature","id":130,"geometry":{"type":"Polygon","coordinates":[[[-122.94169455837071,45.502877129336206],[-122.94165549962216,45.50303938217354],[-122.9416357825,45.503120491417604],[-122.94150562200521,45.503668761809621],[-122.94154418218876,45.503672886296002],[-122.9419144390028,45.503712488527164],[-122.94229036598293,45.503752696401357],[-122.94238792212444,45.503763130057663],[-122.94248548275758,45.503773563082419],[-122.94256109395505,45.503781650863154],[-122.94287554203372,45.503780841203692],[-122.9429597114809,45.503780625252531],[-122.94295997648391,45.503831365568075],[-122.94303837335706,45.503831162838594],[-122.94319945745718,45.503830747935716],[-122.94310397462731,45.504188095289663],[-122.94312282667185,45.504258218425058],[-122.94317023885424,45.504335569155579],[-122.94317505382416,45.504343427685171],[-122.94320265006971,45.504512280665068],[-122.94455652798383,45.504508773865098],[-122.94457324742793,45.505407427961323],[-122.94717576562068,45.505400682672587],[-122.9480889327514,45.505398301611955],[-122.94808743885309,45.505126308523003],[-122.94808491368882,45.5047109590977],[-122.9480834656046,45.504436717577384],[-122.94808154680312,45.504150967686073],[-122.94807985437713,45.503876601296525],[-122.94807816823935,45.503602418041829],[-122.94807651713586,45.503334215913313],[-122.94736789459871,45.503078809820678],[-122.94748861739312,45.50299342550538],[-122.94786291393099,45.50272795926616],[-122.9476324906707,45.50245735100961],[-122.94762377970738,45.502447121734598],[-122.94675336070608,45.502358022385295],[-122.94637863926512,45.502264229765977],[-122.94496312344772,45.502119313002268],[-122.94494618122147,45.502117578416211],[-122.94494612642426,45.502117653340257],[-122.94482311562082,45.502105155504481],[-122.9448231614349,45.502105101357699],[-122.94482320635066,45.502105046581249],[-122.94482325306306,45.502104992434468],[-122.94251905818962,45.501869051662084],[-122.94212747806569,45.501856667731758],[-122.94198328319123,45.501841900698778],[-122.94196175955702,45.501931313154365],[-122.94195941136086,45.50194408176349],[-122.94195861994511,45.501956944812122],[-122.94195939159793,45.501969809117014],[-122.94196172092946,45.501982578976666],[-122.94196558997339,45.501995164356153],[-122.94197097088194,45.502007470183727],[-122.94197782412927,45.502019409572789],[-122.9419861012063,45.50203089437742],[-122.94199574012929,45.502041840859164],[-122.94200667172798,45.502052169057279],[-122.942018815154,45.5020618053072],[-122.94203208416906,45.502070677203697],[-122.94204637906017,45.502078721785665],[-122.94206159831769,45.502085879240084],[-122.94207739698859,45.502092016089172],[-122.94209387119263,45.502097199072253],[-122.9421109095386,45.502101388523997],[-122.94212838626247,45.50210455548239],[-122.94223831849365,45.502121351062137],[-122.94295735969148,45.502231202189932],[-122.94292719426421,45.502356132292633],[-122.94292720594233,45.502354967512012],[-122.94292718168782,45.502353800842499],[-122.9429271215007,45.502352636691406],[-122.94295641735874,45.502231282780343],[-122.94223737616092,45.502121431023077],[-122.9421274430314,45.502104636072978],[-122.9421174106463,45.502102949966726],[-122.94211697226845,45.502102863079983],[-122.94211158776665,45.502101762514712],[-122.94210996540923,45.502101468485016],[-122.94210907428045,45.502101249379344],[-122.94210750312703,45.502100928905776],[-122.9421070665458,45.502100827537944],[-122.9420977447281,45.502098577927043],[-122.94209714195854,45.502098416745838],[-122.94209414787373,45.502097579359159],[-122.94209292885986,45.502097279033229],[-122.94209175296515,45.502096908820192],[-122.94208875438873,45.502096070803859],[-122.94208788481954,45.502095810143629],[-122.94207877051267,45.50209289377122],[-122.94207836267753,45.502092750219219],[-122.94207725685142,45.502092349784625],[-122.94207645375755,45.502092097309365],[-122.9420750344194,45.502091546397025],[-122.94206959601867,45.502089578852882],[-122.94206931394768,45.50208946741116],[-122.94206065598496,45.502085959830708],[-122.94205129014982,45.502081709305244],[-122.94205089758604,45.502081514124811],[-122.94204704920337,45.50207956106145],[-122.94204543672744,45.502078802376296],[-122.94204517441936,45.502078658824246],[-122.94204428957882,45.502078160799336],[-122.94204224860647,45.502077124454246],[-122.94204207792659,45.502077031271348],[-122.94203355740613,45.502072216610742],[-122.94203332204751,45.50207207054023],[-122.94203202218529,45.502071253930453],[-122.9420311418363,45.502070758423919],[-122.94203105739466,45.502070701758655],[-122.94202973237962,45.502069815891282],[-122.94202524349815,45.502066995848473],[-122.94202492818948,45.502066781149985],[-122.9420185402695,45.50206233103529],[-122.94201788000777,45.502061880231317],[-122.9420177515487,45.502061787048397],[-122.9420176590222,45.502061716531564],[-122.94201732125566,45.502061481685381],[-122.9420171820168,45.502061378428593],[-122.94200982301798,45.502055681676751],[-122.94200953915036,45.502055441793644],[-122.94200696008717,45.502053225550462],[-122.94200573029354,45.502052249647896],[-122.94200559015637,45.502052119317732],[-122.94200476640125,45.502051341114104],[-122.94200276046323,45.502049617229389],[-122.94200258708837,45.502049457307301],[-122.94199650549392,45.502043652890151],[-122.94199599165758,45.502043133458045],[-122.94199528827669,45.502042382327751],[-122.94199479959319,45.502041920190592],[-122.94199466394757,45.50204176908305],[-122.94199384558235,45.502040839771816],[-122.94199002684408,45.50203675609081],[-122.94198979058716,45.502036481578784],[-122.9419858793224,45.502031788430401],[-122.94198516156848,45.50203097370887],[-122.941985037601,45.502030806231311],[-122.94198489387054,45.502030606643423],[-122.94198438452577,45.502029995917098],[-122.9419841922863,45.502029744700799],[-122.94197925604381,45.50202303678423],[-122.94197905751615,45.502022735828334],[-122.94197764266956,45.502020542250001],[-122.94197688449148,45.502019490163491],[-122.94197676950711,45.502019294982851],[-122.94197621973815,45.502018337968188],[-122.94197464678811,45.502015899469498],[-122.94197451922732,45.50201567910424],[-122.94197071037051,45.502008872336447],[-122.94197050375801,45.502008471271672],[-122.94197023785668,45.502007911543899],[-122.94197003124415,45.502007551404091],[-122.94196994320927,45.502007355593825],[-122.94196958567979,45.502006537723851],[-122.94196703895594,45.502001169625537],[-122.94196690780193,45.502000847892212],[-122.94196515698543,45.501996405957293],[-122.94196465033561,45.501995244317271],[-122.94196458925016,45.501995054803118],[-122.94196446168941,45.501994637997846],[-122.94196405924416,45.501993616761958],[-122.94196391731033,45.501993201215925],[-122.94196164367435,45.501985965047822],[-122.94196156282597,45.501985647721696],[-122.94196109749866,45.501983694025384],[-122.94196078039336,45.501982660197015],[-122.94196074086749,45.50198246060895],[-122.94196053694992,45.501981334227125],[-122.94195979763644,45.501978234001037],[-122.94195974912741,45.501977970192236],[-122.94195878523513,45.501972122324212],[-122.94195853550347,45.501970589840191],[-122.94195853011357,45.501970547655944],[-122.94195850496075,45.501970374511707],[-122.94195750603414,45.501964334610157],[-122.94195681073813,45.501956511636557],[-122.94195669126219,45.501948672921493],[-122.94195715209793,45.501940841131088],[-122.94195819144872,45.50193303704269],[-122.941958608267,45.501931034234531],[-122.94186406597325,45.502180372286354],[-122.94186520863029,45.502178776846648],[-122.94186532990287,45.502178635813308],[-122.94186781464292,45.502175793739539],[-122.94186797005148,45.502175643891597],[-122.94187077189686,45.502172978738976],[-122.94187095964475,45.502172826372579],[-122.9418740588325,45.502170349474135],[-122.94187426275003,45.502170209070393],[-122.94187765029697,45.502167926092774],[-122.94187789194379,45.502167786318601],[-122.94188152383249,45.502165726853626],[-122.94188176817423,45.502165607856675],[-122.94188564799795,45.502163766237793],[-122.94188588874644,45.502163669277344],[-122.9418899940473,45.502162059985721],[-122.94189021503286,45.50216198758018],[-122.94189453053949,45.50216061943042],[-122.94189476410143,45.502160558357922],[-122.94189922513517,45.502159454645707],[-122.94189942545948,45.502159416239294],[-122.94190404369833,45.502158575075818],[-122.94190420898835,45.502158553668984],[-122.9419062050449,45.502158317563953],[-122.94190127509064,45.502159141727873],[-122.94189646551061,45.502160263069236],[-122.94189181223744,45.502161672773482],[-122.9418873494071,45.502163360137239],[-122.9418831111556,45.502165311938434],[-122.9418791280256,45.502167515584915],[-122.94187543235653,45.502169952188218],[-122.94187204840289,45.502172605378313],[-122.94186900491067,45.502175454378012],[-122.94186632343954,45.502178476521209],[-122.94186402375243,45.502181652289821],[-122.94186212291729,45.502184955240068],[-122.94186063530718,45.502188360817065],[-122.94185957349852,45.502191845095496],[-122.94181144895211,45.502391700274842],[-122.94178540230044,45.502499868558495],[-122.94169455837071,45.502877129336206]],[[-122.94395315116708,45.50241865831223],[-122.94394647848117,45.502419718576263],[-122.94393996389871,45.502421185568551],[-122.9439336568271,45.502423049215416],[-122.94392760577533,45.502425293146857],[-122.94392185835414,45.502427901622625],[-122.94391645768266,45.502430853865512],[-122.94391144418505,45.502434127839052],[-122.94390686008217,45.502437697729263],[-122.94390273681502,45.502441536462804],[-122.94389910851956,45.502445614447907],[-122.943896001247,45.502449900204105],[-122.94389343925184,45.502454360361902],[-122.94389198577768,45.502455561028285],[-122.94389219508516,45.502454689647955],[-122.94389249691908,45.502454440951993],[-122.9438950023204,45.502450070828417],[-122.94389514155928,45.502449874390074],[-122.94389802874458,45.502445866291971],[-122.94389812037278,45.502445759887884],[-122.94390136688421,45.502442069742614],[-122.94390156002198,45.50244186134163],[-122.94390165165015,45.502441768788962],[-122.94390556291488,45.50243808368036],[-122.943905756951,45.502437926277757],[-122.94391001137218,45.502434559751705],[-122.94391026379877,45.502434387238473],[-122.94391487754609,45.502431319777102],[-122.94391508326028,45.50243120204],[-122.9439201201141,45.502428384533779],[-122.94392030067546,45.502428297647526],[-122.943925698652,45.502425773539592],[-122.94393157992215,45.502423513238263],[-122.94393185750157,45.502423425092815],[-122.94393771092398,45.502421614333286],[-122.9439378708241,45.502421574038195],[-122.94394371705995,45.502420168747705],[-122.94394405482652,45.502420094453683],[-122.94394421921821,45.502420061713948],[-122.94395055773083,45.502418959266059],[-122.94395085597152,45.502418923378265],[-122.94395315116708,45.50241865831223]],[[-122.94438603403114,45.502423491831514],[-122.94438712817916,45.502423327503188],[-122.9443902291635,45.50242284459204],[-122.94445477581162,45.502410818402325],[-122.94445782289705,45.502410155422403],[-122.94446280944521,45.502409042270905],[-122.94452173263964,45.502393988280318],[-122.94452656018598,45.502392594322139],[-122.94453344846757,45.502390555642464],[-122.94458617687981,45.502373190345132],[-122.94459279027693,45.502370782712752],[-122.94459575022579,45.502369685300778],[-122.94459870388644,45.502368579074236],[-122.94460165125888,45.502367464033092],[-122.94464765128966,45.502348617882987],[-122.94465043606702,45.50234738510418],[-122.94465321455618,45.502346144769966],[-122.94465598496053,45.502344896880452],[-122.94465939676196,45.502343342370175],[-122.94466279598701,45.502341776526855],[-122.94466618443226,45.502340199350478],[-122.94470595913808,45.502320359034584],[-122.94470919666637,45.502318631380469],[-122.94471242251657,45.502316892393246],[-122.94471563579035,45.502315142702628],[-122.94471954256352,45.502312988171617],[-122.94472343047208,45.502310815381804],[-122.9447273004143,45.502308627481256],[-122.94476025870375,45.502288850115455],[-122.94476394898295,45.502286501662965],[-122.94476761680426,45.502284138099718],[-122.94477126576093,45.502281758166461],[-122.94477553186023,45.502278936245446],[-122.9447797674168,45.502276092917498],[-122.94478397512559,45.502273228812221],[-122.94481058591923,45.502254116934147],[-122.94481456545594,45.502251101720773],[-122.94481851355162,45.502248066359677],[-122.94482243110458,45.502245012739628],[-122.94482699813949,45.502241391838581],[-122.94483152115694,45.50223774512321],[-122.94483600195358,45.50223407070466],[-122.94485615026709,45.502216741876559],[-122.94486038672196,45.502212918238413],[-122.94486457736276,45.502209070674752],[-122.94486872218948,45.502205197926251],[-122.94487354704087,45.502200597345009],[-122.94487830541692,45.502195964023521],[-122.94488299911428,45.502191297332146],[-122.94489668404933,45.502177104594153],[-122.94490111364198,45.502172310719359],[-122.94490547496271,45.502167487252315],[-122.94490976711313,45.502162632933832],[-122.94491462879546,45.502156996635108],[-122.94491939615465,45.502151321299785],[-122.94492407278403,45.502145608816676],[-122.94493228787729,45.502135193749048],[-122.94493669950366,45.502129383044547],[-122.94494101770523,45.502123537710752],[-122.94494523888876,45.502117658377152],[-122.94494605905061,45.502117744634255],[-122.9449105773935,45.502162699043225],[-122.94486952618165,45.502205243888021],[-122.9448232324018,45.502245039812955],[-122.94477206795649,45.502281768240238],[-122.94471644068082,45.502315134517673],[-122.94465679883417,45.502344872325615],[-122.94459361493035,45.502370744306489],[-122.94452739651751,45.502392543323651],[-122.94445867360164,45.502410094350175],[-122.9443879950534,45.502423257616471],[-122.94431592770971,45.502431927351068],[-122.9442430464924,45.50243603429896],[-122.94416993440807,45.502435546980621],[-122.94409717715827,45.502430466655127],[-122.94416866688519,45.502435457575956],[-122.9441715989863,45.502435558313614],[-122.94424140886365,45.502436023595592],[-122.94424457273008,45.502435950560788],[-122.94431480391729,45.502431990312083],[-122.94431674427832,45.502431831650327],[-122.94438603403114,45.502423491831514]],[[-122.94423251284736,45.502354008614191],[-122.9442314151061,45.502353996651564],[-122.94421497773303,45.502354190571808],[-122.94421462918672,45.502354189312612],[-122.94419451950075,45.502354014280691],[-122.94419380983169,45.502353996021938],[-122.94417407743816,45.502353417409275],[-122.94417344861746,45.502353389076752],[-122.94417297969686,45.502353365781175],[-122.94417261947245,45.50235335570737],[-122.94417247394536,45.502353346892846],[-122.94417195202421,45.502353314782646],[-122.94415468730276,45.502352461029865],[-122.94415320957413,45.502352372254684],[-122.94413331099224,45.502350966332898],[-122.94413248454218,45.502350895816413],[-122.94411302254157,45.502349119053534],[-122.94392231200338,45.502329698691639],[-122.94392235332586,45.502329526807721],[-122.94411396487428,45.502349038463294],[-122.9441570067528,45.50235246543717],[-122.94420026782026,45.502354014910267],[-122.94424358278664,45.502353681216363],[-122.94423543327036,45.502353945653034],[-122.94423457537927,45.502353959504482],[-122.94423323149962,45.502353975244795],[-122.94423278054535,45.502353997281183],[-122.94423251284736,45.502354008614191]],[[-122.94445933745661,45.502322987662794],[-122.94445841398851,45.502323245803524],[-122.94445709526168,45.502323571312665],[-122.94445784355831,45.502323376762689],[-122.94445859095663,45.502323182842339],[-122.94445933745661,45.502322987662794]],[[-122.94444815612627,45.502325846099033],[-122.94444691824782,45.502326171608196],[-122.94444369239764,45.502326947919173],[-122.94444518270269,45.502326582744516],[-122.94444666941448,45.502326215680995],[-122.94444815612627,45.502325846099033]],[[-122.9444368499301,45.502328586797795],[-122.94443535243855,45.502328955750123],[-122.94443165587116,45.502329793762989],[-122.94443338872132,45.50232939521895],[-122.94443511977489,45.502328992897219],[-122.9444368499301,45.502328586797795]],[[-122.94442488796379,45.502331326866866],[-122.94442371925561,45.502331596970137],[-122.94442039908232,45.502332304023781],[-122.9444218956756,45.502331980403525],[-122.94442339226887,45.502331654894391],[-122.94442488796379,45.502331326866866]],[[-122.94439129995533,45.502338124151493],[-122.94438844960092,45.502338659321147],[-122.9443870374493,45.502338900462291],[-122.9443884594824,45.502338643580828],[-122.94438987971887,45.502338384810585],[-122.94439129995533,45.502338124151493]],[[-122.94437806866952,45.502340455602258],[-122.94437658105939,45.502340723187103],[-122.94437433976276,45.502341083324779],[-122.9443755830311,45.502340875553045],[-122.94437682629946,45.502340666522059],[-122.94437806866952,45.502340455602258]],[[-122.94436793477479,45.502342117146569],[-122.94436466490716,45.50234264098318],[-122.94436236701665,45.502342979714065],[-122.94436422383434,45.502342695759353],[-122.94436607975372,45.502342408656617],[-122.94436793477479,45.502342117146569]],[[-122.9443550870696,45.502344061386253],[-122.94435270294082,45.502344413338967],[-122.94435254124409,45.502344422153527],[-122.94435338925371,45.502344302527376],[-122.94435423816164,45.502344181642023],[-122.9443550870696,45.502344061386253]],[[-122.94434225733072,45.502345826186662],[-122.94434069785537,45.502346038365687],[-122.94433902698896,45.502346237952459],[-122.94434010406897,45.502346101326808],[-122.944341181149,45.502345964071566],[-122.94434225733072,45.502345826186662]],[[-122.94427711240459,45.502352134261656],[-122.9442762715815,45.502352197852389],[-122.94427424588054,45.502352302997458],[-122.94427520078968,45.502352247591674],[-122.94427615749547,45.502352190926686],[-122.94427711240459,45.502352134261656]],[[-122.94425117714404,45.502353433779156],[-122.94425474704897,45.502353292116638],[-122.94425831425899,45.502353137232291],[-122.94426188146899,45.502352969126115],[-122.9442561636922,45.502353270080249],[-122.9442552581904,45.502353309116138],[-122.94425117714404,45.502353433779156]],[[-122.94450361811192,45.502310148623067],[-122.94449926757099,45.502311503547361],[-122.94450095999699,45.502310974043951],[-122.94450265152469,45.5023104420221],[-122.94450434125574,45.50230990622255],[-122.94450361811192,45.502310148623067]],[[-122.94451470781412,45.502306529615069],[-122.94451412390919,45.502306706535954],[-122.94451483357827,45.502306471690794],[-122.94451554234902,45.502306236216022],[-122.94451625022147,45.502305999481997],[-122.94451470781412,45.502306529615069]],[[-122.94452570588815,45.502302775240324],[-122.944524833624,45.502303061084064],[-122.94452588824615,45.502302695279639],[-122.94452694107164,45.502302326956716],[-122.94452799299886,45.50230195800426],[-122.94452570588815,45.502302775240324]],[[-122.94453660874075,45.502298886757991],[-122.94453545440562,45.502299288450317],[-122.94453686745554,45.50229877468707],[-122.94453827781052,45.502298259664627],[-122.94453968636891,45.502297741494111],[-122.94453660874075,45.502298886757991]],[[-122.94454741277868,45.502294864797676],[-122.94454598176242,45.502295390523592],[-122.94454712980935,45.50229495357295],[-122.94454827875461,45.502294515992723],[-122.94454942500491,45.502294076523675],[-122.94454741277868,45.502294864797676]],[[-122.94455811620527,45.502290711248207],[-122.94455695378528,45.502291156383798],[-122.94455850158252,45.502290541882608],[-122.94456004758314,45.502289924233345],[-122.94456159178711,45.502289304695253],[-122.94455811620527,45.502290711248207]],[[-122.94458958418967,45.502277470508645],[-122.94458710394117,45.502278550922888],[-122.94458831127693,45.502278018271106],[-122.94458951861266,45.502277484360114],[-122.94459072325347,45.502276947930667],[-122.94458958418967,45.502277470508645]],[[-122.94459984923843,45.502272801935227],[-122.94459712464817,45.502274039122938],[-122.94459864459765,45.502273339623947],[-122.94460016364879,45.502272638236079],[-122.94460167820833,45.502271933700129],[-122.94459984923843,45.502272801935227]],[[-122.94460999750619,45.502268008068583],[-122.94460714176191,45.502269356068133],[-122.94460874615299,45.502268590459821],[-122.94461034784915,45.502267820444132],[-122.94461194505374,45.502267047280412],[-122.94460999750619,45.502268008068583]],[[-122.9446200245014,45.502263090167894],[-122.9446188432168,45.5022636580781],[-122.94461979183774,45.502263185868976],[-122.94462073866205,45.502262713030184],[-122.94462168458801,45.502262238932239],[-122.9446200245014,45.502263090167894]],[[-122.94462992752909,45.502258049492426],[-122.94462856388648,45.502258740806695],[-122.94462947747313,45.502258266708672],[-122.94463039016146,45.502257791981016],[-122.94463130284977,45.502257315364538],[-122.94462992752909,45.502258049492426]],[[-122.9446493526988,45.502247609261104],[-122.94464617805258,45.502249344472773],[-122.94464751654235,45.502248607826282],[-122.94464885054055,45.502247869291004],[-122.94465018274211,45.502247127607646],[-122.9446493526988,45.502247609261104]],[[-122.94473807301119,45.502188622736064],[-122.94473679291191,45.502189613746992],[-122.94473773524464,45.502188872692443],[-122.94473867578074,45.502188129749058],[-122.94473961272358,45.502187386176097],[-122.94473807301119,45.502188622736064]],[[-122.94474611023804,45.502182145276869],[-122.94474479510447,45.502183203026853],[-122.94474593686319,45.502182270569882],[-122.94474707592697,45.502181334964774],[-122.94474821049917,45.502180398100464],[-122.94474611023804,45.502182145276869]]]},"properties":{"OBJECTID":130,"DISSOLVEID":2517,"SITENAME":"Valley Memorial Park Cemetery","ACREAGE":36.180305480000001,"TYPE":"Cemetery","Shape_Length":3130.779466144852,"Shape_Area":298105.2306356107}},{"type":"Feature","id":131,"geometry":{"type":"Polygon","coordinates":[[[-122.81646182328851,45.518072011954168],[-122.81670120634543,45.518197774261225],[-122.81670929926781,45.518184760712373],[-122.81685749164529,45.517946474704424],[-122.8170720192166,45.51760151774176],[-122.81712106992606,45.517520067434297],[-122.81716748228355,45.517437692357966],[-122.81710009785745,45.517404880141662],[-122.81651484005994,45.517119894137878],[-122.81620336091328,45.517628391703575],[-122.81606070485289,45.517861276594687],[-122.81622350204027,45.517946805788149],[-122.81646182328851,45.518072011954168]]]},"properties":{"OBJECTID":131,"DISSOLVEID":2539,"SITENAME":"Village Baptist Cemetery","ACREAGE":1.3688079099999999,"TYPE":"Cemetery","Shape_Length":437.21035043657344,"Shape_Area":11283.369996818628}},{"type":"Feature","id":132,"geometry":{"type":"Polygon","coordinates":[[[-122.3960045397844,45.30246352833511],[-122.39611868960587,45.302667342750702],[-122.39607508897525,45.302692539279974],[-122.39636738459902,45.303214441310061],[-122.39701240192248,45.302841686859729],[-122.3967049427367,45.3022919720256],[-122.39670217143404,45.302292648099396],[-122.39663144797004,45.302309968222616],[-122.3960045397844,45.30246352833511]]]},"properties":{"OBJECTID":132,"DISSOLVEID":2543,"SITENAME":"Viola Cemetery","ACREAGE":1.15827703,"TYPE":"Cemetery","Shape_Length":398.71379475502499,"Shape_Area":9476.2975427469828}},{"type":"Feature","id":133,"geometry":{"type":"Polygon","coordinates":[[[-123.08820837355056,45.564000019014379],[-123.0882091353219,45.564204616212521],[-123.08801286151719,45.564206038198634],[-123.08801977405331,45.56540049446015],[-123.08840660029271,45.565400996326943],[-123.08840769713569,45.565837346409971],[-123.08860533637967,45.565610145456915],[-123.08879376429873,45.565417270518232],[-123.08939188776773,45.564768950685902],[-123.08953651832509,45.564558426131207],[-123.08960199742447,45.564303470262701],[-123.0896076595057,45.564152648601059],[-123.08848077688067,45.564157918319083],[-123.08847869728081,45.563332131316947],[-123.08834422397435,45.563332298612004],[-123.08834155507965,45.562271164795987],[-123.08822271515407,45.562270705040277],[-123.08820837355056,45.564000019014379]]]},"properties":{"OBJECTID":133,"DISSOLVEID":2547,"SITENAME":"Visitation Cemetery","ACREAGE":4.3958988200000002,"TYPE":"Cemetery","Shape_Length":1389.8810316191134,"Shape_Area":36295.980011192463}},{"type":"Feature","id":134,"geometry":{"type":"Polygon","coordinates":[[[-122.90643968815858,45.574232479288426],[-122.90758944368733,45.574599940864495],[-122.90806202490045,45.57396508293877],[-122.90688490758642,45.573595816285419],[-122.90679455054357,45.573719188195732],[-122.90643968815858,45.574232479288426]]]},"properties":{"OBJECTID":134,"DISSOLVEID":2619,"SITENAME":"West Union Baptist Church Cemetery","ACREAGE":1.95048201,"TYPE":"Cemetery","Shape_Length":510.87251249095402,"Shape_Area":16110.115274498105}},{"type":"Feature","id":135,"geometry":{"type":"Polygon","coordinates":[[[-122.43471364426641,45.496025405802001],[-122.43543478033546,45.496025911436625],[-122.43543610265554,45.495825060798886],[-122.43543642964231,45.495774551288548],[-122.43467583417609,45.495759615793858],[-122.43467464660328,45.496025378725697],[-122.43471364426641,45.496025405802001]]]},"properties":{"OBJECTID":135,"DISSOLVEID":2643,"SITENAME":"White Birch Cemetery","ACREAGE":0.42198423000000002,"TYPE":"Cemetery","Shape_Length":251.4449879895644,"Shape_Area":3475.8420714599097}},{"type":"Feature","id":136,"geometry":{"type":"MultiPolygon","coordinates":[[[[-122.5276386722762,45.458579187708963],[-122.52855063656276,45.458580877008444],[-122.52854997360605,45.458649213888812],[-122.52854931154769,45.458717549426105],[-122.52854507688943,45.45915435377907],[-122.5285412285068,45.459551252443276],[-122.53254726910956,45.459558589837066],[-122.53266420640335,45.459558802177277],[-122.53266416777579,45.459560207907131],[-122.53263888020055,45.460465062834707],[-122.53262675563917,45.461217843988649],[-122.53274367855991,45.461218180446558],[-122.53504191221313,45.461224770359273],[-122.53503822822216,45.461345721173998],[-122.53504783750073,45.461345805603301],[-122.53777768829177,45.461369830782928],[-122.53777806917745,45.461369818811598],[-122.54290749616219,45.461210235250093],[-122.54729459492196,45.461073566354251],[-122.5473142276025,45.461072954553707],[-122.5457129877951,45.460679044345497],[-122.54428910147587,45.460323262642994],[-122.54411870723618,45.460275319125557],[-122.54395415474072,45.460218157465178],[-122.54379644830608,45.460152126699732],[-122.54364655182454,45.460077630051821],[-122.54338349187167,45.459935709799588],[-122.54325872216691,45.459862008034456],[-122.54314365426721,45.4597808642147],[-122.543039181098,45.459692907766041],[-122.54294611293962,45.459598822933557],[-122.54231187180631,45.458892985725349],[-122.54171494938485,45.458217655654238],[-122.54149622218958,45.457952082961832],[-122.54130739272358,45.457675381895953],[-122.54114959555912,45.457389216423458],[-122.54074323455549,45.456598566723102],[-122.53982038807757,45.456585955446542],[-122.53790473253085,45.456558400799402],[-122.5357692852852,45.456528766731402],[-122.53517140975124,45.456520403102189],[-122.53515626774877,45.45713088932262],[-122.53513416739617,45.458021878041215],[-122.53458871754218,45.458018302815312],[-122.53386790935819,45.458013572603335],[-122.53314696822358,45.458008839240378],[-122.53283674312503,45.45800680084448],[-122.53270760311639,45.458005952090424],[-122.53271417968261,45.457770558767322],[-122.53259725586354,45.457770018763419],[-122.53258822240505,45.457769977176191],[-122.53164488805048,45.45776561681771],[-122.53166662907695,45.456914850869893],[-122.53026953590945,45.456908378285767],[-122.53026964101232,45.456853528902414],[-122.52958720616236,45.456850269922597],[-122.52959119917378,45.457755277347843],[-122.52959113180015,45.457763048490797],[-122.52959059550591,45.457823838287354],[-122.52764610403852,45.457813821443978],[-122.5276386722762,45.458579187708963]]],[[[-122.53420822532381,45.464917642196944],[-122.53488392550412,45.46492252366685],[-122.53484736946193,45.465741204079478],[-122.53592374520844,45.46571349262102],[-122.53675458623491,45.465691968585979],[-122.53758353540942,45.465670487384195],[-122.53758451906467,45.465670462813321],[-122.53907287118358,45.465632661523244],[-122.53907520680335,45.465632602931265],[-122.5395394579388,45.465620807663484],[-122.53954192471257,45.465620744661315],[-122.53982346031584,45.465613591392838],[-122.53982591271658,45.465613528390612],[-122.54010758935542,45.465606370711043],[-122.54010995102627,45.465606310858973],[-122.54089052771936,45.465586302616494],[-122.54089227404427,45.465586258514939],[-122.54147569568534,45.465571277844369],[-122.54147634876054,45.465571260833762],[-122.5419242182185,45.46555975914368],[-122.54231374209874,45.465549522536705],[-122.54268615037785,45.465539728833896],[-122.54311480577017,45.465528454575647],[-122.54350447877076,45.4655182072526],[-122.5438941436865,45.465507959927734],[-122.54428375470333,45.465497718901204],[-122.5446733693134,45.465487481652929],[-122.54506294888918,45.465477282834257],[-122.54545243863346,45.465467121815188],[-122.54584302971224,45.465456917322612],[-122.54623165168394,45.465446746849459],[-122.54662134624407,45.46543653227284],[-122.54701109110988,45.46542631202415],[-122.54740083417904,45.465416086103339],[-122.54794508118887,45.465401814794895],[-122.54793725057455,45.46408991191592],[-122.54793446310222,45.463640764176716],[-122.54792525447223,45.461850161477912],[-122.5479237300312,45.461818009303599],[-122.54792061826706,45.461785909406302],[-122.54791592995959,45.461753905890717],[-122.54790966241386,45.461722035300724],[-122.54790182551132,45.461690338590898],[-122.54789243362501,45.461658847264822],[-122.54788149034823,45.461627606687571],[-122.54786901185062,45.461596647732911],[-122.54785501879344,45.461566011985681],[-122.54783952105815,45.461535735990338],[-122.54782254200097,45.46150585692147],[-122.54780409509662,45.461476406913235],[-122.54778420819285,45.461447423770331],[-122.54776291093408,45.461418944667614],[-122.54774022218496,45.461391008670027],[-122.54771617608142,45.461363638460995],[-122.54769079148814,45.461336872475542],[-122.54766409984609,45.461310740957821],[-122.54763613978288,45.461285277302551],[-122.54760694094288,45.461260509863777],[-122.54757653746211,45.46123647203617],[-122.54754496796807,45.461213187763384],[-122.54751226659678,45.461190689179894],[-122.5474784836539,45.461169000229482],[-122.54744364429224,45.461148147376072],[-122.54740779971576,45.46112815708355],[-122.54737099304361,45.461109053925746],[-122.54733326559833,45.461090861216164],[-122.54729547347432,45.461073959519574],[-122.53777933849695,45.461370231507019],[-122.53777805749934,45.461370271201403],[-122.53777766852885,45.461370268681129],[-122.53504781953443,45.461346218928973],[-122.53503821654405,45.461346134499664],[-122.53261485385994,45.461324731660731],[-122.53006769075331,45.46130217956587],[-122.52762458040431,45.461280495068813],[-122.52761803707581,45.461334912958641],[-122.5286352219299,45.461343936186701],[-122.52862591448523,45.462374580195586],[-122.52781592066152,45.462367380520931],[-122.52828815242998,45.462769016623632],[-122.52828818117605,45.462769289436906],[-122.52830934638247,45.462788047392898],[-122.52832968513883,45.462807461228195],[-122.52834902407025,45.462827369648437],[-122.52836733532899,45.462847751861375],[-122.52838460633866,45.462868580774249],[-122.52840080386156,45.462889829294269],[-122.52841590993135,45.462911469068708],[-122.52842991017506,45.462933480565397],[-122.52844278662634,45.462955827241011],[-122.52845452491218,45.462978490823616],[-122.52846511335443,45.46300143161956],[-122.52847453488513,45.463024631357079],[-122.52848278501268,45.463048057903265],[-122.52848985205904,45.463071682275533],[-122.52849572704099,45.463095474231253],[-122.52850040816193,45.463119404157766],[-122.52850389093028,45.463143444332836],[-122.5285061708545,45.46316756136369],[-122.52850724703622,45.463191728158058],[-122.52850712217038,45.463215914473572],[-122.52850579625701,45.463240088807822],[-122.52850327019442,45.463264224068666],[-122.52849954398263,45.463288284973579],[-122.5284946292997,45.463312246320662],[-122.52848852884064,45.463336075977672],[-122.52848125248684,45.463359749372913],[-122.52847280832316,45.46338322870379],[-122.52846320712942,45.463406491288893],[-122.52845245609207,45.463429504996064],[-122.52844057048256,45.463452240843509],[-122.52842756736882,45.463474673629733],[-122.52841346292054,45.463496772482898],[-122.5283982679175,45.463518512831627],[-122.52830648255335,45.463644413391286],[-122.52830619149921,45.463644646507547],[-122.52826873714174,45.463694067761836],[-122.52822885284144,45.463742698269037],[-122.52818666705738,45.463790349648605],[-122.52814222470533,45.463836967719359],[-122.52750016643242,45.464486731734169],[-122.52738016049359,45.46460823187023],[-122.52734076936842,45.464656142091627],[-122.52730879922576,45.46470671415782],[-122.52728460669684,45.464759381663349],[-122.52712683199023,45.465234887091306],[-122.52712195413824,45.465248140320028],[-122.52711656155159,45.465261293371519],[-122.52711052217792,45.465274306554207],[-122.52710384679706,45.465287164747608],[-122.52709654618877,45.465299852201206],[-122.52708862484457,45.465312355684539],[-122.52708009354433,45.465324658187065],[-122.52707096396608,45.465336747108466],[-122.52706124419471,45.465348603548044],[-122.5270509468066,45.465360214275499],[-122.52704008437819,45.46537157173065],[-122.5270286703842,45.465382655122859],[-122.52701671919765,45.465393456261971],[-122.52700424249667,45.465403960027551],[-122.5269912555526,45.465414151929245],[-122.52697777543345,45.465424023146824],[-122.52696381920721,45.465433559819978],[-122.52694940034856,45.46544275186848],[-122.52693454041716,45.465451587322057],[-122.52691925288765,45.46546005610049],[-122.526903557523,45.465468149383589],[-122.52688746510299,45.465475855201113],[-122.52687101156025,45.465483165362912],[-122.52685420677625,45.465490071048805],[-122.52683707500545,45.46549656343857],[-122.52681962972262,45.465502636232195],[-122.52680189697894,45.465508280609477],[-122.52681336307523,45.465511968764595],[-122.52710434266709,45.465469204043018],[-122.52735080714336,45.464685291803598],[-122.52750261254494,45.464597744967293],[-122.52756139290723,45.464563849166723],[-122.52756158335008,45.464563733240489],[-122.52757082072615,45.464558594685734],[-122.52758030603722,45.464553680422576],[-122.52759002580862,45.464549003051623],[-122.52759997195542,45.464544564463175],[-122.52761013100297,45.464540370327512],[-122.52762048947653,45.464536424424928],[-122.52763103659626,45.464532736836027],[-122.5276417579892,45.464529306300761],[-122.52765264557046,45.464526139119528],[-122.52766368317033,45.464523240962684],[-122.5276748555175,45.464520610570219],[-122.52768615183221,45.464518256132592],[-122.52769756043632,45.464516175759712],[-122.52770905977026,45.464514374491962],[-122.52772064354588,45.46451285547947],[-122.52773229739006,45.464511618092217],[-122.52774400513316,45.464510668630595],[-122.52775575509705,45.464510002684378],[-122.52776752662055,45.464509622143716],[-122.52777931251705,45.464509528268579],[-122.5277910975153,45.464509722319178],[-122.52780286275056,45.464510202405236],[-122.52781460193468,45.464510971677079],[-122.52782629440642,45.464512022574198],[-122.52783792758936,45.464513357616745],[-122.52784948890705,45.464514977434668],[-122.52786097117303,45.464516876987766],[-122.52787234743778,45.464519052495774],[-122.52788360871818,45.464521504588681],[-122.52789474423446,45.464524231376302],[-122.52790574051183,45.464527224668252],[-122.52791657958407,45.464530485094443],[-122.52792725785785,45.464534006354526],[-122.52793775018036,45.464537785298312],[-122.52794805565331,45.464541816885394],[-122.52795815361543,45.46454609922565],[-122.52796803688018,45.464550620978486],[-122.52797768388801,45.464555380883652],[-122.5279870991305,45.46456037453099],[-122.52799626374302,45.464565594359897],[-122.5280051651492,45.464571032179968],[-122.52801379346747,45.464576684840956],[-122.52802213612151,45.464582544782381],[-122.52803019041636,45.464588601923595],[-122.52803793838569,45.46459485311447],[-122.52804537643621,45.464601287644328],[-122.5280524919916,45.46460789858272],[-122.52805927786525,45.464614680259281],[-122.52806572327741,45.464621621333407],[-122.52807182732977,45.464628716134683],[-122.52807757744593,45.464635954582604],[-122.52808296733762,45.464643328486623],[-122.52808798892005,45.46465082587607],[-122.52809264398985,45.46465844549089],[-122.52809691817399,45.464666170950103],[-122.52810080698085,45.464673998473501],[-122.5281043131054,45.464681912310255],[-122.52810742397122,45.464689908050111],[-122.52811014137497,45.464697973092321],[-122.52816878160009,45.46488655463272],[-122.52812488452538,45.465221651500215],[-122.52874302605218,45.465234200992839],[-122.53025573688836,45.465232922039696],[-122.53255401545735,45.465230940607299],[-122.53256119838635,45.464905729594058],[-122.53420822532381,45.464917642196944]]],[[[-122.52520852371845,45.467567997039772],[-122.52515447568105,45.467653094236702],[-122.52515386931825,45.467654041125364],[-122.52484831905245,45.468376784713449],[-122.52484764711262,45.468378371660833],[-122.5247108372881,45.468995155329786],[-122.5250774487387,45.468990039228416],[-122.52572543229924,45.468479055476642],[-122.52594459697406,45.468194511000185],[-122.52613025808203,45.467953781940217],[-122.52627130525974,45.467771042550687],[-122.52577639552192,45.46777947066083],[-122.52620976167962,45.467326494810756],[-122.52679564470452,45.466771297715098],[-122.52729256936352,45.466762955135493],[-122.52730229811804,45.466753808662951],[-122.52739479135467,45.466591854489799],[-122.52739494766152,45.46659158169502],[-122.52752749947156,45.466357736878734],[-122.52753986567978,45.466335744359377],[-122.5276869216884,45.466072488675351],[-122.52790933826455,45.465671649773419],[-122.52801126291331,45.464893256891997],[-122.52795778350952,45.464721260336198],[-122.52795631027244,45.464716893584907],[-122.52795462054139,45.464712558334938],[-122.52795272779109,45.464708270967037],[-122.52795061944514,45.464704032741309],[-122.52794829550346,45.464699843027752],[-122.52794578201733,45.464695720097296],[-122.52794305293547,45.464691654499468],[-122.52794013430913,45.46468766450522],[-122.52793701446015,45.464683741294124],[-122.52793371764304,45.464679901877027],[-122.52793021960335,45.464676138063567],[-122.52792654459552,45.464672458674215],[-122.52792269441619,45.464668880719849],[-122.52791865559068,45.464665396640122],[-122.52791445417012,45.464662005804996],[-122.52791009015444,45.464658725225355],[-122.52790557701846,45.464655555531273],[-122.5279009003891,45.464652487902285],[-122.5278960755377,45.46464953934931],[-122.52789111324407,45.464646710502407],[-122.52788601530483,45.464644010182077],[-122.52788078171999,45.464641429567834],[-122.52787542326932,45.464638976850104],[-122.52786995522419,45.464636652028986],[-122.52786437668628,45.464634473375341],[-122.52785868855389,45.464632422618337],[-122.52785290250516,45.464630517398838],[-122.52784703201478,45.464628748896438],[-122.52784107708275,45.464627125931564],[-122.52783503770908,45.464625648504295],[-122.52782893994494,45.464624324804994],[-122.52782277031558,45.464623146643312],[-122.52781655577043,45.464622113389204],[-122.5278102945129,45.46462123386312],[-122.52780398833961,45.464620516885518],[-122.52779764892865,45.464619944815567],[-122.52779128885645,45.464619526473584],[-122.52778490902128,45.464619270050164],[-122.52777853547434,45.464619166094693],[-122.52777214126614,45.464619216497347],[-122.52776576502428,45.464619418737946],[-122.52775939507059,45.464619774706627],[-122.52775305655796,45.46462030078419],[-122.5277467476897,45.464620961058806],[-122.52774047116081,45.464621792072343],[-122.52773423775108,45.464622766103375],[-122.52772804835874,45.464623892602376],[-122.52772194071315,45.464625162118821],[-122.52771587708499,45.464626592293634],[-122.52770990867822,45.464628164855874],[-122.52770400854344,45.464629880435581],[-122.52769819105364,45.464631738402623],[-122.52769248046341,45.464633738126977],[-122.52768686419624,45.464635872048305],[-122.52768135572693,45.464638147726916],[-122.5276759658352,45.464640546891879],[-122.52767070979249,45.464643088444156],[-122.52766555975094,45.464645744662263],[-122.52766056781292,45.464648533187088],[-122.52749142223145,45.464746069726829],[-122.52745284048831,45.464868673116953],[-122.52723489752229,45.46556206376605],[-122.52680259317326,45.465625595199299],[-122.52649157845561,45.465536176765518],[-122.5261411474599,45.465505115373297],[-122.52612356203991,45.465503769643888],[-122.52610591463613,45.46550286619064],[-122.52608824477451,45.465502394933324],[-122.52607055245498,45.465502355871926],[-122.52605288798323,45.465502757826705],[-122.52603523968116,45.465503600167658],[-122.52601764527799,45.465504874074441],[-122.5260001299266,45.465506587737359],[-122.52598271967808,45.465508731075971],[-122.52596542710886,45.465511295269948],[-122.52594826479535,45.465514298589845],[-122.52593127046681,45.465517713314568],[-122.52591445759793,45.465521547634431],[-122.52589785223992,45.465525800919224],[-122.5258814525961,45.465530456158284],[-122.52586532334516,45.465535520281776],[-122.52584943843598,45.465540976278923],[-122.52583384817424,45.465546823519631],[-122.52581855345821,45.465553051923429],[-122.52580357944076,45.465559653299891],[-122.52578895037632,45.46556661756847],[-122.52577467973974,45.465573944099077],[-122.52576078010736,45.465581624701244],[-122.52574727573369,45.465589639844175],[-122.52573418009348,45.46559798133741],[-122.52572150486482,45.465606639100457],[-122.52570927520054,45.465615613133117],[-122.52569750457538,45.46562487571439],[-122.52568620466742,45.465634436924411],[-122.52567537457833,45.465644258961753],[-122.52566506551214,45.465654351276612],[-122.52565525141766,45.465664696228181],[-122.52564589276905,45.465675239634571],[-122.52497938684566,45.466462537025109],[-122.52496869599545,45.466474481429678],[-122.5249575236483,45.466486200287342],[-122.52494576559953,45.466497623036858],[-122.52493343442563,45.466508759128679],[-122.52492055348277,45.466519572022264],[-122.52490713714398,45.466530051637584],[-122.52489319708742,45.466540199234835],[-122.52487875756755,45.46654997701355],[-122.5248638446355,45.466559394424088],[-122.52484845829133,45.466568433196258],[-122.52483262189116,45.466577083250137],[-122.52481637585925,45.466585326945527],[-122.52479971750064,45.466593154832474],[-122.52478267376475,45.466600566911133],[-122.52476526890612,45.466607543651357],[-122.52474752897589,45.466614085683311],[-122.52472946565217,45.466620164656618],[-122.52471111756248,45.466625798841854],[-122.52469248380854,45.466630961148574],[-122.52447808559464,45.466687328164753],[-122.52447469086117,45.466688270029614],[-122.52447133745021,45.466689292535683],[-122.52446803793816,45.466690394423011],[-122.52446480490147,45.466691576951533],[-122.52446161318727,45.466692830041168],[-122.5244584888467,45.466694172592177],[-122.52445544355788,45.466695585704237],[-122.52445245126967,45.46669706055728],[-122.52444955150793,45.466698614791454],[-122.52444671822154,45.466700239586693],[-122.52444396488518,45.466701935572985],[-122.52444128970227,45.466703693300232],[-122.52443870614752,45.466705512138326],[-122.52443621511922,45.466707392087301],[-122.52443382829553,45.466709333147165],[-122.52443151962524,45.466711327127769],[-122.52442931605785,45.466713382849207],[-122.52442721579672,45.466715480781282],[-122.52442520716374,45.466717631634033],[-122.52442331621008,45.466719834147526],[-122.52442152856266,45.466722080131561],[-122.52441985679789,45.466724368956136],[-122.52441828923773,45.466726691801192],[-122.52441683845855,45.466729048666622],[-122.52441550446036,45.46673144837257],[-122.52441429802295,45.466733873278855],[-122.52441319579006,45.466736322755331],[-122.52441222291462,45.466738806252273],[-122.52441136502351,45.4667413061293],[-122.52441063648985,45.466743829946594],[-122.5244100229405,45.466746361323871],[-122.52440953785023,45.466748908451308],[-122.52440918121907,45.466751470698817],[-122.52440894047059,45.466754031686172],[-122.52440882728284,45.466756598973511],[-122.5244088416559,45.466759173190859],[-122.52440898448802,45.466761735437906],[-122.52440925488094,45.466764305244922],[-122.52440964025818,45.466766863711662],[-122.52441015319619,45.466769402018038],[-122.5244107927967,45.46677192898413],[-122.52441154738152,45.466774445239906],[-122.52441242952715,45.466776931885221],[-122.5244134383352,45.466779407820233],[-122.52441456212763,45.466781854144685],[-122.52441579910776,45.466784262668568],[-122.52441716275038,45.466786642211922],[-122.52441864137735,45.466788992144728],[-122.52442021971729,45.466791304906948],[-122.52442192561801,45.466793579238548],[-122.52442373213005,45.466795806319404],[-122.5244256518298,45.466797986779532],[-122.52442767214087,45.466800120618892],[-122.52442980563968,45.466802207207571],[-122.52443202717339,45.466804238355373],[-122.52443434931837,45.466806213432378],[-122.5244367711764,45.466808133068547],[-122.52443928106929,45.466809988443721],[-122.52444189067519,45.466811787118161],[-122.52444457484127,45.466813522161615],[-122.52444734614393,45.466815183494056],[-122.52445019110843,45.466816780565566],[-122.52445312410782,45.466818313376159],[-122.52445611819266,45.466819763655629],[-122.52445917426128,45.466821167944452],[-122.52481431781892,45.466974973582552],[-122.52481470768778,45.466975155654467],[-122.52482707209934,45.466980724913526],[-122.52483934757771,45.466986701156216],[-122.52485134008674,45.466992961531282],[-122.5248630101006,45.466999516118612],[-122.52487434414456,45.467006346017982],[-122.52488534311688,45.467013451859252],[-122.52489599264457,45.467020824822264],[-122.52490626757479,45.467028447896745],[-122.52491616790755,45.467036311632498],[-122.52492568016808,45.467044424849497],[-122.52493479088172,45.467052752267328],[-122.52494348747197,45.467061303336003],[-122.52495175556585,45.467070059155155],[-122.5249558141543,45.467074443364297],[-122.52519553318113,45.467069890313653],[-122.52520852371845,45.467567997039772]]]]},"properties":{"OBJECTID":136,"DISSOLVEID":2670,"SITENAME":"Willamette National Cemetery","ACREAGE":303.47149658000001,"TYPE":"Cemetery","Shape_Length":14436.335480269494,"Shape_Area":2496763.0155475158}},{"type":"Feature","id":137,"geometry":{"type":"Polygon","coordinates":[[[-122.77754200188863,45.388862672516737],[-122.77753056094517,45.388862696490179],[-122.77753565798609,45.389218236774013],[-122.77753645299512,45.389237015401221],[-122.77753829184648,45.389255758693217],[-122.77754117274362,45.389274435737136],[-122.7775508089717,45.389314048335827],[-122.77756512542236,45.38935295306657],[-122.77758402148437,45.389390874239098],[-122.77760736151207,45.389427546257991],[-122.77763498201212,45.389462709837098],[-122.77766668984668,45.389496118308294],[-122.77770226223362,45.389527536359473],[-122.77774144584801,45.389556741296381],[-122.77778396760199,45.389583530612839],[-122.77782952745824,45.38960771252755],[-122.77787780292161,45.389629117339702],[-122.77792845622552,45.389647595536097],[-122.77795584765521,45.38965607064813],[-122.77798374034474,45.389663687775446],[-122.77801208219196,45.389670433039164],[-122.77806306877086,45.389680177458267],[-122.7781149752246,45.389687103148887],[-122.77816748804118,45.389691166581969],[-122.77822028921695,45.389692345046939],[-122.77981291597742,45.389684111563547],[-122.77982138709055,45.38968370402155],[-122.77982977555867,45.389682777273556],[-122.7798380167031,45.389681339520855],[-122.77984604943836,45.389679400226413],[-122.77985381178073,45.389676975161976],[-122.77986124444141,45.389674082622726],[-122.77986829082649,45.389670745319897],[-122.7798748979354,45.389666986595607],[-122.77988101456417,45.389662837362394],[-122.77988659489871,45.389658327901962],[-122.77989159581989,45.389653492281198],[-122.77989597959849,45.389648368352319],[-122.77989971209848,45.389642995860001],[-122.77990276637047,45.389637413287268],[-122.77990511815987,45.389631664164206],[-122.77990674950044,45.389625792651607],[-122.77990764871403,45.389619843541354],[-122.77990780861415,45.389613862256034],[-122.77990748162739,45.389533976297628],[-122.77995030072371,45.389533890499038],[-122.77994756715032,45.388857771216486],[-122.77990474715565,45.388857860801338],[-122.77866304007441,45.388860355928479],[-122.77754200188863,45.388862672516737]]]},"properties":{"OBJECTID":137,"DISSOLVEID":2694,"SITENAME":"Winona Cemetery","ACREAGE":4.1363530199999996,"TYPE":"Cemetery","Shape_Length":763.16752722475781,"Shape_Area":33943.667838279769}},{"type":"Feature","id":138,"geometry":{"type":"Polygon","coordinates":[[[-122.66630991475131,45.262341150621836],[-122.66662134718558,45.262256591920384],[-122.66691469473653,45.262186809746758],[-122.66721533570933,45.262134770237495],[-122.6675211258253,45.2621008427002],[-122.66774275817218,45.262087799770384],[-122.66796510378141,45.262084280429796],[-122.66818734069452,45.26209029732604],[-122.66820957759104,45.262091328595162],[-122.66823182257244,45.262092263755818],[-122.66825407563864,45.262093102175719],[-122.66852348129068,45.262095579497775],[-122.66879240364906,45.262083905480239],[-122.66905935061219,45.262058143343772],[-122.66937733176486,45.262011901215288],[-122.66949386841003,45.261994953219805],[-122.66949586356829,45.26018332850397],[-122.66949593273857,45.260121782207975],[-122.66949593184025,45.260121242211412],[-122.66949600640041,45.260052817523302],[-122.66949665498406,45.259459206987557],[-122.6693801497799,45.259458788390525],[-122.66825751259293,45.259454745956717],[-122.66809853055058,45.259454168014514],[-122.66729631703555,45.259451269450778],[-122.6671641191617,45.259450795209347],[-122.66633510980006,45.25944779484162],[-122.66633480616953,45.259483097999137],[-122.66632986633377,45.260050818142453],[-122.66632931925975,45.260112546621983],[-122.66632880722003,45.260171889314051],[-122.66631555347634,45.261693806148138],[-122.66630991475131,45.262341150621836]]]},"properties":{"OBJECTID":138,"DISSOLVEID":2726,"SITENAME":"Zion Memorial Park Cemetery","ACREAGE":18.236360550000001,"TYPE":"Cemetery","Shape_Length":1572.2144808212252,"Shape_Area":148997.78432292305}},{"type":"Feature","id":139,"geometry":{"type":"Polygon","coordinates":[[[-122.74136168008425,45.175803234639837],[-122.74227275324203,45.17580088717164],[-122.74226651893396,45.174551230036123],[-122.74195108270847,45.17455050874527],[-122.74183331716799,45.174549967935462],[-122.74183793091528,45.174275809634167],[-122.74150447268856,45.17427495661974],[-122.74139699555302,45.174274657716424],[-122.74138815343566,45.174274633652139],[-122.74035862033969,45.174426432656816],[-122.74014883138149,45.174457363996666],[-122.74014927065767,45.174545454643187],[-122.74014927425094,45.174546365914104],[-122.74014973598499,45.17463896020918],[-122.74019506407589,45.174664027395579],[-122.74023978760066,45.174689630946538],[-122.7402838957794,45.174715763895449],[-122.74048162126165,45.174844747778963],[-122.74066440776072,45.174984320143835],[-122.74083112429766,45.175133619045106],[-122.74098074230149,45.175291722381843],[-122.74111233560917,45.175457651065933],[-122.74136168008425,45.175803234639837]]]},"properties":{"OBJECTID":139,"DISSOLVEID":2727,"SITENAME":"Zion Mennonite Church & Cemetery","ACREAGE":4.6982779499999996,"TYPE":"Cemetery","Shape_Length":840.45888690278866,"Shape_Area":38296.957337701839}},{"type":"Feature","id":140,"geometry":{"type":"Polygon","coordinates":[[[-122.66534131438104,45.267235759558588],[-122.66534281187262,45.267688876955944],[-122.66536787666566,45.267686549716529],[-122.66589606179821,45.267637507596952],[-122.66592047890595,45.267635240417377],[-122.66591644816528,45.267204561269658],[-122.66591624065444,45.267182378647384],[-122.66536051048033,45.267233977919638],[-122.66534131438104,45.267235759558588]]]},"properties":{"OBJECTID":140,"DISSOLVEID":2728,"SITENAME":"Zoar Evangelical Lutheran Cemetery","ACREAGE":0.56284981999999995,"TYPE":"Cemetery","Shape_Length":272.71787966397056,"Shape_Area":4599.2099962962038}},{"type":"Feature","id":141,"geometry":{"type":"Polygon","coordinates":[[[-122.58416995404147,45.373469239418206],[-122.58431146385153,45.373477881660037],[-122.58434239374509,45.373221480708203],[-122.5842009602918,45.373212219363424],[-122.58416995404147,45.373469239418206]]]},"properties":{"OBJECTID":141,"DISSOLVEID":2738,"SITENAME":"Straight Pioneer Cemetery","ACREAGE":0.078708509999999995,"TYPE":"Cemetery","Shape_Length":113.27588934795158,"Shape_Area":645.53731518903908}},{"type":"Feature","id":142,"geometry":{"type":"Polygon","coordinates":[[[-122.64946447477816,45.3967420610944],[-122.64987372925528,45.397247979856004],[-122.65057976913602,45.396952418209963],[-122.65017028469013,45.39644977630266],[-122.64946447477816,45.3967420610944]]]},"properties":{"OBJECTID":142,"DISSOLVEID":2749,"SITENAME":"Sisters of the Holy Names Cemetery","ACREAGE":1.02403975,"TYPE":"Cemetery","Shape_Length":366.76030577300469,"Shape_Area":8405.6942621819926}},{"type":"Feature","id":143,"geometry":{"type":"Polygon","coordinates":[[[-122.82330496184917,45.31788804420345],[-122.82330539573543,45.31788804420345],[-122.82541977119946,45.317892702143943],[-122.82553639498123,45.317892916912022],[-122.82553619645356,45.317947773070763],[-122.82606103446336,45.317948732577747],[-122.82605897732132,45.31731471222102],[-122.825416741182,45.31731346402681],[-122.82330286697793,45.317309317697315],[-122.82263002972843,45.317307990543306],[-122.8224151724754,45.317307560371084],[-122.82240335244289,45.31792924870846],[-122.82287057610363,45.317893527737645],[-122.82330496184917,45.31788804420345]]]},"properties":{"OBJECTID":143,"DISSOLVEID":2924,"SITENAME":"Pleasant View Cemetery","ACREAGE":4.6394848800000004,"TYPE":"Cemetery","Shape_Length":1020.6212753215008,"Shape_Area":37977.139953397091}},{"type":"Feature","id":144,"geometry":{"type":"Polygon","coordinates":[[[-122.27446783041225,45.400585090692424],[-122.27446813853439,45.400585088169429],[-122.27485659431775,45.400581839184895],[-122.27485767049944,45.400674629125398],[-122.27485855354338,45.400751530413139],[-122.27485945635024,45.400828434119234],[-122.27485999444109,45.400874894188163],[-122.27486092689234,45.400955363323121],[-122.27486261392846,45.401100236869873],[-122.27486454800128,45.401266497204183],[-122.2748651965849,45.401322074891894],[-122.27486529450127,45.401330535638465],[-122.27558004444695,45.401325124520035],[-122.27558027261907,45.401315167657074],[-122.27560086559862,45.400416054944486],[-122.27522799109384,45.400419416842816],[-122.27523273509688,45.399427641852881],[-122.27484387686827,45.399281341647175],[-122.27484186554034,45.39972481286123],[-122.27484080642661,45.399957948065996],[-122.27483999165466,45.400136229505556],[-122.27483869987729,45.400422932013235],[-122.27487373237675,45.400422614745921],[-122.27487325896456,45.400526841058038],[-122.27448395966316,45.400530352437258],[-122.27448443217699,45.40042612613162],[-122.27446886347481,45.400426265527393],[-122.27446783041225,45.400585090692424]]]},"properties":{"OBJECTID":144,"DISSOLVEID":2925,"SITENAME":"Firhill Cemetery","ACREAGE":2.3645260299999999,"TYPE":"Cemetery","Shape_Length":921.7492418447938,"Shape_Area":19411.372414762416}},{"type":"Feature","id":145,"geometry":{"type":"Polygon","coordinates":[[[-122.72392705218422,45.350031362902754],[-122.72393037684911,45.350634941062069],[-122.72478170395566,45.350029963283149],[-122.72392705218422,45.350031362902754]]]},"properties":{"OBJECTID":145,"DISSOLVEID":2926,"SITENAME":"William Bird Cemetery","ACREAGE":0.55498183000000001,"TYPE":"Cemetery","Shape_Length":325.52327920111338,"Shape_Area":4548.0563613571921}},{"type":"Feature","id":146,"geometry":{"type":"Polygon","coordinates":[[[-122.50487198800606,45.339750210050482],[-122.50568373713783,45.339751093416943],[-122.50568498489775,45.339178613491654],[-122.50487324474915,45.339177739587782],[-122.50487198800606,45.339750210050482]]]},"properties":{"OBJECTID":146,"DISSOLVEID":2927,"SITENAME":"Wilson Cemetery","ACREAGE":1.00008857,"TYPE":"Cemetery","Shape_Length":362.05292861231715,"Shape_Area":8192.6226568488837}},{"type":"Feature","id":147,"geometry":{"type":"Polygon","coordinates":[[[-122.32823571649713,45.29818434888967],[-122.32886327955461,45.298192157791242],[-122.32886793013283,45.297876750105011],[-122.32888928488376,45.29642861410354],[-122.32890060994457,45.295660443924518],[-122.32889925438678,45.295660436973385],[-122.32831188554839,45.295656121601318],[-122.32827302981906,45.295655833446396],[-122.32826173799594,45.296420809382447],[-122.32824462508978,45.297580954124051],[-122.32857492124673,45.297585065246899],[-122.32857067760531,45.297873050998206],[-122.32824036707534,45.297868939896233],[-122.32823571649713,45.29818434888967]]]},"properties":{"OBJECTID":147,"DISSOLVEID":2929,"SITENAME":"Independent Order of Odd Fellows Cemetery - Estacada","ACREAGE":3.2152793399999999,"TYPE":"Cemetery","Shape_Length":1014.1198434123304,"Shape_Area":26300.023261100079}},{"type":"Feature","id":148,"geometry":{"type":"Polygon","coordinates":[[[-122.67752574938281,45.585722144676311],[-122.67752548258315,45.585997672905378],[-122.67831232502536,45.58599508967928],[-122.67839396481669,45.585994830665143],[-122.67848221710685,45.585994527643706],[-122.67849811189748,45.585994469805598],[-122.67849724142997,45.586211455982912],[-122.67921795439251,45.586211325219026],[-122.67887727191429,45.585152995651676],[-122.67879133098937,45.584946475535247],[-122.67879748894065,45.584391315242605],[-122.67879860015665,45.584290784611738],[-122.6787090668689,45.584301715717125],[-122.67841523782093,45.584330531275064],[-122.67811995440051,45.584351533415436],[-122.67782375380021,45.584364675623718],[-122.67752704655005,45.584369950361058],[-122.67752574938281,45.585722144676311]]]},"properties":{"OBJECTID":148,"DISSOLVEID":3062,"SITENAME":"Historic Columbian Cemetery","ACREAGE":5.2235913299999996,"TYPE":"Cemetery","Shape_Length":935.26566210780675,"Shape_Area":43161.477213848542}},{"type":"Feature","id":149,"geometry":{"type":"Polygon","coordinates":[[[-122.564465091179,45.439763223848892],[-122.56622916680135,45.439759564894757],[-122.56621654816655,45.43882677534436],[-122.56621209431934,45.438497531131773],[-122.56590065469858,45.438497783892075],[-122.56590039149219,45.438403627139778],[-122.56585440852942,45.438361881896839],[-122.56572610934391,45.438362060279239],[-122.56531397037639,45.438362634506596],[-122.56512862727205,45.438362890419143],[-122.56402540806823,45.438364414548346],[-122.56402252178123,45.438847827439162],[-122.56402035414645,45.43921087918816],[-122.5640192393372,45.439397612793748],[-122.56401705104115,45.439764148514797],[-122.564465091179,45.439763223848892]]]},"properties":{"OBJECTID":149,"DISSOLVEID":3066,"SITENAME":"Sunnyside Little Chapel of the Chimes","ACREAGE":6.51468706,"TYPE":"Cemetery","Shape_Length":930.13449014486821,"Shape_Area":53554.049192713326}},{"type":"Feature","id":150,"geometry":{"type":"Polygon","coordinates":[[[-122.34531569940442,45.238734453884646],[-122.34537781341476,45.238734844802174],[-122.34537843774388,45.238685372208515],[-122.34712806845644,45.238902361564996],[-122.34711800732528,45.238728719162374],[-122.34631165976332,45.23809920114855],[-122.34577434235759,45.237820953275715],[-122.34538735352305,45.237832141412582],[-122.345396613357,45.237242608301251],[-122.34533422715717,45.237264027723576],[-122.34531569940442,45.238734453884646]]]},"properties":{"OBJECTID":150,"DISSOLVEID":3087,"SITENAME":"Springwater Cemetery","ACREAGE":2.6386487500000002,"TYPE":"Cemetery","Shape_Length":824.7531514200806,"Shape_Area":21539.249113187056}},{"type":"Feature","id":151,"geometry":{"type":"Polygon","coordinates":[[[-122.30332019020216,45.297369531678946],[-122.30441025357864,45.297375889851637],[-122.30441518173626,45.296954732987608],[-122.30190908690949,45.296941890798109],[-122.30189123289321,45.296941799171996],[-122.30189097148345,45.297361180494207],[-122.30332019020216,45.297369531678946]]]},"properties":{"OBJECTID":151,"DISSOLVEID":3088,"SITENAME":"Mt Zion Cemetery","ACREAGE":2.2824449499999999,"TYPE":"Cemetery","Shape_Length":694.446480065017,"Shape_Area":18670.063867045028}},{"type":"Feature","id":152,"geometry":{"type":"Polygon","coordinates":[[[-122.30604180703531,45.342363670581108],[-122.3066905523672,45.34236176881052],[-122.30669658724928,45.341719967470276],[-122.30604784910392,45.341721874945087],[-122.30604180703531,45.342363670581108]]]},"properties":{"OBJECTID":152,"DISSOLVEID":3089,"SITENAME":"Gibson Cemetery","ACREAGE":0.89598507000000005,"TYPE":"Cemetery","Shape_Length":347.7342052626106,"Shape_Area":7340.4743420188233}}]}