{"type":"FeatureCollection","features":[{"type":"Feature","id":1,"geometry":{"type":"Polygon","coordinates":[[[-122.68536349999999,45.463206700000057],[-122.68523209999995,45.463205300000027],[-122.68523189999996,45.463217100000065],[-122.68520799999999,45.463216900000077],[-122.68520609999996,45.463300700000048],[-122.68536139999998,45.463302300000066],[-122.68536349999999,45.463206700000057]]]},"properties":{"OBJECTID1":1,"OBJECTID":277,"osm_id":"287412104","code":2129,"fclass":"veterinary","name":"Burlingame Veterinary Clinic","SHAPE_Length":0.00050186283016073882,"SHAPE_Area":1.456874000287626e-08}},{"type":"Feature","id":2,"geometry":{"type":"Polygon","coordinates":[[[-122.68790459999997,45.562812300000076],[-122.68787559999998,45.562812200000053],[-122.68787589999999,45.562785900000051],[-122.68768729999999,45.562785100000042],[-122.68768609999995,45.562918400000058],[-122.68790369999999,45.562919400000055],[-122.68790459999997,45.562812300000076]]]},"properties":{"OBJECTID1":2,"OBJECTID":318,"osm_id":"367479713","code":2129,"fclass":"veterinary","name":"Overlook Veterinary Hospital","SHAPE_Length":0.00070191506058249638,"SHAPE_Area":2.8248970002998348e-08}},{"type":"Feature","id":3,"geometry":{"type":"Polygon","coordinates":[[[-122.69588349999998,45.478788000000065],[-122.69588319999997,45.478648500000077],[-122.69568989999999,45.478648600000042],[-122.69569009999998,45.478788100000031],[-122.69588349999998,45.478788000000065]]]},"properties":{"OBJECTID1":3,"OBJECTID":279,"osm_id":"289684243","code":2129,"fclass":"veterinary","name":"Hillsdale Veterinary Hospital","SHAPE_Length":0.00066570051762538339,"SHAPE_Area":2.6972349996347366e-08}},{"type":"Feature","id":4,"geometry":{"type":"Polygon","coordinates":[[[-122.90131609999997,45.488748900000076],[-122.90130839999995,45.48873130000004],[-122.90128909999999,45.488718900000038],[-122.90126349999997,45.48871500000007],[-122.90123859999994,45.488720800000067],[-122.90122159999999,45.488734200000067],[-122.90121619999996,45.48875170000008],[-122.90122389999999,45.488768800000059],[-122.90124259999999,45.488781000000074],[-122.90126749999996,45.48878510000003],[-122.90129199999996,45.488780000000077],[-122.90131009999999,45.488766700000042],[-122.90131609999997,45.488748900000076]]]},"properties":{"OBJECTID1":4,"OBJECTID":728,"osm_id":"1551664513","code":2206,"fclass":"dog_park","name":"Dog Park","SHAPE_Length":0.0002661602536269842,"SHAPE_Area":5.2571499996644445e-09}},{"type":"Feature","id":5,"geometry":{"type":"Polygon","coordinates":[[[-122.59633119999995,45.530530700000043],[-122.59452309999995,45.530471400000067],[-122.59450969999995,45.530535300000054],[-122.59446679999996,45.530597300000068],[-122.59405369999996,45.530872600000066],[-122.59387799999996,45.531012600000054],[-122.59374129999998,45.531137500000057],[-122.59359909999995,45.53130850000008],[-122.59343949999999,45.531538700000056],[-122.59332419999998,45.53175850000008],[-122.59314979999999,45.532263900000032],[-122.593054,45.532476300000042],[-122.59292049999999,45.532844100000034],[-122.59293459999998,45.532916900000032],[-122.59298019999994,45.532982200000049],[-122.59306129999999,45.533030500000052],[-122.59316189999998,45.533053100000075],[-122.59324639999994,45.533055000000047],[-122.59336509999997,45.533033400000079],[-122.59418189999997,45.532680500000026],[-122.59492689999996,45.532349500000066],[-122.59547779999997,45.532108100000073],[-122.59562919999996,45.532043300000055],[-122.59582839999996,45.531957900000066],[-122.59630199999998,45.53170840000007],[-122.59630319999997,45.531473900000037],[-122.59633119999995,45.530530700000043]]]},"properties":{"OBJECTID1":5,"OBJECTID":253,"osm_id":"1225138259","code":2010,"fclass":"prison","name":"Multnomah County Juvenile Justice Complex","SHAPE_Length":0.0097234329224394379,"SHAPE_Area":5.3130441949665262e-06}},{"type":"Feature","id":6,"geometry":{"type":"Polygon","coordinates":[[[-122.62082569999995,45.535281100000077],[-122.62079839999996,45.535281100000077],[-122.62079619999997,45.535214100000076],[-122.62042819999999,45.535214100000076],[-122.62042829999996,45.535765600000047],[-122.62078589999999,45.53562450000004],[-122.62082449999997,45.535572900000034],[-122.62082129999999,45.535546400000044],[-122.62078969999999,45.535546400000044],[-122.62078969999999,45.535339200000067],[-122.62082459999999,45.535338400000057],[-122.62082569999995,45.535281100000077]]]},"properties":{"OBJECTID1":6,"OBJECTID":452,"osm_id":"39378928","code":2203,"fclass":"cinema","name":"Hollywood Theatre","SHAPE_Length":0.0018204191109462617,"SHAPE_Area":1.7780885998968936e-07}},{"type":"Feature","id":8,"geometry":{"type":"Polygon","coordinates":[[[-122.75743079999995,45.484371900000042],[-122.75718469999998,45.484367000000077],[-122.75718069999999,45.484465300000068],[-122.75723329999994,45.484466400000031],[-122.75723259999995,45.484483500000067],[-122.75735029999998,45.484485800000073],[-122.75735099999997,45.484469300000058],[-122.75742679999996,45.484470900000076],[-122.75743079999995,45.484371900000042]]]},"properties":{"OBJECTID1":8,"OBJECTID":336,"osm_id":"415634506","code":2129,"fclass":"veterinary","name":"Healing Arts Animal Care","SHAPE_Length":0.00072339091999687249,"SHAPE_Area":2.6281769998774899e-08}},{"type":"Feature","id":9,"geometry":{"type":"Polygon","coordinates":[[[-122.66483909999999,45.46961390000007],[-122.6648209,45.469512500000064],[-122.66478309999997,45.469426700000042],[-122.66474629999999,45.469342300000051],[-122.66469359999996,45.469225000000051],[-122.66461689999994,45.469072100000062],[-122.66460559999996,45.469039100000032],[-122.66354829999995,45.468863200000044],[-122.66325519999998,45.468741200000068],[-122.66283809999999,45.468537800000036],[-122.66265849999996,45.468414900000028],[-122.66257749999994,45.468783100000053],[-122.66255329999996,45.468879400000048],[-122.66249399999998,45.469069000000047],[-122.66239419999999,45.46942880000006],[-122.66229729999998,45.46973870000005],[-122.66218779999997,45.470036700000037],[-122.66201369999999,45.470439200000044],[-122.66182169999996,45.470886200000052],[-122.66164339999995,45.471284600000047],[-122.66154889999996,45.47143200000005],[-122.66141329999999,45.471621500000026],[-122.66133459999998,45.471724600000073],[-122.66080929999998,45.47239200000007],[-122.66051919999995,45.472753400000045],[-122.66029309999999,45.472992100000056],[-122.65960959999995,45.473960400000067],[-122.65957679999997,45.474044500000048],[-122.65957129999998,45.474136000000044],[-122.65979529999998,45.474174300000072],[-122.65993579999997,45.474182600000063],[-122.66134699999998,45.47417820000004],[-122.66161269999998,45.474178700000039],[-122.66236129999999,45.474181200000032],[-122.66244289999997,45.473957200000029],[-122.66245039999995,45.473936900000069],[-122.66258339999996,45.473963500000025],[-122.66292019999997,45.474030800000037],[-122.66312219999998,45.474070200000028],[-122.66319629999998,45.47401380000008],[-122.66326499999997,45.473976300000061],[-122.66328069999997,45.473951000000056],[-122.66329529999996,45.473823000000039],[-122.66348009999996,45.473503200000039],[-122.66369019999996,45.473214700000028],[-122.66387129999998,45.472908300000029],[-122.66411919999996,45.472484800000075],[-122.66423879999996,45.472313400000075],[-122.66436979999997,45.472132800000054],[-122.66453329999996,45.471901600000081],[-122.66459809999998,45.471765800000071],[-122.66465629999999,45.47159460000006],[-122.66469649999999,45.471437700000081],[-122.66474709999994,45.47112560000005],[-122.66479159999994,45.47085050000004],[-122.66481459999994,45.470671700000025],[-122.66480579999995,45.47043860000008],[-122.66476889999996,45.470255500000064],[-122.66475739999998,45.470012000000054],[-122.66475279999997,45.469901100000072],[-122.66477419999995,45.469772200000079],[-122.66480959999996,45.469695500000057],[-122.66482789999998,45.469674300000065],[-122.66483909999999,45.46961390000007]]]},"properties":{"OBJECTID1":9,"OBJECTID":440,"osm_id":"133763431","code":2744,"fclass":"theme_park","name":"Oaks Amusement Park","SHAPE_Length":0.017997313198996976,"SHAPE_Area":1.6236240974952308e-05}},{"type":"Feature","id":10,"geometry":{"type":"Polygon","coordinates":[[[-122.66399179999996,45.466338500000063],[-122.66387729999997,45.46615920000005],[-122.66360709999998,45.466106900000057],[-122.66332669999997,45.466157600000031],[-122.66310619999996,45.466217700000072],[-122.66298539999997,45.466228500000057],[-122.66288709999998,45.466269900000043],[-122.66284499999995,45.466342800000064],[-122.66288849999995,45.466632300000072],[-122.66296439999996,45.466710100000057],[-122.66341049999994,45.46691590000006],[-122.66354829999995,45.466940500000078],[-122.66384309999995,45.466907700000036],[-122.66391489999995,45.466852700000061],[-122.66396499999996,45.466767200000049],[-122.66399179999996,45.466338500000063]]]},"properties":{"OBJECTID1":10,"OBJECTID":618,"osm_id":"837651621","code":2206,"fclass":"dog_park","name":"Sellwood Dog Park","SHAPE_Length":0.003261973804652572,"SHAPE_Area":7.4650834501345084e-07}},{"type":"Feature","id":11,"geometry":{"type":"Polygon","coordinates":[[[-122.80771209999995,45.485563500000069],[-122.80768209999997,45.485560900000053],[-122.80769509999999,45.485502000000054],[-122.80759809999995,45.485491600000046],[-122.80755309999995,45.485700700000052],[-122.80767909999997,45.485713900000064],[-122.80771209999995,45.485563500000069]]]},"properties":{"OBJECTID1":11,"OBJECTID":297,"osm_id":"327189458","code":2129,"fclass":"veterinary","name":"The Animal Eye Doctor","SHAPE_Length":0.00068254067413437802,"SHAPE_Area":2.5223400004513649e-08}},{"type":"Feature","id":13,"geometry":{"type":"Polygon","coordinates":[[[-122.72957889999998,45.411491600000033],[-122.72954919999995,45.411438700000076],[-122.72949569999997,45.411380300000076],[-122.72944059999998,45.411339200000043],[-122.72936669999996,45.41129600000005],[-122.72920999999997,45.411231800000053],[-122.72884689999995,45.411181700000043],[-122.72879999999998,45.411620900000059],[-122.72949159999996,45.411616700000081],[-122.72955909999996,45.411580300000026],[-122.72957889999998,45.411491600000033]]]},"properties":{"OBJECTID1":13,"OBJECTID":677,"osm_id":"1207915907","code":2206,"fclass":"dog_park","name":"Waluga Dog Park","SHAPE_Length":0.0021309723535932845,"SHAPE_Area":2.6471154501286107e-07}},{"type":"Feature","id":16,"geometry":{"type":"Polygon","coordinates":[[[-122.91326829999997,45.532405600000061],[-122.91313819999999,45.532274000000029],[-122.91307899999998,45.532302300000026],[-122.91298429999995,45.532353300000068],[-122.91289939999996,45.532407700000078],[-122.91285679999999,45.532435900000053],[-122.91273719999998,45.532525400000054],[-122.91266749999994,45.532587100000057],[-122.91283259999994,45.53266670000005],[-122.91287909999994,45.532685900000047],[-122.91294789999995,45.532708600000035],[-122.91301429999999,45.532720600000061],[-122.91312129999994,45.532735500000058],[-122.91326579999998,45.532742600000063],[-122.91326829999997,45.532405600000061]]]},"properties":{"OBJECTID1":16,"OBJECTID":576,"osm_id":"497965288","code":2206,"fclass":"dog_park","name":"Orenco Dog Park","SHAPE_Length":0.0017158514892012212,"SHAPE_Area":1.7766009000709798e-07}},{"type":"Feature","id":17,"geometry":{"type":"Polygon","coordinates":[[[-122.52191899999997,45.449488300000041],[-122.52190729999995,45.449145300000055],[-122.52135269999997,45.449138400000038],[-122.52139589999996,45.449490700000069],[-122.52161779999994,45.449499700000047],[-122.52171469999996,45.449500600000079],[-122.52191899999997,45.449488300000041]]]},"properties":{"OBJECTID1":17,"OBJECTID":608,"osm_id":"728149897","code":2206,"fclass":"dog_park","name":"Dog Park","SHAPE_Length":0.001776437729165091,"SHAPE_Area":1.905775400066982e-07}},{"type":"Feature","id":19,"geometry":{"type":"Polygon","coordinates":[[[-122.91847359999997,45.497552400000075],[-122.91836759999995,45.497540600000036],[-122.91834989999995,45.497622100000058],[-122.91845719999998,45.497634400000038],[-122.91847359999997,45.497552400000075]]]},"properties":{"OBJECTID1":19,"OBJECTID":639,"osm_id":"996143842","code":2206,"fclass":"dog_park","name":"Dog Park","SHAPE_Length":0.00038168125546756776,"SHAPE_Area":8.9240900010132482e-09}},{"type":"Feature","id":20,"geometry":{"type":"Polygon","coordinates":[[[-122.62166279999997,45.498288900000034],[-122.62166199999996,45.498175900000035],[-122.62166239999999,45.498096100000055],[-122.62120389999995,45.498096500000031],[-122.62106019999999,45.498096700000076],[-122.62106049999994,45.498249500000043],[-122.62106049999994,45.498289400000033],[-122.62166279999997,45.498288900000034]]]},"properties":{"OBJECTID1":20,"OBJECTID":490,"osm_id":"421376679","code":2203,"fclass":"cinema","name":"Studio One Theaters","SHAPE_Length":0.0015900046499885711,"SHAPE_Area":1.1604048499423162e-07}},{"type":"Feature","id":21,"geometry":{"type":"Polygon","coordinates":[[[-122.78219629999995,45.421925100000067],[-122.78189779999997,45.421846500000072],[-122.78183599999994,45.421962200000053],[-122.78213449999998,45.422040800000048],[-122.78219629999995,45.421925100000067]]]},"properties":{"OBJECTID1":21,"OBJECTID":347,"osm_id":"481700421","code":2129,"fclass":"veterinary","name":"Community Pet Hospital","SHAPE_Length":0.0008796910803526535,"SHAPE_Area":3.9393929995318852e-08}},{"type":"Feature","id":22,"geometry":{"type":"Polygon","coordinates":[[[-122.68721239999996,45.471608600000081],[-122.68721159999996,45.471558900000048],[-122.68720969999998,45.471425200000056],[-122.68701909999999,45.471426600000029],[-122.68702179999997,45.471610000000055],[-122.68721239999996,45.471608600000081]]]},"properties":{"OBJECTID1":22,"OBJECTID":281,"osm_id":"292905517","code":2129,"fclass":"veterinary","name":"Banfield Pet Hospital","SHAPE_Length":0.0007480500946419206,"SHAPE_Area":3.4953555002864669e-08}},{"type":"Feature","id":23,"geometry":{"type":"Polygon","coordinates":[[[-122.75316669999995,45.38550070000008],[-122.75273929999997,45.385308200000054],[-122.75266889999995,45.385297800000046],[-122.75259779999999,45.385311900000033],[-122.75255299999998,45.385339300000055],[-122.75216989999996,45.385758800000076],[-122.75270919999997,45.386001800000031],[-122.75316669999995,45.38550070000008]]]},"properties":{"OBJECTID1":23,"OBJECTID":74,"osm_id":"418198692","code":2259,"fclass":"fitness_centre","name":"LA Fitness","SHAPE_Length":0.0025030724224539965,"SHAPE_Area":3.7764676498867127e-07}},{"type":"Feature","id":24,"geometry":{"type":"Polygon","coordinates":[[[-122.64679829999994,45.363417200000072],[-122.64652349999994,45.36336330000006],[-122.64649369999995,45.363438300000041],[-122.64676849999995,45.363492300000075],[-122.64679829999994,45.363417200000072]]]},"properties":{"OBJECTID1":24,"OBJECTID":350,"osm_id":"491711483","code":2129,"fclass":"veterinary","name":"Cascade Summit Animal Hospital","SHAPE_Length":0.00072159133799300202,"SHAPE_Area":2.2231449998197259e-08}},{"type":"Feature","id":25,"geometry":{"type":"Polygon","coordinates":[[[-122.79915489999996,45.486284400000045],[-122.79899299999994,45.486252300000046],[-122.79893649999997,45.486381600000072],[-122.79910269999999,45.486413700000071],[-122.79915489999996,45.486284400000045]]]},"properties":{"OBJECTID1":25,"OBJECTID":270,"osm_id":"201484153","code":2129,"fclass":"veterinary","name":"Beaverton Pet Clinic","SHAPE_Length":0.00061486785843798395,"SHAPE_Area":2.295630000628381e-08}},{"type":"Feature","id":27,"geometry":{"type":"Polygon","coordinates":[[[-122.86817739999998,45.530397200000039],[-122.86806859999996,45.530396000000053],[-122.86806949999999,45.530351800000062],[-122.86796039999996,45.530350600000077],[-122.86796139999996,45.530302400000039],[-122.86783179999998,45.530301000000065],[-122.86783099999997,45.530339600000048],[-122.86779169999994,45.530339200000071],[-122.86778789999994,45.530517000000032],[-122.86797969999998,45.530519000000027],[-122.86798009999995,45.530498200000068],[-122.86806559999997,45.530499100000043],[-122.86806579999995,45.530491300000051],[-122.86817529999996,45.530492500000037],[-122.86817739999998,45.530397200000039]]]},"properties":{"OBJECTID1":27,"OBJECTID":301,"osm_id":"331189557","code":2129,"fclass":"veterinary","name":"VCA Rock Creek Animal Hospital","SHAPE_Length":0.0012064425233702977,"SHAPE_Area":6.1961939998153551e-08}},{"type":"Feature","id":28,"geometry":{"type":"Polygon","coordinates":[[[-122.82408039999996,45.475591300000076],[-122.82362039999998,45.475586500000077],[-122.82361909999997,45.475647500000036],[-122.82407909999995,45.47565220000007],[-122.82408039999996,45.475591300000076]]]},"properties":{"OBJECTID1":28,"OBJECTID":349,"osm_id":"490598474","code":2129,"fclass":"veterinary","name":"Sunshine Pet Clinic","SHAPE_Length":0.0010419767774563736,"SHAPE_Area":2.8043174987918992e-08}},{"type":"Feature","id":29,"geometry":{"type":"Polygon","coordinates":[[[-122.64012239999994,45.522978500000079],[-122.63996349999996,45.522977700000069],[-122.63996149999997,45.523193500000048],[-122.64012039999994,45.523194200000034],[-122.64012239999994,45.522978500000079]]]},"properties":{"OBJECTID1":29,"OBJECTID":265,"osm_id":"107524687","code":2129,"fclass":"veterinary","name":"Pet Samaritan Clinic","SHAPE_Length":0.00074932209513631752,"SHAPE_Area":3.4284174989115518e-08}},{"type":"Feature","id":31,"geometry":{"type":"Polygon","coordinates":[[[-122.57857799999999,45.535882000000072],[-122.57819499999999,45.535879000000079],[-122.57819199999994,45.536025000000052],[-122.57853199999994,45.536029000000042],[-122.57853299999999,45.535991000000081],[-122.57857599999994,45.535991000000081],[-122.57857799999999,45.535882000000072]]]},"properties":{"OBJECTID1":31,"OBJECTID":390,"osm_id":"855309016","code":2129,"fclass":"veterinary","name":"Banfield Pet Hospital","SHAPE_Length":0.0010590975990145124,"SHAPE_Area":5.4588499990296509e-08}},{"type":"Feature","id":32,"geometry":{"type":"Polygon","coordinates":[[[-122.76431409999998,45.395729800000026],[-122.76429859999996,45.395327800000075],[-122.76422459999998,45.395297800000037],[-122.76354699999996,45.395412600000043],[-122.76333289999997,45.395489200000043],[-122.76301349999994,45.395713400000034],[-122.76297069999998,45.39606340000006],[-122.76325109999999,45.39620560000003],[-122.76371449999999,45.396424300000035],[-122.76401039999996,45.39639150000005],[-122.76420509999997,45.396331400000065],[-122.76431409999998,45.395729800000026]]]},"properties":{"OBJECTID1":32,"OBJECTID":626,"osm_id":"888793809","code":2206,"fclass":"dog_park","name":"Durham Park Off-leash dog area","SHAPE_Length":0.0040793186783411664,"SHAPE_Area":1.1228254050030959e-06}},{"type":"Feature","id":33,"geometry":{"type":"Polygon","coordinates":[[[-122.64143949999999,45.487424200000078],[-122.64143589999998,45.487150700000029],[-122.64064949999999,45.487155700000073],[-122.64065309999995,45.487429300000031],[-122.64124829999997,45.487425500000029],[-122.64143949999999,45.487424200000078]]]},"properties":{"OBJECTID1":33,"OBJECTID":571,"osm_id":"482738147","code":2206,"fclass":"dog_park","name":"Fido's Indoor Dog Park","SHAPE_Length":0.0021199798197700875,"SHAPE_Area":2.1516149999011911e-07}},{"type":"Feature","id":37,"geometry":{"type":"Polygon","coordinates":[[[-122.91066169999999,45.553809300000069],[-122.9106602,45.553008100000056],[-122.91028019999999,45.553017700000055],[-122.91025219999995,45.55246980000004],[-122.91001959999994,45.552473500000076],[-122.90998259999998,45.552474200000063],[-122.90995239999995,45.552474800000027],[-122.90995469999996,45.55252020000006],[-122.90995559999999,45.552538300000037],[-122.90990269999998,45.552539600000046],[-122.90991849999995,45.55285020000008],[-122.90957179999998,45.552858900000047],[-122.90958589999997,45.552924000000075],[-122.90961369999997,45.553041700000051],[-122.90970609999999,45.553215200000068],[-122.90980589999998,45.553355000000067],[-122.90989279999997,45.553465000000074],[-122.90997219999997,45.553547800000047],[-122.91010159999996,45.553652600000078],[-122.91028459999995,45.553791100000069],[-122.91054889999998,45.553907600000059],[-122.91066169999999,45.553809300000069]]]},"properties":{"OBJECTID1":37,"OBJECTID":549,"osm_id":"387599775","code":2206,"fclass":"dog_park","name":"Dog Park","SHAPE_Length":0.0044493516789782788,"SHAPE_Area":8.7354125502852534e-07}},{"type":"Feature","id":39,"geometry":{"type":"Polygon","coordinates":[[[-122.66145669999997,45.541646200000059],[-122.66103689999994,45.541645500000072],[-122.66103549999997,45.542033400000037],[-122.66145529999994,45.542034200000046],[-122.66145669999997,45.541646200000059]]]},"properties":{"OBJECTID1":39,"OBJECTID":2,"osm_id":"40994611","code":2259,"fclass":"fitness_centre","name":"Planet Fitness","SHAPE_Length":0.0016155063980161249,"SHAPE_Area":1.6286245999090402e-07}},{"type":"Feature","id":40,"geometry":{"type":"Polygon","coordinates":[[[-122.80900889999998,45.495438400000069],[-122.80872889999995,45.495362100000079],[-122.80866989999998,45.495468200000062],[-122.80894989999996,45.495544400000028],[-122.80900889999998,45.495438400000069]]]},"properties":{"OBJECTID1":40,"OBJECTID":271,"osm_id":"203375231","code":2129,"fclass":"veterinary","name":"The Animal Eye Doctor","SHAPE_Length":0.00082310786639275659,"SHAPE_Area":3.4192749990441187e-08}},{"type":"Feature","id":41,"geometry":{"type":"Polygon","coordinates":[[[-122.61291709999995,45.47954320000008],[-122.61291669999997,45.479506300000025],[-122.61291599999998,45.479453900000067],[-122.61277389999998,45.479454700000076],[-122.61277399999994,45.479464500000063],[-122.61270419999994,45.479464900000039],[-122.61270409999997,45.479456500000026],[-122.61255779999999,45.479457300000036],[-122.61255889999995,45.479549700000064],[-122.61277499999994,45.479548400000056],[-122.61277489999998,45.479544100000055],[-122.61291709999995,45.47954320000008]]]},"properties":{"OBJECTID1":41,"OBJECTID":343,"osm_id":"459634022","code":2129,"fclass":"veterinary","name":"Woodstock Animal Hospital","SHAPE_Length":0.00092072800231640564,"SHAPE_Area":3.2073320003968966e-08}},{"type":"Feature","id":42,"geometry":{"type":"Polygon","coordinates":[[[-122.90185409999998,45.479495500000041],[-122.90182879999998,45.479494700000032],[-122.90183189999999,45.479453800000044],[-122.90184349999998,45.479397900000038],[-122.90183799999994,45.479359000000045],[-122.90180599999997,45.479289200000039],[-122.90178209999999,45.479232400000058],[-122.90176689999998,45.479187900000056],[-122.90175969999996,45.479129500000056],[-122.90175259999995,45.479083100000025],[-122.90174659999997,45.479061100000081],[-122.90172099999995,45.479031100000043],[-122.90167859999997,45.479012900000043],[-122.90163299999995,45.479009000000076],[-122.90158799999995,45.479014100000029],[-122.90155639999995,45.479025600000057],[-122.90151649999996,45.479045600000063],[-122.90148709999994,45.479070500000034],[-122.90146429999999,45.479096900000059],[-122.90143009999997,45.479141500000026],[-122.90142159999999,45.47918530000004],[-122.90142459999998,45.479213800000025],[-122.90144879999997,45.479245000000049],[-122.90147289999999,45.479280000000074],[-122.90149159999999,45.479335800000058],[-122.90147719999999,45.47939400000007],[-122.90145269999999,45.479428400000074],[-122.90141129999995,45.479462400000045],[-122.90134619999998,45.479507100000035],[-122.90133679999997,45.479503400000056],[-122.90132699999998,45.479508000000067],[-122.90131049999997,45.479519500000038],[-122.90129239999999,45.479535700000042],[-122.90126889999999,45.479563600000063],[-122.90125369999998,45.479595700000061],[-122.90124949999995,45.479608900000073],[-122.90124709999998,45.479620000000068],[-122.90124069999996,45.479690500000061],[-122.90121949999997,45.479726800000037],[-122.90120189999999,45.479754900000046],[-122.90116989999996,45.479793500000028],[-122.90113539999999,45.479818600000044],[-122.90110599999997,45.479834200000028],[-122.90107279999995,45.479843600000038],[-122.90104089999994,45.479849400000035],[-122.90098139999998,45.479851000000053],[-122.90093139999999,45.479857300000049],[-122.90087659999995,45.479900300000054],[-122.90086109999999,45.479929700000071],[-122.90084539999998,45.47997730000003],[-122.90084509999997,45.48002340000005],[-122.90085379999999,45.480069700000058],[-122.90090229999998,45.480086500000027],[-122.90095819999999,45.480070600000033],[-122.90100169999999,45.480057000000045],[-122.90108839999999,45.48002850000006],[-122.90117939999999,45.480010100000072],[-122.90126759999998,45.479995100000053],[-122.90139029999995,45.479981100000032],[-122.90157589999995,45.479963100000077],[-122.90178919999994,45.479956300000026],[-122.90180569999995,45.479846300000077],[-122.90182729999998,45.479738500000053],[-122.90182739999995,45.479648800000064],[-122.90181749999999,45.479637000000025],[-122.90181789999997,45.479607500000043],[-122.90184559999994,45.479607500000043],[-122.90185089999994,45.479535100000078],[-122.90185409999998,45.479495500000041]]]},"properties":{"OBJECTID1":42,"OBJECTID":621,"osm_id":"871467931","code":2206,"fclass":"dog_park","name":"Dog Park","SHAPE_Length":0.0036155129061735754,"SHAPE_Area":5.1332554499360653e-07}},{"type":"Feature","id":43,"geometry":{"type":"Polygon","coordinates":[[[-122.50112449999995,45.429078100000027],[-122.50112389999998,45.42907450000007],[-122.50111839999994,45.428906500000039],[-122.50090029999996,45.428875500000061],[-122.50088769999996,45.428898000000061],[-122.50097289999997,45.428939000000071],[-122.50092149999995,45.428988200000049],[-122.50092679999995,45.429003200000068],[-122.50092879999994,45.429013200000043],[-122.50093339999995,45.429024200000072],[-122.50093439999995,45.429031300000076],[-122.50093029999999,45.429038100000071],[-122.50099279999995,45.429047800000035],[-122.50099329999995,45.429072700000063],[-122.50112449999995,45.429078100000027]]]},"properties":{"OBJECTID1":43,"OBJECTID":605,"osm_id":"728149872","code":2206,"fclass":"dog_park","name":"Dog Park","SHAPE_Length":0.00085612803715803777,"SHAPE_Area":3.2705570000662728e-08}},{"type":"Feature","id":45,"geometry":{"type":"Polygon","coordinates":[[[-122.64012429999997,45.503024100000061],[-122.63986909999994,45.503023300000052],[-122.63986859999994,45.503105500000061],[-122.63986799999998,45.503195300000073],[-122.63986669999997,45.503287600000078],[-122.63988509999996,45.503300700000068],[-122.63992359999997,45.503300800000034],[-122.63992459999997,45.503133200000036],[-122.64002389999996,45.503133500000047],[-122.64007079999999,45.503133600000069],[-122.64012359999998,45.503133800000057],[-122.64012369999995,45.503121000000078],[-122.64012429999997,45.503024100000061]]]},"properties":{"OBJECTID1":45,"OBJECTID":469,"osm_id":"255968968","code":2203,"fclass":"cinema","name":"Clinton Street Theater","SHAPE_Length":0.0010569071765670749,"SHAPE_Area":3.734445000092472e-08}},{"type":"Feature","id":47,"geometry":{"type":"Polygon","coordinates":[[[-122.78920019999998,45.529241900000045],[-122.78914639999999,45.529074000000037],[-122.78914059999994,45.529055700000072],[-122.78873669999996,45.529119300000048],[-122.78879629999994,45.529305400000055],[-122.78920019999998,45.529241900000045]]]},"properties":{"OBJECTID1":47,"OBJECTID":653,"osm_id":"1067038725","code":2206,"fclass":"dog_park","name":"Jackie Husen Dog Run","SHAPE_Length":0.0012086547612994217,"SHAPE_Area":7.8968205003893002e-08}},{"type":"Feature","id":48,"geometry":{"type":"Polygon","coordinates":[[[-122.54691929999996,45.563896800000066],[-122.54688579999998,45.563763400000028],[-122.54675029999999,45.563722100000064],[-122.54641239999995,45.563645200000053],[-122.54588799999999,45.563571000000081],[-122.54535819999995,45.563383200000033],[-122.54494389999996,45.563231100000053],[-122.54421159999998,45.563026400000069],[-122.54310919999995,45.562879000000066],[-122.54263989999998,45.562886500000047],[-122.54202959999998,45.562821700000029],[-122.54156249999994,45.562719900000047],[-122.54155959999997,45.562783200000069],[-122.54152799999997,45.56376350000005],[-122.54131409999997,45.564066300000036],[-122.54129319999998,45.564167200000043],[-122.54127189999997,45.564275400000042],[-122.54160319999994,45.56429490000005],[-122.54202959999998,45.564236700000038],[-122.54320979999994,45.56414280000007],[-122.54399839999996,45.564090200000066],[-122.54465549999998,45.564094000000068],[-122.54517589999995,45.564054500000054],[-122.54620589999996,45.563975700000071],[-122.54676239999998,45.563975700000071],[-122.54686699999996,45.563992600000063],[-122.54691799999995,45.563970100000063],[-122.54691929999996,45.563896800000066]]]},"properties":{"OBJECTID1":48,"OBJECTID":249,"osm_id":"1037292063","code":2010,"fclass":"prison","name":"Multnomah County Inverness Jail","SHAPE_Length":0.012960797084843271,"SHAPE_Area":5.1671706550241491e-06}},{"type":"Feature","id":49,"geometry":{"type":"Polygon","coordinates":[[[-122.82838189999995,45.444170700000029],[-122.82822089999996,45.44418440000004],[-122.82828099999995,45.444392300000061],[-122.82837929999999,45.444386100000031],[-122.82838189999995,45.444170700000029]]]},"properties":{"OBJECTID1":49,"OBJECTID":664,"osm_id":"1101872601","code":2206,"fclass":"dog_park","name":"Dog Park","SHAPE_Length":0.00069190547307162043,"SHAPE_Area":2.7726485006288639e-08}},{"type":"Feature","id":51,"geometry":{"type":"Polygon","coordinates":[[[-122.59372389999999,45.334651000000065],[-122.59365339999999,45.33456620000004],[-122.59369029999999,45.334551000000033],[-122.59360349999997,45.33444650000007],[-122.59362669999996,45.334437000000037],[-122.59343959999995,45.33421160000006],[-122.59341639999997,45.334221200000059],[-122.59332799999999,45.334114700000043],[-122.59329109999999,45.33412990000005],[-122.59321959999994,45.334043800000074],[-122.59298449999994,45.334140300000058],[-122.59300059999998,45.334159700000043],[-122.59280919999998,45.334238200000073],[-122.59287099999995,45.334312600000032],[-122.59286009999994,45.334317000000055],[-122.59308519999996,45.334497300000066],[-122.59306619999995,45.334505200000081],[-122.59307929999994,45.334521000000052],[-122.59309859999996,45.334513100000038],[-122.59321299999999,45.334742000000062],[-122.59322389999994,45.334737500000074],[-122.59328599999998,45.334812300000067],[-122.59347739999998,45.334733700000072],[-122.59348879999999,45.334747500000049],[-122.59372389999999,45.334651000000065]]]},"properties":{"OBJECTID1":51,"OBJECTID":498,"osm_id":"486695225","code":2203,"fclass":"cinema","name":"Regal Hilltop 9","SHAPE_Length":0.0027082842832877579,"SHAPE_Area":3.5727151001083079e-07}},{"type":"Feature","id":53,"geometry":{"type":"Polygon","coordinates":[[[-122.67657629999997,45.491006300000038],[-122.67637659999997,45.491004700000076],[-122.67637449999995,45.491130300000066],[-122.67657419999995,45.491131900000028],[-122.67657629999997,45.491006300000038]]]},"properties":{"OBJECTID1":53,"OBJECTID":296,"osm_id":"326643249","code":2129,"fclass":"veterinary","name":"Best Friends Veterinary Medical Center","SHAPE_Length":0.00065064792800630599,"SHAPE_Area":2.5085679997420951e-08}},{"type":"Feature","id":54,"geometry":{"type":"Polygon","coordinates":[[[-122.80110689999998,45.521074600000077],[-122.80093389999996,45.52099510000005],[-122.80081509999997,45.521122000000048],[-122.80098809999998,45.521201500000075],[-122.80110689999998,45.521074600000077]]]},"properties":{"OBJECTID1":54,"OBJECTID":333,"osm_id":"403181642","code":2129,"fclass":"veterinary","name":"Banfield Pet Hospital","SHAPE_Length":0.0007284457579466773,"SHAPE_Area":3.139830000474223e-08}},{"type":"Feature","id":55,"geometry":{"type":"Polygon","coordinates":[[[-122.67488909999997,45.508432200000072],[-122.67476489999996,45.50840050000005],[-122.67468559999998,45.508552800000075],[-122.67480979999999,45.50858450000004],[-122.67488909999997,45.508432200000072]]]},"properties":{"OBJECTID1":55,"OBJECTID":595,"osm_id":"609825373","code":2206,"fclass":"dog_park","name":"Dog Park","SHAPE_Length":0.00059978008917330931,"SHAPE_Area":2.1429470000931512e-08}},{"type":"Feature","id":56,"geometry":{"type":"Polygon","coordinates":[[[-122.83344859999994,45.554009700000051],[-122.83344839999995,45.553801400000054],[-122.83343069999995,45.553801400000054],[-122.83343059999999,45.553761300000076],[-122.83332849999999,45.553761400000042],[-122.83332849999999,45.553775100000053],[-122.83327869999999,45.553775200000075],[-122.83327869999999,45.553768700000035],[-122.83322439999995,45.553768800000057],[-122.83322439999995,45.553804300000081],[-122.83320179999998,45.553804300000081],[-122.83320179999998,45.553833000000054],[-122.83316009999999,45.553833100000077],[-122.83316019999995,45.553867100000048],[-122.83314639999998,45.553867100000048],[-122.83314649999994,45.553946500000052],[-122.83316079999997,45.553946500000052],[-122.83316089999994,45.553994600000067],[-122.83324279999999,45.553994600000067],[-122.83324279999999,45.554003400000056],[-122.83331549999997,45.554003400000056],[-122.83331549999997,45.553998800000045],[-122.83332879999995,45.553998800000045],[-122.83332879999995,45.554009800000074],[-122.83344859999994,45.554009700000051]]]},"properties":{"OBJECTID1":56,"OBJECTID":292,"osm_id":"323928532","code":2129,"fclass":"veterinary","name":"Bethany Family Pet Clinic","SHAPE_Length":0.0011227009378312709,"SHAPE_Area":6.5059904997324872e-08}},{"type":"Feature","id":58,"geometry":{"type":"Polygon","coordinates":[[[-122.56819579999996,45.40641370000003],[-122.56814449999996,45.40641370000003],[-122.56809129999999,45.406413600000064],[-122.56804839999995,45.406413500000042],[-122.56804759999994,45.406648200000063],[-122.56815679999994,45.406648400000051],[-122.56819509999997,45.406620600000053],[-122.56819579999996,45.40641370000003]]]},"properties":{"OBJECTID1":58,"OBJECTID":341,"osm_id":"437403392","code":2129,"fclass":"veterinary","name":"Willamette Valley Animal Hospital","SHAPE_Length":0.0007455287271169467,"SHAPE_Area":3.4062750005061212e-08}},{"type":"Feature","id":60,"geometry":{"type":"Polygon","coordinates":[[[-122.67084159999996,45.477579400000081],[-122.67083679999996,45.477556800000059],[-122.67081859999996,45.477538200000026],[-122.67077529999995,45.477511200000038],[-122.67075179999995,45.477491300000054],[-122.67072349999995,45.477463400000033],[-122.67070359999997,45.477441400000032],[-122.67068329999995,45.477414400000043],[-122.67066779999999,45.477387400000055],[-122.67065629999996,45.47736690000005],[-122.67065099999996,45.477345500000069],[-122.67065099999996,45.477301800000077],[-122.67065139999994,45.477279200000055],[-122.67065449999996,45.477256800000077],[-122.67065849999994,45.477236300000072],[-122.67065799999995,45.477216800000065],[-122.67065579999996,45.477192900000034],[-122.67064519999997,45.477167800000075],[-122.67062909999999,45.477153000000044],[-122.67060779999997,45.47714110000004],[-122.67057829999999,45.477130000000045],[-122.67052349999994,45.477120100000036],[-122.67046499999998,45.477109600000063],[-122.67043319999999,45.477105300000062],[-122.67040399999996,45.477109200000029],[-122.67037369999997,45.477116500000079],[-122.67034449999994,45.477125300000068],[-122.67032139999998,45.477134100000058],[-122.67030739999996,45.477141500000073],[-122.67029349999996,45.477151000000049],[-122.67025719999998,45.47718610000004],[-122.67023729999994,45.477237000000059],[-122.67022889999998,45.477272300000038],[-122.67023199999994,45.47735670000003],[-122.67023509999996,45.477379000000042],[-122.67024129999999,45.477403200000026],[-122.67026079999999,45.477447900000072],[-122.67028639999995,45.477485400000035],[-122.67030009999996,45.47750620000005],[-122.67031609999998,45.477524200000062],[-122.67033419999996,45.477542500000027],[-122.67035499999997,45.477559600000063],[-122.67041959999995,45.47760640000007],[-122.67046829999998,45.477633400000059],[-122.67049789999999,45.477642100000025],[-122.67052929999994,45.477648300000055],[-122.67055979999998,45.477650800000049],[-122.67058129999998,45.477649900000074],[-122.67060269999996,45.477648900000077],[-122.67065209999998,45.477647800000057],[-122.67069869999995,45.477650500000038],[-122.67074519999994,45.477649900000074],[-122.67077529999995,45.477646100000072],[-122.67080619999996,45.477638100000036],[-122.67082479999999,45.477621900000031],[-122.67083899999994,45.477602700000034],[-122.67084159999996,45.477579400000081]],[[-122.67073689999995,45.477598200000045],[-122.67068029999996,45.477600600000073],[-122.67064799999997,45.477598800000067],[-122.67061529999995,45.477594100000033],[-122.67058649999996,45.477587000000028],[-122.67059399999999,45.477564000000029],[-122.67060989999999,45.47754290000006],[-122.67063029999997,45.477524600000038],[-122.67064449999998,45.477510700000039],[-122.67067719999994,45.477526500000067],[-122.67070949999999,45.477551000000062],[-122.67073199999999,45.477575500000057],[-122.67073689999995,45.477598200000045]],[[-122.67046659999994,45.477148200000045],[-122.67046549999998,45.477173600000071],[-122.67045969999998,45.477194100000077],[-122.67045389999998,45.477210900000046],[-122.67044349999998,45.477223600000059],[-122.67042349999997,45.47722170000003],[-122.67039919999996,45.477217900000028],[-122.67038109999999,45.477215700000045],[-122.67034919999998,45.477215200000046],[-122.67031679999997,45.477213000000063],[-122.67033139999995,45.477193600000078],[-122.67035259999994,45.477176800000052],[-122.67037919999996,45.47716470000006],[-122.67040539999999,45.477154700000028],[-122.67043579999995,45.477149300000065],[-122.67046659999994,45.477148200000045]],[[-122.67043079999996,45.477256600000032],[-122.67040559999998,45.477298500000074],[-122.67038959999996,45.477314300000046],[-122.67036839999997,45.477329800000064],[-122.67034759999996,45.477318400000058],[-122.67032419999998,45.477300700000058],[-122.67031089999995,45.477278000000069],[-122.67030109999996,45.477257900000041],[-122.67033389999995,45.477256600000032],[-122.67036439999998,45.477251300000034],[-122.67039049999994,45.477251000000081],[-122.67041259999996,45.477252900000053],[-122.67043079999996,45.477256600000032]]]},"properties":{"OBJECTID1":60,"OBJECTID":663,"osm_id":"14645956","code":2206,"fclass":"dog_park","name":"Dog Park","SHAPE_Length":0.0029742523452910589,"SHAPE_Area":1.9967722999939817e-07}},{"type":"Feature","id":61,"geometry":{"type":"Polygon","coordinates":[[[-122.76975459999994,45.428370700000073],[-122.76959229999994,45.428252100000066],[-122.76955739999994,45.428236100000049],[-122.76952119999999,45.428237100000047],[-122.76947429999996,45.428247400000032],[-122.76932809999994,45.428316100000075],[-122.76925149999994,45.428360000000055],[-122.76923499999998,45.428369400000065],[-122.76912419999996,45.428432800000053],[-122.76939649999997,45.428618300000039],[-122.76975459999994,45.428370700000073]]]},"properties":{"OBJECTID1":61,"OBJECTID":530,"osm_id":"130791864","code":2206,"fclass":"dog_park","name":"Ash Avenue Dog Park","SHAPE_Length":0.0014849551787720699,"SHAPE_Area":1.2365604999166311e-07}},{"type":"Feature","id":64,"geometry":{"type":"Polygon","coordinates":[[[-122.57479279999995,45.493158700000038],[-122.57479049999995,45.493131700000049],[-122.57478799999996,45.493114200000036],[-122.57472649999994,45.493135100000075],[-122.57472849999999,45.492839200000049],[-122.57407859999995,45.492837100000031],[-122.57407259999997,45.493728400000066],[-122.57472759999996,45.493730600000049],[-122.57472969999998,45.493417200000067],[-122.57476999999994,45.493412500000034],[-122.57474859999996,45.493323200000077],[-122.57477399999999,45.493273400000078],[-122.57478739999999,45.493208500000037],[-122.57479279999995,45.493158700000038]]]},"properties":{"OBJECTID1":64,"OBJECTID":459,"osm_id":"115829209","code":2203,"fclass":"cinema","name":"Century 16","SHAPE_Length":0.0032199366661489013,"SHAPE_Area":5.948279500212733e-07}},{"type":"Feature","id":66,"geometry":{"type":"Polygon","coordinates":[[[-122.72062929999998,45.484861600000045],[-122.72053199999999,45.484844800000076],[-122.72053849999998,45.484826300000066],[-122.72050939999997,45.484821200000056],[-122.72048759999996,45.48488320000007],[-122.72047019999997,45.484880100000055],[-122.72046379999995,45.484898200000032],[-122.72041269999994,45.484889400000043],[-122.72038849999996,45.484958100000028],[-122.72048469999999,45.484974700000066],[-122.72046119999999,45.485041400000057],[-122.72055999999998,45.485058500000036],[-122.72062929999998,45.484861600000045]]]},"properties":{"OBJECTID1":66,"OBJECTID":283,"osm_id":"295958879","code":2129,"fclass":"veterinary","name":"Animal Aid","SHAPE_Length":0.00085252354862899293,"SHAPE_Area":3.0351460001190815e-08}},{"type":"Feature","id":68,"geometry":{"type":"Polygon","coordinates":[[[-122.80289389999996,45.470183400000053],[-122.80263549999995,45.470183400000053],[-122.80263549999995,45.470368800000074],[-122.80289389999996,45.470368800000074],[-122.80289389999996,45.470183400000053]]]},"properties":{"OBJECTID1":68,"OBJECTID":675,"osm_id":"1193883925","code":2206,"fclass":"dog_park","name":"Dog Park","SHAPE_Length":0.00088760000005549955,"SHAPE_Area":4.7907360006660533e-08}},{"type":"Feature","id":70,"geometry":{"type":"Polygon","coordinates":[[[-122.52966169999996,45.532423700000038],[-122.52963549999998,45.531757900000059],[-122.52940709999996,45.531780800000035],[-122.52925009999996,45.531785100000036],[-122.52906279999996,45.531779200000074],[-122.52891239999997,45.531764700000053],[-122.52875889999996,45.531737400000054],[-122.52875579999994,45.531971500000054],[-122.52904389999998,45.531970500000057],[-122.52903309999999,45.532409700000073],[-122.52966169999996,45.532423700000038]]]},"properties":{"OBJECTID1":70,"OBJECTID":687,"osm_id":"1233920735","code":2206,"fclass":"dog_park","name":"East Holladay Dog Park","SHAPE_Length":0.0031376292325993914,"SHAPE_Area":4.4967504500449495e-07}},{"type":"Feature","id":71,"geometry":{"type":"Polygon","coordinates":[[[-122.74842589999997,45.441818700000056],[-122.74830389999994,45.441701800000033],[-122.74827769999996,45.441715300000055],[-122.74828889999998,45.441726000000074],[-122.74815649999999,45.441794000000073],[-122.74826729999995,45.441900200000077],[-122.74842589999997,45.441818700000056]]]},"properties":{"OBJECTID1":71,"OBJECTID":312,"osm_id":"354397576","code":2129,"fclass":"veterinary","name":"Holistic Pet Vet Clinic","SHAPE_Length":0.00069456247321942753,"SHAPE_Area":2.6300220000045979e-08}},{"type":"Feature","id":72,"geometry":{"type":"Polygon","coordinates":[[[-122.74823959999998,45.409310700000049],[-122.74812349999996,45.409310700000049],[-122.74812349999996,45.409278800000038],[-122.74742299999997,45.409278800000038],[-122.74742299999997,45.40931530000006],[-122.74730339999996,45.40931530000006],[-122.74730339999996,45.409520300000054],[-122.74742299999997,45.409520300000054],[-122.74742299999997,45.409548800000039],[-122.74812349999996,45.409548800000039],[-122.74812349999996,45.40951460000008],[-122.74823959999998,45.40951460000008],[-122.74823959999998,45.409310700000049]]]},"properties":{"OBJECTID1":72,"OBJECTID":340,"osm_id":"435358015","code":2129,"fclass":"veterinary","name":"Bridgetown Veterinary Emergency + Referral","SHAPE_Length":0.0024124000000256274,"SHAPE_Area":2.3732579000528051e-07}},{"type":"Feature","id":73,"geometry":{"type":"Polygon","coordinates":[[[-122.99083989999997,45.519866400000069],[-122.99077319999998,45.519866400000069],[-122.99077319999998,45.519818100000066],[-122.99066729999998,45.519818100000066],[-122.99066729999998,45.520038200000045],[-122.99083989999997,45.520038200000045],[-122.99083989999997,45.519866400000069]]]},"properties":{"OBJECTID1":73,"OBJECTID":304,"osm_id":"341388947","code":2129,"fclass":"veterinary","name":"Hillsboro Veterinary Clinic","SHAPE_Length":0.0007853999999269945,"SHAPE_Area":3.4767649993219725e-08}},{"type":"Feature","id":74,"geometry":{"type":"Polygon","coordinates":[[[-122.72178089999994,45.410320400000046],[-122.72178069999995,45.410251000000073],[-122.72176869999998,45.410251000000073],[-122.72176829999995,45.410161200000061],[-122.72151219999995,45.410161600000038],[-122.72151259999998,45.41025060000004],[-122.72162339999994,45.410250500000075],[-122.72162369999995,45.410320600000034],[-122.72178089999994,45.410320400000046]]]},"properties":{"OBJECTID1":74,"OBJECTID":308,"osm_id":"349957028","code":2129,"fclass":"veterinary","name":"The Avian Medical Center","SHAPE_Length":0.00085440320445426992,"SHAPE_Area":3.3825524999301448e-08}},{"type":"Feature","id":76,"geometry":{"type":"Polygon","coordinates":[[[-122.99566209999995,45.52029280000005],[-122.99561119999998,45.520255800000029],[-122.99146719999999,45.520240900000033],[-122.99076709999997,45.520226100000059],[-122.99003499999998,45.520220700000039],[-122.98999299999997,45.520241500000054],[-122.98998729999994,45.520868200000052],[-122.99121309999998,45.520880400000067],[-122.99145389999995,45.520882500000027],[-122.99144479999995,45.521332400000063],[-122.99553769999994,45.52137220000003],[-122.99553559999998,45.521252900000036],[-122.99565659999996,45.521258000000046],[-122.99566209999995,45.52029280000005]]]},"properties":{"OBJECTID1":76,"OBJECTID":244,"osm_id":"786992100","code":2010,"fclass":"prison","name":"Prison","SHAPE_Length":0.013528321365770648,"SHAPE_Area":5.5791211650795687e-06}},{"type":"Feature","id":77,"geometry":{"type":"Polygon","coordinates":[[[-122.52280629999996,45.449375200000077],[-122.52279979999997,45.449266500000078],[-122.52280139999999,45.449156500000072],[-122.52237199999996,45.449165600000072],[-122.52237079999998,45.449184400000036],[-122.52227969999996,45.449179500000071],[-122.52201469999994,45.449226200000055],[-122.52202989999995,45.449475200000052],[-122.52258219999999,45.449404000000072],[-122.52280629999996,45.449375200000077]]]},"properties":{"OBJECTID1":77,"OBJECTID":606,"osm_id":"728149895","code":2206,"fclass":"dog_park","name":"Dog Park","SHAPE_Length":0.0020598325935555217,"SHAPE_Area":1.9398819000653478e-07}},{"type":"Feature","id":78,"geometry":{"type":"Polygon","coordinates":[[[-122.65351779999997,45.464678900000081],[-122.65312189999997,45.464678700000036],[-122.65312169999999,45.46481650000004],[-122.65335959999999,45.464816600000063],[-122.65335959999999,45.464834400000029],[-122.65343859999996,45.464834500000052],[-122.65351769999995,45.464834500000052],[-122.65351779999997,45.464678900000081]]]},"properties":{"OBJECTID1":78,"OBJECTID":280,"osm_id":"290626809","code":2129,"fclass":"veterinary","name":"Cat and Dog Hospital","SHAPE_Length":0.001103100312007005,"SHAPE_Area":5.7376974993803418e-08}},{"type":"Feature","id":79,"geometry":{"type":"Polygon","coordinates":[[[-122.59980349999995,45.329757800000039],[-122.59964749999995,45.329688700000077],[-122.59968869999994,45.329642700000079],[-122.59967509999996,45.329636700000037],[-122.59971139999999,45.329595900000072],[-122.59965189999997,45.329569700000036],[-122.59959419999996,45.329634700000042],[-122.59953189999999,45.329607300000077],[-122.59962259999998,45.329505200000028],[-122.59957819999994,45.329485100000056],[-122.59960449999994,45.329453400000034],[-122.59954379999999,45.32942550000007],[-122.59939989999998,45.329589300000066],[-122.59933699999999,45.329561800000079],[-122.59922859999995,45.329684300000054],[-122.59918159999995,45.329663800000048],[-122.59940479999995,45.32941100000005],[-122.59909539999995,45.32927600000005],[-122.59908289999998,45.329290200000059],[-122.59900999999996,45.329372800000044],[-122.59878779999997,45.329275800000062],[-122.5986466,45.329432600000075],[-122.59857829999999,45.329402500000072],[-122.59832859999995,45.329682700000035],[-122.59840259999999,45.329714900000056],[-122.59830419999997,45.329826500000081],[-122.59850849999998,45.329915600000049],[-122.59861249999994,45.329797700000029],[-122.59870699999999,45.329838900000027],[-122.59869889999999,45.329848100000049],[-122.59872609999996,45.329927500000053],[-122.59876039999995,45.329942900000049],[-122.59874399999995,45.329961000000026],[-122.59900719999996,45.330078300000025],[-122.59898589999995,45.330101900000045],[-122.59906129999996,45.330135600000062],[-122.59908339999998,45.330111100000067],[-122.59923629999997,45.330179200000032],[-122.59932289999995,45.330083000000059],[-122.59934249999998,45.330091700000025],[-122.59947079999995,45.329948800000068],[-122.59951749999999,45.329969600000027],[-122.59964219999995,45.329830700000059],[-122.59971089999999,45.329861100000073],[-122.59980349999995,45.329757800000039]]]},"properties":{"OBJECTID1":79,"OBJECTID":240,"osm_id":"635528342","code":2010,"fclass":"prison","name":"Clackamas County Jail","SHAPE_Length":0.0052923309042162128,"SHAPE_Area":7.4947609996492129e-07}},{"type":"Feature","id":81,"geometry":{"type":"Polygon","coordinates":[[[-122.76356939999999,45.50627860000003],[-122.76352749999995,45.506206500000076],[-122.76327849999996,45.506188300000076],[-122.76327709999998,45.506172000000049],[-122.76324809999994,45.506170000000054],[-122.76324519999997,45.506187300000079],[-122.76319889999996,45.506209600000034],[-122.76329299999998,45.506365800000026],[-122.76342029999995,45.506314100000054],[-122.76356939999999,45.50627860000003]]]},"properties":{"OBJECTID1":81,"OBJECTID":712,"osm_id":"1490248888","code":2206,"fclass":"dog_park","name":"Dog Park","SHAPE_Length":0.00092043632450768088,"SHAPE_Area":4.0301014988651227e-08}},{"type":"Feature","id":82,"geometry":{"type":"Polygon","coordinates":[[[-122.64870099999996,45.47422860000006],[-122.64869629999998,45.474186200000076],[-122.64830259999997,45.474207400000068],[-122.64833479999999,45.474502400000063],[-122.64853729999999,45.474491500000056],[-122.64853359999995,45.474458100000049],[-122.64852999999999,45.474424700000043],[-122.64852269999994,45.47435790000003],[-122.64850959999995,45.474238900000046],[-122.64870099999996,45.47422860000006]]]},"properties":{"OBJECTID1":82,"OBJECTID":497,"osm_id":"458421106","code":2203,"fclass":"cinema","name":"Moreland Theater","SHAPE_Length":0.0013822666562111647,"SHAPE_Area":6.8233634990072284e-08}},{"type":"Feature","id":84,"geometry":{"type":"Polygon","coordinates":[[[-122.76892409999999,45.309524000000067],[-122.76759259999994,45.30952810000008],[-122.76759569999996,45.309333700000025],[-122.76733229999996,45.309337300000038],[-122.76659579999995,45.309568700000057],[-122.76659009999997,45.310190200000079],[-122.76891589999997,45.310192400000062],[-122.76892409999999,45.309524000000067]]]},"properties":{"OBJECTID1":84,"OBJECTID":439,"osm_id":"111707439","code":2744,"fclass":"theme_park","name":"Family Fun Center","SHAPE_Length":0.0061771293539187484,"SHAPE_Area":1.6516449300358237e-06}},{"type":"Feature","id":85,"geometry":{"type":"Polygon","coordinates":[[[-122.75780729999997,45.591461400000071],[-122.75763719999998,45.591282600000056],[-122.75757039999996,45.591313700000057],[-122.75756129999996,45.591304100000059],[-122.75751499999996,45.591325600000062],[-122.75752389999997,45.591335100000038],[-122.75746159999994,45.591364100000078],[-122.75763189999998,45.591543100000081],[-122.75780729999997,45.591461400000071]]]},"properties":{"OBJECTID1":85,"OBJECTID":315,"osm_id":"365806225","code":2129,"fclass":"veterinary","name":"Cathedral Animal Hospital","SHAPE_Length":0.0009070469904695613,"SHAPE_Area":4.5920600008758509e-08}},{"type":"Feature","id":87,"geometry":{"type":"Polygon","coordinates":[[[-122.48739289999997,45.42497000000003],[-122.48708569999997,45.42497190000006],[-122.48709909999997,45.425098000000048],[-122.48739289999997,45.425091400000042],[-122.48739289999997,45.42497000000003]]]},"properties":{"OBJECTID1":87,"OBJECTID":656,"osm_id":"1073262282","code":2206,"fclass":"dog_park","name":"Dog Park","SHAPE_Length":0.00084928997427375025,"SHAPE_Area":3.7215350001255447e-08}},{"type":"Feature","id":88,"geometry":{"type":"Polygon","coordinates":[[[-123.13422469999995,45.538675300000079],[-123.13417199999998,45.538675600000033],[-123.13355459999997,45.538680000000056],[-123.13355239999999,45.538526000000047],[-123.13344889999996,45.538555500000029],[-123.13336229999999,45.538605000000075],[-123.13330009999999,45.538670100000047],[-123.13326779999994,45.538745000000063],[-123.13326829999994,45.538823300000047],[-123.1333052,45.538911100000064],[-123.13331899999997,45.538978100000065],[-123.13330729999996,45.539045200000032],[-123.13327099999998,45.539107900000033],[-123.13323539999999,45.539144600000043],[-123.13412519999997,45.539150900000038],[-123.13421709999994,45.539151600000025],[-123.13422469999995,45.538675300000079]]]},"properties":{"OBJECTID1":88,"OBJECTID":579,"osm_id":"544013338","code":2206,"fclass":"dog_park","name":"Thatcher Park Off Leash Dog Park","SHAPE_Length":0.0030948333408753414,"SHAPE_Area":4.6430442498448797e-07}},{"type":"Feature","id":89,"geometry":{"type":"Polygon","coordinates":[[[-122.8088636,45.524823000000026],[-122.80886329999998,45.52474060000003],[-122.8088186,45.524740700000052],[-122.80881829999998,45.524642200000073],[-122.80879929999998,45.524642200000073],[-122.80879869999995,45.524466500000074],[-122.80867479999995,45.524466700000062],[-122.80867479999995,45.524489100000039],[-122.80865579999994,45.524489100000039],[-122.80865599999998,45.524526700000081],[-122.80867419999998,45.524526700000081],[-122.80867429999995,45.524560500000064],[-122.80863909999999,45.524560600000029],[-122.80863929999998,45.52462010000005],[-122.80852889999994,45.524620300000038],[-122.80852909999999,45.524683100000061],[-122.80849869999997,45.524683200000027],[-122.8084988,45.524726500000043],[-122.80852929999998,45.524726400000077],[-122.80852959999999,45.524798300000043],[-122.80867779999994,45.524798100000055],[-122.80867789999996,45.524823300000037],[-122.8088636,45.524823000000026]]]},"properties":{"OBJECTID1":89,"OBJECTID":293,"osm_id":"324143885","code":2129,"fclass":"veterinary","name":"Cedar Mill Veterinary Hospital","SHAPE_Length":0.0014783056037742765,"SHAPE_Area":8.1522189998177643e-08}},{"type":"Feature","id":91,"geometry":{"type":"Polygon","coordinates":[[[-122.91833009999999,45.497656900000038],[-122.91821599999997,45.497644800000046],[-122.91820339999998,45.497705400000029],[-122.91831899999994,45.497717200000068],[-122.91833009999999,45.497656900000038]]]},"properties":{"OBJECTID1":91,"OBJECTID":640,"osm_id":"996143843","code":2206,"fclass":"dog_park","name":"Dog Park","SHAPE_Length":0.00035414965364857093,"SHAPE_Area":7.0842900004950127e-09}},{"type":"Feature","id":93,"geometry":{"type":"Polygon","coordinates":[[[-122.71396919999995,45.510483000000079],[-122.71392549999996,45.510421200000053],[-122.71379649999994,45.510466000000065],[-122.71377769999998,45.510439500000075],[-122.71318639999998,45.510644700000057],[-122.71332459999996,45.510840200000075],[-122.71391409999995,45.510635600000057],[-122.71383839999999,45.510528400000055],[-122.71396919999995,45.510483000000079]]]},"properties":{"OBJECTID1":93,"OBJECTID":275,"osm_id":"267340985","code":2129,"fclass":"veterinary","name":"Oregon Zoo Veterinary Medical Center","SHAPE_Length":0.0020037325858134206,"SHAPE_Area":1.5365019999604913e-07}},{"type":"Feature","id":94,"geometry":{"type":"Polygon","coordinates":[[[-122.58659509999995,45.559392500000058],[-122.58646499999998,45.559332400000073],[-122.58580919999997,45.559333400000071],[-122.58547519999996,45.559561600000052],[-122.58553509999996,45.559635800000081],[-122.58575019999995,45.559902400000055],[-122.58575689999998,45.560097700000028],[-122.58652269999999,45.560097700000028],[-122.58652669999998,45.559654500000079],[-122.58658839999998,45.559622600000068],[-122.58659509999995,45.559392500000058]]]},"properties":{"OBJECTID1":94,"OBJECTID":591,"osm_id":"581312666","code":2206,"fclass":"dog_park","name":"Sacajawea Dog Park Off-Leash Area","SHAPE_Length":0.0033456294630193795,"SHAPE_Area":6.7998248998201851e-07}},{"type":"Feature","id":96,"geometry":{"type":"Polygon","coordinates":[[[-122.73658869999997,45.486827800000071],[-122.73658799999998,45.486730100000045],[-122.73601799999994,45.486732300000028],[-122.73601879999995,45.486830100000077],[-122.73658869999997,45.486827800000071]]]},"properties":{"OBJECTID1":96,"OBJECTID":614,"osm_id":"836678285","code":2206,"fclass":"dog_park","name":"Dog Park","SHAPE_Length":0.0013354146664476601,"SHAPE_Area":5.5714300024015622e-08}},{"type":"Feature","id":100,"geometry":{"type":"Polygon","coordinates":[[[-122.42695129999998,45.498183500000039],[-122.42688319999996,45.498183300000051],[-122.42685249999994,45.498164200000076],[-122.42681199999998,45.498165700000072],[-122.42678639999997,45.498186500000031],[-122.42672339999996,45.498186300000043],[-122.42672119999997,45.49850680000003],[-122.42666149999997,45.498506700000064],[-122.42666109999999,45.498567800000046],[-122.42694889999996,45.498568700000078],[-122.42695129999998,45.498183500000039]]]},"properties":{"OBJECTID1":100,"OBJECTID":466,"osm_id":"239309252","code":2203,"fclass":"cinema","name":"Mount Hood Theatre","SHAPE_Length":0.0013550876556613044,"SHAPE_Area":9.245920500402474e-08}},{"type":"Feature","id":102,"geometry":{"type":"Polygon","coordinates":[[[-122.67693929999996,45.600056000000052],[-122.67517179999999,45.598792500000059],[-122.67477009999999,45.599071700000081],[-122.67653899999999,45.600326900000027],[-122.67693929999996,45.600056000000052]]]},"properties":{"OBJECTID1":102,"OBJECTID":531,"osm_id":"131770319","code":2206,"fclass":"dog_park","name":"East Delta Park Off-Leash Area","SHAPE_Length":0.005314210885858513,"SHAPE_Area":9.9134275996018229e-07}},{"type":"Feature","id":103,"geometry":{"type":"Polygon","coordinates":[[[-122.71179299999994,45.449269500000071],[-122.71089979999999,45.449262700000077],[-122.71088709999998,45.450073400000065],[-122.71178169999996,45.45006520000004],[-122.71179299999994,45.449269500000071]]]},"properties":{"OBJECTID1":103,"OBJECTID":601,"osm_id":"675755055","code":2206,"fclass":"dog_park","name":"Dog Park","SHAPE_Length":0.0033944431673677208,"SHAPE_Area":7.1797207995321466e-07}},{"type":"Feature","id":104,"geometry":{"type":"Polygon","coordinates":[[[-122.81336919999995,45.499339300000031],[-122.81264459999994,45.499155200000075],[-122.81237979999997,45.499667500000044],[-122.81290539999998,45.499801000000048],[-122.81290909999996,45.499793800000077],[-122.81292919999999,45.499811300000033],[-122.81295749999998,45.499823200000037],[-122.81298999999996,45.499827700000026],[-122.81302269999998,45.499824100000069],[-122.81305159999999,45.499812900000052],[-122.81307329999999,45.499795400000039],[-122.81308519999999,45.499773800000071],[-122.81308579999995,45.499750600000027],[-122.81307499999997,45.499728700000048],[-122.81306239999998,45.499717700000076],[-122.81316069999997,45.49974270000007],[-122.81336919999995,45.499339300000031]]]},"properties":{"OBJECTID1":104,"OBJECTID":19,"osm_id":"187354176","code":2259,"fclass":"fitness_centre","name":"LA Fitness","SHAPE_Length":0.0027011640747060094,"SHAPE_Area":4.1225821999314683e-07}},{"type":"Feature","id":105,"geometry":{"type":"Polygon","coordinates":[[[-122.70726389999999,45.497642700000029],[-122.70634659999996,45.497514900000056],[-122.70608369999997,45.497537400000056],[-122.7058692,45.497623900000065],[-122.70575649999995,45.497744200000056],[-122.70548289999999,45.498432300000047],[-122.70665769999999,45.49873690000004],[-122.70726389999999,45.497642700000029]]]},"properties":{"OBJECTID1":105,"OBJECTID":672,"osm_id":"1186856370","code":2206,"fclass":"dog_park","name":"Council Crest Off-Leash Area","SHAPE_Length":0.0047911941069482466,"SHAPE_Area":1.4141997049984625e-06}},{"type":"Feature","id":107,"geometry":{"type":"Polygon","coordinates":[[[-122.75281309999997,45.516893800000048],[-122.75278299999997,45.51685180000004],[-122.75265719999999,45.516675400000054],[-122.75258749999995,45.516699800000026],[-122.75260849999995,45.516729200000043],[-122.75243489999997,45.516790000000071],[-122.75256969999998,45.516979000000049],[-122.75281309999997,45.516893800000048]]]},"properties":{"OBJECTID1":107,"OBJECTID":321,"osm_id":"367743752","code":2129,"fclass":"veterinary","name":"Forest Heights Veterinary Clinic","SHAPE_Length":0.0010522784860643678,"SHAPE_Area":6.0030420002454943e-08}},{"type":"Feature","id":108,"geometry":{"type":"Polygon","coordinates":[[[-122.40916289999996,45.487042300000041],[-122.40863599999994,45.48723700000005],[-122.40863629999996,45.487308900000073],[-122.40916289999996,45.487310500000035],[-122.40916289999996,45.487042300000041]]]},"properties":{"OBJECTID1":108,"OBJECTID":718,"osm_id":"1511187004","code":2206,"fclass":"dog_park","name":"Dog Park","SHAPE_Length":0.0014284251408877196,"SHAPE_Area":8.9588320005923107e-08}},{"type":"Feature","id":111,"geometry":{"type":"Polygon","coordinates":[[[-122.61124989999996,45.38962070000008],[-122.61119149999996,45.38953790000005],[-122.61082709999999,45.389664800000048],[-122.61088559999996,45.389747600000078],[-122.61124989999996,45.38962070000008]]]},"properties":{"OBJECTID1":111,"OBJECTID":290,"osm_id":"315000506","code":2129,"fclass":"veterinary","name":"Gladstone Veterinary Clinic","SHAPE_Length":0.0009743375780242665,"SHAPE_Area":3.7585485007229699e-08}},{"type":"Feature","id":113,"geometry":{"type":"Polygon","coordinates":[[[-122.85365569999999,45.509374100000059],[-122.85363939999996,45.509314000000074],[-122.85355829999997,45.50931520000006],[-122.85344559999999,45.509382300000027],[-122.85344239999995,45.509386200000051],[-122.85340009999999,45.509437500000047],[-122.85365569999999,45.509374100000059]]]},"properties":{"OBJECTID1":113,"OBJECTID":669,"osm_id":"1144245888","code":2206,"fclass":"dog_park","name":"Dog Park","SHAPE_Length":0.00060942381254045993,"SHAPE_Area":1.4645425000887758e-08}},{"type":"Feature","id":115,"geometry":{"type":"Polygon","coordinates":[[[-122.62418009999999,45.568095600000049],[-122.62414979999994,45.567293600000028],[-122.6231962,45.566948300000035],[-122.62200529999996,45.566948300000035],[-122.62208629999998,45.568323900000053],[-122.62323179999999,45.568308000000059],[-122.62418009999999,45.568095600000049]]]},"properties":{"OBJECTID1":115,"OBJECTID":590,"osm_id":"568861152","code":2206,"fclass":"dog_park","name":"Fernhill Dogpark","SHAPE_Length":0.0065030526305619816,"SHAPE_Area":2.6237969950489178e-06}},{"type":"Feature","id":118,"geometry":{"type":"Polygon","coordinates":[[[-122.77960399999995,45.486042300000065],[-122.77959879999997,45.486042300000065],[-122.77959049999998,45.486042500000053],[-122.77959049999998,45.486017100000026],[-122.77959069999997,45.486001600000066],[-122.77940719999998,45.486001700000031],[-122.77940629999995,45.486053100000049],[-122.77939429999998,45.486061900000038],[-122.77930319999996,45.486061600000028],[-122.77930319999996,45.486227700000029],[-122.77938299999994,45.486227700000029],[-122.77938299999994,45.486233300000038],[-122.77960399999995,45.486233300000038],[-122.77960399999995,45.486042300000065]]]},"properties":{"OBJECTID1":118,"OBJECTID":342,"osm_id":"453658330","code":2129,"fclass":"veterinary","name":"Beaverton Pet Clinic","SHAPE_Length":0.0010587929596565812,"SHAPE_Area":6.2516889996320503e-08}},{"type":"Feature","id":119,"geometry":{"type":"Polygon","coordinates":[[[-122.85831669999999,45.447447900000043],[-122.85831539999998,45.447378300000025],[-122.85828719999995,45.447287000000074],[-122.8582242,45.447153400000047],[-122.85816949999997,45.447079400000064],[-122.85809919999997,45.447016500000075],[-122.85808339999994,45.447002000000055],[-122.85778829999998,45.446796900000038],[-122.85770109999999,45.446791200000064],[-122.85761799999995,45.446765800000037],[-122.85754829999996,45.446727200000055],[-122.85699039999997,45.446780900000078],[-122.85699169999998,45.447307700000067],[-122.85724919999996,45.447486500000025],[-122.85777219999994,45.447488400000054],[-122.85793309999997,45.447442300000034],[-122.85814369999997,45.447445400000049],[-122.85831669999999,45.447447900000043]]]},"properties":{"OBJECTID1":119,"OBJECTID":566,"osm_id":"472411469","code":2206,"fclass":"dog_park","name":"Winkelman Dog Park","SHAPE_Length":0.0036087944287048865,"SHAPE_Area":7.901150399756551e-07}},{"type":"Feature","id":121,"geometry":{"type":"Polygon","coordinates":[[[-122.78194949999994,45.509060500000032],[-122.78167139999999,45.508947300000045],[-122.78155969999995,45.50908220000008],[-122.78183779999995,45.509195300000044],[-122.78194949999994,45.509060500000032]]]},"properties":{"OBJECTID1":121,"OBJECTID":295,"osm_id":"325842916","code":2129,"fclass":"veterinary","name":"Veterinary Surgical Center of Portland","SHAPE_Length":0.00095068294294119084,"SHAPE_Area":5.0140640002499783e-08}},{"type":"Feature","id":122,"geometry":{"type":"Polygon","coordinates":[[[-122.88551839999997,45.496578700000043],[-122.88519499999995,45.49654490000006],[-122.88485179999998,45.49650900000006],[-122.88477749999998,45.496856100000059],[-122.88544409999997,45.496926100000053],[-122.88551839999997,45.496578700000043]]]},"properties":{"OBJECTID1":122,"OBJECTID":63,"osm_id":"373174826","code":2259,"fclass":"fitness_centre","name":"Planet Fitness","SHAPE_Length":0.0020507191526244325,"SHAPE_Area":2.3666175499389233e-07}},{"type":"Feature","id":124,"geometry":{"type":"Polygon","coordinates":[[[-122.75936469999999,45.606914400000051],[-122.75836749999996,45.606471700000043],[-122.75696489999996,45.606030900000064],[-122.75638419999996,45.606586600000071],[-122.75770729999999,45.607205700000065],[-122.75850999999994,45.607661800000074],[-122.75936469999999,45.606914400000051]]]},"properties":{"OBJECTID1":124,"OBJECTID":575,"osm_id":"494926163","code":2206,"fclass":"dog_park","name":"Chimney Dog Park","SHAPE_Length":0.0068844404332417449,"SHAPE_Area":2.2146322950406028e-06}},{"type":"Feature","id":126,"geometry":{"type":"Polygon","coordinates":[[[-122.73606469999999,45.387100500000031],[-122.73477939999998,45.387085100000036],[-122.73481989999999,45.387903600000072],[-122.73550129999995,45.387965800000075],[-122.73603499999996,45.387978900000064],[-122.73606279999996,45.388004500000079],[-122.73606469999999,45.387100500000031]]]},"properties":{"OBJECTID1":126,"OBJECTID":679,"osm_id":"1210444193","code":2206,"fclass":"dog_park","name":"Pilkington Dog Park","SHAPE_Length":0.0042647809091681229,"SHAPE_Area":1.0852121200377496e-06}},{"type":"Feature","id":127,"geometry":{"type":"Polygon","coordinates":[[[-122.74942709999999,45.486330000000066],[-122.74930009999997,45.486327700000061],[-122.74929649999996,45.486426800000061],[-122.74934139999999,45.48642760000007],[-122.74934029999997,45.486455400000068],[-122.74938129999998,45.486456100000055],[-122.74938229999998,45.486429700000031],[-122.74942339999996,45.486430400000074],[-122.74942709999999,45.486330000000066]]]},"properties":{"OBJECTID1":127,"OBJECTID":319,"osm_id":"367517290","code":2129,"fclass":"veterinary","name":"Animal Dermatology Clinic","SHAPE_Length":0.00050791409511483261,"SHAPE_Area":1.3784025000436984e-08}},{"type":"Feature","id":128,"geometry":{"type":"Polygon","coordinates":[[[-122.85560429999998,45.492831600000045],[-122.85543849999999,45.492830400000059],[-122.85543529999995,45.493036700000062],[-122.85560119999997,45.493038100000035],[-122.85560429999998,45.492831600000045]]]},"properties":{"OBJECTID1":128,"OBJECTID":298,"osm_id":"327357698","code":2129,"fclass":"veterinary","name":"Aloha Dog & Cat Hospital","SHAPE_Length":0.00074455833377654328,"SHAPE_Area":3.4235534999728232e-08}},{"type":"Feature","id":129,"geometry":{"type":"Polygon","coordinates":[[[-122.97184399999998,45.512134500000059],[-122.97172399999999,45.512134200000048],[-122.97172519999998,45.511797300000069],[-122.97148459999994,45.51179680000007],[-122.97148169999997,45.512614100000064],[-122.97172109999997,45.512614500000041],[-122.97172109999997,45.512571800000046],[-122.97172239999998,45.51223710000005],[-122.97184359999994,45.51223740000006],[-122.97184399999998,45.512134500000059]]]},"properties":{"OBJECTID1":129,"OBJECTID":79,"osm_id":"436330493","code":2259,"fclass":"fitness_centre","name":"Planet Fitness","SHAPE_Length":0.0023557121841308484,"SHAPE_Area":2.0848915001389774e-07}},{"type":"Feature","id":131,"geometry":{"type":"Polygon","coordinates":[[[-122.70881189999994,45.459851100000037],[-122.70871559999995,45.459850000000074],[-122.70871229999995,45.459991400000035],[-122.70880859999994,45.459992500000055],[-122.70881189999994,45.459851100000037]]]},"properties":{"OBJECTID1":131,"OBJECTID":286,"osm_id":"300547754","code":2129,"fclass":"veterinary","name":"Back on Track","SHAPE_Length":0.00047548956953682325,"SHAPE_Area":1.3620449998366785e-08}},{"type":"Feature","id":132,"geometry":{"type":"Polygon","coordinates":[[[-122.89993829999997,45.490734300000042],[-122.89946539999994,45.490701100000081],[-122.89946299999997,45.49073670000007],[-122.89940839999997,45.490735000000029],[-122.89940699999994,45.490756300000044],[-122.89940659999996,45.490784200000064],[-122.89941159999995,45.491033500000071],[-122.89968889999994,45.491052100000047],[-122.89989069999996,45.491065700000036],[-122.89993829999997,45.490734300000042]]]},"properties":{"OBJECTID1":132,"OBJECTID":627,"osm_id":"916110863","code":2206,"fclass":"dog_park","name":"Dog Park","SHAPE_Length":0.0016779520736339899,"SHAPE_Area":1.6758359999834948e-07}},{"type":"Feature","id":133,"geometry":{"type":"Polygon","coordinates":[[[-122.99113949999997,45.520230900000058],[-122.99078919999999,45.520225800000048],[-122.99078419999995,45.520393600000034],[-122.99081279999996,45.520394100000033],[-122.99080719999995,45.520582600000068],[-122.99063229999996,45.520580100000075],[-122.99063079999996,45.520632600000056],[-122.99032469999997,45.520628100000067],[-122.99032869999996,45.52049420000003],[-122.99028029999999,45.520493400000078],[-122.99028129999999,45.520460700000058],[-122.99007569999998,45.520457700000065],[-122.99007489999997,45.520486100000028],[-122.99001279999999,45.520485200000053],[-122.99000219999999,45.520841300000029],[-122.99052379999995,45.520848900000033],[-122.99052619999998,45.520767800000044],[-122.99058959999996,45.520768800000042],[-122.99058679999996,45.520861300000035],[-122.99098729999997,45.520867100000032],[-122.99099049999995,45.520761400000026],[-122.99112359999998,45.520763300000056],[-122.99113949999997,45.520230900000058]]]},"properties":{"OBJECTID1":133,"OBJECTID":224,"osm_id":"311084880","code":2010,"fclass":"prison","name":"Washington County Community Corrections Center","SHAPE_Length":0.0040672330141468408,"SHAPE_Area":4.2555809997102533e-07}},{"type":"Feature","id":134,"geometry":{"type":"Polygon","coordinates":[[[-122.68844879999995,45.395745900000065],[-122.68837909999996,45.395700700000077],[-122.68837909999996,45.395636700000068],[-122.68748859999999,45.395629100000065],[-122.68749929999996,45.395866400000045],[-122.68767099999997,45.39588150000003],[-122.68767639999999,45.396488000000033],[-122.68796069999996,45.396563300000025],[-122.68844879999995,45.395745900000065]]]},"properties":{"OBJECTID1":134,"OBJECTID":592,"osm_id":"591594507","code":2206,"fclass":"dog_park","name":"Dog Park","SHAPE_Length":0.003300178540330156,"SHAPE_Area":5.4774688495436207e-07}},{"type":"Feature","id":135,"geometry":{"type":"Polygon","coordinates":[[[-122.70217439999999,45.43351320000005],[-122.70213039999999,45.43350300000003],[-122.70214459999994,45.433472900000027],[-122.70202749999999,45.43344570000005],[-122.70201439999994,45.43347330000006],[-122.70191909999994,45.433675400000027],[-122.70208019999995,45.43371280000008],[-122.70217439999999,45.43351320000005]]]},"properties":{"OBJECTID1":135,"OBJECTID":266,"osm_id":"110687480","code":2129,"fclass":"veterinary","name":"Compass Veterinary Clinic","SHAPE_Length":0.0008387555199830571,"SHAPE_Area":3.9597565011464702e-08}},{"type":"Feature","id":138,"geometry":{"type":"Polygon","coordinates":[[[-122.51420279999996,45.425740800000028],[-122.51401499999997,45.425739000000078],[-122.51400429999995,45.426008100000047],[-122.51419469999996,45.426008100000047],[-122.51420279999996,45.425740800000028]]]},"properties":{"OBJECTID1":138,"OBJECTID":422,"osm_id":"1306015710","code":2129,"fclass":"veterinary","name":"Sunnyside Veterinary Hospital","SHAPE_Length":0.00091494396869376397,"SHAPE_Area":5.0725079998580603e-08}},{"type":"Feature","id":139,"geometry":{"type":"Polygon","coordinates":[[[-122.76032069999997,45.587029900000061],[-122.75988139999998,45.58657670000008],[-122.75923559999995,45.586884800000064],[-122.75967329999997,45.587336900000025],[-122.76032069999997,45.587029900000061]]]},"properties":{"OBJECTID1":139,"OBJECTID":554,"osm_id":"437695507","code":2206,"fclass":"dog_park","name":"Off Leash Area","SHAPE_Length":0.0026924678340738712,"SHAPE_Area":4.2754416497503248e-07}},{"type":"Feature","id":140,"geometry":{"type":"Polygon","coordinates":[[[-122.65816739999997,45.546872800000074],[-122.65723189999994,45.546674400000029],[-122.65711169999997,45.54705910000007],[-122.65799579999998,45.547227400000054],[-122.65816739999997,45.546872800000074]]]},"properties":{"OBJECTID1":140,"OBJECTID":526,"osm_id":"39799548","code":2206,"fclass":"dog_park","name":"Dog Park","SHAPE_Length":0.002653263187807722,"SHAPE_Area":3.6305833501365562e-07}},{"type":"Feature","id":142,"geometry":{"type":"Polygon","coordinates":[[[-122.91821599999997,45.497644800000046],[-122.91805559999995,45.497627700000066],[-122.91804399999995,45.497689100000059],[-122.91820339999998,45.497705400000029],[-122.91821599999997,45.497644800000046]]]},"properties":{"OBJECTID1":142,"OBJECTID":641,"osm_id":"996143844","code":2206,"fclass":"dog_park","name":"Dog Park","SHAPE_Length":0.00044592236673741801,"SHAPE_Area":9.955969999389005e-09}},{"type":"Feature","id":143,"geometry":{"type":"Polygon","coordinates":[[[-122.60978179999995,45.427656200000058],[-122.60973089999999,45.427340000000072],[-122.60825029999995,45.42731370000007],[-122.60825299999999,45.427895800000044],[-122.60978179999995,45.427656200000058]]]},"properties":{"OBJECTID1":143,"OBJECTID":635,"osm_id":"988788383","code":2206,"fclass":"dog_park","name":"Dog Park","SHAPE_Length":0.0039306720798821656,"SHAPE_Area":6.7869422496912456e-07}},{"type":"Feature","id":144,"geometry":{"type":"Polygon","coordinates":[[[-122.49929629999997,45.428469200000052],[-122.49923389999998,45.428310500000066],[-122.49908849999997,45.428338600000075],[-122.49915089999996,45.428497400000026],[-122.49929629999997,45.428469200000052]]]},"properties":{"OBJECTID1":144,"OBJECTID":345,"osm_id":"478680657","code":2129,"fclass":"veterinary","name":"Happy Valley Veterinary Hospital","SHAPE_Length":0.00063734685358588482,"SHAPE_Area":2.4838809995918576e-08}},{"type":"Feature","id":145,"geometry":{"type":"Polygon","coordinates":[[[-122.64291569999995,45.512357700000052],[-122.64263849999998,45.512356700000055],[-122.64263789999995,45.512444400000049],[-122.64291509999998,45.512445400000047],[-122.64291569999995,45.512357700000052]]]},"properties":{"OBJECTID1":145,"OBJECTID":288,"osm_id":"309492264","code":2129,"fclass":"veterinary","name":"Hawthorne Veterinary Clinic","SHAPE_Length":0.00072980771233459025,"SHAPE_Area":2.4311039998429513e-08}},{"type":"Feature","id":146,"geometry":{"type":"Polygon","coordinates":[[[-122.91845719999998,45.497634400000038],[-122.91834989999995,45.497622100000058],[-122.91834219999998,45.497658200000046],[-122.91833009999999,45.497656900000038],[-122.91831899999994,45.497717200000068],[-122.91843809999995,45.497729400000026],[-122.91845719999998,45.497634400000038]]]},"properties":{"OBJECTID1":146,"OBJECTID":638,"osm_id":"996143839","code":2206,"fclass":"dog_park","name":"Dog Park","SHAPE_Length":0.00043502176236845228,"SHAPE_Area":1.1246329999369379e-08}},{"type":"Feature","id":147,"geometry":{"type":"Polygon","coordinates":[[[-122.9106602,45.553008100000056],[-122.91063759999997,45.552566600000034],[-122.91054069999996,45.552569100000028],[-122.91053839999995,45.552523000000065],[-122.91047489999994,45.552524600000027],[-122.91047409999999,45.552508000000046],[-122.91047179999998,45.552464300000054],[-122.91043769999999,45.552465200000029],[-122.91040239999995,45.552466100000061],[-122.91025219999995,45.55246980000004],[-122.91028019999999,45.553017700000055],[-122.9106602,45.553008100000056]]]},"properties":{"OBJECTID1":147,"OBJECTID":548,"osm_id":"365800640","code":2206,"fclass":"dog_park","name":"Dog Park","SHAPE_Length":0.0018574726953862475,"SHAPE_Area":1.9428831501277842e-07}},{"type":"Feature","id":150,"geometry":{"type":"Polygon","coordinates":[[[-122.70343329999997,45.533629900000051],[-122.70342059999996,45.533413300000063],[-122.70316889999998,45.533412700000042],[-122.70292619999998,45.533343500000058],[-122.70294039999999,45.533888300000058],[-122.70303219999994,45.533886600000073],[-122.70343329999997,45.533629900000051]]]},"properties":{"OBJECTID1":150,"OBJECTID":551,"osm_id":"403363696","code":2206,"fclass":"dog_park","name":"Wallace Park Off-Leash Area","SHAPE_Length":0.001834056228814139,"SHAPE_Area":1.9200647499400762e-07}},{"type":"Feature","id":152,"geometry":{"type":"Polygon","coordinates":[[[-122.62517289999994,45.497013300000049],[-122.62517199999996,45.496841300000028],[-122.62498809999994,45.496841800000027],[-122.62498899999997,45.497013800000047],[-122.62517289999994,45.497013300000049]]]},"properties":{"OBJECTID1":152,"OBJECTID":324,"osm_id":"367938778","code":2129,"fclass":"veterinary","name":"Powell Boulevard Veterinary Clinic","SHAPE_Length":0.00071180606873531827,"SHAPE_Area":3.1631250003102676e-08}},{"type":"Feature","id":154,"geometry":{"type":"Polygon","coordinates":[[[-122.89893059999997,45.495869200000072],[-122.89877769999998,45.495828000000074],[-122.89831629999998,45.495692100000042],[-122.89824199999998,45.496174000000053],[-122.89862599999998,45.49622880000004],[-122.89874319999996,45.496073600000045],[-122.89875879999994,45.496053800000027],[-122.89877689999997,45.496033900000043],[-122.89893059999997,45.495869200000072]]]},"properties":{"OBJECTID1":154,"OBJECTID":631,"osm_id":"978569793","code":2206,"fclass":"dog_park","name":"Dog Park","SHAPE_Length":0.0019867014370565724,"SHAPE_Area":2.2823525498719578e-07}},{"type":"Feature","id":155,"geometry":{"type":"Polygon","coordinates":[[[-122.72934109999994,45.448452900000063],[-122.72928089999999,45.448440500000061],[-122.72930199999996,45.448390000000074],[-122.72916839999999,45.44836250000003],[-122.72909009999995,45.448549600000035],[-122.72925309999999,45.44858320000003],[-122.72926259999997,45.448560400000076],[-122.72929349999998,45.448566800000037],[-122.72934109999994,45.448452900000063]]]},"properties":{"OBJECTID1":155,"OBJECTID":305,"osm_id":"344543107","code":2129,"fclass":"veterinary","name":"Barbur Boulevard Veterinary Hospital","SHAPE_Length":0.0008015479323730941,"SHAPE_Area":3.5334119997678484e-08}},{"type":"Feature","id":156,"geometry":{"type":"Polygon","coordinates":[[[-122.82924829999996,45.441607000000033],[-122.82924629999997,45.441412500000069],[-122.82905909999999,45.441413400000044],[-122.82905869999996,45.44137470000004],[-122.82901129999999,45.441374900000028],[-122.82901079999999,45.44133190000008],[-122.82894999999996,45.441332200000033],[-122.82894909999999,45.441253600000039],[-122.82883359999994,45.44125420000006],[-122.82883219999997,45.441125100000079],[-122.82877349999995,45.441125400000033],[-122.82877299999996,45.441080500000055],[-122.82876279999999,45.44106800000003],[-122.82874359999994,45.441052700000057],[-122.82871709999995,45.441043300000047],[-122.82869049999999,45.441041300000052],[-122.82866569999999,45.44104550000003],[-122.82864069999999,45.441057500000056],[-122.82862099999994,45.441083500000047],[-122.82862359999996,45.441328500000054],[-122.82861679999996,45.441328500000054],[-122.82861949999995,45.441584100000057],[-122.82913499999995,45.441581400000075],[-122.82913529999996,45.441607600000054],[-122.82924829999996,45.441607000000033]]]},"properties":{"OBJECTID1":156,"OBJECTID":94,"osm_id":"482891943","code":2259,"fclass":"fitness_centre","name":"Planet Fitness","SHAPE_Length":0.0023415561792018602,"SHAPE_Area":2.0680832501302583e-07}},{"type":"Feature","id":158,"geometry":{"type":"Polygon","coordinates":[[[-122.68160879999999,45.522492800000066],[-122.68159889999998,45.522254600000053],[-122.68126689999997,45.522162700000081],[-122.68120639999995,45.522191900000053],[-122.68121559999997,45.522489700000051],[-122.68140599999998,45.52249160000008],[-122.68160879999999,45.522492800000066]]]},"properties":{"OBJECTID1":158,"OBJECTID":473,"osm_id":"321768744","code":2203,"fclass":"cinema","name":"Living Room Theaters","SHAPE_Length":0.0013412233507241601,"SHAPE_Area":1.1267520000829554e-07}},{"type":"Feature","id":159,"geometry":{"type":"Polygon","coordinates":[[[-122.57768339999996,45.441459500000065],[-122.57754999999997,45.441459300000076],[-122.57754889999995,45.441763600000058],[-122.57768229999999,45.441763900000069],[-122.57768339999996,45.441459500000065]]]},"properties":{"OBJECTID1":159,"OBJECTID":367,"osm_id":"552077336","code":2129,"fclass":"veterinary","name":"Animal Dermatology Clinic","SHAPE_Length":0.00087550446293528617,"SHAPE_Area":4.0600565002128254e-08}},{"type":"Feature","id":160,"geometry":{"type":"Polygon","coordinates":[[[-122.48765209999999,45.433919300000071],[-122.48764539999996,45.433894800000076],[-122.48764139999997,45.433889600000043],[-122.48747779999997,45.433892000000071],[-122.48745829999996,45.43396910000007],[-122.48743079999997,45.434016700000029],[-122.48738989999998,45.434061800000052],[-122.48732289999998,45.43411830000008],[-122.48727859999997,45.434143200000051],[-122.48723379999996,45.434164800000076],[-122.48733039999996,45.434275400000047],[-122.48734369999994,45.434252400000048],[-122.48736979999995,45.43421950000004],[-122.48739729999994,45.434193100000073],[-122.48747839999999,45.434120700000051],[-122.48751129999999,45.434099900000035],[-122.48753539999996,45.434094800000025],[-122.48756359999999,45.434065100000055],[-122.48757629999994,45.434036000000049],[-122.48759509999996,45.434011500000054],[-122.48760649999997,45.433989800000063],[-122.48761119999995,45.433969600000069],[-122.48761719999999,45.433957400000054],[-122.48761519999999,45.433949400000074],[-122.48763999999994,45.433936200000062],[-122.48764879999999,45.433928200000025],[-122.48765209999999,45.433919300000071]]]},"properties":{"OBJECTID1":160,"OBJECTID":655,"osm_id":"1073262252","code":2206,"fclass":"dog_park","name":"Dog Park","SHAPE_Length":0.0012251227162897859,"SHAPE_Area":5.6303629997125197e-08}},{"type":"Feature","id":162,"geometry":{"type":"Polygon","coordinates":[[[-122.90771669999998,45.496082500000057],[-122.90765169999997,45.496053400000051],[-122.90760689999996,45.496122100000036],[-122.90758549999998,45.496114800000043],[-122.90753229999996,45.496186900000055],[-122.90763389999995,45.496219300000064],[-122.90771669999998,45.496082500000057]]]},"properties":{"OBJECTID1":162,"OBJECTID":647,"osm_id":"1039425417","code":2206,"fclass":"dog_park","name":"Dog Park","SHAPE_Length":0.00053199441136103816,"SHAPE_Area":1.4221480002413997e-08}},{"type":"Feature","id":163,"geometry":{"type":"Polygon","coordinates":[[[-122.82993089999997,45.573782000000051],[-122.82947619999999,45.573645000000056],[-122.82933209999999,45.573890400000039],[-122.82938299999995,45.573905000000025],[-122.82944609999998,45.57390120000008],[-122.82947559999997,45.573903600000051],[-122.82951849999995,45.573909700000058],[-122.82954599999999,45.573917200000039],[-122.82960359999998,45.573937800000067],[-122.82963849999999,45.573953800000027],[-122.82968139999997,45.573987100000068],[-122.82970889999996,45.574008700000036],[-122.82972699999999,45.574018100000046],[-122.82977799999998,45.574031700000035],[-122.82993089999997,45.573782000000051]]]},"properties":{"OBJECTID1":163,"OBJECTID":701,"osm_id":"1421301079","code":2206,"fclass":"dog_park","name":"Dog Park","SHAPE_Length":0.0015318848559350352,"SHAPE_Area":1.2303725999261229e-07}},{"type":"Feature","id":167,"geometry":{"type":"Polygon","coordinates":[[[-122.62022759999996,45.53296430000006],[-122.61983289999995,45.532959700000049],[-122.61982689999996,45.533214500000042],[-122.61981869999994,45.533557700000074],[-122.61977489999998,45.533557200000075],[-122.61977199999995,45.533680900000036],[-122.61984709999996,45.533681800000068],[-122.62016489999996,45.533685500000047],[-122.62016549999998,45.533657500000061],[-122.62016749999998,45.533574200000032],[-122.62021309999994,45.533574800000054],[-122.62022759999996,45.53296430000006]]]},"properties":{"OBJECTID1":167,"OBJECTID":10,"osm_id":"101218552","code":2259,"fclass":"fitness_centre","name":"24 Hour Fitness Super Sport","SHAPE_Length":0.0023209657095099806,"SHAPE_Area":2.852720550005942e-07}},{"type":"Feature","id":168,"geometry":{"type":"Polygon","coordinates":[[[-122.71443889999995,45.51007670000007],[-122.71424289999999,45.509989400000052],[-122.71422019999994,45.510014500000068],[-122.71420479999995,45.510007600000051],[-122.71411899999998,45.510102300000028],[-122.71413109999997,45.510107600000026],[-122.71419219999996,45.510135400000081],[-122.71421819999995,45.510146900000052],[-122.71425939999995,45.51016530000004],[-122.71428489999994,45.510176600000079],[-122.71434589999996,45.51020340000008],[-122.71443189999997,45.510108800000069],[-122.71441619999996,45.510101800000029],[-122.71443889999995,45.51007670000007]]]},"properties":{"OBJECTID1":168,"OBJECTID":435,"osm_id":"267340986","code":2743,"fclass":"zoo","name":"Family Farm","SHAPE_Length":0.00082035651426810906,"SHAPE_Area":3.7134410003197786e-08}},{"type":"Feature","id":169,"geometry":{"type":"Polygon","coordinates":[[[-122.90000819999995,45.490262400000063],[-122.89983529999995,45.490239400000064],[-122.89972249999994,45.490231400000027],[-122.89961059999996,45.490233000000046],[-122.89955269999996,45.490236700000025],[-122.89950159999995,45.49024200000008],[-122.89944059999999,45.490249800000072],[-122.89941119999997,45.490643100000057],[-122.89946879999997,45.490644900000063],[-122.89946669999995,45.490678800000069],[-122.89946539999994,45.490701100000081],[-122.89952279999994,45.490704500000049],[-122.89993829999997,45.490734300000042],[-122.89995289999996,45.490632900000037],[-122.89996329999997,45.490565200000049],[-122.89996749999995,45.490536200000065],[-122.89997079999995,45.490509200000076],[-122.90000819999995,45.490262400000063]]]},"properties":{"OBJECTID1":169,"OBJECTID":668,"osm_id":"1138604868","code":2206,"fclass":"dog_park","name":"Dog Park","SHAPE_Length":0.0020297639363083828,"SHAPE_Area":2.5886540998694575e-07}},{"type":"Feature","id":170,"geometry":{"type":"Polygon","coordinates":[[[-122.57093239999995,45.312852100000043],[-122.57057069999996,45.312850800000035],[-122.57056899999998,45.313006900000062],[-122.5706611,45.313001600000064],[-122.57070809999999,45.312960600000054],[-122.57093189999995,45.312915100000055],[-122.57093239999995,45.312852100000043]]]},"properties":{"OBJECTID1":170,"OBJECTID":666,"osm_id":"1123555794","code":2206,"fclass":"dog_park","name":"Dog Park","SHAPE_Length":0.00096381420480128478,"SHAPE_Area":3.9387245005980624e-08}},{"type":"Feature","id":171,"geometry":{"type":"Polygon","coordinates":[[[-122.42947189999995,45.496213900000043],[-122.42938579999998,45.496071100000052],[-122.42936599999996,45.496019600000068],[-122.42933689999995,45.495965000000069],[-122.42930189999998,45.495907800000055],[-122.42925769999999,45.495869500000026],[-122.42914239999999,45.495925800000066],[-122.42938459999999,45.496315100000061],[-122.42945909999997,45.496293800000046],[-122.42942419999997,45.49623020000007],[-122.42947189999995,45.496213900000043]]]},"properties":{"OBJECTID1":171,"OBJECTID":714,"osm_id":"1500997545","code":2206,"fclass":"dog_park","name":"Dog Park","SHAPE_Length":0.0011965811935575371,"SHAPE_Area":5.9308014993739856e-08}},{"type":"Feature","id":172,"geometry":{"type":"Polygon","coordinates":[[[-122.41000949999994,45.487153000000035],[-122.40994289999998,45.487065700000073],[-122.40979359999994,45.487017200000025],[-122.40925429999999,45.487007700000049],[-122.40916289999996,45.487042300000041],[-122.40916289999996,45.487310500000035],[-122.40967789999996,45.487306100000069],[-122.41000579999996,45.487306200000035],[-122.41000949999994,45.487153000000035]]]},"properties":{"OBJECTID1":172,"OBJECTID":719,"osm_id":"1511187005","code":2206,"fclass":"dog_park","name":"Dog Park","SHAPE_Length":0.002168260734005533,"SHAPE_Area":2.3754012500865077e-07}},{"type":"Feature","id":173,"geometry":{"type":"Polygon","coordinates":[[[-122.64697719999998,45.55930660000007],[-122.64688919999998,45.55930630000006],[-122.64688819999998,45.559443300000055],[-122.64697619999998,45.559443600000066],[-122.64697719999998,45.55930660000007]]]},"properties":{"OBJECTID1":173,"OBJECTID":335,"osm_id":"412054636","code":2129,"fclass":"veterinary","name":"Alberta Veterinary Care","SHAPE_Length":0.00045000832189791501,"SHAPE_Area":1.2056300000296425e-08}},{"type":"Feature","id":174,"geometry":{"type":"Polygon","coordinates":[[[-122.69459569999998,45.573487100000079],[-122.69458699999996,45.572953000000041],[-122.69452789999997,45.572890500000028],[-122.69448589999996,45.572857500000055],[-122.69444019999997,45.572824300000036],[-122.69439499999999,45.572803100000044],[-122.69434979999994,45.572788600000081],[-122.69427689999998,45.572770800000058],[-122.69418059999998,45.572756800000036],[-122.69387899999998,45.572797600000058],[-122.69389109999997,45.57305370000006],[-122.69389049999995,45.573372300000074],[-122.69388979999997,45.573481900000047],[-122.69440259999999,45.573484600000029],[-122.69459569999998,45.573487100000079]]]},"properties":{"OBJECTID1":174,"OBJECTID":541,"osm_id":"272505205","code":2206,"fclass":"dog_park","name":"Arbor Lodge Park Off Leash Area","SHAPE_Length":0.0026946951799603608,"SHAPE_Area":4.792255899949524e-07}},{"type":"Feature","id":175,"geometry":{"type":"Polygon","coordinates":[[[-122.64302019999997,45.388825900000029],[-122.64299079999995,45.388799100000028],[-122.64299989999995,45.388794300000029],[-122.64293789999999,45.38873760000007],[-122.64293019999997,45.388741700000026],[-122.64290059999996,45.388714700000037],[-122.64250689999994,45.388927400000057],[-122.64262869999999,45.389038600000049],[-122.64278349999995,45.388955000000067],[-122.64278999999999,45.388960900000029],[-122.64287369999994,45.388915700000041],[-122.64286629999998,45.388908900000047],[-122.64302019999997,45.388825900000029]]]},"properties":{"OBJECTID1":175,"OBJECTID":264,"osm_id":"99447824","code":2129,"fclass":"veterinary","name":"MISCA","SHAPE_Length":0.0012600243544865588,"SHAPE_Area":7.091442500421947e-08}},{"type":"Feature","id":176,"geometry":{"type":"Polygon","coordinates":[[[-122.68234039999999,45.533513000000028],[-122.68224039999996,45.533482800000058],[-122.68221179999995,45.533511000000033],[-122.68217389999995,45.533538200000066],[-122.68211429999997,45.533574000000044],[-122.68206729999997,45.533598400000074],[-122.68203489999996,45.533520700000054],[-122.68199039999996,45.533532600000058],[-122.68195129999998,45.533538200000066],[-122.68190969999995,45.533541500000069],[-122.68183189999996,45.53354070000006],[-122.68183699999997,45.533593000000053],[-122.68186889999998,45.533618500000046],[-122.68191159999998,45.533650300000033],[-122.68195699999995,45.533679500000062],[-122.68202099999996,45.533712800000046],[-122.68207349999994,45.533735300000046],[-122.68215229999998,45.533763300000032],[-122.68222079999998,45.533780800000045],[-122.68229419999994,45.533656300000075],[-122.68232169999999,45.533579300000042],[-122.68234039999999,45.533513000000028]]]},"properties":{"OBJECTID1":176,"OBJECTID":545,"osm_id":"345128600","code":2206,"fclass":"dog_park","name":"Dog Park","SHAPE_Length":0.0013824132451470345,"SHAPE_Area":8.2296799997360236e-08}},{"type":"Feature","id":179,"geometry":{"type":"Polygon","coordinates":[[[-122.76805269999994,45.312811300000078],[-122.76793999999995,45.312683100000072],[-122.76774419999998,45.31263030000008],[-122.76746259999999,45.312903800000072],[-122.76750139999996,45.312965100000042],[-122.76756179999995,45.313060300000075],[-122.76805269999994,45.312811300000078]]]},"properties":{"OBJECTID1":179,"OBJECTID":567,"osm_id":"473249739","code":2206,"fclass":"dog_park","name":"Dog Park","SHAPE_Length":0.0015017762423900549,"SHAPE_Area":1.2801537998699296e-07}},{"type":"Feature","id":180,"geometry":{"type":"Polygon","coordinates":[[[-122.72276039999997,45.477110000000039],[-122.72275839999998,45.476974400000074],[-122.72254949999996,45.476973400000077],[-122.72255439999998,45.477111400000069],[-122.72276039999997,45.477110000000039]]]},"properties":{"OBJECTID1":180,"OBJECTID":278,"osm_id":"289415583","code":2129,"fclass":"veterinary","name":"Gabriel Park Veterinary Clinic","SHAPE_Length":0.00068860886448255981,"SHAPE_Area":2.8379849996291602e-08}},{"type":"Feature","id":181,"geometry":{"type":"Polygon","coordinates":[[[-122.67285829999997,45.558423900000037],[-122.67280839999995,45.558335800000066],[-122.67277839999997,45.55826170000006],[-122.67277639999998,45.55818320000003],[-122.67170439999995,45.558179900000027],[-122.67170409999994,45.558224600000074],[-122.67130989999998,45.558223400000031],[-122.67130849999995,45.558448800000065],[-122.67157629999997,45.558449600000074],[-122.67157269999996,45.559014000000047],[-122.67167439999997,45.559009500000059],[-122.67176229999995,45.558999800000038],[-122.67196189999999,45.558955000000026],[-122.67212359999996,45.558941100000027],[-122.67284849999999,45.558939400000042],[-122.67285829999997,45.558423900000037]]]},"properties":{"OBJECTID1":181,"OBJECTID":536,"osm_id":"203033389","code":2206,"fclass":"dog_park","name":"Dog Park","SHAPE_Length":0.0046258336884588171,"SHAPE_Area":1.0337055800172124e-06}},{"type":"Feature","id":182,"geometry":{"type":"Polygon","coordinates":[[[-122.40734139999995,45.493011600000045],[-122.40733739999996,45.492621000000042],[-122.40689069999996,45.49262230000005],[-122.40689259999999,45.492714000000035],[-122.40669729999996,45.492708700000037],[-122.40669919999999,45.49304090000004],[-122.40730769999999,45.493042200000048],[-122.40730389999999,45.493011700000068],[-122.40734139999995,45.493011600000045]]]},"properties":{"OBJECTID1":182,"OBJECTID":26,"osm_id":"239311969","code":2259,"fclass":"fitness_centre","name":"Planet Fitness","SHAPE_Length":0.0021333567209403229,"SHAPE_Area":2.5086633499257466e-07}},{"type":"Feature","id":183,"geometry":{"type":"Polygon","coordinates":[[[-122.72091349999999,45.471158400000036],[-122.72090829999996,45.470890300000065],[-122.72090319999995,45.470748700000058],[-122.72084069999994,45.470553100000075],[-122.72079349999996,45.47039280000007],[-122.72076989999999,45.470374900000081],[-122.72064389999997,45.470482000000061],[-122.72020099999997,45.470886700000051],[-122.72012819999998,45.47095790000003],[-122.72013749999996,45.470990900000061],[-122.72032709999996,45.471020400000043],[-122.72047569999995,45.471047000000056],[-122.72072279999998,45.471106700000064],[-122.72091349999999,45.471158400000036]]]},"properties":{"OBJECTID1":183,"OBJECTID":532,"osm_id":"146690542","code":2206,"fclass":"dog_park","name":"Dog Park","SHAPE_Length":0.0025079811813977807,"SHAPE_Area":3.2961172498502351e-07}},{"type":"Feature","id":184,"geometry":{"type":"Polygon","coordinates":[[[-122.85231849999997,45.365812100000028],[-122.85208959999994,45.365635700000041],[-122.85176899999999,45.365845800000045],[-122.85171139999994,45.365803000000028],[-122.85157399999997,45.365894600000047],[-122.85189399999996,45.366127300000073],[-122.85231849999997,45.365812100000028]]]},"properties":{"OBJECTID1":184,"OBJECTID":167,"osm_id":"969987606","code":2259,"fclass":"fitness_centre","name":"Planet Fitness","SHAPE_Length":0.0018335786447314846,"SHAPE_Area":1.678459300098396e-07}},{"type":"Feature","id":186,"geometry":{"type":"Polygon","coordinates":[[[-122.80636999999996,45.443022700000029],[-122.80636779999998,45.442872500000078],[-122.80611669999996,45.442873900000052],[-122.80611709999999,45.443023700000026],[-122.80636999999996,45.443022700000029]]]},"properties":{"OBJECTID1":186,"OBJECTID":398,"osm_id":"1021750475","code":2129,"fclass":"veterinary","name":"Sorrento Animal Hospital","SHAPE_Length":0.00080402252478924217,"SHAPE_Area":3.7801559988858223e-08}},{"type":"Feature","id":187,"geometry":{"type":"Polygon","coordinates":[[[-122.48733039999996,45.434275400000047],[-122.48731719999995,45.434258300000067],[-122.48727849999995,45.434211900000037],[-122.48723379999996,45.434164800000076],[-122.48720029999998,45.434174800000051],[-122.48716879999995,45.434185500000069],[-122.48714839999997,45.434191200000043],[-122.48712709999995,45.434191200000043],[-122.48709559999998,45.434199800000044],[-122.48715659999999,45.434415200000046],[-122.48717989999994,45.434428700000069],[-122.48719519999997,45.434441600000071],[-122.48720739999999,45.434442300000057],[-122.48722159999994,45.43443510000003],[-122.48723479999995,45.434425200000078],[-122.48725209999998,45.434400200000027],[-122.48726939999995,45.434380900000065],[-122.48729169999996,45.434350300000062],[-122.48731109999994,45.434322500000064],[-122.48733039999996,45.434287500000039],[-122.48733039999996,45.434275400000047]]]},"properties":{"OBJECTID1":187,"OBJECTID":654,"osm_id":"1073262251","code":2206,"fclass":"dog_park","name":"Dog Park","SHAPE_Length":0.00078592568928888642,"SHAPE_Area":4.0531594992789832e-08}},{"type":"Feature","id":188,"geometry":{"type":"Polygon","coordinates":[[[-122.82811639999994,45.475565900000049],[-122.82805669999999,45.475536800000043],[-122.82785849999999,45.475745500000073],[-122.82786979999997,45.475781300000051],[-122.82797699999998,45.475829600000054],[-122.82811209999994,45.475650700000074],[-122.82811639999994,45.475565900000049]]]},"properties":{"OBJECTID1":188,"OBJECTID":310,"osm_id":"352704296","code":2129,"fclass":"veterinary","name":"Canyon Pet Hospital","SHAPE_Length":0.00081844196455223457,"SHAPE_Area":3.7589089991490881e-08}},{"type":"Feature","id":190,"geometry":{"type":"Polygon","coordinates":[[[-122.57390319999996,45.429413600000032],[-122.57380569999998,45.429413100000033],[-122.57380619999998,45.429371700000047],[-122.57314959999997,45.429368200000056],[-122.57314869999999,45.429451700000072],[-122.57310339999998,45.429451400000062],[-122.57308909999995,45.429515800000047],[-122.57296389999999,45.429515200000026],[-122.57296409999998,45.429495600000052],[-122.57284169999997,45.429495000000031],[-122.57284149999998,45.429514500000039],[-122.57278459999998,45.429514200000028],[-122.57278259999998,45.429695200000026],[-122.57283949999999,45.429695500000037],[-122.57283929999994,45.429715000000044],[-122.57296169999995,45.429715700000031],[-122.57296189999994,45.42969620000008],[-122.57302389999995,45.429696500000034],[-122.57302409999994,45.42967850000008],[-122.57313609999994,45.429679100000044],[-122.57313589999995,45.429694500000039],[-122.57350879999996,45.429696500000034],[-122.57350889999998,45.429688500000054],[-122.57380269999999,45.429690000000051],[-122.57380319999999,45.42965090000007],[-122.57390059999994,45.429651400000068],[-122.57390319999996,45.429413600000032]]]},"properties":{"OBJECTID1":190,"OBJECTID":73,"osm_id":"417139929","code":2259,"fclass":"fitness_centre","name":"24 Hour Fitness","SHAPE_Length":0.0029896429176826987,"SHAPE_Area":3.0699306999517127e-07}},{"type":"Feature","id":191,"geometry":{"type":"Polygon","coordinates":[[[-122.75516279999999,45.51516300000003],[-122.75484869999997,45.515117200000077],[-122.75479999999999,45.515281300000026],[-122.75511399999999,45.515327100000036],[-122.75516279999999,45.51516300000003]]]},"properties":{"OBJECTID1":191,"OBJECTID":366,"osm_id":"550744527","code":2129,"fclass":"veterinary","name":"Banfield Pet Hospital","SHAPE_Length":0.00097712043078713876,"SHAPE_Area":5.3768354994047899e-08}},{"type":"Feature","id":192,"geometry":{"type":"Polygon","coordinates":[[[-122.75854269999996,45.383167400000048],[-122.75853949999998,45.383006900000055],[-122.75842199999994,45.38300810000004],[-122.75842209999996,45.383014200000048],[-122.75842519999998,45.383168600000033],[-122.75854269999996,45.383167400000048]]]},"properties":{"OBJECTID1":192,"OBJECTID":363,"osm_id":"522615603","code":2129,"fclass":"veterinary","name":"Banfield Pet Hospital","SHAPE_Length":0.00055607608910662504,"SHAPE_Area":1.886432499999115e-08}},{"type":"Feature","id":193,"geometry":{"type":"Polygon","coordinates":[[[-122.57924599999996,45.547034000000053],[-122.57896799999997,45.547032000000058],[-122.57896499999998,45.547312000000034],[-122.57909999999998,45.547313000000031],[-122.57910199999998,45.547143000000062],[-122.57924399999996,45.54714400000006],[-122.57924599999996,45.547034000000053]]]},"properties":{"OBJECTID1":193,"OBJECTID":389,"osm_id":"855294614","code":2129,"fclass":"veterinary","name":"Portland Veterinary Wellness Center","SHAPE_Length":0.0011150604343825939,"SHAPE_Area":5.3508499995494187e-08}},{"type":"Feature","id":194,"geometry":{"type":"Polygon","coordinates":[[[-122.76080689999998,45.425365300000067],[-122.76012419999995,45.424827200000038],[-122.76002809999994,45.424946800000043],[-122.76012879999996,45.425204700000052],[-122.76035479999996,45.425339000000065],[-122.76033579999995,45.425356000000079],[-122.76013219999999,45.425252400000034],[-122.75978469999995,45.425342600000079],[-122.75932919999997,45.425902500000063],[-122.75934459999996,45.425922200000059],[-122.76008119999995,45.42621390000005],[-122.76080689999998,45.425365300000067]]]},"properties":{"OBJECTID1":194,"OBJECTID":534,"osm_id":"149066507","code":2206,"fclass":"dog_park","name":"Potso Dog Park","SHAPE_Length":0.0048310309026469789,"SHAPE_Area":9.3251369500475798e-07}},{"type":"Feature","id":195,"geometry":{"type":"Polygon","coordinates":[[[-122.64901109999994,45.476849700000059],[-122.64899699999995,45.476720400000033],[-122.64885629999998,45.476727100000062],[-122.64879389999999,45.476761100000033],[-122.64871869999996,45.476765700000044],[-122.64872919999999,45.476853800000072],[-122.64886169999994,45.476846700000067],[-122.64886289999998,45.476857600000073],[-122.64901109999994,45.476849700000059]]]},"properties":{"OBJECTID1":195,"OBJECTID":322,"osm_id":"367897399","code":2129,"fclass":"veterinary","name":"Powell Veterinary","SHAPE_Length":0.00079811803829510776,"SHAPE_Area":3.1953660002377331e-08}},{"type":"Feature","id":196,"geometry":{"type":"Polygon","coordinates":[[[-122.80984669999998,45.436360300000047],[-122.80895799999996,45.436356300000057],[-122.8089761,45.436710800000071],[-122.80981169999995,45.436740100000065],[-122.80984669999998,45.436360300000047]]]},"properties":{"OBJECTID1":196,"OBJECTID":569,"osm_id":"479748565","code":2206,"fclass":"dog_park","name":"Summerlake Dog Park","SHAPE_Length":0.0024611935948939448,"SHAPE_Area":3.1667906501017127e-07}},{"type":"Feature","id":197,"geometry":{"type":"Polygon","coordinates":[[[-122.80556989999997,45.502470800000026],[-122.80546559999999,45.502341900000033],[-122.80523529999999,45.502433400000029],[-122.80535509999999,45.502581600000042],[-122.80550969999996,45.502520200000049],[-122.80549399999995,45.50250090000003],[-122.80556989999997,45.502470800000026]]]},"properties":{"OBJECTID1":197,"OBJECTID":289,"osm_id":"312298589","code":2129,"fclass":"veterinary","name":"Southwest Animal Hospital","SHAPE_Length":0.00087706531615031665,"SHAPE_Area":4.3169919998365163e-08}},{"type":"Feature","id":198,"geometry":{"type":"Polygon","coordinates":[[[-122.59935069999995,45.448097000000075],[-122.59916989999999,45.448096400000054],[-122.59916899999996,45.448222100000066],[-122.59922529999994,45.448222300000054],[-122.59922519999998,45.448240000000055],[-122.59934969999995,45.448240400000032],[-122.59935069999995,45.448097000000075]]]},"properties":{"OBJECTID1":198,"OBJECTID":329,"osm_id":"370262316","code":2129,"fclass":"veterinary","name":"Linwood Animal Clinic","SHAPE_Length":0.00064840898436205113,"SHAPE_Area":2.4933659993091997e-08}},{"type":"Feature","id":200,"geometry":{"type":"Polygon","coordinates":[[[-122.83782849999994,45.527653400000077],[-122.83739029999998,45.527229600000055],[-122.83687059999994,45.527495100000067],[-122.83730879999996,45.527918900000031],[-122.83782849999994,45.527653400000077]]]},"properties":{"OBJECTID1":200,"OBJECTID":41,"osm_id":"324118998","code":2259,"fclass":"fitness_centre","name":"24 Hour Fitness","SHAPE_Length":0.0023864039807223918,"SHAPE_Area":3.365909599918334e-07}},{"type":"Feature","id":202,"geometry":{"type":"Polygon","coordinates":[[[-122.53447059999996,45.504475100000036],[-122.53425259999995,45.50447500000007],[-122.53425249999998,45.504690800000049],[-122.53447039999998,45.504690800000049],[-122.53447059999996,45.504475100000036]]]},"properties":{"OBJECTID1":202,"OBJECTID":352,"osm_id":"498962535","code":2129,"fclass":"veterinary","name":"Town & Country Animal Hospital","SHAPE_Length":0.00086740013883087003,"SHAPE_Area":4.7022720000436997e-08}},{"type":"Feature","id":204,"geometry":{"type":"Polygon","coordinates":[[[-122.39910509999999,45.516532600000062],[-122.39863429999997,45.516530200000034],[-122.39862589999996,45.517318400000079],[-122.39909669999997,45.51732080000005],[-122.39910509999999,45.516532600000062]]]},"properties":{"OBJECTID1":204,"OBJECTID":483,"osm_id":"368848197","code":2203,"fclass":"cinema","name":"Regal Stark Street Stadium 10","SHAPE_Length":0.0025181017523658259,"SHAPE_Area":3.7110472002076978e-07}},{"type":"Feature","id":205,"geometry":{"type":"Polygon","coordinates":[[[-122.64964839999999,45.477764100000059],[-122.64964669999995,45.477546200000063],[-122.64952599999998,45.477546600000039],[-122.64952629999999,45.477592500000071],[-122.64949939999997,45.477592600000037],[-122.64950079999994,45.477764100000059],[-122.64950599999997,45.477764000000036],[-122.64950609999994,45.477772900000048],[-122.64953309999999,45.477772800000025],[-122.64953299999996,45.477764500000035],[-122.64964839999999,45.477764100000059]]]},"properties":{"OBJECTID1":205,"OBJECTID":323,"osm_id":"367897873","code":2129,"fclass":"veterinary","name":"Banfield Pet Hospital","SHAPE_Length":0.00074771717881336815,"SHAPE_Area":3.1156935000809858e-08}},{"type":"Feature","id":206,"geometry":{"type":"Polygon","coordinates":[[[-122.73441989999998,45.402004200000079],[-122.73432329999997,45.401926100000026],[-122.73430339999999,45.401938200000075],[-122.73428359999997,45.401922200000058],[-122.73429979999997,45.401912300000049],[-122.73426889999996,45.401887300000055],[-122.73425209999999,45.401897600000041],[-122.73423569999994,45.401884300000063],[-122.73400069999997,45.402027600000054],[-122.73418939999999,45.402180200000032],[-122.73435109999997,45.40214780000008],[-122.73437909999996,45.402122900000052],[-122.73433719999997,45.402099500000077],[-122.73437129999996,45.402069100000062],[-122.73434089999995,45.402052400000059],[-122.73441989999998,45.402004200000079]]]},"properties":{"OBJECTID1":206,"OBJECTID":309,"osm_id":"350706038","code":2129,"fclass":"veterinary","name":"Lake Grove Veterinary Clinic","SHAPE_Length":0.0012137364309451515,"SHAPE_Area":7.0320184999150035e-08}},{"type":"Feature","id":207,"geometry":{"type":"Polygon","coordinates":[[[-122.69150149999996,45.533206600000028],[-122.69149459999994,45.533076000000051],[-122.69146599999999,45.533076700000038],[-122.69145879999996,45.532940200000041],[-122.69148729999995,45.532939400000032],[-122.69148289999998,45.532855500000039],[-122.69113959999999,45.532864400000051],[-122.69114079999997,45.532887800000026],[-122.69110439999997,45.532888700000058],[-122.69112339999998,45.53324630000003],[-122.69144529999994,45.53323800000004],[-122.69144369999998,45.533208100000081],[-122.69150149999996,45.533206600000028]]]},"properties":{"OBJECTID1":207,"OBJECTID":272,"osm_id":"204613578","code":2129,"fclass":"veterinary","name":"Dove Lewis Animal Hospital","SHAPE_Length":0.0015797378370272976,"SHAPE_Area":1.3837281999240717e-07}},{"type":"Feature","id":209,"geometry":{"type":"Polygon","coordinates":[[[-122.87710069999997,45.472216800000069],[-122.87666669999999,45.472192700000051],[-122.87636919999994,45.472176200000035],[-122.87593099999998,45.472151800000063],[-122.87590039999998,45.472974000000079],[-122.87631999999996,45.472998300000029],[-122.87633739999995,45.472999100000038],[-122.87661699999995,45.47301310000006],[-122.87663399999997,45.473013900000069],[-122.87665299999998,45.473014900000067],[-122.87707019999999,45.473037500000032],[-122.87707059999997,45.47302760000008],[-122.87710069999997,45.472216800000069]]]},"properties":{"OBJECTID1":209,"OBJECTID":617,"osm_id":"837645388","code":2206,"fclass":"dog_park","name":"Hazeldale Dog Park","SHAPE_Length":0.00398706895515744,"SHAPE_Area":9.6342154499187979e-07}},{"type":"Feature","id":210,"geometry":{"type":"Polygon","coordinates":[[[-122.92361309999995,45.565100500000028],[-122.92346189999995,45.565099900000064],[-122.92346139999995,45.565154100000029],[-122.92361259999996,45.565154700000051],[-122.92361309999995,45.565100500000028]]]},"properties":{"OBJECTID1":210,"OBJECTID":603,"osm_id":"723283998","code":2206,"fclass":"dog_park","name":"Dog Park","SHAPE_Length":0.00041080699338830277,"SHAPE_Area":8.1953399993327456e-09}},{"type":"Feature","id":211,"geometry":{"type":"Polygon","coordinates":[[[-122.60697529999999,45.531593200000032],[-122.60674189999997,45.531027600000073],[-122.60655149999997,45.531216400000062],[-122.60634769999996,45.531345200000032],[-122.60618139999997,45.531414700000028],[-122.60596949999996,45.531460700000025],[-122.60576159999999,45.531465400000059],[-122.60545449999995,45.531440000000032],[-122.60545179999997,45.531992400000036],[-122.60569319999996,45.532008400000052],[-122.60591849999997,45.531999000000042],[-122.60617329999997,45.531964300000027],[-122.60647909999994,45.531906000000049],[-122.60659839999994,45.531863700000031],[-122.60684249999997,45.531695600000035],[-122.60697529999999,45.531593200000032]]]},"properties":{"OBJECTID1":211,"OBJECTID":577,"osm_id":"507824616","code":2206,"fclass":"dog_park","name":"Normandale Park Off-Leash Area","SHAPE_Length":0.0042132134353986429,"SHAPE_Area":8.3911143000073575e-07}},{"type":"Feature","id":212,"geometry":{"type":"Polygon","coordinates":[[[-122.62666529999996,45.553042900000037],[-122.62644799999998,45.552821300000062],[-122.62620929999997,45.552629700000068],[-122.62594109999998,45.552426900000057],[-122.62584189999995,45.552466300000049],[-122.62576939999997,45.552682300000072],[-122.62576409999997,45.552896400000066],[-122.62580159999999,45.55336600000004],[-122.62589819999999,45.553426100000081],[-122.62642929999998,45.553422300000079],[-122.62666529999996,45.553042900000037]]]},"properties":{"OBJECTID1":212,"OBJECTID":543,"osm_id":"281372468","code":2206,"fclass":"dog_park","name":"Wishire Off Leash Dog Park","SHAPE_Length":0.0030642278377012123,"SHAPE_Area":6.17029385010023e-07}},{"type":"Feature","id":213,"geometry":{"type":"Polygon","coordinates":[[[-122.57430669999997,45.43709240000004],[-122.57428589999995,45.437092100000029],[-122.57429399999995,45.436752200000058],[-122.57425029999996,45.436751700000059],[-122.57425379999995,45.436608400000068],[-122.57308309999996,45.436594700000057],[-122.57307679999997,45.436857300000042],[-122.57321149999996,45.436858900000061],[-122.57320719999996,45.437041100000044],[-122.57319049999995,45.437040900000056],[-122.57318949999996,45.43708520000007],[-122.57320459999994,45.437085400000058],[-122.57319979999994,45.43728770000007],[-122.57397669999995,45.43729680000007],[-122.57397639999999,45.437308700000074],[-122.57403959999999,45.437309400000061],[-122.57404039999994,45.437276000000054],[-122.57428639999995,45.437278900000081],[-122.57428989999994,45.437132100000042],[-122.57430579999999,45.43713230000003],[-122.57430669999997,45.43709240000004]]]},"properties":{"OBJECTID1":213,"OBJECTID":511,"osm_id":"735206018","code":2203,"fclass":"cinema","name":"Clackamas Town Center and XD","SHAPE_Length":0.0039108717068169555,"SHAPE_Area":7.7400746500439049e-07}},{"type":"Feature","id":214,"geometry":{"type":"Polygon","coordinates":[[[-122.83264499999996,45.368508400000053],[-122.83264469999995,45.36846330000003],[-122.83256879999999,45.368464700000061],[-122.83256979999999,45.368480800000043],[-122.83249689999997,45.36848260000005],[-122.83249499999999,45.368457300000046],[-122.83246129999998,45.368457400000068],[-122.83246189999994,45.368443500000069],[-122.83236449999998,45.36844560000003],[-122.83236339999996,45.368467600000031],[-122.83227959999999,45.368468700000051],[-122.83228059999999,45.368516500000055],[-122.83220629999994,45.368518400000028],[-122.83220929999999,45.368574600000045],[-122.83219739999998,45.36857370000007],[-122.83219829999996,45.368637700000079],[-122.83235009999999,45.368635100000063],[-122.83235059999998,45.368680300000051],[-122.83249459999996,45.368679400000076],[-122.83249309999997,45.368635500000039],[-122.83262339999999,45.368635600000061],[-122.83262129999997,45.368598500000076],[-122.83263579999999,45.368598200000065],[-122.83263499999998,45.368549900000062],[-122.83264059999999,45.368550000000027],[-122.83263909999999,45.368508400000053],[-122.83264499999996,45.368508400000053]]]},"properties":{"OBJECTID1":214,"OBJECTID":430,"osm_id":"1434655105","code":2129,"fclass":"veterinary","name":"Sherwood Family Pet Clinic","SHAPE_Length":0.0014090144438563381,"SHAPE_Area":7.7189315006485197e-08}},{"type":"Feature","id":215,"geometry":{"type":"Polygon","coordinates":[[[-122.61933159999995,45.400414200000057],[-122.61927769999994,45.400341400000059],[-122.61904089999996,45.400460900000041],[-122.61910649999999,45.400509900000031],[-122.61923079999997,45.40045710000004],[-122.61925949999994,45.400390000000073],[-122.61928819999997,45.400432600000045],[-122.61933159999995,45.400414200000057]]]},"properties":{"OBJECTID1":215,"OBJECTID":332,"osm_id":"397904036","code":2129,"fclass":"veterinary","name":"Milwaukie Animal Clinic","SHAPE_Length":0.00074424080366370608,"SHAPE_Area":1.8921304997684916e-08}},{"type":"Feature","id":216,"geometry":{"type":"Polygon","coordinates":[[[-122.75745519999998,45.48458050000005],[-122.75741979999998,45.484579800000063],[-122.75742359999998,45.484487300000069],[-122.75735029999998,45.484485800000073],[-122.75723259999995,45.484483500000067],[-122.75718889999996,45.484482600000035],[-122.75718789999996,45.484508800000071],[-122.75717039999995,45.484508500000061],[-122.75716749999998,45.48458080000006],[-122.75718699999999,45.484581200000036],[-122.75718559999996,45.484616000000074],[-122.75716749999998,45.484615700000063],[-122.75716369999998,45.484709700000053],[-122.75717979999996,45.484710000000064],[-122.75717809999998,45.484752200000059],[-122.75741269999997,45.484756900000036],[-122.75741739999995,45.484641800000077],[-122.75745269999999,45.484642500000064],[-122.75745519999998,45.48458050000005]]]},"properties":{"OBJECTID1":216,"OBJECTID":337,"osm_id":"415634519","code":2129,"fclass":"veterinary","name":"Raleigh Hills Animal Hospital","SHAPE_Length":0.0011508606655600093,"SHAPE_Area":6.8209964996367266e-08}},{"type":"Feature","id":217,"geometry":{"type":"Polygon","coordinates":[[[-122.62569379999996,45.511952600000029],[-122.62569189999999,45.511889000000053],[-122.62568719999996,45.51188250000007],[-122.62567689999997,45.511877200000072],[-122.62565289999998,45.511876600000051],[-122.62565339999998,45.511811600000044],[-122.62559129999994,45.511811400000056],[-122.62559189999996,45.511725900000044],[-122.62565389999997,45.511726100000033],[-122.62565429999995,45.511675100000048],[-122.62558469999999,45.51167490000006],[-122.62558539999998,45.511577500000044],[-122.62529219999999,45.511576600000069],[-122.62525499999998,45.511576400000081],[-122.62525449999998,45.511645500000043],[-122.62528739999999,45.511645600000065],[-122.62528659999998,45.51175870000003],[-122.62525789999995,45.511758600000064],[-122.62525659999994,45.511951400000044],[-122.62529339999998,45.511951600000032],[-122.62529379999995,45.511896900000067],[-122.62558919999998,45.511897900000065],[-122.62558869999998,45.511963200000025],[-122.62564329999998,45.511982400000079],[-122.62566479999998,45.511982100000068],[-122.62567789999997,45.511976200000049],[-122.62568679999998,45.511968300000035],[-122.62569189999999,45.511960800000054],[-122.62569379999996,45.511952600000029]]]},"properties":{"OBJECTID1":217,"OBJECTID":481,"osm_id":"368252726","code":2203,"fclass":"cinema","name":"Bagdad","SHAPE_Length":0.0019422008950597013,"SHAPE_Area":1.2253052000203379e-07}},{"type":"Feature","id":219,"geometry":{"type":"Polygon","coordinates":[[[-122.62527209999996,45.442234800000051],[-122.62526679999996,45.442023900000038],[-122.62525979999998,45.441742500000032],[-122.62468189999998,45.441749600000037],[-122.62468899999999,45.442031000000043],[-122.62463929999996,45.442031600000064],[-122.62464459999995,45.442242500000077],[-122.62475319999999,45.442241200000069],[-122.62527209999996,45.442234800000051]]]},"properties":{"OBJECTID1":219,"OBJECTID":39,"osm_id":"319800944","code":2259,"fclass":"fitness_centre","name":"Planet Fitness","SHAPE_Length":0.0022401042590456124,"SHAPE_Area":2.9504474501391499e-07}},{"type":"Feature","id":220,"geometry":{"type":"Polygon","coordinates":[[[-122.68426729999999,45.528564600000038],[-122.68424879999998,45.527990200000033],[-122.68341789999999,45.52800330000008],[-122.68343639999995,45.528577700000028],[-122.68426729999999,45.528564600000038]]]},"properties":{"OBJECTID1":220,"OBJECTID":191,"osm_id":"1224909604","code":2259,"fclass":"fitness_centre","name":"24 Hour Fitness","SHAPE_Length":0.0028114022069211527,"SHAPE_Area":4.7751130998696843e-07}},{"type":"Feature","id":221,"geometry":{"type":"Polygon","coordinates":[[[-122.74267639999999,45.384111000000075],[-122.74254569999999,45.38407710000007],[-122.74243389999998,45.384285000000034],[-122.74244569999996,45.384288200000071],[-122.74255899999997,45.384318200000052],[-122.74267639999999,45.384111000000075]]]},"properties":{"OBJECTID1":221,"OBJECTID":553,"osm_id":"431480365","code":2206,"fclass":"dog_park","name":"Dog Park","SHAPE_Length":0.00073865810341245471,"SHAPE_Area":3.0394754999756319e-08}},{"type":"Feature","id":222,"geometry":{"type":"Polygon","coordinates":[[[-122.63527129999994,45.53030270000005],[-122.63527039999997,45.530151900000078],[-122.63522789999996,45.53014120000006],[-122.63492519999994,45.530260400000031],[-122.63503409999998,45.530396100000075],[-122.63527129999994,45.53030270000005]]]},"properties":{"OBJECTID1":222,"OBJECTID":346,"osm_id":"480969134","code":2129,"fclass":"veterinary","name":"VCA Laurelhurst Animal Hospital","SHAPE_Length":0.00094887293389202872,"SHAPE_Area":5.1409000004222652e-08}},{"type":"Feature","id":223,"geometry":{"type":"Polygon","coordinates":[[[-122.87234579999995,45.539112200000034],[-122.87216999999998,45.539037200000053],[-122.87217519999996,45.539032600000041],[-122.87204739999999,45.538982900000065],[-122.87205769999997,45.538966900000048],[-122.87188789999999,45.538896000000079],[-122.87190929999997,45.538873800000033],[-122.87170249999997,45.538788400000044],[-122.87168329999997,45.538812700000051],[-122.87151339999997,45.538740800000028],[-122.87150159999999,45.538753200000031],[-122.87137899999999,45.53870100000006],[-122.87137229999996,45.538707700000032],[-122.87119949999999,45.538632200000052],[-122.87103259999998,45.538831300000027],[-122.87100229999999,45.538819400000079],[-122.87090189999998,45.538941000000079],[-122.87094469999994,45.538961700000073],[-122.87093659999999,45.538975200000039],[-122.87089969999994,45.538961200000074],[-122.87081589999997,45.539061100000026],[-122.87100699999996,45.539144500000077],[-122.87101959999995,45.539130600000078],[-122.87107549999996,45.539153300000066],[-122.87115849999998,45.539052300000037],[-122.87136039999996,45.539133100000072],[-122.87137849999999,45.539117900000065],[-122.87140729999999,45.539135600000066],[-122.87137849999999,45.53916090000007],[-122.87148369999994,45.539220900000032],[-122.87160389999997,45.539256900000055],[-122.87162009999997,45.539226600000063],[-122.87166159999998,45.539235400000052],[-122.87164709999996,45.539255600000047],[-122.87184729999996,45.539336400000025],[-122.87175349999995,45.53944000000007],[-122.87181299999997,45.539460200000065],[-122.87180589999997,45.539475200000027],[-122.87199859999998,45.539554500000065],[-122.87208579999998,45.539449000000047],[-122.87204889999998,45.539435600000047],[-122.87205919999997,45.539423700000043],[-122.87210499999998,45.539440700000057],[-122.87220909999996,45.539315500000043],[-122.87218109999998,45.539304200000061],[-122.87234579999995,45.539112200000034]]]},"properties":{"OBJECTID1":223,"OBJECTID":455,"osm_id":"53049153","code":2203,"fclass":"cinema","name":"Evergreen 13","SHAPE_Length":0.0044498327244026289,"SHAPE_Area":6.0672499000798516e-07}},{"type":"Feature","id":224,"geometry":{"type":"Polygon","coordinates":[[[-122.90211219999998,45.49310440000005],[-122.90208869999998,45.493102800000031],[-122.90201649999995,45.493097700000078],[-122.90201579999996,45.493102500000077],[-122.90193919999996,45.493097200000079],[-122.90187449999996,45.493092600000068],[-122.90184909999999,45.49327100000005],[-122.90193169999998,45.493276800000046],[-122.90198349999997,45.493280500000026],[-122.90208609999996,45.493287600000031],[-122.90211219999998,45.49310440000005]]]},"properties":{"OBJECTID1":224,"OBJECTID":406,"osm_id":"1051965958","code":2129,"fclass":"veterinary","name":"Spruce Veterinary Urgent Care","SHAPE_Length":0.00084526122863683411,"SHAPE_Area":4.3168359991007272e-08}},{"type":"Feature","id":225,"geometry":{"type":"Polygon","coordinates":[[[-122.75169319999998,45.588547500000061],[-122.75156989999999,45.58850840000008],[-122.75154319999996,45.588549600000078],[-122.75152109999999,45.588542600000039],[-122.75145659999998,45.588642400000026],[-122.75162349999999,45.588695200000075],[-122.75168849999994,45.588594800000067],[-122.75166699999994,45.588588000000072],[-122.75169319999998,45.588547500000061]]]},"properties":{"OBJECTID1":225,"OBJECTID":471,"osm_id":"289786402","code":2203,"fclass":"cinema","name":"St. Johns Theater & Pub","SHAPE_Length":0.00068589950089959992,"SHAPE_Area":2.6202074995959414e-08}},{"type":"Feature","id":227,"geometry":{"type":"Polygon","coordinates":[[[-122.67696359999997,45.490459400000077],[-122.67694889999996,45.490459200000032],[-122.67695069999996,45.490371800000048],[-122.67688309999994,45.490371100000061],[-122.67688339999995,45.490357500000073],[-122.67681229999999,45.490356800000029],[-122.67680729999995,45.490592400000025],[-122.6768391,45.490592700000036],[-122.67683879999998,45.490605000000073],[-122.67687559999996,45.490605400000049],[-122.67687579999995,45.490593000000047],[-122.67694469999998,45.490593700000034],[-122.67694659999995,45.490503800000056],[-122.67696269999999,45.490503900000078],[-122.67696359999997,45.490459400000077]]]},"properties":{"OBJECTID1":227,"OBJECTID":299,"osm_id":"327627148","code":2129,"fclass":"veterinary","name":"Feral Cat Coalition of Oregon","SHAPE_Length":0.00080282522431871352,"SHAPE_Area":3.2753639996708689e-08}},{"type":"Feature","id":228,"geometry":{"type":"Polygon","coordinates":[[[-122.78607099999999,45.397392600000046],[-122.78606949999994,45.397163600000056],[-122.78606899999994,45.397077900000056],[-122.78519299999999,45.39708040000005],[-122.78516959999996,45.397080500000072],[-122.78517149999999,45.39739540000005],[-122.78607099999999,45.397392600000046]]]},"properties":{"OBJECTID1":228,"OBJECTID":661,"osm_id":"1082259929","code":2206,"fclass":"dog_park","name":"Dog Park","SHAPE_Length":0.0024285202420374686,"SHAPE_Area":2.8315964999047941e-07}},{"type":"Feature","id":230,"geometry":{"type":"Polygon","coordinates":[[[-122.84136159999997,45.367430200000058],[-122.84118439999997,45.367372900000078],[-122.84105949999997,45.367563500000074],[-122.84123669999997,45.367620800000054],[-122.84136159999997,45.367430200000058]]]},"properties":{"OBJECTID1":230,"OBJECTID":351,"osm_id":"496025781","code":2129,"fclass":"veterinary","name":"Sherwood Family Pet Clinic","SHAPE_Length":0.00082822408972734428,"SHAPE_Area":4.0931089996295481e-08}},{"type":"Feature","id":231,"geometry":{"type":"Polygon","coordinates":[[[-122.64187979999997,45.535133700000074],[-122.64171529999999,45.535153300000047],[-122.64171419999997,45.535371000000055],[-122.64187939999999,45.535371200000043],[-122.64187979999997,45.535133700000074]]]},"properties":{"OBJECTID1":231,"OBJECTID":320,"osm_id":"367678464","code":2129,"fclass":"veterinary","name":"Broadway Veterinary Clinic","SHAPE_Length":0.00078606678149682773,"SHAPE_Area":3.7512584999074137e-08}},{"type":"Feature","id":232,"geometry":{"type":"MultiPolygon","coordinates":[[[[-122.75675209999997,45.29779330000008],[-122.75652049999997,45.297796800000071],[-122.75552639999995,45.297924800000033],[-122.75564839999998,45.298623500000076],[-122.75571349999996,45.298900800000069],[-122.75609269999995,45.298864600000059],[-122.75611869999994,45.298862100000065],[-122.75631809999999,45.298844300000042],[-122.75668229999997,45.298812000000055],[-122.75672929999996,45.298807800000077],[-122.75675209999997,45.29779330000008]]],[[[-122.75591599999996,45.300937000000033],[-122.75590369999998,45.300867600000061],[-122.75587279999996,45.30078960000003],[-122.75583739999996,45.300737600000048],[-122.75582049999997,45.300689900000066],[-122.75581889999995,45.300626000000079],[-122.75582509999998,45.300565300000073],[-122.75582659999998,45.300507900000071],[-122.75584509999999,45.300440700000081],[-122.75585739999997,45.300382200000058],[-122.75588209999995,45.300324800000055],[-122.75588819999996,45.300280300000054],[-122.75586049999998,45.300265200000069],[-122.75581739999996,45.30026840000005],[-122.75575579999997,45.300282500000037],[-122.75567099999995,45.300298700000042],[-122.75557399999997,45.300331300000039],[-122.75551079999997,45.300358300000028],[-122.75546769999994,45.300395200000025],[-122.75541989999999,45.300432000000058],[-122.75535679999996,45.300459100000069],[-122.75528589999999,45.300489500000026],[-122.75524429999996,45.300524100000075],[-122.75520579999994,45.300552300000049],[-122.75513489999997,45.300584800000081],[-122.75509799999998,45.300598900000068],[-122.75509329999994,45.300722400000041],[-122.75509029999995,45.300812400000041],[-122.75513959999995,45.300825400000065],[-122.75517959999996,45.300847000000033],[-122.75520889999996,45.300866500000041],[-122.75523969999995,45.300893600000052],[-122.75527199999999,45.300926100000027],[-122.75530749999996,45.300955400000078],[-122.75534439999996,45.300982500000032],[-122.75538759999995,45.301009600000043],[-122.75541679999998,45.301020400000027],[-122.75549229999996,45.301033400000051],[-122.75554469999997,45.301035600000034],[-122.75560329999996,45.30102480000005],[-122.75564479999997,45.301013900000044],[-122.75569719999999,45.300995500000056],[-122.75574649999999,45.300986800000032],[-122.75581739999996,45.300984700000072],[-122.75591289999994,45.300993300000073],[-122.75591599999996,45.300937000000033]]]]},"properties":{"OBJECTID1":232,"OBJECTID":620,"osm_id":"12507543","code":2206,"fclass":"dog_park","name":"Memorial Dog Park","SHAPE_Length":0.0069939610033848843,"SHAPE_Area":1.5751597500066768e-06}},{"type":"Feature","id":233,"geometry":{"type":"Polygon","coordinates":[[[-122.52236729999998,45.449657800000068],[-122.52228789999998,45.449501400000031],[-122.52204859999995,45.449520200000052],[-122.52187809999998,45.449535800000035],[-122.52160959999998,45.449543200000051],[-122.52144849999996,45.449545600000079],[-122.52133989999999,45.449548100000072],[-122.52135389999995,45.449711100000059],[-122.52236729999998,45.449657800000068]]]},"properties":{"OBJECTID1":233,"OBJECTID":607,"osm_id":"728149896","code":2206,"fclass":"dog_park","name":"Dog Park","SHAPE_Length":0.0023033994048649049,"SHAPE_Area":1.5221085001599039e-07}},{"type":"Feature","id":235,"geometry":{"type":"Polygon","coordinates":[[[-122.62576099999995,45.479860700000074],[-122.62525679999999,45.479854600000067],[-122.62517089999994,45.480179600000042],[-122.62550139999996,45.480202200000065],[-122.62569229999997,45.480331600000056],[-122.62576099999995,45.479860700000074]]]},"properties":{"OBJECTID1":235,"OBJECTID":686,"osm_id":"1228976952","code":2206,"fclass":"dog_park","name":"Off Leash Dog Park","SHAPE_Length":0.0018781775014938636,"SHAPE_Area":1.9095314499178955e-07}},{"type":"Feature","id":236,"geometry":{"type":"Polygon","coordinates":[[[-122.92019139999996,45.499680400000045],[-122.92012689999996,45.499678800000027],[-122.92012769999997,45.499663500000054],[-122.92000579999996,45.499660500000061],[-122.92000499999995,45.499676200000067],[-122.91972239999996,45.499669100000062],[-122.91972309999994,45.499654000000078],[-122.91954999999996,45.499649600000055],[-122.91954259999994,45.499793600000032],[-122.91955359999997,45.499793900000043],[-122.91955149999995,45.499833900000056],[-122.91955959999996,45.499834100000044],[-122.91955149999995,45.499992000000077],[-122.91953149999995,45.499991400000056],[-122.91952479999998,45.500122400000066],[-122.91954299999998,45.500122900000065],[-122.91952939999999,45.500387800000055],[-122.91984289999999,45.50039570000007],[-122.91984839999998,45.500288100000034],[-122.92015989999999,45.500296000000048],[-122.92019139999996,45.499680400000045]]]},"properties":{"OBJECTID1":236,"OBJECTID":49,"osm_id":"353077717","code":2259,"fclass":"fitness_centre","name":"24 Hour Fitness","SHAPE_Length":0.0028339001306192484,"SHAPE_Area":4.2779796000154792e-07}},{"type":"Feature","id":237,"geometry":{"type":"Polygon","coordinates":[[[-122.83021789999998,45.438910600000042],[-122.82935239999995,45.438908100000049],[-122.82860059999996,45.439317200000062],[-122.82876559999994,45.439461300000062],[-122.82920939999997,45.439222000000029],[-122.83020689999995,45.439222000000029],[-122.83021789999998,45.438910600000042]]]},"properties":{"OBJECTID1":237,"OBJECTID":4,"osm_id":"51541595","code":2259,"fclass":"fitness_centre","name":"24 Hour Fitness","SHAPE_Length":0.0037537695706275922,"SHAPE_Area":4.3179212498340129e-07}},{"type":"Feature","id":238,"geometry":{"type":"Polygon","coordinates":[[[-122.62320689999996,45.566497600000048],[-122.62200529999996,45.566497600000048],[-122.62200529999996,45.566948300000035],[-122.6231962,45.566948300000035],[-122.62320689999996,45.566497600000048]]]},"properties":{"OBJECTID1":238,"OBJECTID":528,"osm_id":"99256833","code":2206,"fclass":"dog_park","name":"Fernhill City Dog Park","SHAPE_Length":0.0032940269956584925,"SHAPE_Area":5.3914987499456801e-07}},{"type":"Feature","id":239,"geometry":{"type":"Polygon","coordinates":[[[-122.90322559999998,45.548984300000029],[-122.90237099999996,45.548969700000043],[-122.90236609999999,45.549109600000065],[-122.90237779999995,45.549109800000053],[-122.90236779999998,45.549400400000081],[-122.90235609999996,45.549400200000036],[-122.90235269999999,45.54949890000006],[-122.90267289999997,45.549504400000046],[-122.90267689999996,45.549515800000052],[-122.90268349999997,45.549526700000058],[-122.90269249999994,45.549536700000033],[-122.9027036,45.549545600000044],[-122.90271659999996,45.549553100000026],[-122.90274679999999,45.549563300000045],[-122.90277999999995,45.54956640000006],[-122.90279739999994,45.54956500000003],[-122.90281419999997,45.549561600000061],[-122.90282999999999,45.549556300000063],[-122.90284429999997,45.549549300000081],[-122.9028568,45.549540600000057],[-122.90286709999998,45.549530700000048],[-122.90287479999995,45.549519700000076],[-122.90287989999996,45.549507900000037],[-122.90320729999996,45.549513500000046],[-122.90321149999994,45.549392800000078],[-122.90320369999995,45.549392700000055],[-122.90321339999997,45.549110300000052],[-122.90322119999996,45.549110400000075],[-122.90322559999998,45.548984300000029]]]},"properties":{"OBJECTID1":239,"OBJECTID":43,"osm_id":"328702624","code":2259,"fclass":"fitness_centre","name":"LA Fitness","SHAPE_Length":0.0028561723867661084,"SHAPE_Area":4.5622342000463677e-07}},{"type":"Feature","id":240,"geometry":{"type":"Polygon","coordinates":[[[-122.75589019999995,45.590602500000045],[-122.75578169999994,45.590492200000028],[-122.75568629999998,45.59053810000006],[-122.75562489999999,45.590475800000036],[-122.75542609999997,45.590571500000067],[-122.75555049999997,45.590698000000032],[-122.75570509999994,45.590623600000072],[-122.75575059999994,45.590669800000057],[-122.75589019999995,45.590602500000045]]]},"properties":{"OBJECTID1":240,"OBJECTID":456,"osm_id":"64765254","code":2203,"fclass":"cinema","name":"Saint Johns Cinema","SHAPE_Length":0.001137503884012565,"SHAPE_Area":5.559283500017663e-08}},{"type":"Feature","id":243,"geometry":{"type":"Polygon","coordinates":[[[-122.99522229999997,45.520547900000054],[-122.99519279999998,45.520548200000064],[-122.99517579999997,45.520536500000048],[-122.99517619999995,45.520514300000059],[-122.99489629999999,45.520511700000043],[-122.99489629999999,45.520533700000044],[-122.99487959999999,45.520544600000051],[-122.99484959999995,45.520544400000063],[-122.99484839999997,45.520623000000057],[-122.99473199999994,45.520622100000026],[-122.99473319999998,45.520543500000031],[-122.99470409999998,45.520543300000043],[-122.99468629999996,45.520532100000025],[-122.99468629999996,45.520507800000075],[-122.99440719999996,45.520507800000075],[-122.99440719999996,45.520528700000057],[-122.99438939999999,45.520539600000063],[-122.99435869999996,45.520539400000075],[-122.99435799999998,45.520619500000066],[-122.99424309999995,45.520619000000067],[-122.99424379999999,45.520538900000076],[-122.99421349999994,45.520538800000054],[-122.99419579999994,45.520525000000077],[-122.99419579999994,45.520502500000077],[-122.99391809999997,45.520502500000077],[-122.99391809999997,45.520523100000048],[-122.99389979999995,45.52053600000005],[-122.99387189999999,45.520535600000073],[-122.99386969999995,45.520615200000066],[-122.99375209999999,45.520613600000047],[-122.99375429999998,45.520534000000055],[-122.99372409999995,45.520533600000078],[-122.99370609999994,45.520521700000074],[-122.99370799999997,45.520499800000039],[-122.99342899999999,45.520497500000033],[-122.99342899999999,45.520518700000025],[-122.99341199999998,45.520531000000062],[-122.99337969999999,45.52053120000005],[-122.99337849999995,45.520621600000027],[-122.99327489999996,45.520620800000074],[-122.99327549999998,45.520570700000064],[-122.99322459999996,45.520570300000031],[-122.99322549999999,45.520502500000077],[-122.99303869999994,45.520501100000047],[-122.99303769999995,45.520570300000031],[-122.99298169999997,45.520569900000055],[-122.99297819999998,45.520808700000032],[-122.99286279999995,45.520807900000079],[-122.99286739999997,45.520500500000026],[-122.99255179999994,45.520498200000077],[-122.99254809999996,45.520748300000037],[-122.99239379999995,45.520747200000073],[-122.99239569999997,45.520619200000056],[-122.99152929999997,45.52061290000006],[-122.99152429999998,45.520945900000072],[-122.9919372,45.520948900000064],[-122.99192989999995,45.521242800000039],[-122.99238369999995,45.521247200000062],[-122.99238509999998,45.521155400000055],[-122.99252269999999,45.521156100000042],[-122.99252269999999,45.521136500000068],[-122.99255949999997,45.521136500000068],[-122.99255949999997,45.521143800000061],[-122.99262509999994,45.521144600000071],[-122.99262419999997,45.521194600000058],[-122.99262279999999,45.521276700000044],[-122.99315049999996,45.521280000000047],[-122.99315099999995,45.521239800000046],[-122.99315169999994,45.521187800000064],[-122.99315229999996,45.521145900000079],[-122.99424739999995,45.521155800000031],[-122.99425039999994,45.521005900000034],[-122.99457739999997,45.521010000000047],[-122.99458109999995,45.520894600000076],[-122.99461059999999,45.520894300000066],[-122.99461209999998,45.520849000000055],[-122.99495639999998,45.520853000000045],[-122.99495539999998,45.520870200000047],[-122.99506269999995,45.520871500000055],[-122.99506509999998,45.520777100000032],[-122.99517049999997,45.520778200000052],[-122.99517119999996,45.520756700000049],[-122.9951883,45.520745100000056],[-122.99522079999997,45.520745100000056],[-122.99522229999997,45.520547900000054]]]},"properties":{"OBJECTID1":243,"OBJECTID":217,"osm_id":"117426611","code":2010,"fclass":"prison","name":"Washington County Jail","SHAPE_Length":0.010927253569856831,"SHAPE_Area":1.9254984249724466e-06}},{"type":"Feature","id":244,"geometry":{"type":"Polygon","coordinates":[[[-122.95637849999997,45.521140400000036],[-122.95637719999996,45.521060500000033],[-122.95637699999997,45.521006200000045],[-122.95611649999995,45.521007600000075],[-122.95611789999998,45.521141900000032],[-122.95626299999998,45.521141100000079],[-122.95637849999997,45.521140400000036]]]},"properties":{"OBJECTID1":244,"OBJECTID":396,"osm_id":"995002885","code":2129,"fclass":"veterinary","name":"Companion Animal Hospital","SHAPE_Length":0.00078962632872345468,"SHAPE_Area":3.4958219999386171e-08}},{"type":"Feature","id":245,"geometry":{"type":"Polygon","coordinates":[[[-122.6943958,45.527347600000041],[-122.69435129999999,45.52731870000008],[-122.69415649999996,45.527322100000049],[-122.69415379999998,45.527244800000062],[-122.69414879999999,45.527105200000051],[-122.69395439999994,45.527108600000076],[-122.69395809999997,45.527210900000057],[-122.69396429999995,45.527385400000071],[-122.69435459999994,45.527378600000077],[-122.6943958,45.527347600000041]]]},"properties":{"OBJECTID1":245,"OBJECTID":484,"osm_id":"373536789","code":2203,"fclass":"cinema","name":"Cinema 21","SHAPE_Length":0.0013782532521292824,"SHAPE_Area":6.6833155009706991e-08}},{"type":"Feature","id":246,"geometry":{"type":"Polygon","coordinates":[[[-122.64900309999996,45.472210000000075],[-122.64900239999997,45.472148100000027],[-122.64893839999996,45.47214850000006],[-122.64893819999998,45.472126200000048],[-122.64867709999999,45.472127600000078],[-122.64868499999994,45.472204600000055],[-122.64869569999996,45.472211700000059],[-122.64900309999996,45.472210000000075]]]},"properties":{"OBJECTID1":246,"OBJECTID":339,"osm_id":"428139555","code":2129,"fclass":"veterinary","name":"Moreland Veterinary Hospital","SHAPE_Length":0.00080696009709639159,"SHAPE_Area":2.5577090002680505e-08}},{"type":"Feature","id":247,"geometry":{"type":"Polygon","coordinates":[[[-122.87894139999997,45.528820500000052],[-122.87892269999998,45.528793000000064],[-122.87888989999999,45.528777000000048],[-122.87885049999994,45.52879340000004],[-122.87882359999998,45.52882500000004],[-122.87880809999996,45.528854800000033],[-122.87879309999994,45.528882600000031],[-122.8788204,45.52889470000008],[-122.87884599999995,45.528897800000038],[-122.87887889999996,45.528894900000068],[-122.87889779999995,45.528887400000031],[-122.87892279999994,45.528850800000043],[-122.87894139999997,45.528820500000052]]]},"properties":{"OBJECTID1":247,"OBJECTID":691,"osm_id":"1303163056","code":2206,"fclass":"dog_park","name":"Dog Park","SHAPE_Length":0.00040799113187343005,"SHAPE_Area":1.1219850000742845e-08}},{"type":"Feature","id":249,"geometry":{"type":"Polygon","coordinates":[[[-122.85858639999998,45.481173900000044],[-122.85847869999998,45.481055000000026],[-122.85846839999999,45.481043600000078],[-122.85846039999996,45.481047200000035],[-122.85842969999999,45.48106080000008],[-122.85839969999995,45.48107420000008],[-122.85837829999997,45.481083700000056],[-122.85836509999996,45.481089600000075],[-122.85835689999999,45.481093200000032],[-122.85836199999994,45.481098800000041],[-122.85836719999998,45.481104600000037],[-122.85847489999998,45.481223600000078],[-122.85858639999998,45.481173900000044]]]},"properties":{"OBJECTID1":249,"OBJECTID":365,"osm_id":"539936430","code":2129,"fclass":"veterinary","name":"Aloha Animal Medical Center","SHAPE_Length":0.00059576397207393699,"SHAPE_Area":2.0389790002768512e-08}},{"type":"Feature","id":251,"geometry":{"type":"Polygon","coordinates":[[[-122.78344229999999,45.492475500000069],[-122.78344109999995,45.492418800000053],[-122.78341859999995,45.492419100000063],[-122.78341669999998,45.492329200000029],[-122.78328299999998,45.492330600000059],[-122.78328269999997,45.492317300000025],[-122.78323149999994,45.49231780000008],[-122.78323539999997,45.492500500000062],[-122.78329769999999,45.492499900000041],[-122.78329749999995,45.49248730000005],[-122.78336419999999,45.492486600000063],[-122.78336389999998,45.492476300000078],[-122.78344229999999,45.492475500000069]]]},"properties":{"OBJECTID1":251,"OBJECTID":291,"osm_id":"317994982","code":2129,"fclass":"veterinary","name":"West Slope Veterinary Hospital","SHAPE_Length":0.00078040614654082926,"SHAPE_Area":3.1167900005226358e-08}},{"type":"Feature","id":252,"geometry":{"type":"Polygon","coordinates":[[[-122.57212529999998,45.484880700000076],[-122.57196719999996,45.484881100000052],[-122.57167309999994,45.484881800000039],[-122.57167359999994,45.484918800000059],[-122.57167699999997,45.485316900000043],[-122.57118219999995,45.485319000000061],[-122.57113289999995,45.485595300000057],[-122.57138499999996,45.485726900000031],[-122.57180609999995,45.485723200000052],[-122.57212529999998,45.485702500000059],[-122.57212529999998,45.484880700000076]]]},"properties":{"OBJECTID1":252,"OBJECTID":527,"osm_id":"93031873","code":2206,"fclass":"dog_park","name":"Dog Park","SHAPE_Length":0.0035099559896517858,"SHAPE_Area":5.7371053501835055e-07}},{"type":"Feature","id":253,"geometry":{"type":"Polygon","coordinates":[[[-122.91836389999997,45.497300100000075],[-122.91830459999994,45.497308500000031],[-122.91827179999996,45.49731330000003],[-122.91825749999998,45.497314600000038],[-122.91823669999997,45.497312100000045],[-122.91821529999999,45.49730720000008],[-122.91818919999997,45.497296200000051],[-122.91818429999995,45.497294200000056],[-122.91817889999999,45.497292800000025],[-122.91817399999996,45.497291500000074],[-122.91816379999995,45.497292500000071],[-122.91814669999997,45.497296900000038],[-122.91813609999997,45.497302600000069],[-122.91812419999997,45.497323600000072],[-122.91807219999998,45.497502200000042],[-122.91812499999997,45.497480000000053],[-122.91815639999999,45.497334800000033],[-122.91830179999999,45.497349400000076],[-122.91835099999997,45.497320800000068],[-122.91836389999997,45.497300100000075]]]},"properties":{"OBJECTID1":253,"OBJECTID":637,"osm_id":"996143834","code":2206,"fclass":"dog_park","name":"Dog Park","SHAPE_Length":0.00087792630272791783,"SHAPE_Area":1.4350225002483535e-08}},{"type":"Feature","id":254,"geometry":{"type":"Polygon","coordinates":[[[-122.53606499999995,45.534470000000056],[-122.53508419999997,45.53446480000008],[-122.53508109999996,45.534748100000058],[-122.53529119999996,45.534749200000078],[-122.53529119999996,45.534753700000067],[-122.53549239999995,45.534754700000065],[-122.53549239999995,45.534750300000042],[-122.53561119999995,45.534750900000063],[-122.53561089999999,45.534777400000053],[-122.53578129999994,45.534778300000028],[-122.53578149999998,45.534752900000058],[-122.53600139999998,45.534754100000043],[-122.53600129999995,45.53476820000003],[-122.53606179999997,45.534768600000064],[-122.53606499999995,45.534470000000056]]]},"properties":{"OBJECTID1":254,"OBJECTID":53,"osm_id":"368255894","code":2259,"fclass":"fitness_centre","name":"Planet Fitness","SHAPE_Length":0.0026185645840070904,"SHAPE_Area":2.8445977998656838e-07}},{"type":"Feature","id":255,"geometry":{"type":"Polygon","coordinates":[[[-122.54087779999998,45.428514200000052],[-122.54082329999994,45.428488000000073],[-122.54065249999996,45.428663200000074],[-122.54070699999994,45.42868930000003],[-122.54087779999998,45.428514200000052]]]},"properties":{"OBJECTID1":255,"OBJECTID":371,"osm_id":"607229504","code":2129,"fclass":"veterinary","name":"East Hills Animal Clinic","SHAPE_Length":0.00061018374515967575,"SHAPE_Area":1.4012094994951596e-08}},{"type":"Feature","id":256,"geometry":{"type":"Polygon","coordinates":[[[-123.03939479999997,45.521856400000047],[-123.03936519999996,45.521853900000053],[-123.03936799999997,45.521702000000062],[-123.03923749999996,45.52170140000004],[-123.03921989999998,45.521688400000073],[-123.03891569999996,45.521729600000072],[-123.03885419999995,45.521729600000072],[-123.03852359999996,45.521683200000041],[-123.03851609999998,45.521702100000027],[-123.03838569999999,45.521700800000076],[-123.03838569999999,45.521852200000069],[-123.03838759999996,45.522050600000057],[-123.03849189999994,45.522050000000036],[-123.03849379999997,45.522080600000038],[-123.03866609999994,45.522078700000066],[-123.03866609999994,45.52209890000006],[-123.03907779999997,45.522100200000068],[-123.03907779999997,45.52207930000003],[-123.03924729999994,45.522078700000066],[-123.03924729999994,45.522048700000028],[-123.03938889999995,45.522049000000038],[-123.03939479999997,45.521856400000047]]]},"properties":{"OBJECTID1":256,"OBJECTID":462,"osm_id":"180069655","code":2203,"fclass":"cinema","name":"Cornelius 9 Cinemas","SHAPE_Length":0.0028307449491207582,"SHAPE_Area":3.7143077498389122e-07}},{"type":"Feature","id":257,"geometry":{"type":"Polygon","coordinates":[[[-122.76430899999997,45.389328300000045],[-122.76430569999997,45.388808600000061],[-122.76430549999998,45.388790000000029],[-122.76430539999996,45.388775700000053],[-122.76430499999998,45.388704800000028],[-122.76428619999996,45.38869260000007],[-122.76374839999994,45.38870200000008],[-122.76375249999995,45.388786700000026],[-122.76375839999997,45.388805900000079],[-122.76377119999995,45.388847000000055],[-122.76380339999997,45.388906400000053],[-122.76389189999998,45.389029700000037],[-122.76391199999995,45.389068300000076],[-122.76392549999997,45.38915030000004],[-122.76393349999995,45.389188000000047],[-122.76398179999995,45.389242600000046],[-122.76405149999999,45.389304800000048],[-122.76411459999997,45.389334900000051],[-122.76417889999999,45.389348100000063],[-122.76426879999997,45.38935280000004],[-122.76430899999997,45.389328300000045]]]},"properties":{"OBJECTID1":257,"OBJECTID":563,"osm_id":"466581155","code":2206,"fclass":"dog_park","name":"Tualatin Dog Park","SHAPE_Length":0.002155210009085189,"SHAPE_Area":2.7775317998928895e-07}},{"type":"Feature","id":258,"geometry":{"type":"Polygon","coordinates":[[[-122.84994269999999,45.421629300000063],[-122.84994119999999,45.421616500000027],[-122.84992879999999,45.421615000000031],[-122.84975379999997,45.421638500000029],[-122.84971939999997,45.421573500000079],[-122.84964999999994,45.421442100000036],[-122.84966989999998,45.421400200000051],[-122.84969509999996,45.421373600000038],[-122.84965189999997,45.421373300000027],[-122.84965379999994,45.421358800000064],[-122.84970769999995,45.421359100000075],[-122.84973679999996,45.421327200000064],[-122.84972199999999,45.421319600000061],[-122.84951479999995,45.421317600000066],[-122.84942499999994,45.421316700000034],[-122.84937979999995,45.421316300000058],[-122.84934069999997,45.421338200000037],[-122.84931899999998,45.421458900000061],[-122.84925339999995,45.421759000000065],[-122.84928909999996,45.42185980000005],[-122.84943519999996,45.421894000000066],[-122.84945259999995,45.42189460000003],[-122.84947429999994,45.421888000000081],[-122.84969259999997,45.421716400000037],[-122.84988699999997,45.421662800000036],[-122.84994269999999,45.421629300000063]]]},"properties":{"OBJECTID1":258,"OBJECTID":693,"osm_id":"1304372722","code":2206,"fclass":"dog_park","name":"Dog Park","SHAPE_Length":0.0023369133161222546,"SHAPE_Area":2.1978661499894472e-07}},{"type":"Feature","id":259,"geometry":{"type":"Polygon","coordinates":[[[-122.78897549999999,45.416279900000063],[-122.78875399999998,45.416167100000052],[-122.78861539999997,45.41630200000003],[-122.78883679999996,45.416414800000041],[-122.78890569999999,45.416347700000074],[-122.78897549999999,45.416279900000063]]]},"properties":{"OBJECTID1":259,"OBJECTID":311,"osm_id":"354113290","code":2129,"fclass":"veterinary","name":"Canterbury Animal Hospital","SHAPE_Length":0.00088394156810058422,"SHAPE_Area":4.5507245001492731e-08}},{"type":"Feature","id":260,"geometry":{"type":"Polygon","coordinates":[[[-122.91831799999994,45.533058100000062],[-122.91828849999996,45.533056000000045],[-122.91825999999998,45.533050600000081],[-122.91823259999995,45.533044200000063],[-122.91820669999998,45.533036100000061],[-122.91817619999995,45.533020000000079],[-122.91814309999995,45.532991600000059],[-122.91811469999999,45.532952800000032],[-122.91809229999996,45.532968800000049],[-122.91809329999995,45.532989100000066],[-122.91808269999996,45.533018600000048],[-122.91806999999994,45.533034600000065],[-122.91804299999995,45.533049900000037],[-122.91801099999998,45.533058800000049],[-122.91801559999999,45.533129700000075],[-122.91831029999997,45.533129300000041],[-122.91831799999994,45.533058100000062]]]},"properties":{"OBJECTID1":260,"OBJECTID":703,"osm_id":"1423126281","code":2206,"fclass":"dog_park","name":"Dog Park","SHAPE_Length":0.00084128111432549627,"SHAPE_Area":3.1118484999054281e-08}},{"type":"Feature","id":261,"geometry":{"type":"Polygon","coordinates":[[[-122.80673279999996,45.50092230000007],[-122.80670979999996,45.500915600000042],[-122.80652999999995,45.500862700000027],[-122.80647089999997,45.50084540000006],[-122.80639509999997,45.500972200000035],[-122.80665699999997,45.501049100000046],[-122.80673279999996,45.50092230000007]]]},"properties":{"OBJECTID1":261,"OBJECTID":418,"osm_id":"1235092473","code":2129,"fclass":"veterinary","name":"Banfield Pet Hospital","SHAPE_Length":0.00084137114311983352,"SHAPE_Area":3.9038879999942486e-08}},{"type":"Feature","id":263,"geometry":{"type":"Polygon","coordinates":[[[-122.81261429999995,45.498005900000067],[-122.81252769999998,45.49786030000007],[-122.81241969999996,45.497683800000061],[-122.81238559999997,45.497693000000027],[-122.81236219999994,45.497646700000075],[-122.81232039999998,45.497604900000056],[-122.81222199999996,45.497547500000053],[-122.81211959999996,45.49752060000003],[-122.81202909999996,45.497356000000025],[-122.81184739999998,45.497405100000037],[-122.81183079999994,45.497375000000034],[-122.81180119999999,45.497382900000048],[-122.81178999999997,45.497362600000031],[-122.81156859999999,45.497422400000062],[-122.81167249999999,45.497611400000039],[-122.81158609999994,45.497634800000071],[-122.81165279999999,45.497755900000072],[-122.81154429999998,45.497785200000067],[-122.81173739999997,45.498136400000078],[-122.81178549999998,45.498123400000054],[-122.81184309999998,45.498228200000028],[-122.81207439999997,45.498165700000072],[-122.81206769999994,45.49815360000008],[-122.81261429999995,45.498005900000067]]]},"properties":{"OBJECTID1":263,"OBJECTID":449,"osm_id":"32943164","code":2203,"fclass":"cinema","name":"Cinemark Century 16","SHAPE_Length":0.0033816727974419571,"SHAPE_Area":5.7106805500595282e-07}},{"type":"Feature","id":264,"geometry":{"type":"Polygon","coordinates":[[[-122.66823959999999,45.497898900000052],[-122.66815919999999,45.497897200000068],[-122.66814449999998,45.49814340000006],[-122.66818399999994,45.498144900000057],[-122.66823359999995,45.498116700000026],[-122.66823959999999,45.497898900000052]]]},"properties":{"OBJECTID1":264,"OBJECTID":658,"osm_id":"1078912877","code":2206,"fclass":"dog_park","name":"South Waterfront Dog Park","SHAPE_Length":0.00064152364311549105,"SHAPE_Area":2.0126774994397985e-08}},{"type":"Feature","id":265,"geometry":{"type":"Polygon","coordinates":[[[-122.81590539999996,45.479266000000052],[-122.81590309999996,45.479183300000045],[-122.81589369999995,45.479131400000028],[-122.81587109999998,45.479078400000049],[-122.81579949999997,45.479063300000064],[-122.81572599999998,45.479056200000059],[-122.81565649999999,45.479119800000035],[-122.81560339999999,45.479159500000037],[-122.81551439999998,45.479213700000059],[-122.81537929999996,45.479270300000053],[-122.81544049999997,45.479337800000053],[-122.81546489999999,45.479386500000032],[-122.81547189999998,45.479413100000045],[-122.81548309999999,45.479466200000047],[-122.81548699999996,45.47952250000003],[-122.81550119999997,45.479547000000025],[-122.81553339999999,45.479540800000052],[-122.81556279999995,45.479541700000027],[-122.81558399999994,45.479549400000053],[-122.81559789999994,45.479561100000069],[-122.81560939999997,45.479577900000038],[-122.81560959999996,45.479599300000075],[-122.81568469999996,45.479602700000044],[-122.81585269999999,45.479394900000045],[-122.81588079999995,45.479345400000057],[-122.81589929999996,45.479295800000045],[-122.81590539999996,45.479266000000052]]]},"properties":{"OBJECTID1":265,"OBJECTID":616,"osm_id":"837644000","code":2206,"fclass":"dog_park","name":"Schiffler Park Dog Run","SHAPE_Length":0.0016907701018554029,"SHAPE_Area":1.7438062999295482e-07}},{"type":"Feature","id":266,"geometry":{"type":"Polygon","coordinates":[[[-122.92967909999999,45.495312900000044],[-122.92966009999998,45.495216800000037],[-122.92965289999995,45.495179000000064],[-122.92964609999996,45.49514970000007],[-122.92963699999996,45.495121800000049],[-122.92959619999999,45.49511670000004],[-122.92954619999995,45.495157900000038],[-122.92953029999995,45.495148900000061],[-122.92942429999999,45.495239800000036],[-122.92949289999996,45.495278800000051],[-122.92953369999998,45.495301900000072],[-122.92957109999998,45.495323100000064],[-122.92967909999999,45.495312900000044]]]},"properties":{"OBJECTID1":266,"OBJECTID":642,"osm_id":"1012572678","code":2206,"fclass":"dog_park","name":"Dog Park","SHAPE_Length":0.00073694678922244417,"SHAPE_Area":3.2085265001624114e-08}},{"type":"Feature","id":267,"geometry":{"type":"Polygon","coordinates":[[[-122.43947599999996,45.510410700000079],[-122.43947119999996,45.510390700000073],[-122.43945589999998,45.510372800000027],[-122.43943509999997,45.510359200000039],[-122.43940749999996,45.510351400000047],[-122.43937169999998,45.510351000000071],[-122.43934099999996,45.510357700000043],[-122.43936069999995,45.510322400000064],[-122.43931999999995,45.510311300000069],[-122.43932719999998,45.510298300000045],[-122.43908189999996,45.510231100000055],[-122.43907529999996,45.510242900000037],[-122.43878919999997,45.51016450000003],[-122.43873959999996,45.510254100000054],[-122.43872619999996,45.510250300000052],[-122.43865409999995,45.510380600000076],[-122.43866759999997,45.510384300000055],[-122.43859169999996,45.510522000000037],[-122.43857859999997,45.510518300000058],[-122.43850609999998,45.510647600000027],[-122.43851739999997,45.510650700000042],[-122.43849509999995,45.510690500000067],[-122.43857999999994,45.510713900000042],[-122.43857379999997,45.510724900000071],[-122.43876339999997,45.510777800000028],[-122.43877019999996,45.510766000000046],[-122.43891349999996,45.510805900000037],[-122.43890659999994,45.510818100000051],[-122.43910139999997,45.510872100000029],[-122.43910749999998,45.510861200000079],[-122.43914269999999,45.510870100000034],[-122.43915169999997,45.51088320000008],[-122.43916189999999,45.51089120000006],[-122.43917519999997,45.510896500000058],[-122.43919019999998,45.510898700000041],[-122.43920549999996,45.510897500000056],[-122.43921969999997,45.510892700000056],[-122.43923079999996,45.510885900000062],[-122.43923839999997,45.510876600000074],[-122.43924199999998,45.510865200000069],[-122.43923929999994,45.510849200000052],[-122.43924799999996,45.510830500000054],[-122.43926749999997,45.510836600000061],[-122.43934189999999,45.510705500000029],[-122.43932109999997,45.510699800000054],[-122.43935199999999,45.510646700000052],[-122.43937079999995,45.51065090000003],[-122.43944649999997,45.51051840000008],[-122.43942469999996,45.510512800000072],[-122.43943039999999,45.510501500000032],[-122.43940899999996,45.510496300000057],[-122.43942419999996,45.51046910000008],[-122.43944379999999,45.510460200000068],[-122.43946279999994,45.510446100000081],[-122.43947299999996,45.510430700000029],[-122.43947599999996,45.510410700000079]]]},"properties":{"OBJECTID1":267,"OBJECTID":102,"osm_id":"496240419","code":2259,"fclass":"fitness_centre","name":"LA Fitness","SHAPE_Length":0.0029681660746134261,"SHAPE_Area":4.5189014000481267e-07}},{"type":"Feature","id":268,"geometry":{"type":"Polygon","coordinates":[[[-122.74430689999997,45.394080600000052],[-122.74426289999997,45.394063300000028],[-122.74424959999999,45.394080100000053],[-122.74402309999999,45.393991300000039],[-122.74409229999998,45.393904300000031],[-122.74379569999996,45.393788000000029],[-122.74378219999994,45.393804900000077],[-122.74369029999997,45.393768900000055],[-122.74316789999995,45.394425900000044],[-122.74382419999995,45.394683300000054],[-122.74392309999996,45.394559000000072],[-122.74388909999999,45.394545700000037],[-122.74390439999996,45.394526400000075],[-122.74395089999996,45.39454470000004],[-122.74407649999995,45.394386600000075],[-122.74403059999997,45.39436870000003],[-122.74406099999999,45.394330500000081],[-122.74409699999995,45.394344600000068],[-122.74430689999997,45.394080600000052]]]},"properties":{"OBJECTID1":268,"OBJECTID":12,"osm_id":"113758726","code":2259,"fclass":"fitness_centre","name":"24 Hour Fitness","SHAPE_Length":0.0033523149362655069,"SHAPE_Area":5.4956060502069516e-07}},{"type":"Feature","id":269,"geometry":{"type":"Polygon","coordinates":[[[-122.69142409999995,45.599361000000044],[-122.69094849999999,45.598677900000041],[-122.69087879999995,45.598624400000062],[-122.69080099999996,45.59859060000008],[-122.69070039999997,45.59855680000004],[-122.68771379999998,45.598116800000071],[-122.68658459999995,45.597946900000068],[-122.68656269999997,45.59801820000007],[-122.68623879999996,45.597969500000033],[-122.68626069999999,45.597898200000031],[-122.68616549999996,45.597884500000077],[-122.68568629999999,45.597811400000069],[-122.68562389999994,45.597807400000079],[-122.68557769999995,45.597807700000033],[-122.68555849999996,45.597808400000076],[-122.68554049999995,45.597810200000026],[-122.68552469999997,45.597812600000054],[-122.68550719999996,45.59781780000003],[-122.68549409999997,45.597823100000028],[-122.68548299999998,45.597829600000068],[-122.68547459999996,45.597834800000044],[-122.68546719999995,45.59784060000004],[-122.68545789999996,45.597848800000065],[-122.68544949999995,45.597859400000061],[-122.68544399999996,45.597867800000074],[-122.68543969999996,45.597876800000051],[-122.68541909999999,45.597924400000068],[-122.68526899999995,45.598393100000067],[-122.68521699999997,45.598575200000028],[-122.68516509999995,45.598757400000068],[-122.69142409999995,45.599361000000044]]]},"properties":{"OBJECTID1":269,"OBJECTID":725,"osm_id":"21054683","code":2206,"fclass":"dog_park","name":"Portland International Raceway Off Leash Area","SHAPE_Length":0.013812925086759279,"SHAPE_Area":5.0000372650045168e-06}},{"type":"Feature","id":270,"geometry":{"type":"Polygon","coordinates":[[[-122.63815079999995,45.590078600000027],[-122.63785559999997,45.588774500000056],[-122.63678479999999,45.588042300000041],[-122.63578799999999,45.588052400000038],[-122.63579239999996,45.588595700000042],[-122.63629699999996,45.588803700000028],[-122.63636159999999,45.588947800000028],[-122.63636009999999,45.589044300000069],[-122.63620509999998,45.589421700000059],[-122.63600809999997,45.589572400000065],[-122.63578939999996,45.589586800000063],[-122.63579429999999,45.589640000000031],[-122.63581039999997,45.58970000000005],[-122.63584789999999,45.589762000000064],[-122.63585599999999,45.589793900000075],[-122.63580639999998,45.590507100000025],[-122.63815079999995,45.590078600000027]]]},"properties":{"OBJECTID1":270,"OBJECTID":238,"osm_id":"595317531","code":2010,"fclass":"prison","name":"Columbia River Correctional Institution","SHAPE_Length":0.0091689552871202489,"SHAPE_Area":4.055249979906082e-06}},{"type":"Feature","id":271,"geometry":{"type":"Polygon","coordinates":[[[-122.53906619999998,45.526012800000046],[-122.53868629999999,45.526012100000059],[-122.53868579999994,45.526132500000074],[-122.53906569999998,45.526133200000061],[-122.53906619999998,45.526012800000046]]]},"properties":{"OBJECTID1":271,"OBJECTID":327,"osm_id":"368562875","code":2129,"fclass":"veterinary","name":"Banfield Pet Hospital","SHAPE_Length":0.0010006033662696176,"SHAPE_Area":4.5740310007010314e-08}},{"type":"Feature","id":272,"geometry":{"type":"Polygon","coordinates":[[[-122.68307459999994,45.509893800000043],[-122.68301219999995,45.509877500000073],[-122.68264919999996,45.509782800000039],[-122.68263819999999,45.509803500000032],[-122.68255939999995,45.509951600000079],[-122.68247639999998,45.510107700000049],[-122.68290179999997,45.510218800000075],[-122.68307459999994,45.509893800000043]]]},"properties":{"OBJECTID1":272,"OBJECTID":465,"osm_id":"220741015","code":2203,"fclass":"cinema","name":"5th Avenue Cinemas","SHAPE_Length":0.0016153887192221683,"SHAPE_Area":1.5742963999627847e-07}},{"type":"Feature","id":273,"geometry":{"type":"Polygon","coordinates":[[[-122.59659749999997,45.508345000000077],[-122.59653239999994,45.508288800000059],[-122.59655339999995,45.507608600000026],[-122.59635409999999,45.507593900000074],[-122.59581979999996,45.507283600000051],[-122.59567779999998,45.507217200000071],[-122.59509689999999,45.50718210000008],[-122.59380519999996,45.50718640000008],[-122.59327349999995,45.507211200000029],[-122.59320299999996,45.507307300000036],[-122.59326099999998,45.507524800000056],[-122.59354739999998,45.507784800000081],[-122.59426959999996,45.507747800000061],[-122.59487669999999,45.507722200000046],[-122.59529489999994,45.507805400000052],[-122.59568879999995,45.508048500000029],[-122.59622359999997,45.508285300000068],[-122.59659749999997,45.508509400000037],[-122.59659749999997,45.508345000000077]]]},"properties":{"OBJECTID1":273,"OBJECTID":713,"osm_id":"1498686098","code":2206,"fclass":"dog_park","name":"Mount Tabor Off-Leash Dog Area","SHAPE_Length":0.0082832958645633215,"SHAPE_Area":2.1088109949456868e-06}},{"type":"Feature","id":274,"geometry":{"type":"Polygon","coordinates":[[[-122.50614529999996,45.514043600000036],[-122.50611509999999,45.513961600000073],[-122.50589009999999,45.513783100000069],[-122.50556279999995,45.513872400000025],[-122.50525869999996,45.513942200000031],[-122.50506809999996,45.513977000000068],[-122.50512169999996,45.514128200000073],[-122.50516659999994,45.514162700000043],[-122.50519729999996,45.514188100000069],[-122.50520629999994,45.514195500000028],[-122.50545039999997,45.514385700000048],[-122.50583789999996,45.51418410000008],[-122.50614529999996,45.514043600000036]]]},"properties":{"OBJECTID1":274,"OBJECTID":657,"osm_id":"1077781601","code":2206,"fclass":"dog_park","name":"Dog Park","SHAPE_Length":0.0025723972672090567,"SHAPE_Area":3.5370321001755136e-07}},{"type":"Feature","id":275,"geometry":{"type":"Polygon","coordinates":[[[-122.77277759999998,45.310617200000081],[-122.77277729999997,45.310536400000046],[-122.77268069999997,45.310536600000034],[-122.77268049999998,45.310482000000036],[-122.77260379999996,45.310482100000058],[-122.77260369999999,45.310473300000069],[-122.77258099999995,45.310473300000069],[-122.77258089999998,45.310456300000055],[-122.77252249999998,45.310456400000078],[-122.77252239999996,45.310430600000075],[-122.77245679999999,45.310430800000063],[-122.77245679999999,45.310443900000053],[-122.77241529999998,45.310444000000075],[-122.77241569999995,45.310539900000038],[-122.77245189999996,45.310539800000072],[-122.77245219999998,45.310621600000047],[-122.77263799999997,45.310621200000071],[-122.77263819999996,45.310668700000065],[-122.77271499999995,45.310668500000077],[-122.77271469999999,45.310617300000047],[-122.77277759999998,45.310617200000081]]]},"properties":{"OBJECTID1":275,"OBJECTID":285,"osm_id":"298237448","code":2129,"fclass":"veterinary","name":"Wilsonville Veterinary Clinic","SHAPE_Length":0.0011997063554032403,"SHAPE_Area":5.2194075003413217e-08}},{"type":"Feature","id":276,"geometry":{"type":"Polygon","coordinates":[[[-122.90945189999997,45.497678000000064],[-122.90936359999995,45.497667800000045],[-122.90936089999997,45.497681400000033],[-122.90934209999995,45.497695200000067],[-122.90925469999996,45.497686200000032],[-122.90923229999999,45.497654500000067],[-122.90899269999994,45.497629800000027],[-122.90896319999996,45.497655100000031],[-122.90888619999998,45.497646900000063],[-122.90886529999995,45.497615400000029],[-122.90860189999995,45.497588900000039],[-122.90860069999997,45.497594500000048],[-122.90859899999998,45.497602800000038],[-122.90856489999999,45.497599300000047],[-122.90855369999997,45.497672100000045],[-122.90883239999999,45.497701000000063],[-122.90884019999999,45.49770170000005],[-122.90891229999994,45.497708300000056],[-122.90903319999995,45.497719600000039],[-122.90943319999997,45.497762100000045],[-122.90945189999997,45.497678000000064]]]},"properties":{"OBJECTID1":276,"OBJECTID":619,"osm_id":"860517804","code":2206,"fclass":"dog_park","name":"Dog Park","SHAPE_Length":0.002004847075175118,"SHAPE_Area":7.0123305003120502e-08}},{"type":"Feature","id":277,"geometry":{"type":"Polygon","coordinates":[[[-122.71798059999998,45.455729700000063],[-122.71797939999999,45.45562410000008],[-122.71784119999995,45.455624900000032],[-122.71783999999997,45.455518500000039],[-122.71766929999995,45.455519400000071],[-122.71766969999999,45.455556000000058],[-122.71761959999998,45.455556300000069],[-122.71762109999997,45.45569450000005],[-122.71784689999998,45.455730500000072],[-122.71798059999998,45.455729700000063]]]},"properties":{"OBJECTID1":277,"OBJECTID":303,"osm_id":"337137298","code":2129,"fclass":"veterinary","name":"Pacific Veterinary Hospital","SHAPE_Length":0.0011081836778213917,"SHAPE_Area":5.5397950001639321e-08}},{"type":"Feature","id":278,"geometry":{"type":"Polygon","coordinates":[[[-122.71089379999995,45.468939400000068],[-122.71070289999994,45.468937800000049],[-122.71070219999996,45.46897800000005],[-122.71057989999997,45.46897690000003],[-122.71058019999998,45.468962300000044],[-122.71044929999999,45.468961200000081],[-122.71044749999999,45.46906690000003],[-122.71089159999997,45.469070500000043],[-122.71089379999995,45.468939400000068]]]},"properties":{"OBJECTID1":278,"OBJECTID":287,"osm_id":"307848636","code":2129,"fclass":"veterinary","name":"OREV","SHAPE_Length":0.0011798738235344421,"SHAPE_Area":5.0001669989507367e-08}},{"type":"Feature","id":279,"geometry":{"type":"Polygon","coordinates":[[[-122.58954879999999,45.565360700000042],[-122.5895372,45.565340200000037],[-122.58951959999996,45.565322600000059],[-122.58949509999997,45.565310000000068],[-122.58946589999999,45.565301400000067],[-122.58943439999996,45.565296100000069],[-122.58918219999998,45.565278100000057],[-122.58911029999996,45.565558500000066],[-122.58909989999995,45.565600900000049],[-122.58907909999999,45.565685500000029],[-122.58900769999997,45.565917300000081],[-122.58910399999996,45.565929900000071],[-122.58919799999995,45.565940600000033],[-122.58929019999999,45.565942200000052],[-122.58938359999996,45.56593730000003],[-122.58940059999998,45.565921400000036],[-122.58940989999996,45.565903400000025],[-122.58943319999997,45.565841700000078],[-122.58944949999994,45.565774400000066],[-122.58947179999996,45.565687700000069],[-122.58950109999995,45.565582100000029],[-122.58951719999999,45.565517700000044],[-122.58953409999998,45.565453000000048],[-122.58954649999998,45.565384800000061],[-122.58954879999999,45.565360700000042]]]},"properties":{"OBJECTID1":279,"OBJECTID":648,"osm_id":"1042088916","code":2206,"fclass":"dog_park","name":"Dog Park","SHAPE_Length":0.0020361122236305092,"SHAPE_Area":2.5213021999225386e-07}},{"type":"Feature","id":280,"geometry":{"type":"Polygon","coordinates":[[[-122.88087109999998,45.528432700000053],[-122.88077049999998,45.528400400000066],[-122.88062919999999,45.528529300000059],[-122.88082569999995,45.528610700000058],[-122.88087109999998,45.528432700000053]]]},"properties":{"OBJECTID1":280,"OBJECTID":650,"osm_id":"1045976015","code":2206,"fclass":"dog_park","name":"Dog Park","SHAPE_Length":0.00069331083181283209,"SHAPE_Area":2.8101944996552902e-08}},{"type":"Feature","id":281,"geometry":{"type":"Polygon","coordinates":[[[-122.86868079999999,45.537687500000061],[-122.8681575,45.537685900000042],[-122.86815589999998,45.537935000000061],[-122.86867919999997,45.53793660000008],[-122.86868079999999,45.537687500000061]]]},"properties":{"OBJECTID1":281,"OBJECTID":263,"osm_id":"97797820","code":2129,"fclass":"veterinary","name":"Banfield Pet Hospital","SHAPE_Length":0.0015448151689447737,"SHAPE_Area":1.3035659000944643e-07}},{"type":"Feature","id":282,"geometry":{"type":"Polygon","coordinates":[[[-122.77131949999995,45.301677100000063],[-122.77113069999996,45.301677400000074],[-122.77113059999999,45.301835200000028],[-122.77131849999995,45.301834000000042],[-122.77131949999995,45.301677100000063]]]},"properties":{"OBJECTID1":282,"OBJECTID":420,"osm_id":"1273577501","code":2129,"fclass":"veterinary","name":"Banfield Pet Hospital","SHAPE_Length":0.00069140728841013063,"SHAPE_Area":2.963645998954445e-08}},{"type":"Feature","id":284,"geometry":{"type":"Polygon","coordinates":[[[-122.50060019999995,45.422749400000043],[-122.50054789999996,45.42259690000003],[-122.50038829999994,45.422631700000068],[-122.50035749999995,45.422649600000057],[-122.50032529999999,45.422676900000056],[-122.50030789999994,45.422696700000074],[-122.50031989999997,45.422740000000033],[-122.50032799999997,45.422761600000058],[-122.50034809999994,45.422783300000049],[-122.50035879999996,45.422794600000032],[-122.50037489999994,45.422808700000076],[-122.50041109999995,45.422831300000041],[-122.50044059999999,45.422838800000079],[-122.50046209999999,45.422848200000033],[-122.50049429999996,45.422875500000032],[-122.50056799999999,45.422842600000081],[-122.50054659999995,45.42277480000007],[-122.50060019999995,45.422749400000043]]]},"properties":{"OBJECTID1":284,"OBJECTID":604,"osm_id":"727916088","code":2206,"fclass":"dog_park","name":"Dog Park","SHAPE_Length":0.0009132252111427149,"SHAPE_Area":5.2348400000922963e-08}},{"type":"Feature","id":285,"geometry":{"type":"Polygon","coordinates":[[[-122.75312679999996,45.397525100000053],[-122.75310359999997,45.397525100000053],[-122.75310399999995,45.397330300000078],[-122.75294149999996,45.397330100000033],[-122.75294159999999,45.397312100000079],[-122.75277809999994,45.397311900000034],[-122.75277809999994,45.397288300000071],[-122.75260279999998,45.397288100000026],[-122.75260299999997,45.397223500000052],[-122.75259019999999,45.397223500000052],[-122.75240609999997,45.397223300000064],[-122.75240609999997,45.39723360000005],[-122.75236039999999,45.39723360000005],[-122.75236049999995,45.39721540000005],[-122.75223649999998,45.397184700000025],[-122.75205999999997,45.397183000000041],[-122.75192379999999,45.397214600000041],[-122.75192369999996,45.39723790000005],[-122.75187799999998,45.39723790000005],[-122.75187809999994,45.397224900000026],[-122.75169469999997,45.397224700000038],[-122.75169449999999,45.397287500000061],[-122.75151649999998,45.397287300000073],[-122.75151649999998,45.397310800000071],[-122.75135399999999,45.397310600000026],[-122.75135389999997,45.397334700000044],[-122.75120059999995,45.397334600000079],[-122.75120019999997,45.397529900000052],[-122.75117859999995,45.397529900000052],[-122.75117819999997,45.397691500000064],[-122.75132419999994,45.39769160000003],[-122.75132419999994,45.397713900000042],[-122.75148379999996,45.39771410000003],[-122.75148379999996,45.397733800000026],[-122.75165979999997,45.397734000000071],[-122.75165979999997,45.39778240000004],[-122.75187029999995,45.397782600000028],[-122.75187019999998,45.397803000000067],[-122.75212009999996,45.397803300000078],[-122.75212029999994,45.397749500000032],[-122.75217369999996,45.397749500000032],[-122.75217359999999,45.397806100000025],[-122.75242829999996,45.397806400000036],[-122.75242839999999,45.397779300000025],[-122.75264299999998,45.39777950000007],[-122.75264299999998,45.397734700000058],[-122.75281819999998,45.397734900000046],[-122.75281819999998,45.397710800000027],[-122.75298219999996,45.397711000000072],[-122.75298229999999,45.397689300000081],[-122.75312649999995,45.397689400000047],[-122.75312679999996,45.397525100000053]]]},"properties":{"OBJECTID1":285,"OBJECTID":454,"osm_id":"52982108","code":2203,"fclass":"cinema","name":"Bridgeport Village Stadium 18 and IMAX","SHAPE_Length":0.0052400764010744937,"SHAPE_Area":9.4411631499464134e-07}},{"type":"Feature","id":287,"geometry":{"type":"Polygon","coordinates":[[[-122.89914809999999,45.496058400000038],[-122.89890359999998,45.495999500000039],[-122.89875049999995,45.496196500000053],[-122.89873049999994,45.496219200000041],[-122.89871489999996,45.496240000000057],[-122.89865459999999,45.496335000000045],[-122.89902409999996,45.496405000000038],[-122.89914809999999,45.496058400000038]]]},"properties":{"OBJECTID1":287,"OBJECTID":632,"osm_id":"978569794","code":2206,"fclass":"dog_park","name":"Dog Park","SHAPE_Length":0.0014139520849133363,"SHAPE_Area":1.1828871500338484e-07}},{"type":"Feature","id":288,"geometry":{"type":"Polygon","coordinates":[[[-122.65047569999996,45.530489000000046],[-122.65015809999994,45.530489000000046],[-122.65015809999994,45.530567100000042],[-122.65010659999996,45.530567100000042],[-122.65010659999996,45.530621200000041],[-122.64990919999997,45.530621200000041],[-122.64990919999997,45.53071140000003],[-122.64987479999996,45.53071140000003],[-122.64987479999996,45.530825700000037],[-122.64984049999998,45.530825700000037],[-122.64984049999998,45.530945900000063],[-122.64962589999999,45.530945900000063],[-122.64962589999999,45.531180400000039],[-122.64974609999996,45.531180400000039],[-122.64974609999996,45.531360800000073],[-122.65033829999999,45.531354800000031],[-122.65040079999994,45.531311000000073],[-122.65046709999996,45.531264600000043],[-122.65047569999996,45.530489000000046]]]},"properties":{"OBJECTID1":288,"OBJECTID":451,"osm_id":"39239710","code":2203,"fclass":"cinema","name":"Regal Cinemas Lloyd Center 10 & IMAX","SHAPE_Length":0.0033669214582993153,"SHAPE_Area":5.5928036999171319e-07}},{"type":"Feature","id":289,"geometry":{"type":"Polygon","coordinates":[[[-122.75386689999999,45.30342040000005],[-122.75368149999997,45.303390200000081],[-122.75358329999995,45.303460500000028],[-122.75360139999998,45.303480200000081],[-122.75382789999998,45.303530600000045],[-122.75386689999999,45.30342040000005]]]},"properties":{"OBJECTID1":289,"OBJECTID":622,"osm_id":"871501303","code":2206,"fclass":"dog_park","name":"Dog Park","SHAPE_Length":0.00068430309686396068,"SHAPE_Area":2.4618945002001449e-08}},{"type":"Feature","id":290,"geometry":{"type":"Polygon","coordinates":[[[-122.65141279999995,45.548517200000049],[-122.65134679999994,45.548516900000038],[-122.65131409999998,45.54851670000005],[-122.65131369999995,45.548553000000027],[-122.65131319999995,45.548615600000062],[-122.65141199999999,45.548616000000038],[-122.65141279999995,45.548517200000049]]]},"properties":{"OBJECTID1":290,"OBJECTID":334,"osm_id":"409632706","code":2129,"fclass":"veterinary","name":"Irvington Veterinary","SHAPE_Length":0.00039520954253332462,"SHAPE_Area":9.7635700023102617e-09}},{"type":"Feature","id":291,"geometry":{"type":"Polygon","coordinates":[[[-122.92749949999995,45.525739300000055],[-122.92749429999998,45.525632200000075],[-122.92735799999997,45.525632800000039],[-122.92735769999996,45.525826500000051],[-122.92744369999997,45.525826400000028],[-122.92746499999998,45.525774100000035],[-122.92749949999995,45.525739300000055]]]},"properties":{"OBJECTID1":291,"OBJECTID":682,"osm_id":"1212433430","code":2206,"fclass":"dog_park","name":"Dog Park","SHAPE_Length":0.00062870178751803511,"SHAPE_Area":2.4231629998379728e-08}},{"type":"Feature","id":292,"geometry":{"type":"Polygon","coordinates":[[[-122.69216899999998,45.518708100000026],[-122.69200159999997,45.51866380000007],[-122.69192659999999,45.518803100000071],[-122.69209399999994,45.518847400000027],[-122.69216899999998,45.518708100000026]]]},"properties":{"OBJECTID1":292,"OBJECTID":326,"osm_id":"368336022","code":2129,"fclass":"veterinary","name":"Portland Animal Clinic","SHAPE_Length":0.00066273921401374615,"SHAPE_Area":2.6641319994620239e-08}},{"type":"Feature","id":293,"geometry":{"type":"Polygon","coordinates":[[[-122.77638689999998,45.486036800000079],[-122.77620299999995,45.486036800000079],[-122.77620299999995,45.486197000000061],[-122.77630919999996,45.486197000000061],[-122.77630919999996,45.486148000000071],[-122.77638689999998,45.486148000000071],[-122.77638689999998,45.486036800000079]]]},"properties":{"OBJECTID1":293,"OBJECTID":302,"osm_id":"331412649","code":2129,"fclass":"veterinary","name":"Accent on Cats","SHAPE_Length":0.00068820000001323933,"SHAPE_Area":2.5653480000442815e-08}},{"type":"Feature","id":294,"geometry":{"type":"Polygon","coordinates":[[[-122.64166079999995,45.447319700000037],[-122.64165209999999,45.447286800000029],[-122.64142579999998,45.447316200000046],[-122.64138769999994,45.447353300000032],[-122.64133629999998,45.44732730000004],[-122.64127609999997,45.447386000000051],[-122.64119309999995,45.447344200000032],[-122.64112799999998,45.447407700000042],[-122.64121089999998,45.447449600000027],[-122.64120559999998,45.44745480000006],[-122.64135779999998,45.447531600000048],[-122.64144799999997,45.447443600000042],[-122.64165529999997,45.447416800000042],[-122.64163079999997,45.447323600000061],[-122.64166079999995,45.447319700000037]]]},"properties":{"OBJECTID1":294,"OBJECTID":328,"osm_id":"368698209","code":2129,"fclass":"veterinary","name":"Veterinary Cancer & Surgery Specialists","SHAPE_Length":0.0013734186998870745,"SHAPE_Area":6.45839500017524e-08}},{"type":"Feature","id":295,"geometry":{"type":"Polygon","coordinates":[[[-122.64540459999995,45.534753500000079],[-122.64540419999997,45.534526200000073],[-122.64518799999996,45.534526400000061],[-122.64518839999999,45.534753700000067],[-122.64540459999995,45.534753500000079]]]},"properties":{"OBJECTID1":295,"OBJECTID":262,"osm_id":"39273644","code":2129,"fclass":"veterinary","name":"Banfield Pet Hospital","SHAPE_Length":0.00088700088890624981,"SHAPE_Area":4.9142339997365741e-08}},{"type":"Feature","id":298,"geometry":{"type":"Polygon","coordinates":[[[-122.63013919999997,45.381304100000079],[-122.63013609999996,45.381260800000064],[-122.63012069999996,45.381178600000055],[-122.63003749999996,45.381061700000032],[-122.62997279999996,45.381005400000049],[-122.62993279999995,45.380936200000065],[-122.62989889999994,45.380875600000081],[-122.62985259999999,45.380828000000065],[-122.62980029999994,45.380797700000073],[-122.62975709999995,45.380743600000073],[-122.62974169999995,45.380674300000067],[-122.62972019999995,45.38062240000005],[-122.62967089999995,45.380561800000066],[-122.62959999999998,45.38051420000005],[-122.62951679999998,45.380403800000067],[-122.6294552,45.380334600000026],[-122.62937819999996,45.380237200000067],[-122.62929499999996,45.380141900000069],[-122.62921489999997,45.38005540000006],[-122.62915319999996,45.379966600000046],[-122.62903919999997,45.379880100000037],[-122.62896529999995,45.379845500000044],[-122.62886359999999,45.379828100000054],[-122.62872189999996,45.379806500000029],[-122.62860479999995,45.379800000000046],[-122.62851549999999,45.37981300000007],[-122.62842609999996,45.379841100000078],[-122.62841999999995,45.379929900000036],[-122.62841689999999,45.380111600000077],[-122.62840639999996,45.380494400000032],[-122.62839339999999,45.380971500000044],[-122.62840459999995,45.381044400000064],[-122.62841689999999,45.381105000000048],[-122.62843229999999,45.381152600000064],[-122.62857709999997,45.38114610000008],[-122.62873109999998,45.381107100000065],[-122.62886669999995,45.381072500000073],[-122.62904229999998,45.381057400000032],[-122.62917169999997,45.381048700000065],[-122.62930729999999,45.381037900000081],[-122.62941509999996,45.381072500000073],[-122.62947059999999,45.381122300000072],[-122.62949219999996,45.38119590000008],[-122.62945829999995,45.381267300000047],[-122.62943669999999,45.381325700000048],[-122.62950139999998,45.381358200000079],[-122.62962459999994,45.381373300000064],[-122.62976949999995,45.38136680000008],[-122.62989579999999,45.381353800000056],[-122.63001289999994,45.381349500000056],[-122.63008679999996,45.38136030000004],[-122.63010839999998,45.381340900000055],[-122.63013919999997,45.381304100000079]]]},"properties":{"OBJECTID1":298,"OBJECTID":625,"osm_id":"882595655","code":2206,"fclass":"dog_park","name":"Off Leash Area","SHAPE_Length":0.0058179637903937259,"SHAPE_Area":1.6159596000060383e-06}},{"type":"Feature","id":299,"geometry":{"type":"Polygon","coordinates":[[[-122.65770029999999,45.50182060000003],[-122.65770019999997,45.501740600000062],[-122.65763379999999,45.501740700000028],[-122.65763369999996,45.501666100000079],[-122.65731059999996,45.501666300000068],[-122.65731089999997,45.501867400000037],[-122.65748119999995,45.501867300000072],[-122.65748119999995,45.501820700000053],[-122.65770029999999,45.50182060000003]]]},"properties":{"OBJECTID1":299,"OBJECTID":325,"osm_id":"368063675","code":2129,"fclass":"veterinary","name":"Rose City Veterinary Hospital","SHAPE_Length":0.0011812005425807018,"SHAPE_Area":6.3167394992543505e-08}},{"type":"Feature","id":300,"geometry":{"type":"Polygon","coordinates":[[[-122.63762379999997,45.522990600000071],[-122.63740369999999,45.522990600000071],[-122.63740369999999,45.523486300000059],[-122.63762379999997,45.523486300000059],[-122.63762379999997,45.522990600000071]]]},"properties":{"OBJECTID1":300,"OBJECTID":453,"osm_id":"39418400","code":2203,"fclass":"cinema","name":"Laurelhurst Theater","SHAPE_Length":0.0014315999999325868,"SHAPE_Area":1.0910356998669135e-07}},{"type":"Feature","id":301,"geometry":{"type":"Polygon","coordinates":[[[-122.72297639999999,45.473277100000075],[-122.72297429999998,45.472802400000035],[-122.72222289999996,45.47255750000005],[-122.72200759999998,45.472629700000027],[-122.72184809999999,45.472923000000037],[-122.72183319999999,45.472945400000071],[-122.72181189999998,45.472972300000038],[-122.72180099999997,45.473163500000055],[-122.72223439999999,45.473174300000039],[-122.72221599999995,45.47351610000004],[-122.72229799999997,45.473570400000028],[-122.72232629999996,45.47355820000007],[-122.72235929999999,45.473558100000048],[-122.72237699999999,45.47355820000007],[-122.72239659999997,45.47357240000008],[-122.72271159999997,45.47358070000007],[-122.72276239999997,45.473577700000078],[-122.72282039999999,45.473571100000072],[-122.72287179999995,45.473568500000056],[-122.72297479999997,45.473569000000055],[-122.72297639999999,45.473277100000075]]]},"properties":{"OBJECTID1":301,"OBJECTID":533,"osm_id":"146690543","code":2206,"fclass":"dog_park","name":"Dog Park","SHAPE_Length":0.0039293229609897867,"SHAPE_Area":8.6433051002649028e-07}},{"type":"Feature","id":302,"geometry":{"type":"Polygon","coordinates":[[[-122.85734959999996,45.563403900000026],[-122.85622609999996,45.563403200000039],[-122.85589239999996,45.563402900000028],[-122.85589189999996,45.563788400000078],[-122.85589099999999,45.56382780000007],[-122.85589179999999,45.563837700000079],[-122.85596359999994,45.563837700000079],[-122.85636219999998,45.563838000000032],[-122.85727849999995,45.563838600000054],[-122.85730709999996,45.563663600000041],[-122.85734959999996,45.563403900000026]]]},"properties":{"OBJECTID1":302,"OBJECTID":565,"osm_id":"471865175","code":2206,"fclass":"dog_park","name":"PCC Rock Creek Dog Park","SHAPE_Length":0.0037192197570694308,"SHAPE_Area":6.1816887002078101e-07}},{"type":"Feature","id":303,"geometry":{"type":"Polygon","coordinates":[[[-122.53282339999998,45.548651200000052],[-122.53281469999996,45.548626100000035],[-122.53279519999995,45.548595700000078],[-122.53276319999998,45.548560200000054],[-122.53271559999996,45.548526500000037],[-122.53266679999996,45.548502000000042],[-122.53259549999996,45.548485400000061],[-122.53253179999996,45.548481400000071],[-122.53247239999996,45.54848510000005],[-122.53242779999999,45.548494500000061],[-122.53238889999994,45.54850840000006],[-122.53233479999994,45.548533200000065],[-122.53230049999996,45.548556900000051],[-122.53227899999996,45.548583200000053],[-122.53225359999999,45.548627200000055],[-122.53223799999995,45.548665300000039],[-122.53221629999996,45.548710700000072],[-122.53219439999998,45.548740700000053],[-122.53215409999996,45.54877810000005],[-122.53214829999996,45.548783600000036],[-122.53213809999994,45.548793100000069],[-122.53209529999998,45.54884700000008],[-122.53206809999995,45.548902000000055],[-122.53204969999996,45.548984500000074],[-122.53205369999995,45.549028600000042],[-122.53207049999997,45.549090900000067],[-122.53211379999999,45.549159300000042],[-122.53215999999998,45.549207100000046],[-122.53221029999997,45.549243100000069],[-122.53226569999998,45.549274600000047],[-122.53240439999996,45.549343000000079],[-122.53240839999995,45.54934460000004],[-122.53241749999995,45.549348100000032],[-122.53242269999998,45.549350300000071],[-122.53243009999994,45.549353100000076],[-122.53243949999995,45.549356800000055],[-122.53246739999997,45.549367700000062],[-122.53251699999998,45.549378300000058],[-122.53254899999996,45.549379900000076],[-122.53259589999999,45.54937700000005],[-122.53265609999994,45.549363400000061],[-122.53270409999999,45.549341500000025],[-122.53274029999994,45.549311300000056],[-122.53276929999998,45.54927900000007],[-122.53277999999995,45.549246700000026],[-122.53278259999996,45.549220300000059],[-122.53277659999998,45.549143700000059],[-122.53278109999997,45.549114100000054],[-122.53279979999996,45.54905210000004],[-122.53280359999997,45.549011800000073],[-122.53280019999994,45.548973700000033],[-122.53278229999995,45.548902600000076],[-122.53277539999999,45.54887350000007],[-122.53278149999994,45.548827600000038],[-122.53279329999998,45.548774800000047],[-122.53280629999995,45.548738700000058],[-122.53282309999997,45.548702700000035],[-122.53282339999998,45.548651200000052]]]},"properties":{"OBJECTID1":303,"OBJECTID":629,"osm_id":"926856800","code":2206,"fclass":"dog_park","name":"Luuwit View Dog Park","SHAPE_Length":0.0026960419094589861,"SHAPE_Area":5.2494225999658713e-07}},{"type":"Feature","id":304,"geometry":{"type":"Polygon","coordinates":[[[-122.68823729999997,45.526337100000035],[-122.68822249999999,45.526061800000036],[-122.68816489999995,45.526063700000066],[-122.68816309999994,45.526072000000056],[-122.68811749999998,45.526073100000076],[-122.68811699999998,45.526064500000075],[-122.68804359999996,45.526066200000059],[-122.68804639999996,45.526121200000034],[-122.68802689999995,45.526121700000033],[-122.6880377,45.526341500000058],[-122.68823729999997,45.526337100000035]]]},"properties":{"OBJECTID1":304,"OBJECTID":463,"osm_id":"186052170","code":2203,"fclass":"cinema","name":"Mission Theater","SHAPE_Length":0.00096376057139915242,"SHAPE_Area":5.3291885000756319e-08}},{"type":"Feature","id":305,"geometry":{"type":"Polygon","coordinates":[[[-122.62813129999995,45.504881300000079],[-122.62803469999994,45.504881300000079],[-122.62803449999996,45.505018800000073],[-122.62813109999996,45.505018800000073],[-122.62813129999995,45.504881300000079]]]},"properties":{"OBJECTID1":305,"OBJECTID":338,"osm_id":"426968523","code":2129,"fclass":"veterinary","name":"City Pets Vet","SHAPE_Length":0.00046820029090915424,"SHAPE_Area":1.3282500000266537e-08}},{"type":"Feature","id":306,"geometry":{"type":"Polygon","coordinates":[[[-122.85239779999995,45.426846100000034],[-122.85239319999999,45.426832800000057],[-122.85236779999997,45.426837500000033],[-122.85235409999996,45.426784500000053],[-122.85189669999994,45.426861700000075],[-122.85192419999998,45.42692500000004],[-122.85232379999997,45.426846100000034],[-122.85232939999997,45.426858800000048],[-122.85239779999995,45.426846100000034]]]},"properties":{"OBJECTID1":306,"OBJECTID":711,"osm_id":"1479077722","code":2206,"fclass":"dog_park","name":"Dog Park","SHAPE_Length":0.001118294607029717,"SHAPE_Area":2.8843284990153203e-08}},{"type":"Feature","id":307,"geometry":{"type":"Polygon","coordinates":[[[-122.62353649999994,45.406998300000055],[-122.62333019999994,45.406727500000045],[-122.62278579999997,45.406931800000052],[-122.62319159999998,45.407464600000026],[-122.62336239999996,45.407400000000052],[-122.62353649999994,45.406998300000055]]]},"properties":{"OBJECTID1":307,"OBJECTID":510,"osm_id":"684027173","code":2203,"fclass":"cinema","name":"Oak Grove 8 Cinemas","SHAPE_Length":0.0022120540071812302,"SHAPE_Area":3.0996068497846218e-07}},{"type":"Feature","id":310,"geometry":{"type":"Polygon","coordinates":[[[-122.58313649999997,45.518963300000053],[-122.58313239999995,45.518806500000039],[-122.58271139999999,45.518807400000071],[-122.58271269999995,45.519085500000074],[-122.58277909999998,45.519085200000063],[-122.58284549999996,45.51908480000003],[-122.58284349999997,45.518965700000081],[-122.58313649999997,45.518963300000053]]]},"properties":{"OBJECTID1":310,"OBJECTID":475,"osm_id":"325447081","code":2203,"fclass":"cinema","name":"Academy Theater","SHAPE_Length":0.0014008860976826875,"SHAPE_Area":8.2535585001738213e-08}},{"type":"Feature","id":311,"geometry":{"type":"Polygon","coordinates":[[[-122.98687759999996,45.52273480000008],[-122.98679999999996,45.522736200000054],[-122.98679509999999,45.522954600000048],[-122.98667899999998,45.52295330000004],[-122.98668049999998,45.523012000000051],[-122.98670189999996,45.523012000000051],[-122.98687489999998,45.523006400000043],[-122.98687759999996,45.52273480000008]]]},"properties":{"OBJECTID1":311,"OBJECTID":478,"osm_id":"344364033","code":2203,"fclass":"cinema","name":"Venetian Theatre","SHAPE_Length":0.00093699806119489125,"SHAPE_Area":2.8102139995691306e-08}},{"type":"Feature","id":313,"geometry":{"type":"Polygon","coordinates":[[[-122.59990899999997,45.375365400000078],[-122.59970389999995,45.375099800000044],[-122.59907349999997,45.375340100000074],[-122.59927859999999,45.375605700000051],[-122.59958799999998,45.375487700000065],[-122.59990899999997,45.375365400000078]]]},"properties":{"OBJECTID1":313,"OBJECTID":132,"osm_id":"580970540","code":2259,"fclass":"fitness_centre","name":"24 Hour Fitness","SHAPE_Length":0.0020204399208080988,"SHAPE_Area":2.1670058000246382e-07}},{"type":"Feature","id":315,"geometry":{"type":"Polygon","coordinates":[[[-122.67451039999997,45.509357900000055],[-122.67412689999998,45.509257400000081],[-122.67409329999998,45.509320400000036],[-122.67447679999998,45.509421000000032],[-122.67451039999997,45.509357900000055]]]},"properties":{"OBJECTID1":315,"OBJECTID":596,"osm_id":"609825374","code":2206,"fclass":"dog_park","name":"Dog Run","SHAPE_Length":0.00093581335395180858,"SHAPE_Area":2.7558154985754697e-08}},{"type":"Feature","id":316,"geometry":{"type":"Polygon","coordinates":[[[-122.82983549999994,45.531280600000059],[-122.82972959999995,45.531103100000053],[-122.82959019999998,45.53114400000004],[-122.82949289999999,45.531263100000047],[-122.82976899999994,45.53132080000006],[-122.82978649999995,45.531294900000034],[-122.82983549999994,45.531280600000059]]]},"properties":{"OBJECTID1":316,"OBJECTID":267,"osm_id":"147954278","code":2129,"fclass":"veterinary","name":"Sunset Animal Clinic","SHAPE_Length":0.00087012598136964573,"SHAPE_Area":4.2749319994594326e-08}},{"type":"Feature","id":317,"geometry":{"type":"Polygon","coordinates":[[[-122.87177609999998,45.425174900000059],[-122.87174429999999,45.425132700000063],[-122.87176379999994,45.425125200000025],[-122.87167919999996,45.425018900000055],[-122.87161319999996,45.425037900000063],[-122.87170109999994,45.425195100000053],[-122.87177609999998,45.425174900000059]]]},"properties":{"OBJECTID1":317,"OBJECTID":692,"osm_id":"1304372691","code":2206,"fclass":"dog_park","name":"Dog Park","SHAPE_Length":0.00053604799295429973,"SHAPE_Area":1.3769205002858882e-08}},{"type":"Feature","id":318,"geometry":{"type":"Polygon","coordinates":[[[-122.90991849999995,45.55285020000008],[-122.90990269999998,45.552539600000046],[-122.90979939999994,45.552542200000062],[-122.90979439999995,45.552444200000025],[-122.90979339999996,45.552423500000032],[-122.90978589999997,45.552277600000025],[-122.90954239999996,45.552283700000032],[-122.90957179999998,45.552858900000047],[-122.90991849999995,45.55285020000008]]]},"properties":{"OBJECTID1":318,"OBJECTID":550,"osm_id":"387599779","code":2206,"fclass":"dog_park","name":"Dog Park","SHAPE_Length":0.0018456149744758797,"SHAPE_Area":1.7234706500161068e-07}},{"type":"Feature","id":319,"geometry":{"type":"Polygon","coordinates":[[[-122.62783859999996,45.504509400000074],[-122.62738559999997,45.504509100000064],[-122.62738549999995,45.504607500000077],[-122.62750799999998,45.504607500000077],[-122.62775559999994,45.504607700000065],[-122.62775549999998,45.504715600000054],[-122.62780049999998,45.504715700000077],[-122.62783829999995,45.504715700000077],[-122.62783859999996,45.504509400000074]]]},"properties":{"OBJECTID1":319,"OBJECTID":468,"osm_id":"255695811","code":2203,"fclass":"cinema","name":"Tomorrow Theater","SHAPE_Length":0.0013185006064732332,"SHAPE_Area":5.3489740000910601e-08}},{"type":"Feature","id":320,"geometry":{"type":"Polygon","coordinates":[[[-122.79516169999999,45.34279070000008],[-122.79515869999994,45.34252070000008],[-122.79514625399997,45.342319737000025],[-122.79514040299995,45.34227170500003],[-122.79512443599998,45.342162926000071],[-122.79512331799998,45.342155879000074],[-122.79510866999999,45.34207063100007],[-122.79506789999999,45.341876300000081],[-122.79499609999999,45.34165130000008],[-122.79488169999996,45.341338000000064],[-122.79412729999996,45.339364100000068],[-122.79156219999999,45.339387700000032],[-122.79108749999995,45.339427200000046],[-122.79019429999994,45.33944230000003],[-122.78982819999999,45.339419700000064],[-122.78962029999997,45.339414100000056],[-122.78933199999994,45.339422500000069],[-122.78916839999999,45.339431000000047],[-122.78905839999999,45.339441400000055],[-122.78895779999999,45.339459300000044],[-122.78886389999997,45.339480000000037],[-122.78865609999997,45.339535700000056],[-122.78851659999998,45.339621400000055],[-122.78849919999999,45.339823200000069],[-122.78849779999996,45.340254900000048],[-122.78802169999994,45.340243600000065],[-122.78801369999996,45.340702700000065],[-122.78725189999994,45.340707400000042],[-122.78614149999999,45.340959100000077],[-122.78606399999995,45.340987600000062],[-122.78597249999996,45.341021300000079],[-122.78587729999998,45.341113700000051],[-122.78594539999995,45.341197200000067],[-122.78597789999998,45.341237100000058],[-122.78606509999997,45.341352100000051],[-122.78621789999994,45.341487900000061],[-122.78647809999995,45.341682100000071],[-122.78639499999997,45.341848000000027],[-122.78637349999997,45.341946000000064],[-122.78636139999998,45.342055400000049],[-122.78636549999999,45.342180700000029],[-122.78640969999998,45.342772700000069],[-122.78645259999996,45.342944200000034],[-122.78663909999995,45.343065600000045],[-122.78688979999998,45.343228900000042],[-122.78702659999999,45.343308100000058],[-122.78714599999995,45.343372200000033],[-122.78725999999995,45.343422100000055],[-122.78732169999995,45.343443800000045],[-122.78738069999997,45.343458000000055],[-122.78765829999998,45.343503200000043],[-122.78776689999995,45.343533400000069],[-122.78923409999999,45.343609700000059],[-122.78980139999999,45.343605000000025],[-122.79040889999999,45.343516400000055],[-122.79102449999999,45.343537100000049],[-122.79116389999996,45.343575800000053],[-122.79128459999998,45.343619100000069],[-122.79133959999996,45.343648400000063],[-122.79137989999998,45.343688900000075],[-122.79148579999998,45.343854800000031],[-122.79207049999997,45.343989600000043],[-122.79267539999995,45.344075400000065],[-122.79270749999995,45.344300600000054],[-122.79324939999998,45.34430350000008],[-122.79336199999995,45.344235600000047],[-122.79345499999999,45.344236100000046],[-122.79354439999997,45.344236500000079],[-122.79376299999996,45.344465000000071],[-122.79479009999994,45.344450900000027],[-122.79504199999997,45.343676000000073],[-122.79509669999999,45.343443100000059],[-122.79513489999999,45.343223300000034],[-122.79515659999998,45.342995700000074],[-122.79516169999999,45.34279070000008]]]},"properties":{"OBJECTID1":320,"OBJECTID":230,"osm_id":"434809176","code":2010,"fclass":"prison","name":"Coffee Creek Correctional Facility","SHAPE_Length":0.025825407775535155,"SHAPE_Area":3.4637366385721127e-05}},{"type":"Feature","id":321,"geometry":{"type":"Polygon","coordinates":[[[-122.92102289999997,45.497633400000041],[-122.92064279999994,45.497587200000055],[-122.92064749999997,45.497560600000043],[-122.92016299999995,45.497502900000029],[-122.92015419999996,45.49755220000003],[-122.92004639999999,45.497542700000054],[-122.92005529999994,45.497492600000044],[-122.91956579999999,45.497449700000061],[-122.91956059999995,45.497477400000037],[-122.91917919999997,45.497442500000034],[-122.91915159999996,45.497598100000062],[-122.91916689999999,45.497599500000035],[-122.91913609999995,45.497773100000074],[-122.91944919999997,45.497800600000062],[-122.91944619999998,45.497820000000047],[-122.91976009999996,45.497847600000057],[-122.91973569999999,45.497985000000028],[-122.92026879999997,45.498039900000038],[-122.92030179999995,45.497903600000029],[-122.92061139999998,45.497940100000051],[-122.92061369999999,45.497921500000075],[-122.92092859999997,45.497958900000071],[-122.92096979999997,45.497785100000044],[-122.92098539999995,45.497786900000051],[-122.92102289999997,45.497633400000041]]]},"properties":{"OBJECTID1":321,"OBJECTID":479,"osm_id":"353080614","code":2203,"fclass":"cinema","name":"Regal Movies On TV Stadium 16","SHAPE_Length":0.0048239594281775404,"SHAPE_Area":7.3278095000853802e-07}},{"type":"Feature","id":322,"geometry":{"type":"Polygon","coordinates":[[[-122.71800359999997,45.507513200000062],[-122.71799049999998,45.507457300000056],[-122.71796149999994,45.507409600000074],[-122.71792699999997,45.50736820000003],[-122.71786649999996,45.507320500000048],[-122.71781959999998,45.507290800000078],[-122.71775399999996,45.507255200000031],[-122.71759419999995,45.507197500000075],[-122.71721439999999,45.507094100000074],[-122.71680149999997,45.506983400000081],[-122.71655649999997,45.506927200000064],[-122.71632799999998,45.506878400000062],[-122.71586119999995,45.506791900000053],[-122.71554239999995,45.506758900000079],[-122.71538859999998,45.506755500000054],[-122.71516849999995,45.506773100000032],[-122.71463469999998,45.506810100000052],[-122.71430069999997,45.506853700000079],[-122.71148349999999,45.507285000000081],[-122.71105789999996,45.507350400000064],[-122.71075509999997,45.507410100000072],[-122.71045879999997,45.507489200000066],[-122.71018529999998,45.50758890000003],[-122.70991689999994,45.507711800000038],[-122.70967469999999,45.507852900000046],[-122.70945529999995,45.50800780000003],[-122.70925559999995,45.508182100000056],[-122.70908799999995,45.50836780000003],[-122.70901499999997,45.508456300000034],[-122.70915899999994,45.508506800000077],[-122.70903689999994,45.508696300000054],[-122.70900049999995,45.508765200000028],[-122.70893339999998,45.508925800000043],[-122.70871899999997,45.50953480000004],[-122.71065859999999,45.510898400000031],[-122.71102449999995,45.511155600000052],[-122.71111269999994,45.511192000000051],[-122.71118779999995,45.511210800000072],[-122.71193239999997,45.511379900000065],[-122.71225969999995,45.511410400000045],[-122.71241889999999,45.511407500000075],[-122.71255429999997,45.511362700000063],[-122.71286549999996,45.51120190000006],[-122.71322919999994,45.511101100000076],[-122.71418709999995,45.510937700000056],[-122.71445299999999,45.510982600000034],[-122.71460849999994,45.511061500000039],[-122.71474659999996,45.511148700000035],[-122.71487959999996,45.511265200000025],[-122.71497779999999,45.511378100000059],[-122.71510879999994,45.511629500000026],[-122.71526269999998,45.511807000000033],[-122.71562319999998,45.511987400000066],[-122.71587209999996,45.512155800000073],[-122.71606709999998,45.512330300000031],[-122.71610729999998,45.512395200000071],[-122.71617419999995,45.512574400000062],[-122.71681799999999,45.512496300000066],[-122.71679829999999,45.512393400000065],[-122.71679359999996,45.512341900000081],[-122.71679179999995,45.512322500000039],[-122.71681199999995,45.512182500000051],[-122.71691899999996,45.512059500000078],[-122.71667239999999,45.511456100000032],[-122.71604829999995,45.511170600000071],[-122.71596199999999,45.511073500000066],[-122.71591419999999,45.510941800000069],[-122.71593209999997,45.510489300000074],[-122.71593249999995,45.51047600000004],[-122.71594049999999,45.510290400000031],[-122.71596809999994,45.510269000000051],[-122.71621809999999,45.510078400000054],[-122.71634689999996,45.509452000000067],[-122.71639249999998,45.509230400000035],[-122.71636839999996,45.509156100000041],[-122.71628119999997,45.509001100000035],[-122.71620209999998,45.508862900000054],[-122.71598959999994,45.508555500000057],[-122.71599359999999,45.508456000000081],[-122.71602169999994,45.508378900000025],[-122.71610089999996,45.508315900000071],[-122.71675299999998,45.508006300000034],[-122.71699949999999,45.507962900000052],[-122.71774819999996,45.507831200000055],[-122.71785899999998,45.507777800000042],[-122.71793039999994,45.507712800000036],[-122.71795879999996,45.507671400000049],[-122.71798539999998,45.507628000000068],[-122.71800259999998,45.507580300000029],[-122.71800359999997,45.507513200000062]]]},"properties":{"OBJECTID1":322,"OBJECTID":434,"osm_id":"35969760","code":2743,"fclass":"zoo","name":"Oregon Zoo","SHAPE_Length":0.027445244043681646,"SHAPE_Area":3.0336575199898138e-05}},{"type":"Feature","id":323,"geometry":{"type":"Polygon","coordinates":[[[-122.83586299999996,45.351920600000028],[-122.83585889999995,45.351586500000053],[-122.83484709999999,45.351597300000037],[-122.83484909999999,45.35171790000004],[-122.83481689999996,45.351719400000036],[-122.83481959999995,45.351757500000076],[-122.83484769999995,45.351756100000046],[-122.83486319999997,45.351784400000042],[-122.83489999999995,45.351826300000027],[-122.83495969999996,45.35186120000003],[-122.83503009999998,45.35188850000003],[-122.83513139999997,45.351919600000031],[-122.83586299999996,45.351920600000028]]]},"properties":{"OBJECTID1":323,"OBJECTID":628,"osm_id":"924704307","code":2206,"fclass":"dog_park","name":"Dog Park","SHAPE_Length":0.0026354252931495639,"SHAPE_Area":3.1772308497951947e-07}},{"type":"Feature","id":324,"geometry":{"type":"Polygon","coordinates":[[[-122.72176469999999,45.485919600000045],[-122.72170469999998,45.485915500000033],[-122.72170789999996,45.485892000000035],[-122.72162169999996,45.485886200000039],[-122.72162379999997,45.485871000000031],[-122.72157369999996,45.485867600000063],[-122.72157219999997,45.485878400000047],[-122.72144769999994,45.485869900000068],[-122.72143959999994,45.485928500000057],[-122.72153719999994,45.485935200000029],[-122.72153529999997,45.485949000000062],[-122.72149899999999,45.485946600000034],[-122.72149129999997,45.486002500000041],[-122.72158659999997,45.486009000000081],[-122.72158439999998,45.486025400000074],[-122.72174859999996,45.486036600000034],[-122.72176469999999,45.485919600000045]]]},"properties":{"OBJECTID1":324,"OBJECTID":282,"osm_id":"295935935","code":2129,"fclass":"veterinary","name":"West Hills Animal Clinic","SHAPE_Length":0.0010299813206071041,"SHAPE_Area":3.7964155003394016e-08}},{"type":"Feature","id":325,"geometry":{"type":"Polygon","coordinates":[[[-122.75198329999995,45.433455700000081],[-122.75196109999996,45.433455700000081],[-122.75196169999998,45.433382700000038],[-122.75160649999998,45.433381500000053],[-122.75160689999996,45.433326200000067],[-122.75152809999997,45.433326000000079],[-122.75152769999994,45.433381700000041],[-122.75148199999995,45.433381600000075],[-122.75147859999998,45.433855700000038],[-122.75153959999994,45.433899900000029],[-122.75189639999996,45.433898100000079],[-122.75195719999999,45.433857100000068],[-122.75195759999997,45.433792200000028],[-122.75197769999994,45.433792200000028],[-122.75197799999995,45.433755700000063],[-122.75198249999994,45.433573800000033],[-122.75198329999995,45.433455700000081]]]},"properties":{"OBJECTID1":325,"OBJECTID":8,"osm_id":"93292577","code":2259,"fclass":"fitness_centre","name":"Planet Fitness","SHAPE_Length":0.0020870478997515336,"SHAPE_Area":2.5672708499414225e-07}},{"type":"Feature","id":326,"geometry":{"type":"Polygon","coordinates":[[[-122.58325659999997,45.380571100000054],[-122.58323149999995,45.380568800000049],[-122.58324919999995,45.380476000000044],[-122.58305419999999,45.380457400000068],[-122.58302389999994,45.380615400000067],[-122.58307039999994,45.380619800000034],[-122.58305739999997,45.380687800000032],[-122.58313799999996,45.380695500000058],[-122.58314949999999,45.380635500000039],[-122.58320769999995,45.380641000000026],[-122.58321169999999,45.380620000000079],[-122.58324659999994,45.380623400000047],[-122.58325659999997,45.380571100000054]]]},"properties":{"OBJECTID1":326,"OBJECTID":306,"osm_id":"348351680","code":2129,"fclass":"veterinary","name":"Lotus Veterinary Clinic","SHAPE_Length":0.00090259009123023332,"SHAPE_Area":3.863853499698398e-08}},{"type":"Feature","id":327,"geometry":{"type":"Polygon","coordinates":[[[-122.76612449999999,45.434146300000066],[-122.76599809999999,45.43387000000007],[-122.76593299999996,45.433893400000045],[-122.76588529999998,45.43382790000004],[-122.76584919999999,45.433840900000064],[-122.76574969999996,45.433876600000076],[-122.76582009999998,45.433973300000048],[-122.76589749999999,45.43407940000003],[-122.76593959999997,45.434137300000032],[-122.76598309999997,45.43419700000004],[-122.76612449999999,45.434146300000066]]]},"properties":{"OBJECTID1":327,"OBJECTID":485,"osm_id":"398816256","code":2203,"fclass":"cinema","name":"Joy Cinema","SHAPE_Length":0.0011447388874990276,"SHAPE_Area":6.6210539997308773e-08}},{"type":"Feature","id":328,"geometry":{"type":"Polygon","coordinates":[[[-122.60089869999996,45.47236840000005],[-122.60089569999997,45.472220100000072],[-122.59983459999995,45.472218800000064],[-122.59983279999994,45.472461000000067],[-122.60089869999996,45.47236840000005]]]},"properties":{"OBJECTID1":328,"OBJECTID":685,"osm_id":"1221939454","code":2206,"fclass":"dog_park","name":"Brentwood Dog Off-Leash Area","SHAPE_Length":0.0025215525746835441,"SHAPE_Area":2.076757649921878e-07}},{"type":"Feature","id":329,"geometry":{"type":"Polygon","coordinates":[[[-122.86079769999998,45.482240700000034],[-122.86030179999995,45.482235900000035],[-122.8603,45.482328300000063],[-122.86026819999995,45.482328000000052],[-122.86026699999996,45.482387200000062],[-122.86026619999996,45.482427600000051],[-122.86030399999999,45.482428000000027],[-122.86030019999998,45.482618200000047],[-122.86044789999994,45.482619700000043],[-122.86044789999994,45.482615600000031],[-122.86051759999998,45.482616200000052],[-122.86051569999995,45.482710300000065],[-122.86078839999999,45.482713000000047],[-122.86079769999998,45.482240700000034]]]},"properties":{"OBJECTID1":329,"OBJECTID":120,"osm_id":"520440651","code":2259,"fclass":"fitness_centre","name":"Crunch Fitness","SHAPE_Length":0.0020085366280777096,"SHAPE_Area":2.1590073001255935e-07}},{"type":"Feature","id":330,"geometry":{"type":"Polygon","coordinates":[[[-122.88387579999994,45.543478500000049],[-122.88356739999995,45.543362000000059],[-122.88355859999996,45.543395100000055],[-122.88356269999997,45.543434800000057],[-122.88359119999996,45.543517700000052],[-122.88361799999996,45.543545900000026],[-122.88366219999995,45.543560200000059],[-122.88370549999996,45.543559300000027],[-122.88375809999997,45.543553900000063],[-122.88380609999996,45.543537900000047],[-122.88384359999998,45.543511600000045],[-122.88387579999994,45.543478500000049]]]},"properties":{"OBJECTID1":330,"OBJECTID":652,"osm_id":"1062425486","code":2206,"fclass":"dog_park","name":"Dog Park","SHAPE_Length":0.00081561705729182312,"SHAPE_Area":3.6371399996211715e-08}},{"type":"Feature","id":331,"geometry":{"type":"Polygon","coordinates":[[[-122.96359949999999,45.530859000000078],[-122.96344959999999,45.530858500000079],[-122.96344939999994,45.530893800000058],[-122.96338379999997,45.530893500000047],[-122.96338299999996,45.531011400000068],[-122.96339769999997,45.531011500000034],[-122.96339759999995,45.531020400000045],[-122.96347039999995,45.531020600000033],[-122.96347039999995,45.531011700000079],[-122.96359849999999,45.531012100000055],[-122.96359949999999,45.530859000000078]]]},"properties":{"OBJECTID1":331,"OBJECTID":300,"osm_id":"331176937","code":2129,"fclass":"veterinary","name":"Cornell Vet Clinic","SHAPE_Length":0.00075520986746995032,"SHAPE_Area":3.1331804999765411e-08}},{"type":"Feature","id":334,"geometry":{"type":"Polygon","coordinates":[[[-122.66630139999995,45.550723000000062],[-122.66629959999995,45.550528100000065],[-122.66619549999996,45.550528600000064],[-122.66619729999996,45.550723400000038],[-122.66630139999995,45.550723000000062]]]},"properties":{"OBJECTID1":334,"OBJECTID":317,"osm_id":"367201969","code":2129,"fclass":"veterinary","name":"Two Rivers Veterinary Clinic","SHAPE_Length":0.00059791859701810847,"SHAPE_Area":2.0284694995997086e-08}},{"type":"Feature","id":335,"geometry":{"type":"Polygon","coordinates":[[[-122.82924629999997,45.441412500000069],[-122.82924579999997,45.441370000000063],[-122.82918799999999,45.441370300000074],[-122.82918759999995,45.44133000000005],[-122.82912599999997,45.441330300000061],[-122.82912549999998,45.441289100000063],[-122.82907199999994,45.441289400000073],[-122.82907159999996,45.441247200000078],[-122.82900989999996,45.441247500000031],[-122.82901079999999,45.44133190000008],[-122.82901129999999,45.441374900000028],[-122.82905869999996,45.44137470000004],[-122.82905909999999,45.441413400000044],[-122.82924629999997,45.441412500000069]]]},"properties":{"OBJECTID1":335,"OBJECTID":348,"osm_id":"482891927","code":2129,"fclass":"veterinary","name":"Murrayhill Veterinary Hospital","SHAPE_Length":0.00080152529300412767,"SHAPE_Area":2.2598674995444824e-08}},{"type":"Feature","id":336,"geometry":{"type":"Polygon","coordinates":[[[-122.77918129999995,45.451543100000038],[-122.77896109999995,45.451546500000063],[-122.77896249999998,45.45157800000004],[-122.77910589999999,45.451576800000055],[-122.77918129999995,45.451543100000038]]]},"properties":{"OBJECTID1":336,"OBJECTID":634,"osm_id":"981877307","code":2206,"fclass":"dog_park","name":"Pet Area","SHAPE_Length":0.00047775080130446336,"SHAPE_Area":5.8415799996146451e-09}},{"type":"Feature","id":337,"geometry":{"type":"Polygon","coordinates":[[[-122.64164519999997,45.443099300000029],[-122.64159789999997,45.442908000000045],[-122.64150899999999,45.442918800000029],[-122.64150359999996,45.442897000000073],[-122.64126989999994,45.442925500000058],[-122.64127619999999,45.442950600000074],[-122.64127919999999,45.442962900000055],[-122.64123779999994,45.442993000000058],[-122.64121639999996,45.443018400000028],[-122.64119799999997,45.443047700000079],[-122.64121499999999,45.443116300000042],[-122.64123319999999,45.443129700000043],[-122.64125599999994,45.443139100000053],[-122.64128149999999,45.443143600000042],[-122.64156599999995,45.443109000000049],[-122.64164519999997,45.443099300000029]]]},"properties":{"OBJECTID1":337,"OBJECTID":482,"osm_id":"368696249","code":2203,"fclass":"cinema","name":"Wunderland","SHAPE_Length":0.0012122608282987377,"SHAPE_Area":8.2909419995634451e-08}},{"type":"Feature","id":338,"geometry":{"type":"Polygon","coordinates":[[[-122.47496299999995,45.506025900000054],[-122.47495579999998,45.505465800000081],[-122.47451169999999,45.505468600000029],[-122.47451859999995,45.506000500000027],[-122.47480979999995,45.505998700000077],[-122.47481019999998,45.506026900000052],[-122.47496299999995,45.506025900000054]]]},"properties":{"OBJECTID1":338,"OBJECTID":131,"osm_id":"578724074","code":2259,"fclass":"fitness_centre","name":"Planet Fitness","SHAPE_Length":0.0020084115270342217,"SHAPE_Area":2.4053731499147118e-07}},{"type":"Feature","id":339,"geometry":{"type":"Polygon","coordinates":[[[-122.85519229999994,45.511617500000057],[-122.85518959999996,45.51153620000008],[-122.85508829999998,45.511514600000055],[-122.85501059999996,45.511492100000055],[-122.85490659999999,45.511451700000066],[-122.85488989999999,45.511466700000028],[-122.85519229999994,45.511617500000057]]]},"properties":{"OBJECTID1":339,"OBJECTID":611,"osm_id":"772487587","code":2206,"fclass":"dog_park","name":"Dog Park","SHAPE_Length":0.00073774783668470326,"SHAPE_Area":1.329398999337139e-08}},{"type":"Feature","id":340,"geometry":{"type":"Polygon","coordinates":[[[-122.56834649999996,45.318565000000035],[-122.56832039999995,45.31838920000007],[-122.56826069999994,45.318393400000048],[-122.56823589999999,45.318235000000072],[-122.56829619999996,45.318231200000071],[-122.56827339999995,45.318092600000057],[-122.56812859999997,45.318017100000077],[-122.56806449999999,45.317983100000049],[-122.5679864,45.317957700000079],[-122.56793949999997,45.317953000000045],[-122.56787309999999,45.317953500000044],[-122.56774699999994,45.317958200000078],[-122.56775979999998,45.318659300000036],[-122.56794219999995,45.318674900000076],[-122.56815939999996,45.318695600000069],[-122.56819829999995,45.318692800000065],[-122.56825199999997,45.318676800000048],[-122.56828279999996,45.318664000000069],[-122.56831429999994,45.318638600000043],[-122.56833979999999,45.318606100000068],[-122.56834649999996,45.318565000000035]]]},"properties":{"OBJECTID1":340,"OBJECTID":722,"osm_id":"1521085834","code":2206,"fclass":"dog_park","name":"Dog Park","SHAPE_Length":0.0025107692573311628,"SHAPE_Area":3.7109106000511412e-07}},{"type":"Feature","id":341,"geometry":{"type":"Polygon","coordinates":[[[-122.57628669999997,45.492573400000026],[-122.57625009999998,45.49257330000006],[-122.57625269999994,45.49218570000005],[-122.57545029999994,45.492183100000034],[-122.57544959999996,45.49229900000006],[-122.57541329999998,45.492298800000071],[-122.57541289999995,45.492354400000067],[-122.57538739999995,45.492354400000067],[-122.57538679999999,45.492446500000028],[-122.57535219999994,45.492446400000063],[-122.57535119999994,45.492598900000075],[-122.57545069999998,45.492599300000052],[-122.57544869999998,45.49289680000004],[-122.57582869999999,45.492898000000025],[-122.57625499999995,45.492899400000056],[-122.57625559999997,45.492804100000058],[-122.57628509999995,45.49280420000008],[-122.57628669999997,45.492573400000026]]]},"properties":{"OBJECTID1":341,"OBJECTID":9,"osm_id":"93792017","code":2259,"fclass":"fitness_centre","name":"LA Fitness","SHAPE_Length":0.0032980418747370842,"SHAPE_Area":6.0322050999405962e-07}},{"type":"Feature","id":343,"geometry":{"type":"Polygon","coordinates":[[[-122.71843859999996,45.412856800000043],[-122.71831909999997,45.412856000000033],[-122.71831919999994,45.412843600000031],[-122.71820659999997,45.412842900000044],[-122.71820639999999,45.412857600000052],[-122.71813399999996,45.412857100000053],[-122.71813419999995,45.412844500000062],[-122.71803299999999,45.412843800000076],[-122.71802999999994,45.413062700000069],[-122.71842319999996,45.41306540000005],[-122.71842429999998,45.412981700000046],[-122.71840959999997,45.41298160000008],[-122.71840979999996,45.412968800000044],[-122.71843709999996,45.412969000000032],[-122.71843859999996,45.412856800000043]]]},"properties":{"OBJECTID1":343,"OBJECTID":372,"osm_id":"609124252","code":2129,"fclass":"veterinary","name":"Animal Care Group","SHAPE_Length":0.0013082620675703618,"SHAPE_Area":8.553094000293229e-08}}]}